tree
version=v4
num_class=1
num_tree_per_iteration=1
label_index=0
max_feature_idx=40
objective=binary sigmoid:1
feature_names=jcd lane cls_val age weight f_count avg_st n_win n_2ren l_win l_2ren m_2ren b_2ren win_dev motor_dev st_dev win_rank motor_rank st_rank avg_st_diff_in n_win_diff_in avg_st_diff_out n_win_diff_out tenji tenji_dev tenji_rank tenji_diff_in tenji_diff_out course_in maezuke course_diff w1_lane w1_cls_val w1_avg_st w1_n_win w1_m_2ren w1_tenji w1_course_in w1_maezuke w1_lane_diff w1_course_diff
feature_infos=[1:24] [1:6] [1:4] [17:76] [40:69] [0:3] [0:0.31] [0:8.4900000000000002] [0:0.97999999999999998] [0:10.289999999999999] [0:1] [0:1] [0:1] [-5.2983333333333329:4.2016666666666662] [-0.52453333333333341:0.75] [-0.15666666666666665:0.18166666666666667] [1:6] [1:6] [1:6] [-0.25:0.31] [-8.4499999999999993:8.4499999999999993] [-0.31:0.25] [-7.29:8.4499999999999993] [6.3099999999999996:8.6699999999999999] [-0.99999999999999911:0.50000000000000089] [1:6] [-1.2199999999999998:1.1400000000000006] [-1.1400000000000006:1.3500000000000005] [1:6] [0:1] [-5:5] [1:6] [1:4] [0:0.31] [0:8.4900000000000002] [0:1] [6.4000000000000004:7.6399999999999997] [1:6] [0:1] [-5:5] [-5:5]
tree_sizes=3407 3503 3502 3498 3512 3515 3501 3505 3492 3506 3518 3523 3538 3536 3517 3520 3527 3524 3529 3542 3515 3548 3544 3534 3527 3542 3536 3523 3533 3558 3544 3526 3558 3533 3546 3523 3545 3522 3523 3541 3543 3552 3507 3555 3536 3541 3557 3513 3544 3495 3519 3500 3526 3507 3486 3534 3517 3531 3524 3536 3504 3546 3514 3493 3511 3507 3523 3517 3521 3499 3516 3552 3525 3502 3527 3494 3475 3465 3527 3479 3522 3471 3474 3531 3475 3491 3488 3497 3427 3438 3502 3461 3459 3528 3469 3498 3509 3464 3485 3434 3464 3466 3473 3487 3420 3457 3441 3457 3441 3437 3459 3427 3516 3446 3448 3455 3408 3482 3485 3474 3480 3489 3455 3438 3480 3463 3488 3450 3482 3448 3447 3407 3445 3434 3449 3418 3471 3443 3460 3441 3439 3471 3440 3500 3461 3441 3439 3453 3481 3474 3454 3437 3453 3484 3469

Tree=0
num_leaves=31
num_cat=0
split_feature=28 13 13 28 13 28 28 37 28 37 13 37 13 13 24 24 37 28 24 24 13 37 24 13 37 16 28 31 13 15
split_gain=5738.65 1967.84 1485.73 487.086 459.787 331.017 276.182 317.024 274.648 404.134 267.102 173.912 169.752 162.658 115.757 96.3384 94.8116 80.1693 75.4877 69.3404 63.3988 57.4907 57.0632 53.6726 51.6206 50.8268 49.6851 52.5977 48.5458 48.5428
threshold=3.5000000000000004 -0.093333333333333476 0.54083333333333317 5.5000000000000009 0.77333333333333221 5.5000000000000009 1.5000000000000002 1.5000000000000002 1.5000000000000002 1.5000000000000002 -0.4233333333333324 3.5000000000000004 1.1900000000000011 -0.93166666666666675 -0.0049999999999994485 -0.0033333333333334099 3.5000000000000004 1.5000000000000002 -0.011666666666667156 -0.014999999999999234 -0.83999999999999952 3.5000000000000004 -0.018333333333333087 1.2825 2.5000000000000004 4.5000000000000009 1.5000000000000002 1.5000000000000002 1.4116666666666666 0.021666666666666678
decision_type=2 2 2 2 2 2 2 2 2 2 2 2 2 2 2 2 2 2 2 2 2 2 2 2 2 2 2 2 2 2
left_child=1 6 3 10 8 12 20 13 16 14 -2 18 22 -8 -10 -15 -3 -13 29 -12 -1 23 -4 -7 -22 -5 -20 28 -28 -6
right_child=2 4 5 25 11 21 7 -9 9 -11 19 17 -14 15 -16 -17 -18 -19 26 -21 24 -23 -24 -25 -26 -27 27 -29 -30 -31
leaf_value=-1.3711513701850326 -1.4194150570764679 -1.2983310247890525 -1.3897065020431074 -1.4244803102082424 -1.3287984923280058 -1.4175489363807612 -1.3955333708653495 -1.4061909138916373 -1.3517880547956569 -1.3798824277447599 -1.4060035771930148 -1.3124603197202136 -1.3457429599323043 -1.3774731621014458 -1.3253271764589569 -1.3514975782164393 -1.337175326541332 -1.3535772858428345 -1.2693704975791518 -1.3906739409788724 -1.3175758762824477 -1.3725842063519711 -1.3673394776783263 -1.3863679556527062 -1.3526980530115458 -1.4372937476315799 -1.3037954530490468 -1.3274647755671194 -1.2732099239086436 -1.2915741294860434
leaf_weight=289.3240737169981 2602.9549213796854 365.14140716195107 451.8584841042757 1296.4283148050308 363.21792301535606 461.79648552834988 607.6606999784708 1209.0700764805079 761.5394317060709 844.89041139185429 1330.2495777159929 190.10434982180595 779.49195040762424 722.90945842862129 903.87725855410099 705.11723007261753 275.69939434528351 314.97052900493145 153.8787317276001 1655.9595598727465 153.23757034540176 136.56737440824509 772.92004624009132 196.83654433488846 329.71724079549313 1920.2783396840096 404.89341285824776 146.18479514122009 190.90580154955387 115.40904879570007
leaf_count=1805 16239 2278 2819 8088 2266 2881 3791 7543 4751 5271 8299 1186 4863 4510 5639 4399 1720 1965 960 10331 956 852 4822 1228 2057 11980 2526 912 1191 720
internal_value=-1.38327 -1.35342 -1.40654 -1.41663 -1.33258 -1.37481 -1.37952 -1.38591 -1.34426 -1.35172 -1.40771 -1.31301 -1.36398 -1.37387 -1.33743 -1.36465 -1.31504 -1.3381 -1.30379 -1.3975 -1.35264 -1.40211 -1.37559 -1.40823 -1.34155 -1.43213 -1.29523 -1.30059 -1.294 -1.31982
internal_weight=20653.1 9047.75 11605.3 8805.87 5030.71 2799.47 4017.04 3244.76 3151.15 2510.31 5589.16 1879.56 2004.27 2035.69 1665.42 1428.03 640.841 505.075 1374.49 2986.21 772.279 795.2 1224.78 658.633 482.955 3216.71 895.863 741.984 595.799 478.627
internal_count=128848 56446 72402 54937 31385 17465 25061 20243 19659 15661 34869 11726 12504 12700 10390 8909 3998 3151 8575 18630 4818 4961 7641 4109 3013 20068 5589 4629 3717 2986
is_linear=0
shrinkage=1


Tree=1
num_leaves=31
num_cat=0
split_feature=28 13 13 28 13 28 13 28 37 13 13 28 37 37 20 24 28 37 13 37 40 37 28 24 24 24 37 1 31 16
split_gain=5156.95 1686.19 1391.22 392.771 376.269 373.436 252.18 227.656 347.086 204.871 183.402 163.071 139.385 102.243 102.356 96.1608 85.7212 77.8721 74.3368 71.2218 67.9937 66.4925 66.1763 62.7847 60.7295 57.148 51.0517 44.2879 51.4621 44.0712
threshold=3.5000000000000004 -0.093333333333333476 0.34333333333333244 5.5000000000000009 0.77333333333333221 5.5000000000000009 -0.83999999999999952 1.5000000000000002 1.5000000000000002 1.1900000000000011 -0.62500000000000056 2.5000000000000004 3.5000000000000004 2.5000000000000004 -0.039999999999999584 -0.0049999999999994485 1.5000000000000002 2.5000000000000004 1.2825 1.5000000000000002 3.5000000000000004 1.5000000000000002 1.5000000000000002 -0.016666666666667048 0.026666666666666842 0.013333333333334087 3.5000000000000004 1.5000000000000002 1.5000000000000002 4.5000000000000009
decision_type=2 2 2 2 2 2 2 2 2 2 2 2 2 2 2 2 2 2 2 2 2 2 2 2 2 2 2 2 2 2
left_child=1 6 5 9 7 10 16 17 15 23 -2 13 24 25 -15 -9 -1 -3 26 -13 -12 -18 -14 -4 27 -8 -5 -6 -29 -7
right_child=2 4 3 18 12 29 11 8 -10 -11 20 19 22 14 -16 -17 21 -19 -20 -21 -22 -23 -24 -25 -26 -27 -28 28 -30 -31
leaf_value=0.011427775821560227 -0.037592580584162004 0.089046915213796513 -0.0077067215451970851 -0.036288994368881548 0.090757256622697458 -0.040219433439404942 0.02515665429558997 0.029339485284071282 0.003211770689884381 0.034845750055189126 -0.012833308251119883 0.0074488408305949123 0.064456205029686006 -0.015397370524770483 0.024316746815281426 0.053148415065866719 -0.0091716279727993618 0.051326644266309424 0.0012916517534704436 -0.020074870460567822 -0.029084278729237079 -0.033319936402337352 0.027701999335204813 0.011688710299122185 0.087281312764882102 0.052258860355182929 -0.0017607575248387642 0.066747522760347427 0.035524627635486521 -0.053079978814807596
leaf_weight=291.42520889639854 1997.9435524344444 192.21164894104004 672.85109034180641 643.37305891513824 143.68820184469223 1038.407825678587 519.48523010313511 775.91337916254997 846.60518445074558 797.03209049999714 2025.1592126488686 663.65316528081894 198.17994302511215 261.40198467671871 427.69267478585243 935.2920871078968 712.38603353500366 474.85856914520264 240.51079140603542 363.92618799209595 943.5291084498167 475.22246789932251 320.57744733989239 1098.3715249747038 446.74268643558025 310.92009846866131 128.42246825993061 686.19938878715038 163.39659324288368 1858.2694098353386
leaf_count=1805 12740 1141 4226 4103 850 6642 3200 4751 5271 4863 12775 4096 1186 1653 2639 5639 4465 2857 1501 2302 5952 3006 1965 6817 2647 1895 803 4094 984 11980
internal_value=-2.46241e-05 0.0278257 -0.0224379 0.00339707 0.0466806 -0.0342019 0.00354981 0.0361818 0.0293975 0.0137939 -0.0258806 0.0130855 0.0639653 0.0234893 0.00925155 0.0423527 -0.0128718 0.0621955 -0.02298 -0.00229892 -0.0179983 -0.0188346 0.0417431 0.00432078 0.0719707 0.0353043 -0.0305437 0.0650846 0.0607427 -0.0484697
internal_weight=20653.6 9209.78 11443.9 3580.56 5183.67 7863.31 4026.11 3224.88 2557.81 2568.25 4966.63 2547.08 1958.78 1519.5 689.095 1711.21 1479.03 667.07 1012.31 1027.58 2968.69 1187.61 518.757 1771.22 1440.03 830.405 771.796 993.284 849.596 2896.68
internal_count=128848 56446 72402 22313 31385 50089 25061 19659 15661 15906 31467 15785 11726 9387 4292 10390 9276 3998 6407 6398 18727 7471 3151 11043 8575 5095 4906 5928 5078 18622
is_linear=0
shrinkage=0.05


Tree=2
num_leaves=31
num_cat=0
split_feature=28 16 13 28 28 13 13 37 28 13 13 1 28 31 24 31 28 24 13 37 28 31 24 37 37 24 16 40 20 24
split_gain=4640.77 1460.23 1298.26 361.464 355.953 292.978 268.301 229.253 193.435 179.082 174.35 166.652 164.313 205.973 117.272 87.7004 87.3702 83.7948 70.9486 70.7944 64.7889 62.7352 56.379 50.6924 48.9328 45.4896 43.6182 43.6108 48.85 38.4606
threshold=3.5000000000000004 3.5000000000000004 0.34333333333333244 5.5000000000000009 5.5000000000000009 -0.76666666666666716 1.1900000000000011 3.5000000000000004 1.5000000000000002 1.1900000000000011 -0.62500000000000056 1.5000000000000002 1.5000000000000002 1.5000000000000002 0.025000000000000803 1.5000000000000002 1.5000000000000002 0.0033333333333334107 0.97833333333333294 1.5000000000000002 4.5000000000000009 3.5000000000000004 -0.016666666666667048 3.5000000000000004 3.5000000000000004 0.01166666666666716 4.5000000000000009 1.5000000000000002 1.0500000000000007 0.02999999999999892
decision_type=2 2 2 2 2 2 2 2 2 2 2 2 2 2 2 2 2 2 2 2 2 2 2 2 2 2 2 2 2 2
left_child=1 6 3 10 9 16 7 8 -1 22 -2 -9 23 17 15 27 -3 -14 -6 25 -12 -22 -4 -7 -8 -18 -5 -10 -29 -11
right_child=2 5 4 26 18 12 24 11 14 29 20 -13 13 -15 -16 -17 19 -19 -20 -21 21 -23 -24 -25 -26 -27 -28 28 -30 -31
leaf_value=0.07656294389915394 -0.036572127672739478 0.012211954788953875 -0.0073564340769291846 -0.039195895679874596 -0.033236684968761275 0.050796363991087862 0.074957097851978946 0.045464993145673371 0.04814611368099668 0.025837573526107216 -0.0097319295663241129 0.0011030952487533874 0.010048334565661459 -0.01049435143492101 0.058495127470244435 0.009081194252977506 -0.015835687903433385 0.033288434937958515 -0.0061196219227682459 -0.031046604537435803 -0.028465765606551958 0.0024797522236002954 0.011025376705294618 0.021063177720841621 0.050059826490955008 0.0093441331853078291 -0.052169507686795839 0.022029264511895894 0.051244811961222173 0.050375580589957669
leaf_weight=448.38064274191856 1952.1833783388138 328.82544319331646 669.72730351984501 1012.9027473628521 590.19791932404041 357.93248644471169 747.67066824436188 336.37692302465439 667.39292296767235 595.07499611377716 1442.0831126272678 571.20085497200489 885.62749536335468 834.60294529795647 663.13445663452148 298.4877807199955 528.51938603818417 690.09797950088978 407.93183602392673 515.77522242069244 1307.077146589756 187.23933635652065 1106.0283240973949 239.11582589149475 268.12086452543736 271.51557010412216 1797.7075299620628 504.80050331354141 199.67419318854809 218.26106518507004
leaf_count=2553 12740 2017 4226 6642 3825 2106 4265 1974 3943 3558 9167 3522 5408 5281 3881 1829 3323 4123 2582 3326 8369 1191 6817 1434 1590 1700 11980 2999 1172 1305
internal_value=-4.50144e-05 0.0259911 -0.0216308 -0.033206 0.00321287 0.00612662 0.0456308 0.0393659 0.046485 0.0129922 -0.0249914 0.017545 0.0154058 0.00958904 0.0407055 0.0336429 -0.0108412 0.0202265 -0.022154 -0.0166023 -0.0172922 -0.0245883 0.00409267 0.0388883 0.0683854 -0.00729017 -0.047494 0.038987 0.03031 0.0324224
internal_weight=20643.7 9357.25 11286.4 7699.19 3587.22 4652.01 4705.24 3689.45 2781.87 2589.09 4888.58 907.578 3007.38 2410.33 2333.49 1670.36 1644.64 1575.73 998.13 1315.81 2936.4 1494.32 1775.76 597.048 1015.79 800.035 2810.61 1371.87 704.475 813.336
internal_count=128848 56446 72402 50089 22313 28718 27728 21873 16377 15906 31467 5496 18352 14812 13824 9943 10366 9531 6407 8349 18727 9560 11043 3540 5855 5023 18622 8114 4171 4863
is_linear=0
shrinkage=0.05


Tree=3
num_leaves=31
num_cat=0
split_feature=28 13 13 28 28 13 37 13 28 13 26 28 37 28 13 13 37 13 24 28 28 13 24 37 28 39 16 28 31 37
split_gain=4181.05 1276.93 1211.02 349.889 322.624 268.113 218.831 168.028 163.064 158.231 153.192 141.062 101.523 102.418 94.1493 79.4631 78.7498 78.5385 77.6104 71.5382 71.4375 66.6192 59.1021 58.3975 56.0043 49.5105 43.2238 38.7254 51.3628 38.7237
threshold=3.5000000000000004 0.064999999999999072 0.34333333333333244 5.5000000000000009 5.5000000000000009 -0.83999999999999952 3.5000000000000004 -0.91633333333333311 2.5000000000000004 1.2825 1.0000000180025095e-35 1.5000000000000002 2.5000000000000004 1.5000000000000002 0.59999999999999998 1.1066666666666671 1.5000000000000002 1.0666666666666669 -0.014999999999999234 1.5000000000000002 1.5000000000000002 0.97833333333333294 0.013333333333334087 1.5000000000000002 4.5000000000000009 1.5000000000000002 4.5000000000000009 4.5000000000000009 3.5000000000000004 1.5000000000000002
decision_type=2 2 2 2 2 2 2 2 2 2 2 2 2 2 2 2 2 2 2 2 2 2 2 2 2 2 2 2 2 2
left_child=1 5 3 7 9 19 10 -2 12 24 17 -8 22 -14 -12 -13 -10 20 -9 -1 -3 -6 -7 -21 -4 -26 -5 -20 -29 -22
right_child=2 6 4 26 21 8 11 18 16 -11 14 15 13 -15 -16 -17 -18 -19 27 23 29 -23 -24 -25 25 -27 -28 28 -30 -31
leaf_value=0.010093335979536603 -0.039450330796068647 0.069131851239386991 0.013341905075456609 -0.03819221612068701 -0.032253541856057465 0.023954649593157164 0.045956018276812532 -0.026518415482194892 0.0089924952543477352 0.03254296112771593 0.024246928472924294 0.00046678076573327098 0.027032675357483812 -0.0071206255819774786 0.048639122622176713 0.03776217759414259 -0.016912344693481015 0.074209873287578915 -0.004499834812974321 -0.0084380894587137434 0.049016871959585193 -0.0058358578680944295 0.047793482501363116 -0.031386331921871007 0.024254917575939085 -0.0084251145152240033 -0.051288114264467936 -0.02315086287558624 0.012232485419834203 0.022458122880112997
leaf_weight=295.5335881114006 1304.0661600232124 424.74750943481922 953.44438469409943 988.18035158514977 578.09087036550045 681.84919355809689 452.30596634745598 1607.4692550897598 863.12410089373589 701.78019145131111 739.87015064060688 535.15290105342865 446.90262462198734 431.40516628324986 850.17991583049297 194.81416577100754 444.44695004820824 549.03511694073677 956.280632853508 705.33331754803658 836.05939330160618 406.41858766973019 420.24649292230606 456.74937158823013 135.02133412659168 818.25794664025307 1738.6748173832893 828.39276346564293 117.05559915304184 164.20179609954357
leaf_count=1805 8708 2322 5894 6642 3825 4062 2577 10466 5205 4119 4369 3301 2625 2741 4811 1146 2845 2997 6142 4465 4760 2582 2422 3006 834 5059 11980 5404 747 987
internal_value=-6.23429e-05 0.0243183 -0.020849 -0.0322325 0.00303993 0.00597779 0.0426558 -0.0241255 0.0138908 0.0122445 0.0488393 0.0240153 0.0229386 0.0102573 0.0372891 0.0104202 0.00018737 0.0581426 -0.0184306 -0.0118717 0.0519521 -0.021348 0.0330448 -0.0174578 0.00477352 -0.00379635 -0.0465423 -0.0115943 -0.0187701 0.044657
internal_weight=20625.1 9491.96 11133.1 7540.12 3593.01 4745.59 4746.37 4813.26 3287.97 2608.5 3564.09 1182.27 1980.4 878.308 1590.05 729.967 1307.57 1974.04 3509.2 1457.62 1425.01 984.509 1102.1 1162.08 1906.72 953.279 2726.86 1901.73 945.448 1000.26
internal_count=128848 56446 72402 50089 22313 29176 27270 31467 19900 15906 20246 7024 11850 5366 9180 4447 8050 11066 22759 9276 8069 6407 6484 7471 11787 5893 18622 12293 6151 5747
is_linear=0
shrinkage=0.05


Tree=4
num_leaves=31
num_cat=0
split_feature=28 13 13 28 28 13 13 13 37 24 28 13 28 25 13 37 25 28 37 40 28 31 28 37 40 24 28 26 7 11
split_gain=3770.75 1134.01 1118.18 346.2 270.423 231.085 198.8 184.07 142.981 126.711 121.124 120.768 98.3339 86.4941 77.1422 77.1359 67.5348 66.6628 61.5465 53.6101 52.9001 49.0724 48.8612 47.8836 46.4701 43.6696 43.4758 38.3242 37.7903 35.8059
threshold=3.5000000000000004 0.13000000000000037 -0.093333333333333476 5.5000000000000009 5.5000000000000009 0.77333333333333221 1.0299999999999998 -0.88500000000000034 3.5000000000000004 -0.0033333333333316335 1.5000000000000002 -0.91633333333333311 1.5000000000000002 4.5000000000000009 0.97833333333333294 3.5000000000000004 4.5000000000000009 1.5000000000000002 3.5000000000000004 3.5000000000000004 1.5000000000000002 1.5000000000000002 2.5000000000000004 1.5000000000000002 3.5000000000000004 -0.011666666666667156 1.5000000000000002 -0.044999999999999922 6.7950000000000008 0.38335000000000002
decision_type=2 2 2 2 2 2 2 2 2 2 2 2 2 2 2 2 2 2 2 2 2 2 2 2 2 2 2 2 2 2
left_child=2 4 7 6 11 8 19 17 10 22 -4 -2 -10 21 -5 25 24 -1 20 -3 -11 -12 -9 -19 -13 -7 -17 -8 -29 -22
right_child=1 3 5 14 -6 15 27 9 12 18 13 16 -14 -15 -16 26 -18 23 -20 -21 29 -23 -24 -25 -26 -27 -28 28 -30 -31
leaf_value=0.0095510887911123676 -0.038459935778998554 0.0041244765519105357 0.059277808703340089 -0.03223339547732109 -0.046810351691931651 0.044310109316001448 0.04019868448034733 0.0077014640652164016 0.033141076597122107 0.05052421397889411 0.040464763096197502 -0.0085129174008762697 -0.002916490699060463 0.014441379351891468 -0.0055643285454178423 0.05155372191319401 -0.029900426190477131 -0.0094932022700647215 0.0020597938441870452 -0.013076464191823487 0.014964314615980743 0.016763109188764721 -0.011545394459216402 -0.031219391919995416 -0.026001024577696808 0.061734905988543233 0.022786931722117584 0.012857936023026963 0.038252245782194216 0.037499973426642061
leaf_weight=275.87534856796265 1271.5988231301308 1542.3839102089405 427.43178921937943 820.57448680698872 2391.3054485619068 546.90412136912346 308.51069980859756 763.61744937300682 305.19712597131729 193.34305040538311 1295.7506975084543 1222.6265918165445 496.98374530673027 624.03559097647667 404.9763106405735 216.09248991310596 1059.5825835615396 645.21287770569324 327.04616667330265 641.33903135359287 602.76773625612259 262.64992301166058 580.36752155423164 417.84244042634964 551.08227133750916 1049.7335070222616 334.89198113977909 573.61280626058578 196.75589223206043 249.10168847441673
leaf_count=1675 8708 9640 2278 5576 16871 2986 1795 4620 1720 1098 7307 7938 3095 3667 2582 1186 7021 4111 2042 4076 3587 1592 3640 2805 3667 5589 1965 3383 1145 1483
internal_value=-7.66356e-05 -0.020091 0.0227885 -0.000763051 -0.0334445 0.037351 0.007748 0.00282327 0.0292637 0.0103024 0.0349383 -0.0256583 0.0108019 0.0301713 -0.0234208 0.0501998 -0.0199128 -0.0123494 0.0209898 -0.000927279 0.026913 0.0364701 -0.000609828 -0.0180329 -0.0139464 0.0557663 0.0340691 0.0253073 0.0193438 0.0215541
internal_weight=20599.2 10984.3 9614.85 4488.15 6496.2 5559.67 3262.6 4055.17 3412.05 2716.24 2609.87 4104.89 802.181 2182.44 1225.55 2147.62 2833.29 1338.93 1372.26 2183.72 1045.21 1558.4 1343.98 1063.06 1773.71 1596.64 550.984 1078.88 770.369 851.869
internal_count=128848 72402 56446 28197 44205 31385 20039 25061 19659 16470 14844 27334 4815 12566 8158 11726 18626 8591 8210 13716 6168 8899 8260 6916 11605 8575 3151 6323 4528 5070
is_linear=0
shrinkage=0.05


Tree=5
num_leaves=31
num_cat=0
split_feature=28 13 16 28 28 13 13 13 37 28 26 13 1 25 37 13 28 37 25 37 28 40 37 40 25 13 11 37 24 37
split_gain=3403.52 1060.95 977.38 315.966 262.768 210.452 176.085 171.125 146.658 121.41 119.66 115.394 112.602 86.4937 80.6503 72.5283 66.3017 63.991 63.5461 57.8785 52.5289 48.6905 45.2701 43.3026 41.3688 36.1102 35.8553 35.817 34.9596 34.1374
threshold=3.5000000000000004 0.13000000000000037 3.5000000000000004 5.5000000000000009 5.5000000000000009 -0.76666666666666716 1.0299999999999998 1.1900000000000011 3.5000000000000004 1.5000000000000002 0.015000000000000126 -0.91633333333333311 1.5000000000000002 3.5000000000000004 1.5000000000000002 0.97833333333333294 1.5000000000000002 3.5000000000000004 4.5000000000000009 1.5000000000000002 1.5000000000000002 3.5000000000000004 1.5000000000000002 3.5000000000000004 2.5000000000000004 1.8700000000000006 0.34085000000000004 3.5000000000000004 -0.013333333333334084 1.5000000000000002
decision_type=2 2 2 2 2 2 2 2 2 2 2 2 2 2 2 2 2 2 2 2 2 2 2 2 2 2 2 2 2 2
left_child=2 4 7 6 11 16 21 8 9 -1 17 -2 -10 29 -12 27 -4 20 23 24 -7 -3 -15 -13 -18 -8 -22 -5 -23 -11
right_child=1 3 5 15 -6 10 25 -9 12 13 14 18 -14 22 -16 -17 19 -19 -20 -21 26 28 -24 -25 -26 -27 -28 -29 -30 -31
leaf_value=0.059803446033236701 -0.037486900154867511 0.003908332144110383 0.010149087362180394 -0.036007113565918056 -0.045911840815115179 0.041811852645473623 0.019344532906725744 0.054019518938812822 0.036421208123180199 0.044455502459859464 0.0094552682346105317 -0.0081312363857561944 0.0007436280886440554 0.026869482338053498 -0.018060692112270217 -0.0053045867977861965 0.0098975545697570031 0.0050553771008582903 -0.028963201527919633 -0.028344904390104165 0.010765364626037402 -0.026307681694476073 8.2914266450123913e-05 -0.025123254523147943 -0.014450157455362034 0.042660788721255435 0.029593367748130407 -0.0076985433309994843 -0.0025582631489952361 0.023259667986956844
leaf_weight=495.8418857306242 1240.1818878650665 1546.1979684978724 335.87352026998997 669.54922264814377 2318.0692184120417 380.96649362146854 890.02836507558823 1112.4956684559584 359.97018751502037 1161.4119114130735 800.81150110065937 1216.1845920830965 573.48316369950771 903.23159998655319 398.98160742223263 403.60186874866486 259.74863174557686 494.85897687077522 1039.6901014596224 488.45817179977894 513.95759518444538 267.00085197389126 191.10344441235065 542.0532494187355 531.32462953031063 204.1424366235733 497.75419367849827 134.1178078353405 369.24177442491055 227.1096825003624
leaf_count=2553 8708 9640 2017 4668 16871 2093 5167 5855 1974 6288 4749 7938 3522 5086 2553 2582 1628 3019 7021 3326 3027 1739 1133 3667 3395 1156 2911 908 2337 1317
internal_value=-8.83534e-05 -0.0193559 0.0213831 -0.00073188 -0.032494 0.00500059 0.00732474 0.0367161 0.0317955 0.0372149 0.0126516 -0.0247914 0.0145021 0.0327038 0.000305056 -0.0225981 -0.00962195 0.0204996 -0.0191642 -0.0148118 0.0259874 -0.000882377 0.0221918 -0.0133698 -0.00645559 0.0236947 0.0200286 -0.0312829 -0.0125248 0.0409887
internal_weight=20567.4 10840.1 9727.38 4483.88 6356.18 4702.74 3276.61 5024.65 3912.15 2978.7 3087.33 4038.11 933.453 2482.86 1199.79 1207.27 1615.4 1887.54 2797.93 1279.53 1392.68 2182.44 1094.34 1758.24 791.073 1094.17 1011.71 803.667 636.243 1388.52
internal_count=128848 72402 56446 28197 44205 28718 20039 27728 21873 16377 18352 27334 5496 13824 7302 8158 10366 11050 18626 8349 8031 13716 6219 11605 5023 6323 5938 5576 4076 7605
is_linear=0
shrinkage=0.05


Tree=6
num_leaves=31
num_cat=0
split_feature=28 13 13 28 28 13 13 13 28 37 13 26 37 24 37 13 37 24 37 28 20 13 9 37 28 28 28 26 24 16
split_gain=3074.22 991.993 865.751 288.374 255.242 175.092 158.249 153.246 133.75 165.316 110.181 103.906 74.5983 71.4169 71.223 69.4289 63.7252 60.2679 48.644 46.8885 53.6234 46.2071 45.391 42.1498 41.6413 36.0204 35.3232 33.3289 32.1994 31.7916
threshold=3.5000000000000004 0.13000000000000037 -0.093333333333333476 5.5000000000000009 5.5000000000000009 0.59999999999999998 0.74333333333333373 -1.3233333333333328 1.5000000000000002 1.5000000000000002 -0.91633333333333311 0.015000000000000126 1.5000000000000002 0.0083333333333324173 3.5000000000000004 1.2825 3.5000000000000004 -0.014999999999999234 3.5000000000000004 2.5000000000000004 1.4100000000000006 1.5416666666666665 5.1550000000000011 3.5000000000000004 1.5000000000000002 1.5000000000000002 1.5000000000000002 -0.015000000000000123 0.023333333333332987 4.5000000000000009
decision_type=2 2 2 2 2 2 2 2 2 2 2 2 2 2 2 2 2 2 2 2 2 2 2 2 2 2 2 2 2 2
left_child=2 4 7 6 10 11 -3 -1 23 13 -2 16 -13 -10 19 18 25 -12 -5 -7 -21 27 -15 -9 -16 -4 -18 -8 -11 -6
right_child=1 3 5 15 29 14 21 8 9 28 17 12 -14 22 24 -17 26 -19 -20 20 -22 -23 -24 -25 -26 -27 -28 -29 -30 -31
leaf_value=-0.021834018112288973 -0.036529970480506033 -0.0039303791809040152 0.050116764180709955 -0.03290595609609806 -0.035891340723628644 0.052404239790180385 0.022462459988300681 0.035032740838021735 0.0021378664904526351 -0.020785989291486871 -0.0264971479418874 0.020893073188885107 -0.0068166901888059824 0.012962459332384877 0.042568980258223463 0.0023921895539811919 0.028205702790757806 -0.011673792158517488 -0.0026689487984945799 0.026745853041326928 0.051554311423785928 0.031829154298938948 0.039019226293433046 0.010177881645532093 0.017782728377536246 0.031857384503863245 0.00087228183388252968 0.0055564072141252394 0.00045303968472330461 -0.048900332994356276
leaf_weight=560.97342149913311 1209.8161327838898 1661.2290083020926 372.87751926481724 792.36816190183163 668.53527545928955 1223.4834566563368 513.93257349729538 444.7086481153965 1104.7238999158144 718.42986890673637 1261.1238742023706 754.99006514251232 358.0854673832655 465.12772607803345 282.60730083286762 237.40993474423885 256.60180793702602 1502.8018411695957 159.84506006538868 510.86932933330536 379.71853087842464 440.77154077589512 260.87756632268429 276.71013548970222 423.19857703149319 979.85433745384216 219.14134432375431 673.65174275636673 237.42443290352821 1578.5676166415215
leaf_count=3657 8708 10510 1884 5583 4896 6286 3025 2493 6753 4754 8643 4249 2209 2723 1488 1501 1402 9983 1074 2709 1949 2460 1503 1626 2455 5388 1366 4044 1552 11975
internal_value=-9.82921e-05 -0.0186435 0.0200875 -0.000702116 -0.0315618 0.0325573 0.00692714 0.00243104 0.00631133 0.00134375 -0.0239457 0.024023 0.0119786 0.0101436 0.0414598 -0.0217988 0.031355 -0.0184374 -0.0278302 0.0460512 0.0373234 0.0180038 0.0223255 0.0254993 0.0277072 0.0368905 0.0156151 0.0128726 -0.0155104 -0.04503
internal_weight=20530.5 10700.1 9830.4 4479.21 6220.84 5761.43 3289.58 4068.98 3508 2786.58 3973.74 2941.55 1113.08 1830.73 2819.88 1189.62 1828.48 2763.93 952.213 2114.07 890.588 1628.36 726.005 721.419 705.806 1352.73 475.743 1187.58 955.854 2247.1
internal_count=128848 72402 56446 28197 44205 31385 20039 25061 21404 17285 27334 16498 6458 10979 14887 8158 10040 18626 6657 10944 4658 9529 4226 4119 3943 7272 2768 7069 6306 16871
is_linear=0
shrinkage=0.05


Tree=7
num_leaves=31
num_cat=0
split_feature=28 13 13 28 28 13 13 13 13 31 37 28 28 37 28 24 24 37 24 24 40 7 37 9 20 28 34 31 28 13
split_gain=2823.9 1120.19 529.359 381.183 221.619 170.649 164.881 140.259 131.163 100.579 99.8012 87.9543 87.219 81.8084 73.5473 66.9705 58.2135 52.2073 50.8882 46.703 44.8902 43.6244 43.0253 42.9141 39.7612 37.8175 37.1342 36.7378 35.879 35.3137
threshold=4.5000000000000009 0.21000000000000021 0.62500000000000056 2.5000000000000004 2.5000000000000004 -0.4233333333333324 -0.86999999999999977 -0.65000000000000002 1.235000000000001 3.5000000000000004 2.5000000000000004 5.5000000000000009 1.5000000000000002 2.5000000000000004 1.5000000000000002 -0.029999999999999801 0.015000000000000126 3.5000000000000004 0.019999999999999133 0.013333333333334087 1.5000000000000002 3.3150000000000004 1.5000000000000002 5.2950000000000008 1.325 1.5000000000000002 5.1850000000000014 1.5000000000000002 5.5000000000000009 -2.0408333333333322
decision_type=2 2 2 2 2 2 2 2 2 2 2 2 2 2 2 2 2 2 2 2 2 2 2 2 2 2 2 2 2 2
left_child=1 3 5 6 13 20 25 21 18 16 19 17 -12 23 -15 -9 28 -7 -6 -8 -2 -5 -10 -3 -16 -1 -21 -17 -4 -22
right_child=2 4 9 7 8 11 10 15 22 -11 12 -13 -14 14 24 27 -18 -19 -20 26 29 -23 -24 -25 -26 -27 -28 -29 -30 -31
leaf_value=0.0078259107885158951 -0.022627984314001086 0.03537081945899314 -0.0059818624062862261 -0.037919310256432727 0.0098288392471405084 -0.020112838021541724 0.020925679070624148 -0.01512717530685519 0.046366426212769533 0.027244038467202431 0.021427679115843267 -0.034615483431635181 -0.0068201060480485983 0.041376096814161011 0.0075713618177521858 0.0076117822328453759 0.0071479362589574567 0.0077360999851825568 0.025589483776030264 0.014177984084642221 -0.054958290425980633 -0.017204217458765346 0.022668868606199828 0.053878671407278533 0.034619791904610543 -0.01485854640470969 0.046269607763666537 -0.0072895264387418078 -0.027097383472901904 -0.041007525735725359
leaf_weight=286.77628475427628 258.97993855178356 458.95719806849957 507.36161710321903 317.72894635796547 1680.0785657465458 1321.9418620169163 857.65874287486076 747.26863646507263 524.41572296619415 267.96407163143158 578.56599228084087 1217.7509415149689 517.85229963064194 725.67224571108818 368.75082112848759 1230.6367374658585 503.14626358449459 192.83709551393986 736.76285162568092 113.74452577531338 607.39062336087227 1270.169269233942 301.75114746391773 986.24269734323025 215.13439728319645 511.30602590739727 434.42806534469128 623.02347223460674 333.35741075873375 1791.7131179720163
leaf_count=1715 1914 2364 3022 2259 9842 8871 4871 4854 2735 1631 3192 9064 3300 3693 2163 7482 3106 1238 4178 608 4706 8715 1633 5021 1192 3412 2326 4029 2269 13443
internal_value=-0.000106507 0.0132686 -0.0258675 0.000373141 0.0293707 -0.0333848 0.0130814 -0.0096396 0.0205125 -0.000726628 0.019393 -0.0246106 0.00808589 0.039799 0.0307473 -0.00249075 -0.00630392 -0.0165676 0.0146334 0.0282115 -0.0424046 -0.0213492 0.0377111 0.0480011 0.0175374 -0.0067073 0.0396107 0.00260339 -0.0143545 -0.0445395
internal_weight=20489.4 13486.9 7002.44 7489.16 5997.77 5390.61 3300.33 4188.83 3243.01 1611.83 2502.25 2732.53 1096.42 2754.76 1309.56 2600.93 1343.87 1514.78 2416.84 1405.83 2658.08 1587.9 826.167 1445.2 583.885 798.082 548.173 1853.66 840.719 2399.1
internal_count=128848 79584 49264 46763 32821 39236 19424 27339 18388 10028 14297 19173 6492 14433 7048 16365 8397 10109 14020 7805 20063 10974 4368 7385 3355 5127 2934 11511 5291 18149
is_linear=0
shrinkage=0.05


Tree=8
num_leaves=31
num_cat=0
split_feature=28 13 13 28 13 1 13 37 28 28 13 24 37 13 31 28 16 28 31 37 13 24 11 13 31 28 2 37 26 34
split_gain=2574.86 1001.37 498.246 333.434 216.618 191.987 128.585 118.655 101.361 91.5232 75.969 72.9328 69.5921 69.3795 65.8894 62.9717 61.39 54.5147 56.4413 54.0637 52.751 43.9768 39.5105 37.7739 37.0346 43.3711 36.22 33.3809 33.062 36.0682
threshold=4.5000000000000009 -0.27499999999999897 0.13000000000000037 2.5000000000000004 0.74333333333333373 2.5000000000000004 0.81833333333333302 2.5000000000000004 1.5000000000000002 5.5000000000000009 -1.3233333333333328 -0.026666666666666835 3.5000000000000004 -1.2483333333333331 3.5000000000000004 5.5000000000000009 2.5000000000000004 1.5000000000000002 2.5000000000000004 1.5000000000000002 1.0483333333333336 0.015000000000000126 0.39565000000000006 1.2825 1.5000000000000002 3.5000000000000004 2.5000000000000004 3.5000000000000004 0.015000000000000126 5.2250000000000005
decision_type=2 2 2 2 2 2 2 2 2 2 2 2 2 2 2 2 2 2 2 2 2 2 2 2 2 2 2 2 2 2
left_child=1 5 9 7 11 10 15 16 26 12 -1 -5 -2 -7 21 -4 -3 27 -19 23 -10 -8 -15 -6 25 -13 -9 -12 29 -18
right_child=2 3 6 4 19 13 14 8 20 -11 17 24 -14 22 -16 -17 28 18 -20 -21 -22 -23 -24 -25 -26 -27 -28 -29 -30 -31
leaf_value=-0.016763738898567908 -0.032078835181603226 0.048816995316338624 -0.0097478942978029767 -0.0064166684392338302 0.025878192264313968 -0.030673353629157369 -0.010191555870469498 0.020252821877987888 0.0034834533829707125 -0.043370393444493172 0.031098028059121097 0.022706074340892245 -0.0044228882535738883 -0.014773585323974889 0.028690573648900809 -0.030213346565051914 0.018693037973094045 0.011103536193928905 -0.012772042520350746 0.015778581311163886 0.032623086037733229 0.010864904181398035 0.0024987074456201555 0.044428144888669516 0.0010679995089572095 0.0052761835496185246 0.040174416095102333 0.0064065317022500862 0.022039029733154806 0.045744238517216568
leaf_weight=332.64573386311531 1709.1911093592644 1102.0719608515501 885.71774953603745 925.48817305266857 629.6926401257515 587.43586593866348 637.67309413850307 335.5781631320715 641.61990186572075 2116.3786455914378 361.81356261670589 803.5385135114193 262.38966207206249 1559.2804851979017 210.03748132288456 652.98235096037388 161.59596772491932 712.5621390491724 379.28864662349224 644.93049322068691 204.91255722939968 405.74534048140049 420.35211308300495 486.44898267090321 717.37576778233051 642.10389314591885 712.78585641086102 220.17924651503563 466.47401773929596 518.9126307964325
leaf_count=2180 12372 5467 5719 5786 3427 4240 3971 1745 3889 16871 1986 4364 1826 10379 1243 4810 830 4200 2535 3592 1083 2452 2780 2480 4472 4043 3593 1278 2563 2672
internal_value=-0.000113506 0.0125218 -0.0250293 0.0222087 0.0133092 -0.00652684 -0.00874846 0.0326236 0.0234061 -0.0361495 0.00506036 0.00532965 -0.0283982 -0.0155837 0.0031398 -0.0184329 0.0403896 0.0093975 0.0028096 0.0273035 0.010537 -0.00200351 -0.011106 0.0339628 0.0103555 0.0149643 0.0337976 0.0217568 0.0322922 0.0393206
internal_weight=20447.2 13567.1 6880.12 8993.53 4849.58 4573.56 2792.16 4143.95 1894.9 4087.96 2006.49 3088.51 1971.58 2567.07 1253.46 1538.7 2249.05 1673.84 1091.85 1761.07 846.532 1043.42 1979.63 1116.14 2163.02 1445.64 1048.36 581.993 1146.98 680.509
internal_count=128848 79584 49264 50006 28164 29578 18195 21842 10310 31069 12179 18665 14198 17399 7666 10529 11532 9999 6735 9499 4972 6423 13159 5907 12879 8407 5338 3264 6065 3502
is_linear=0
shrinkage=0.05


Tree=9
num_leaves=31
num_cat=0
split_feature=28 13 13 28 1 13 13 13 13 37 40 13 40 28 28 24 25 24 9 20 37 13 24 28 14 9 31 20 34 24
split_gain=2348.07 895.699 472.756 236.342 234.699 148.042 121.13 91.6088 91.2538 85.8471 85.6121 82.4785 82.3087 82.297 68.5942 65.3889 47.8167 47.0401 46.3278 45.6582 43.0736 36.2301 35.4962 30.6019 29.6615 28.6046 27.8326 41.5429 27.8257 27.1093
threshold=4.5000000000000009 -0.093333333333333476 0.13000000000000037 2.5000000000000004 2.5000000000000004 1.0299999999999998 1.2825 -0.86999999999999977 -1.2483333333333331 2.5000000000000004 2.5000000000000004 -1.0950000000000002 2.5000000000000004 1.5000000000000002 5.5000000000000009 -0.008333333333333302 2.5000000000000004 0.013333333333334087 5.2550000000000008 1.2450000000000001 1.5000000000000002 -1.878333333333333 -0.016666666666667048 5.5000000000000009 0.034925000000000019 5.8750000000000009 2.5000000000000004 -0.089999999999999622 5.205000000000001 -0.025000000000000796
decision_type=2 2 2 2 2 2 2 2 2 2 2 2 2 2 2 2 2 2 2 2 2 2 2 2 2 2 2 2 2 2
left_child=1 4 8 9 7 15 10 21 -2 18 -4 -6 -10 -11 22 -5 -13 26 29 -15 24 -1 -12 -14 -7 -18 -9 -28 -19 -3
right_child=2 3 6 5 11 20 -8 17 12 13 14 16 23 19 -16 -17 25 28 -20 -21 -22 -23 -24 -25 -26 -27 27 -29 -30 -31
leaf_value=-0.03464707267124572 -0.047381061775297044 0.0097279173517003902 0.0041529229825937354 0.0010196545184025761 -0.027119424282990634 0.030938813860984959 0.011206735892368305 0.014910777197032057 -0.014356513809639771 0.033279956318708455 -0.022850042237477879 0.0028845145097369253 -0.02924977680653644 0.0025321772469841732 -0.030598267198322471 0.015527079767263847 -0.015897140895560366 0.0061399575773711523 0.04429092332991081 0.028640639191847967 0.01704404304072529 -0.0020568612840467185 -0.002460890960039719 -0.040904583167869116 0.053553856230515132 0.00092468875872481465 -0.021896460570284805 0.0099543106800137632 0.030264437034190652 0.03361223929932803
leaf_weight=96.845733016729355 1115.0064436793327 153.43533177673817 501.91919367015362 1436.5187975764275 751.84113113582134 560.80551646649837 615.25928923487663 578.65570829808712 617.65130740404129 960.69388654828072 343.22460982203484 697.53114154934883 1149.8112590759993 503.5361270159483 750.64579300582409 1691.0697080343962 1341.0207180976868 155.19243273139 1318.2712436616421 250.88925588130951 435.33432455360889 713.92231050133705 564.62317243218422 1104.0005367994308 195.5461353212595 311.39650624990463 162.03918416798115 278.04030306637287 520.12673898041248 526.36903601884842
leaf_count=642 9099 799 3198 8683 5503 2860 3582 3292 4568 4769 2271 4444 8419 2985 5583 9704 8971 874 6511 1366 2350 4605 3561 8983 993 2043 1073 1601 2884 2632
internal_value=-0.000119056 0.0118249 -0.0242096 0.0225298 -0.00351188 0.0145777 -0.00836596 0.00787209 -0.0352412 0.0317799 -0.01394 -0.0127049 -0.0305272 0.0235742 -0.0194156 0.00886374 -0.00809312 0.0144872 0.0388236 0.0112147 0.0295739 -0.00594974 -0.0101693 -0.0349587 0.0367857 -0.0127271 0.00770349 -0.00177328 0.0247205 0.0282214
internal_weight=20401.2 13639.1 6762.14 8032.47 5606.61 4319.27 2775.67 2504.82 3986.47 3713.19 2160.41 3101.79 2871.46 1715.12 1658.49 3127.59 2349.95 1694.05 1998.08 754.425 1191.69 810.768 907.848 2253.81 756.352 1652.42 1018.74 440.079 675.319 679.804
internal_count=128848 79584 49264 43652 35932 24590 18195 14971 31069 19062 14613 20961 21970 9120 11415 18387 15458 9724 9942 4351 6203 5247 5832 17402 3853 11014 5966 2674 3758 3431
is_linear=0
shrinkage=0.05


Tree=10
num_leaves=31
num_cat=0
split_feature=28 13 13 28 28 13 13 13 13 13 40 37 26 24 31 28 37 28 27 28 24 7 24 25 13 31 1 14 9 28
split_gain=2141.53 804.076 448.134 290.974 136.429 123.287 117.691 112.05 89.7417 84.3314 78.7384 75.0928 68.0018 56.2306 56.203 55.9896 48.401 45.5906 42.2365 40.0813 42.0496 39.8509 39.0558 37.0754 33.7395 31.1272 39.979 30.2681 30.1754 30.0365
threshold=4.5000000000000009 0.26000000000000006 0.13000000000000037 2.5000000000000004 2.5000000000000004 -0.83999999999999952 -0.65000000000000002 0.81833333333333302 -1.2483333333333331 1.3833333333333342 2.5000000000000004 2.5000000000000004 1.0000000180025095e-35 0.023333333333332987 3.5000000000000004 5.5000000000000009 2.5000000000000004 1.5000000000000002 0.034999999999999705 1.5000000000000002 0.02666666666666773 2.8050000000000002 0.015000000000000126 2.5000000000000004 -1.878333333333333 1.5000000000000002 3.5000000000000004 0.018200000000000025 4.9750000000000005 5.5000000000000009
decision_type=2 2 2 2 2 2 2 2 2 2 2 2 2 2 2 2 2 2 2 2 2 2 2 2 2 2 2 2 2 2
left_child=1 3 8 5 16 24 21 15 -2 18 -10 19 -13 25 22 -4 -3 -18 27 -7 28 -5 -9 -23 -1 26 -8 -6 -21 -12
right_child=2 4 7 6 9 11 13 14 10 -11 29 12 -14 -15 -16 -17 17 -19 -20 20 -22 23 -24 -25 -26 -27 -28 -29 -30 -31
leaf_value=-0.033997344744381396 -0.046613325925478226 0.039500047937937606 -0.0090282065867633241 -0.041497178891457015 0.012960239710063316 0.040286350554425358 0.0063264226527141865 -0.0095522004061720008 -0.013775144302967578 0.034093432566244329 -0.028357639856952582 0.013927928630096703 -0.014129759892915636 0.010480248034455028 0.026358706172403802 -0.028578847760259631 0.034492254404080325 0.01560843928160436 0.0032331747578464667 0.0042170616618036633 0.035050127762303721 -0.0031234309324425936 0.010295622001379505 -0.021521464967319305 -0.001920692752488443 -0.01453595611191168 -0.01087969781798058 0.026289389156440975 0.022714067602272032 -0.040047692373030359
leaf_weight=92.12140154838562 1077.654441639781 1449.4719478189945 876.70107346773148 177.92800423502922 1172.4182192385197 298.26084068417549 730.70639961957932 631.74038945138454 611.68834865093231 647.56905215978622 1127.2673758119345 865.91908429563046 287.70140673220158 683.57912057638168 214.25416705012321 628.90544425696135 728.48333141207695 569.48108817636967 681.5979441255331 410.12033353745937 330.77034077048302 381.63813406229019 407.88494408130646 969.36665114760399 744.56344956159592 711.01287807524204 627.54043090343475 668.91225914657116 476.86535373330116 1072.0592030733824
leaf_count=623 9099 6980 5719 1361 6543 1480 4271 3971 4568 3259 8419 4839 1857 4127 1243 4810 3529 3187 3927 2279 1702 2652 2452 6961 4785 4728 4188 3710 2596 8983
internal_value=-0.000123488 0.0111719 -0.0234103 0.000615067 0.0250648 0.011295 -0.00813065 -0.00800006 -0.0343458 0.0179977 -0.0296428 0.0165437 0.00693062 -0.00195284 0.00304047 -0.0171947 0.03322 0.026207 0.0138664 0.0238589 0.0198353 -0.0192538 -0.00176514 -0.0163243 -0.00545242 -0.00606011 -0.00162319 0.0178024 0.0141615 -0.0340559
internal_weight=20354.2 13706 6648.16 7788.09 5917.93 3506.32 4281.77 2759.49 3888.67 3170.5 2811.01 2669.64 1153.62 2752.84 1253.88 1505.61 2747.44 1297.96 2522.93 1516.02 1217.76 1528.93 1039.63 1351 836.685 2069.26 1358.25 1841.33 886.986 2199.33
internal_count=128848 79584 49264 48449 31135 20161 28288 18195 31069 17439 21970 14753 6696 17314 7666 10529 13696 6716 14180 8057 6577 10974 6423 9613 5408 13187 8459 10253 4875 17402
is_linear=0
shrinkage=0.05


Tree=11
num_leaves=31
num_cat=0
split_feature=28 13 13 28 13 1 13 16 28 40 31 28 24 13 7 37 37 26 28 24 14 16 24 37 13 26 37 26 14 2
split_gain=1953.19 726.209 424.732 228.534 160.433 146.122 106.373 97.1376 87.9583 76.0639 66.1308 61.3848 60.7352 55.6679 55.4675 48.6748 41.9283 39.8632 39.1369 39.0117 37.0709 32.6654 32.6535 30.3402 30.3034 29.8165 28.7384 26.7279 25.4169 27.1902
threshold=4.5000000000000009 -0.32166666666666605 0.11166666666666593 2.5000000000000004 0.74333333333333373 2.5000000000000004 1.2825 2.5000000000000004 5.5000000000000009 2.5000000000000004 3.5000000000000004 5.5000000000000009 0.018333333333333094 -1.3233333333333328 3.3150000000000004 2.5000000000000004 1.5000000000000002 0.064999999999999961 1.5000000000000002 -0.0033333333333316335 0.0046000000000000216 4.5000000000000009 -0.016666666666667048 1.5000000000000002 -1.0183333333333331 -0.05000000000000026 2.5000000000000004 0.084999999999999978 0.027800000000000023 3.5000000000000004
decision_type=2 2 2 2 2 2 2 2 2 2 2 2 2 2 2 2 2 2 2 2 2 2 2 2 2 2 2 2 2 2
left_child=1 5 8 7 12 13 9 17 10 -4 24 22 -5 -1 -7 27 25 26 -17 -15 -16 -10 -11 -19 -2 -6 -3 -9 29 -27
right_child=2 3 6 4 16 14 -8 15 21 11 -12 -13 -14 19 20 18 -18 23 -20 -21 -22 -23 -24 -25 -26 28 -28 -29 -30 -31
leaf_value=-0.015174855849516411 -0.041177032493880217 0.042772708778941862 0.0037658231593925683 -9.4317612814980522e-05 0.043798308070507219 -0.035122931401191791 0.010388297757272661 0.028445608645600286 -0.031044190263892702 -0.021802911751984552 -0.0024518517512792971 -0.028974041965451464 0.014811252228459035 -0.0010238055258957957 -0.017913934564216468 0.019931799431696224 0.012852938589102199 0.028138308824607345 -0.00021383930618963914 0.014751622753030328 -0.0043682474193625894 -0.045357463411736902 -0.002349892723445309 -0.0058412939054023998 -0.025472876495086134 0.0094985533398601052 0.030464832023405542 0.006456980464493188 0.038063511073490618 0.029824965353256717
leaf_weight=324.39859160780907 419.17364463210106 958.89909845590591 511.87911232560873 2284.2331142574549 253.09945128858089 297.37233021855354 620.14387519657612 1102.2071714699268 565.78810115903616 345.24538685381413 260.20547744631767 742.29906042665243 975.17307479679585 719.84235861897469 1160.6123766899109 531.89659582078457 661.93147659301758 200.94651500880718 440.93569593131542 860.22148139774799 894.27839133143425 1349.0549551099539 575.0117528885603 97.60104988515377 1149.8081878125668 342.56723460555077 938.45007379353046 158.01267360150814 247.10977862775326 316.55791828036308
leaf_count=2180 3454 4489 3275 13978 1270 2288 3582 5556 4723 2338 1880 5732 5624 4367 8036 2693 3592 971 2705 4963 6136 11970 3658 535 8652 1782 4716 848 1253 1602
internal_value=-0.000126971 0.0105605 -0.0226283 0.0182438 0.0110069 -0.00660418 -0.00787814 0.0265456 -0.0336379 -0.0130877 -0.0257968 -0.0182767 0.00436524 0.00369132 -0.0149397 0.0192027 0.022893 0.0340128 0.0108008 0.00756468 -0.0120189 -0.0411283 -0.00964792 0.0170297 -0.0296684 0.0286254 0.0366851 0.0256886 0.0243878 0.0192607
internal_weight=20305 13766.3 6538.61 9509.62 5080.67 4256.73 2794.58 4428.95 3744.03 2174.44 1829.19 1662.56 3259.41 1904.46 2352.26 2233.05 1821.27 2195.9 972.832 1580.06 2054.89 1914.84 920.257 298.548 1568.98 1159.33 1897.35 1260.22 906.235 659.125
internal_count=128848 79584 49264 51614 29101 27970 18585 22513 30679 15003 13986 11728 19602 11510 16460 11802 9499 10711 5398 9330 14172 16693 5996 1506 12106 5907 9205 6404 4637 3384
is_linear=0
shrinkage=0.05


Tree=12
num_leaves=31
num_cat=0
split_feature=28 13 13 28 13 13 28 13 16 40 40 24 24 13 31 34 28 13 25 24 11 31 1 14 20 37 34 37 27 13
split_gain=1781.56 648.819 405.452 201.649 143.952 142.225 135.624 94.6444 85.1057 69.8428 65.498 63.2434 56.9887 48.5335 48.0227 47.832 47.8108 38.1148 36.8771 34.6816 34.2506 34.1905 42.1358 30.1907 28.5702 27.1602 25.6762 25.6668 25.0234 23.809
threshold=4.5000000000000009 -0.32166666666666605 -0.20999999999999971 2.5000000000000004 0.81833333333333302 0.74333333333333373 1.5000000000000002 -1.2966666666666664 2.5000000000000004 2.5000000000000004 1.5000000000000002 -1.3322676295501877e-15 -0.026666666666666835 -2.0408333333333322 3.5000000000000004 5.6650000000000009 5.5000000000000009 1.5783333333333336 3.5000000000000004 0.015000000000000126 0.37405000000000005 3.5000000000000004 3.5000000000000004 0.017500000000000102 1.0000000180025095e-35 4.5000000000000009 4.245000000000001 3.5000000000000004 -1.0000000180025095e-35 -2.1274999999999991
decision_type=2 2 2 2 2 2 2 2 2 2 2 2 2 2 2 2 2 2 2 2 2 2 2 2 2 2 2 2 2 2
left_child=1 6 10 8 9 12 27 29 18 -4 25 -9 -5 -12 19 -10 -11 23 26 -6 -13 22 -14 -7 -17 -2 -3 -1 -15 -8
right_child=2 3 4 5 14 17 7 11 15 16 13 20 21 28 -16 24 -18 -19 -20 -21 -22 -23 -24 -25 -26 -27 -28 -29 -30 -31
leaf_value=0.021796460808970269 0.00051560005787382168 0.01781457641535086 -0.0020209279299132719 -0.0060485140008498008 -0.0089488882948363744 0.012179828828232814 -0.044463014459025521 -0.012874205707993797 0.0080879733424244031 -0.015293927224867413 -0.052339644676537726 -0.0038141941467787796 0.017822960557525892 -0.025198997550466246 0.024265558133954646 0.026222217373089343 -0.031575502103442107 0.034361806777447483 0.023601574240795193 0.0097595412638354882 0.013353631533133735 -0.0072246561133091211 0.0032891589146917008 0.027641273788426568 0.0062177942162075055 -0.030105794193472171 0.039308934596197199 0.001607860308067818 -0.038229364541745643 -0.021829120602113852
leaf_weight=422.40520650148392 157.40395802259445 156.64712627232075 527.35272220522165 966.97917261719704 626.14935718476772 920.17190374433994 145.88769224286079 1560.4318972527981 781.73391731083393 992.95486596226692 512.65704876184464 843.38480066508055 1031.0753970891237 483.89865625649691 218.11728155612946 1262.6330014616251 825.9488703161478 439.50195355713367 839.96196715533733 409.88257695734501 443.18504685163498 303.26902267336845 965.82616676390171 480.64597675204277 207.86906617879868 134.11317743360996 1229.0225199609995 250.97566196322441 1544.2540824711323 570.73833005130291
leaf_count=2314 1156 741 3622 6098 3971 4856 1149 10619 4122 6952 4706 5384 5619 3899 1243 6495 6865 2150 4111 2452 2789 1892 5993 2493 1185 1135 5859 1454 13263 4261
internal_value=-0.000129518 0.00998651 -0.0218663 0.0171887 -0.0107327 0.0103983 -0.00630701 -0.0101956 0.0249339 -0.0180422 -0.0360193 -0.00610749 0.00413626 -0.0385947 0.00294196 0.0180817 -0.0226873 0.0215154 0.0318681 -0.00154732 0.00209961 0.00841788 0.0107935 0.0174849 0.0233944 -0.0135718 0.036879 0.014272 -0.0351204 -0.0264368
internal_weight=20255.1 13822.3 6432.73 9585.34 3600.41 5107.47 4237.01 3563.63 4477.87 2346.26 2832.33 2847 3267.15 2540.81 1254.15 2252.24 1818.9 1840.32 2225.63 1036.03 1286.57 2300.17 1996.9 1400.82 1470.5 291.517 1385.67 673.381 2028.15 716.626
internal_count=128848 79584 49264 51614 25105 29101 27970 24202 22513 17439 24159 18792 19602 21868 7666 11802 13817 9499 10711 6423 8173 13504 11612 7349 7680 2291 6600 3768 17162 5410
is_linear=0
shrinkage=0.05


Tree=13
num_leaves=31
num_cat=0
split_feature=28 13 13 28 13 1 9 13 37 40 28 37 26 39 40 28 13 13 13 31 28 25 11 24 24 24 28 9 24 13
split_gain=1624.89 580.353 385.528 211.807 132.311 108.121 97.0149 88.2833 75.2578 65.0111 64.5833 59.0169 55.2352 51.3412 46.782 45.5566 44.9461 44.4316 43.9672 42.7229 39.8155 38.4862 34.7516 33.0131 31.6705 31.3187 28.6173 27.1239 25.8453 24.3641
threshold=4.5000000000000009 0.21000000000000021 -0.20999999999999971 2.5000000000000004 0.81833333333333302 3.5000000000000004 4.8850000000000007 -0.86999999999999977 3.5000000000000004 2.5000000000000004 5.5000000000000009 2.5000000000000004 1.0000000180025095e-35 1.5000000000000002 -3.4999999999999996 5.5000000000000009 1.1283333333333327 -1.5183333333333326 1.1900000000000011 3.5000000000000004 1.5000000000000002 2.5000000000000004 0.27465000000000006 0.0099999999999993445 -0.008333333333333302 0.015000000000000126 1.5000000000000002 4.5050000000000008 0.026666666666665954 1.5050000000000003
decision_type=2 2 2 2 2 2 2 2 2 2 2 2 2 2 2 2 2 2 2 2 2 2 2 2 2 2 2 2 2 2
left_child=1 3 10 7 9 8 17 26 18 -4 13 22 -13 -2 -10 -11 -7 -5 20 25 -3 -16 -9 -8 -19 -6 -1 -24 -22 -23
right_child=2 5 4 6 19 16 23 11 14 15 -12 12 -14 -15 21 -17 -18 24 -20 -21 28 29 27 -25 -26 -27 -28 -29 -30 -31
leaf_value=0.0069504859263191561 -0.0044350072424298856 0.038132920393820532 -0.0019224343150339559 -0.032259771276593206 -0.0085484569739491222 0.0040870425106402019 -0.0040586001232982777 0.0058135778527180224 0.032651210804649229 -0.014679121506739426 -0.042460246541034474 0.011244676764195832 -0.01445920961851388 -0.031443930333884873 0.020513539756299375 -0.030708176553037193 0.021057292105213551 -0.018223164405975139 0.037616232688003487 0.022745688840923813 0.018421907502338557 -0.0052346649902195869 0.01348663579075011 0.010122437950329568 -0.0055295942688845991 0.0092192441498476652 -0.012844354924572138 0.029600671514198502 0.030269192462830732 0.026053159230733116
leaf_weight=289.24249233305454 209.29139667004347 462.18972805142403 526.67015926539898 307.33925983309746 622.79356907308102 1147.037028580904 1155.8075997754931 332.38489319384098 240.54828704893589 983.07317708432674 1444.4977181777358 851.34048810601234 277.01285643875599 1104.5101239681244 352.08736622333527 807.29377666115761 591.30891129374504 973.59251075237989 894.61521001160145 220.98089422285557 1531.5210113525391 448.17511288821697 394.95396712422371 636.36170940846205 992.14853411912918 412.14870104193687 495.14909228682518 770.80912889540195 658.18313892185688 72.252435892820358
leaf_count=1715 1562 2079 3622 2467 3971 6770 7647 1742 1179 6952 13535 4686 1806 9062 1862 6865 3005 6812 4072 1243 7824 2484 2088 3913 6500 2452 3412 3975 3186 360
internal_value=-0.000131494 0.00944689 -0.0211212 -1.31964e-05 -0.0102804 0.0205013 -0.00772209 0.0091746 0.0244713 -0.0173643 -0.0351637 0.0135706 0.00493432 -0.0271414 0.0131287 -0.0219068 0.00985958 -0.0145806 0.0280312 0.0027885 0.0247977 0.00774648 0.0200751 0.000976789 -0.0118165 -0.00147276 -0.00554506 0.0241413 0.021983 -0.000890887
internal_weight=20205.3 13874.1 6331.26 7476.14 3572.96 6397.92 4065.25 3410.89 4659.57 2317.04 2758.3 2626.5 1128.35 1313.8 1113.06 1790.37 1738.35 2273.08 3546.51 1255.92 2651.89 872.515 1498.15 1792.17 1965.74 1034.94 784.392 1165.76 2189.7 520.428
internal_count=128848 79584 49264 46763 25105 32821 27339 19424 23046 17439 24159 14297 6492 10624 5885 13817 9775 15779 17161 7666 13089 4706 7805 11560 13312 6423 5127 6063 11010 2844
is_linear=0
shrinkage=0.05


Tree=14
num_leaves=31
num_cat=0
split_feature=28 13 13 24 13 16 1 1 28 40 13 9 39 7 28 28 31 13 28 31 28 27 2 14 34 14 24 24 28 24
split_gain=1481.96 528.314 366.216 161.708 121.546 119.087 117.342 68.9579 63.5493 60.4624 51.5867 49.1499 48.5514 47.7114 43.3559 42.8599 41.935 39.8923 38.4448 38.05 33.7454 38.8479 33.6762 33.0603 30.8412 28.8918 28.2837 24.1974 23.8113 23.4093
threshold=4.5000000000000009 -0.32166666666666605 -0.20999999999999971 0.023333333333333876 0.81833333333333302 2.5000000000000004 2.5000000000000004 2.5000000000000004 5.5000000000000009 2.5000000000000004 1.4708333333333334 5.2750000000000012 1.5000000000000002 3.3150000000000004 5.5000000000000009 3.5000000000000004 3.5000000000000004 -1.5563333333333333 2.5000000000000004 3.5000000000000004 1.5000000000000002 -0.024999999999999908 2.5000000000000004 0.0046000000000000216 4.6450000000000005 0.027 0.015000000000000126 -0.014999999999999234 3.5000000000000004 -0.030000000000000689
decision_type=2 2 2 2 2 2 2 2 2 2 2 2 2 2 2 2 2 2 2 2 2 2 2 2 2 2 2 2 2 2
left_child=1 6 8 5 9 15 11 22 12 -4 18 17 -2 -8 27 16 25 -1 24 26 -19 -22 -7 28 -5 -3 -6 -11 -15 -9
right_child=2 3 4 10 19 7 13 29 -10 14 -12 -13 -14 23 -16 -17 -18 20 -20 -21 21 -23 -24 -25 -26 -27 -28 -29 -30 -31
leaf_value=-0.023294585423671438 -0.0042262882293126521 0.021104774722864199 -0.0018286264655811341 0.011115996750375277 -0.008164126679729029 0.0053706248533732324 -0.032840549638648492 -0.0091183216329881675 -0.041697104940113777 -0.023271541454181536 0.043387838867414902 0.018959574137733352 -0.030572101477567601 -0.0095807298099616842 -0.029852348057358365 0.0084781048231254343 0.0092557188642587735 0.012580443629553476 0.016246110830820996 0.021343066211685566 0.010340812864451147 -0.011936416358921698 0.020206844557574866 -0.003552324632747364 0.03155957627743617 0.035132209960487146 0.0087118502940085676 -0.0073213451034061759 -0.024103805517116619 0.0023995926200208999
leaf_weight=174.56938706338406 208.6625789925456 1357.6962070912123 526.02109684795141 218.62819561362267 619.5901717543602 802.96384307742119 279.53462502360344 695.5143491178751 1398.5616404935718 412.80852168798447 340.43938165903091 396.66114243865013 1079.8427385240793 596.18787521123886 789.37761710584164 893.21009188890457 556.69863004982471 489.06474532186985 1228.2430024147034 223.65680751204491 305.96187947690487 543.02284975349903 730.41637274622917 883.9889976978302 1181.2356630563736 503.09918335080147 414.28869691491127 560.81203879415989 535.94640787690878 1206.1978439539671
leaf_count=1210 1562 6509 3622 1058 3971 4265 2288 4431 13535 3042 1572 2283 9062 4028 6865 5046 2902 2681 6708 1243 1866 3470 3779 6136 5707 2407 2452 3910 4008 7230
internal_value=-0.000132705 0.00894094 -0.0203936 0.0153498 -0.00984475 0.0110704 -0.00586495 0.00454843 -0.0343166 -0.0167055 0.0250745 0.00329381 -0.0263056 -0.0134822 -0.0211443 0.0178374 0.0212954 -0.000814298 0.0227022 0.00264353 0.00211861 -0.00390802 0.0124378 -0.0107982 0.0283667 0.0248973 -0.0014017 -0.0140841 -0.0164559 -0.00181286
internal_weight=20152.9 13919.3 6233.62 9714.34 3546.55 6745.8 4204.94 3435.09 2687.07 2289.02 2968.55 1909.28 1288.51 2295.66 1763 3310.7 2417.49 1512.62 2628.11 1257.54 1338.05 848.985 1533.38 2016.12 1399.86 1860.8 1033.88 973.621 1132.13 1901.71
internal_count=128848 79584 49264 51614 25105 36569 27970 19705 24159 17439 15045 11510 10624 16460 13817 16864 11818 9227 13473 7666 8017 5336 8044 14172 6765 8916 6423 6952 8036 11661
is_linear=0
shrinkage=0.05


Tree=15
num_leaves=31
num_cat=0
split_feature=28 13 13 13 13 1 1 40 31 26 24 28 7 13 1 9 13 28 39 15 24 11 28 27 13 14 14 1 34 34
split_gain=1351.46 473.057 349.816 147.032 133.066 107.072 105.451 81.4002 67.7744 53.9155 53.6133 51.2693 44.945 44.809 44.5487 43.8381 36.542 35.2917 33.524 33.0424 33.0277 30.6577 30.2889 35.2621 28.4474 28.289 27.7556 27.0732 26.0232 25.7607
threshold=4.5000000000000009 -0.32166666666666605 -0.4233333333333324 0.59999999999999998 0.81833333333333302 2.5000000000000004 3.5000000000000004 2.5000000000000004 3.5000000000000004 0.015000000000000126 0.012000000000000901 5.5000000000000009 3.3150000000000004 -2.0408333333333322 1.5000000000000002 5.2750000000000012 -1.5563333333333333 5.5000000000000009 2.5000000000000004 0.021666666666666678 -0.014999999999999234 0.33165 1.5000000000000002 -0.029999999999999801 1.5783333333333336 -0.051366666666666748 0.074500000000000052 3.5000000000000004 5.3850000000000007 4.9150000000000009
decision_type=2 2 2 2 2 2 2 2 2 2 2 2 2 2 2 2 2 2 2 2 2 2 2 2 2 2 2 2 2 2
left_child=1 5 13 6 7 15 8 -4 9 26 19 20 -7 -2 -10 16 -1 -6 -15 24 -9 27 -18 -24 -5 -11 28 -14 -3 -12
right_child=2 3 4 10 17 12 -8 11 14 25 29 -13 21 18 -16 -17 22 -19 -20 -21 -22 -23 23 -25 -26 -27 -28 -29 -30 -31
leaf_value=-0.022475676558509971 -0.048853685432439099 0.0089549547373476771 -0.0014150466462277949 0.010836164335989058 0.0093499166930968818 -0.031960700432046969 -0.0027567508777306318 -0.024476235698173948 0.014746990469425401 -0.0048302400734571349 0.018510804645370447 -0.030497462059717418 -0.0087753137391468096 -0.019666970157095197 -0.0074698096065911618 0.017824763447998177 0.011872746866797474 -0.0077338283521737501 -0.036124266855095274 0.027496583919724489 -0.007441972052687644 -0.0043661525090632021 0.010232921179634695 -0.011181981270266627 0.027804763370845573 0.012718602900986628 0.036274789350551916 -0.025546409832363611 0.023108837852767492 0.031798902103962155
leaf_weight=171.95128607749939 514.29983521997929 442.23634400963783 633.25721959769726 1575.1555669307709 754.67176662385464 273.03575728088617 1393.9323121756315 501.55207182466984 373.86597590148449 300.25811059772968 507.83186210691929 946.08202792704105 506.07609431445599 415.50271315872669 569.11035917699337 400.71105290949345 492.22186303138733 504.33031874895096 1212.2620197311044 544.28448927402496 657.7188945710659 1036.8789542168379 294.95238515734673 551.94320166110992 292.92996582388878 976.52613925933838 283.43981663882732 458.77799889445305 1222.4050222337246 1294.3375809639692
leaf_count=1210 5174 2227 4467 7991 4318 2288 8866 3825 1864 1650 2418 8543 3461 3586 3539 2283 2681 3348 11303 2661 4700 7247 1787 3549 1377 5329 1413 3464 6096 6183
internal_value=-0.000133417 0.00846327 -0.019684 0.0144858 -0.0109476 -0.00560041 0.00914808 -0.0171328 0.0131296 0.0165774 0.0215298 -0.0218604 -0.0129308 -0.0359883 0.00133858 0.00312185 -0.000777125 0.00250652 -0.0319234 0.0166556 -0.0148118 -0.0103352 0.00200911 -0.00372371 0.013497 0.00859169 0.0218114 -0.0167498 0.0193487 0.0280545
internal_weight=20102.5 13962.9 6139.68 9776.31 3997.61 4186.55 5561.77 2738.61 4167.84 3224.87 4214.54 2105.35 2274.77 2142.06 942.976 1911.78 1511.07 1259 1627.76 2412.37 1159.27 2001.73 1339.12 846.896 1868.09 1276.78 1948.08 964.854 1664.64 1802.17
internal_count=128848 79584 49264 51614 29201 27970 30984 21535 22118 16715 20630 17068 16460 20063 5403 11510 9227 7666 14889 12029 8525 14172 8017 5336 9368 6979 9736 6925 8323 8601
is_linear=0
shrinkage=0.05


Tree=16
num_leaves=31
num_cat=0
split_feature=28 13 13 28 13 1 31 40 9 8 28 13 28 13 13 27 26 24 37 7 39 25 24 24 14 11 13 34 34 13
split_gain=1232.31 425.673 332.701 126.77 122.483 112.605 77.1213 75.6922 62.3735 56.6949 52.2758 52.0196 48.9838 48.0675 44.5445 42.9675 42.8814 36.767 35.834 33.2258 32.4468 31.1685 29.7005 27.3034 24.4272 23.4786 22.4097 22.1234 21.9217 21.7701
threshold=4.5000000000000009 -0.093333333333333476 -0.4233333333333324 2.5000000000000004 0.80166666666666708 3.5000000000000004 3.5000000000000004 2.5000000000000004 5.0750000000000011 0.18455000000000002 1.5000000000000002 0.74333333333333373 5.5000000000000009 1.1900000000000011 -2.0408333333333322 0.039999999999999598 1.0000000180025095e-35 -0.0033333333333325217 3.5000000000000004 2.8050000000000002 2.5000000000000004 2.5000000000000004 -0.014999999999999234 0.015000000000000126 0.064924999999999997 0.30550000000000005 1.3583333333333338 4.0850000000000009 4.9350000000000014 -1.878333333333333
decision_type=2 2 2 2 2 2 2 2 2 2 2 2 2 2 2 2 2 2 2 2 2 2 2 2 2 2 2 2 2 2
left_child=1 3 14 9 7 6 10 -4 19 29 27 -7 22 15 -2 28 -8 -11 23 -5 -16 -21 -9 -6 -19 -17 -18 -3 -12 -1
right_child=2 5 4 8 18 11 16 12 -10 17 13 -13 -14 -15 20 25 26 24 -20 21 -22 -23 -24 -25 -26 -27 -28 -29 -30 -31
leaf_value=-0.030813150542657815 -0.04826108193804949 0.0048613996006500529 -0.0013766428377692936 -0.037124121494177771 -0.0081357901220094463 -0.0014522430075808721 0.014053929329287288 -0.023584603239831515 0.00058876218630647941 0.002215373039904722 0.010101365498354095 0.01386877852742518 -0.029796757337418912 0.030463654879732349 -0.018960640565376791 -0.0040672872186407819 -0.0091761937946257359 0.012712686964288691 0.020664509894343409 -0.0029820366654190662 -0.035295147790668495 -0.017168747256806612 -0.0072532088779963845 0.0081971574699428642 0.032614004722329268 0.013400304481918307 0.023125038885767668 0.035587860878717383 0.022260610947217777 -0.0034404170311724946
leaf_weight=82.284585185348988 495.0728866532445 63.574746444821358 628.08035323768854 154.05208653956652 636.35750791430473 1233.7707805335522 1045.3179482966661 488.05125056952238 977.29563228785992 822.40099212527275 459.65538024902344 1005.5921110510826 918.5029121786356 766.99632082879543 409.58575954288244 316.39017315208912 376.35240450501442 819.48947888612747 218.42978301644325 550.54633015394211 1179.5419837087393 1304.5940985158086 648.05192609131336 427.94990026950836 189.92148888111115 490.78360456228256 62.631254523992538 746.0153529047966 1914.9912534356117 619.60510987043381
leaf_count=601 5174 283 4438 1358 4098 7659 5313 3789 6529 4842 2282 5205 8489 3407 3586 1652 2238 4494 1206 3733 11303 9517 4659 2522 1034 2562 311 3301 9439 3824
internal_value=-0.000133728 0.00801363 -0.0189913 -0.00279281 -0.0104906 0.0150465 0.018497 -0.016567 -0.0097719 0.00543347 0.0216008 0.0054277 -0.0212106 0.0192279 -0.035165 0.0165194 0.00854657 0.0100632 0.00221748 -0.0148114 -0.0310851 -0.0129586 -0.0142689 -0.00156844 0.0164571 0.00655348 -0.00456767 0.033175 0.019907 -0.0066494
internal_weight=20051.9 14002.3 6049.62 5520.19 3965.42 8482.07 6242.71 2682.69 2986.49 2533.7 4758.41 2239.36 2054.61 3948.82 2084.2 3181.82 1484.3 1831.81 1282.74 2009.19 1589.13 1855.14 1136.1 1064.31 1009.41 807.174 438.984 809.59 2374.65 701.89
internal_count=128848 79584 49264 35932 29201 43652 30788 21375 21137 14795 22926 12864 16937 19342 20063 15935 7862 10370 7826 14608 14889 13250 8448 6620 5528 4214 2549 3584 11721 4425
is_linear=0
shrinkage=0.05


Tree=17
num_leaves=31
num_cat=0
split_feature=28 13 16 1 9 13 26 40 28 31 28 8 28 20 37 31 37 34 24 14 34 24 37 13 40 37 35 39 28 1
split_gain=1123.6 388.164 316.904 155.628 109.993 107.835 75.8306 72.2616 68.1952 53.889 53.1161 49.2579 47.1876 46.0164 38.5808 35.2986 30.861 30.8 29.3747 29.2212 27.4043 27.1842 26.1984 25.8466 25.7219 25.6582 27.7005 25.2257 24.9502 23.1282
threshold=4.5000000000000009 0.26999999999999985 4.5000000000000009 3.5000000000000004 5.0750000000000011 0.97833333333333294 1.0000000180025095e-35 2.5000000000000004 2.5000000000000004 1.5000000000000002 5.5000000000000009 0.22264999999999999 5.5000000000000009 1.4100000000000006 3.5000000000000004 3.5000000000000004 3.5000000000000004 4.6450000000000005 -0.016666666666665272 -0.060599999999999953 5.1850000000000014 0.10500000000000088 1.5000000000000002 2.1041666666666674 -3.4999999999999996 2.5000000000000004 0.11969999999999996 1.0000000180025095e-35 1.5000000000000002 1.5000000000000002
decision_type=2 2 2 2 2 2 2 2 2 2 2 2 2 2 2 2 2 2 2 2 2 2 2 2 2 2 2 2 2 2
left_child=1 3 5 4 6 7 15 -2 17 -8 16 -5 18 27 19 20 -4 -3 -9 -6 -1 -14 -15 -7 -17 26 -19 -10 -27 -21
right_child=2 8 10 11 14 23 9 12 13 -11 -12 -13 21 22 -16 24 -18 25 -20 29 -22 -23 -24 -25 -26 28 -28 -29 -30 -31
leaf_value=-0.0021968363843953231 -0.00055377804261593389 0.012105293676000545 -0.029107707289795538 -0.022814047450402282 0.0022359157723747533 0.0018833570930193767 -0.0028949552906527955 -0.02220675955754171 -0.0072316550944231013 -0.022900667816111726 -0.041247268193796927 -0.0062302282184851171 -0.028746914739991226 0.025005179854462736 -4.970231721860231e-07 0.013467606997408899 -0.0046459079635645419 0.059291239268251895 -0.0060835865421527326 0.03280416981419873 0.013460881304279377 0.032652451363404715 0.0092828264822171509 0.031320292854863395 -0.011164557073358755 0.026116277329988731 0.028057518424259728 0.0095754254349300644 0.010857487346826932 0.016112977101694764
leaf_weight=381.91104208678007 678.42614272236824 571.22290459275246 866.1587190553546 677.13788003474474 322.69540940970182 939.24682687222958 959.87748572230339 473.39320734888315 254.07022653520107 518.41404815018177 1120.1227563619614 1321.8273122608662 934.36027810722589 803.45952850580215 477.55395428836346 138.93733713030815 151.48560543358326 75.557363599538803 700.54302803426981 246.94931589066982 1041.5899005532265 18.381844520568848 395.32930107414722 80.999783590435982 446.8378848657012 612.84766499698162 1173.5960341840982 1840.663754850626 475.96296414732933 1300.6110761091113
leaf_count=2164 4724 2663 7827 5384 1776 5602 5905 3705 1455 3709 11980 9084 8629 3924 2870 778 1176 340 4997 1173 5968 170 2081 454 2803 2772 5260 9786 2516 7173
internal_value=-0.000133435 0.00759083 -0.0183162 0.000192578 0.00431716 -0.00969948 -0.00131516 -0.0147623 0.0169352 -0.00991065 -0.0337351 -0.0118479 -0.0192949 0.0120079 0.0126837 0.00500883 -0.0254663 0.0225135 -0.0125853 0.0159225 0.00926007 -0.0275623 0.0198204 0.00422042 -0.00532217 0.0250565 0.0299467 0.0075369 0.019446 0.0187764
internal_weight=20000.2 14037.1 5963.12 7834.34 5835.38 3825.35 3487.57 2805.1 6202.71 1478.29 2137.77 1998.97 2126.68 3293.52 2347.81 2009.28 1017.64 2909.19 1173.94 1870.26 1423.5 952.742 1198.79 1020.25 585.775 2337.96 1249.15 2094.73 1088.81 1547.56
internal_count=128848 79584 49264 48787 34319 28281 21327 22225 30797 9614 20983 14468 17501 17246 12992 11713 9003 13551 8702 10122 8132 8799 6005 6056 3581 10888 5600 11241 5288 8346
is_linear=0
shrinkage=0.05


Tree=18
num_leaves=31
num_cat=0
split_feature=28 13 13 24 13 16 1 40 37 28 13 31 13 28 28 40 13 14 1 37 2 37 39 34 27 11 14 24 28 8
split_gain=1024.28 353.512 302.787 128.92 104.006 88.4314 80.7071 65.7421 61.1751 57.5607 48.7584 45.7807 44.8772 44.6278 44.467 41.7757 39.7789 34.3784 32.3004 43.237 34.7934 31.4633 30.9656 27.7742 27.4316 26.5697 26.1401 26.0518 25.9627 25.5225
threshold=4.5000000000000009 -0.36999999999999983 -0.4233333333333324 0.023333333333333876 0.80166666666666708 2.5000000000000004 3.5000000000000004 2.5000000000000004 3.5000000000000004 1.5000000000000002 -1.5563333333333333 1.5000000000000002 -2.0408333333333322 1.5000000000000002 5.5000000000000009 2.5000000000000004 1.4708333333333334 0.02861666666666671 1.5000000000000002 1.5000000000000002 3.5000000000000004 3.5000000000000004 2.5000000000000004 5.4250000000000007 0.044999999999999936 0.32925000000000004 0.016858333333333312 -0.014999999999999234 5.5000000000000009 0.50685000000000013
decision_type=2 2 2 2 2 2 2 2 2 2 2 2 2 2 2 2 2 2 2 2 2 2 2 2 2 2 2 2 2 2
left_child=1 6 12 5 7 18 8 -4 10 -7 -1 15 -2 -12 27 24 23 -15 -3 20 -20 28 -14 26 -11 -8 -5 -9 -6 -22
right_child=2 3 4 16 21 9 25 14 -10 11 13 -13 22 17 -16 -17 -18 -19 19 -21 29 -23 -24 -25 -26 -27 -28 -29 -30 -31
leaf_value=-0.019851156225782613 -0.047225393580911358 0.025870830642820242 -0.0011636204476041113 0.0043682513005222868 0.0046903360222846982 0.01799048648701224 -0.026279841286123991 -0.022011630563419666 -0.014322642350544682 0.013452382709061664 0.020934671675805698 -0.0082170491961574485 -0.017433728625988864 -0.0033702570912135287 -0.028148839153782725 -0.0066794499043012559 0.036342777775738432 0.012461719002838514 0.0099046174829709333 0.0035324291553624496 0.030732199501416479 0.019240158213837497 -0.033688891985917555 0.021993324165360217 -0.0014130330383991957 -0.010135991089333453 0.021744604855757719 -0.0065387144961799905 -0.011372281742438288 0.014129571798271382
leaf_weight=214.3953360170126 462.50877153128386 501.18946005403996 626.1986925303936 541.44763575494289 653.67529426515102 542.05652722716331 479.24664535373449 472.48811786621809 688.22666712105274 1052.3684229701757 368.77424854040146 1041.6525169759989 396.91472727805376 1086.5162928774953 878.3484693467617 586.65207687020302 352.98793943226337 501.00020275264978 984.61363020539284 972.66738626360893 521.45138597488403 221.08952444791794 1118.84910389781 1873.3269795924425 440.13231109082699 544.36094231903553 360.56777861714363 641.24419146776199 408.95680708438158 416.26037070155144
leaf_count=1597 5174 2221 4438 2713 3787 2570 3875 3789 4659 5470 1918 6617 3586 6961 8489 3852 1572 3115 4878 5225 2538 1206 11303 9386 2388 4227 1800 4659 2833 2002
internal_value=-0.000132864 0.00719133 -0.0176577 0.0120841 -0.00957901 0.00833968 -0.00564678 -0.0152949 -0.00133322 0.00295097 0.00278514 0.000338732 -0.0335923 0.00526591 -0.019737 0.00462517 0.0205333 0.00162612 0.0141515 0.0121227 0.0164692 0.0020791 -0.0294323 0.0185225 0.00906863 -0.0176944 0.0113142 -0.0131029 -0.00149141 0.0233621
internal_weight=19950.2 14069.9 5880.27 10187.4 3902 7059.04 3882.52 2618.28 2858.91 3662.86 2170.69 3120.81 1978.27 1956.29 1992.08 2079.15 3128.33 1587.52 3396.18 2894.99 1922.33 1283.72 1515.76 2775.34 1492.5 1023.61 902.015 1113.73 1062.63 937.712
internal_count=128848 79584 49264 53232 29201 37761 26352 21375 18250 20897 13591 18327 20063 11994 16937 11710 15471 10076 16864 14643 9418 7826 14889 13899 7858 8102 4513 8448 6620 4540
is_linear=0
shrinkage=0.05


Tree=19
num_leaves=31
num_cat=0
split_feature=28 13 16 28 28 13 37 25 24 9 13 28 24 25 37 34 13 24 13 40 37 13 13 26 20 14 37 28 22 14
split_gain=937.002 430.166 216.914 133.772 124.595 79.0163 76.7182 63.7084 55.7616 46.4498 43.5922 41.0217 39.8568 38.3169 37.7903 33.4937 35.3233 32.6419 27.7321 27.6704 26.3788 25.1032 24.5437 23.624 22.7288 22.6548 21.9125 21.5002 21.2544 21.1681
threshold=3.5000000000000004 -0.20999999999999971 3.5000000000000004 5.5000000000000009 5.5000000000000009 0.74333333333333373 3.5000000000000004 3.5000000000000004 -0.018333333333333087 5.1750000000000007 -1.1783333333333332 1.5000000000000002 0.010000000000000233 2.5000000000000004 3.5000000000000004 4.0850000000000009 1.4708333333333334 -0.034999999999999691 -1.3816666666666664 -3.4999999999999996 3.5000000000000004 2.0175000000000005 1.9391666666666667 -0.010000000000000229 -0.28999999999999976 0.077716666666666642 3.5000000000000004 1.5000000000000002 -1.6999999999999993 -0.029133333333333258
decision_type=2 2 2 2 2 2 2 2 2 2 2 2 2 2 2 2 2 2 2 2 2 2 2 2 2 2 2 2 2 2
left_child=2 4 7 5 10 17 8 15 18 24 -2 -8 26 -12 -9 -1 20 -3 -4 -16 27 23 -14 -7 28 -15 -5 -17 -10 -11
right_child=1 3 6 12 -6 21 11 14 9 29 13 -13 22 25 19 16 -18 -19 -20 -21 -22 -23 -24 -25 -26 -27 -28 -29 -30 -31
leaf_value=0.0035866836202535649 -0.029843171497453004 -0.014236978704031684 -0.025793624740145328 -0.02761755596773395 -0.038242666851939389 0.014130872561194158 0.0035917950739278968 0.013810983703429789 -0.011978219389631657 0.0073404126493742117 -0.0029611454734525845 -0.016398246241878633 -0.0086608634790563809 -0.021578709513918229 0.02306378841141794 0.033807546050709687 0.036634382711908629 -0.0011687995222280703 -0.00047446954118994143 -0.0062557012649241441 0.011565093945498824 0.028612913850388416 0.039795208801236735 0.0019382984815434091 0.012679408512112807 -0.00055900341154971941 -0.0071054305413090256 0.020756692660629822 0.0047464554602492347 0.024645444912906291
leaf_weight=254.59347115457058 634.24053264409304 633.05522914975882 119.66238082945347 667.19562788307667 1208.5600932613015 732.49181631207466 399.18931874632835 1836.9786422997713 258.08890714496374 250.73175976425409 507.57450807094574 718.69521589577198 518.88858953118324 1132.918505243957 97.696740850806236 386.93484854698181 384.67809091508389 1948.958768799901 1124.0864546149969 456.41464242339134 639.68867048621178 154.65609262883663 27.518561080098152 868.14279943704605 602.26154559850693 144.54282387346029 161.76818870007992 1711.1671722531319 719.68898520618677 598.6434223651886
leaf_count=1194 6025 4534 897 5949 13535 3908 2189 8926 1756 1353 3913 5075 4255 9304 473 1662 1673 12897 6810 2520 3289 766 163 4855 3247 1171 1127 7991 4248 3143
internal_value=-0.000132081 -0.0116679 0.0100723 -0.00311706 -0.0251326 0.0011915 0.00220907 0.0166035 0.00569952 0.0101074 -0.0185834 -0.00925993 -0.0167043 -0.0145827 0.0103587 0.0210251 0.022447 -0.00437284 -0.00291045 -0.00108631 0.0204536 0.00937658 -0.00622048 0.00751794 0.00503838 -0.0192004 -0.0236147 0.0231635 0.000331902 0.0195371
internal_weight=19899.7 9340.51 10559.2 5712.68 3627.84 4337.3 4791.05 5768.15 3673.16 2429.41 2419.28 1117.88 1375.37 1785.04 2391.09 3377.06 3122.47 2582.01 1243.75 554.111 2737.79 1755.29 546.407 1600.63 1580.04 1277.46 828.964 2098.1 977.778 849.375
internal_count=128848 72402 56446 38454 33948 26960 28718 27728 21454 13747 20413 7264 11494 14388 11919 15809 14615 17431 7707 2993 12942 9529 4418 8763 9251 10475 7076 9653 6004 4496
is_linear=0
shrinkage=0.05


Tree=20
num_leaves=31
num_cat=0
split_feature=28 2 13 20 13 28 40 13 20 24 24 25 13 26 37 26 39 40 1 14 28 37 26 4 34 37 14 13 37 14
split_gain=859.157 295.937 273.072 128.293 89.7697 86.6888 81.4492 70.3182 52.916 52.3985 49.71 44.9053 44.8755 35.419 34.8873 37.8822 30.6343 28.745 45.0657 27.8613 27.3963 26.1131 23.8968 21.1133 20.7573 25.0884 20.6166 20.6133 20.4358 20.0095
threshold=4.5000000000000009 2.5000000000000004 -0.4233333333333324 -0.079999999999999946 1.2825 2.5000000000000004 1.5000000000000002 -1.2966666666666664 1.6599999999999999 0.016666666666667943 0.0033333333333342989 2.5000000000000004 -2.0408333333333322 -0.044999999999999922 2.5000000000000004 1.0000000180025095e-35 1.5000000000000002 1.0000000180025095e-35 3.5000000000000004 -1.0000000180025095e-35 5.5000000000000009 1.5000000000000002 0.12500000000000003 49.500000000000007 4.3750000000000009 3.5000000000000004 0.027 -2.1274999999999991 4.5000000000000009 0.033333333333333361
decision_type=2 2 2 2 2 2 2 2 2 2 2 2 2 2 2 2 2 2 2 2 2 2 2 2 2 2 2 2 2 2
left_child=1 3 12 7 6 14 28 27 13 17 20 23 -2 -7 -3 -16 -14 -9 29 -12 -8 -11 -20 -5 -25 -26 -10 -1 -4 -19
right_child=2 5 4 11 -6 8 10 9 26 21 19 -13 16 -15 15 -17 -18 18 22 -21 -22 -23 -24 24 25 -27 -28 -29 -30 -31
leaf_value=-0.040541736360975661 -0.04620347196122862 0.024051309438450366 0.018449587235994987 0.00078903203905988798 0.0084245624280196961 0.015257115761870272 -0.01523105054468111 -0.01944921532478152 0.014300884388615008 0.01119158887936633 -0.015606044060195445 0.002011380468759053 -0.0098833635352319881 0.0023295430983716011 0.018068475794024819 -0.00097494202270902131 -0.030789605495653911 -0.0037325504566267016 -0.019812891135465024 -0.00030402207816394183 -0.028294780592010273 -0.005842461322209596 0.019836994341185674 0.00044215459622900773 0.0267358657483961 0.0071547529863298393 0.031117967066110877 -0.017733862805646067 -0.0059444150110307369 0.010833226302530627
leaf_weight=123.20540098845959 432.3394797667861 1852.8703474104404 240.29583859443665 224.71953328698874 630.61774681508541 688.54643853008747 953.99072302877903 452.74099043756723 610.94698695838451 674.352215513587 550.60320918262005 1849.7643803358078 203.90191970020533 2298.6585287824273 1163.4985831528902 336.7256725281477 1245.9095995798707 913.5160251557827 529.87855795025826 647.04501201957464 692.75412715226412 337.6397407874465 40.936886802315712 144.73995658010244 561.72789872437716 230.79312752187252 259.71993899345398 505.5846549347043 133.58224509656429 317.80865333974361
leaf_count=1137 5174 8439 1500 1168 3582 3731 7208 3215 2987 3746 4306 10521 1817 13169 5502 1875 13072 5463 3959 5090 6566 2195 311 736 2910 1285 1251 4118 949 1866
internal_value=-0.00013085 0.00649676 -0.0164579 -0.000899576 -0.00882569 0.0135817 -0.0122059 -0.00689104 0.00847076 -0.00394391 -0.0150897 0.00685033 -0.0320654 0.00530933 0.0194621 0.0137942 -0.0278493 -0.00818609 -0.00535653 -0.00733893 -0.0207267 0.00550837 -0.0169693 0.0145535 0.0178537 0.0210336 0.0193174 -0.0222028 0.0097339 2.69209e-05
internal_weight=19849.4 14118.4 5731.04 6907.41 3848.89 7210.97 3218.27 3895.66 3857.87 3266.87 2844.39 3011.74 1882.15 2987.2 3353.09 1500.22 1449.81 2254.88 1802.14 1197.65 1646.74 1011.99 570.815 1161.98 937.261 792.521 870.667 628.79 373.878 1231.32
internal_count=128848 79584 49264 42630 29201 36954 25619 26010 21138 20755 23170 16620 20063 16900 15816 7377 14889 14814 11599 9396 13774 5941 4270 6099 4931 4195 4238 5255 2449 7329
is_linear=0
shrinkage=0.05


Tree=21
num_leaves=31
num_cat=0
split_feature=28 13 16 28 13 20 28 28 7 24 14 13 37 40 37 24 37 24 11 1 37 26 24 15 28 37 34 9 13 24
split_gain=782.776 267.771 260.135 107.008 80.8209 75.8595 59.2028 51.4407 50.6768 46.0306 44.4958 43.1906 40.6538 40.425 39.7557 33.8698 31.8238 30.0523 29.6365 29.3397 28.271 26.7655 22.4888 22.3227 22.2198 22.0045 21.5518 21.5415 21.5116 21.4549
threshold=4.5000000000000009 -0.43250000000000005 4.5000000000000009 2.5000000000000004 0.62500000000000056 0.69499999999999995 1.5000000000000002 5.5000000000000009 2.8050000000000002 0.0033333333333334107 0.074500000000000052 0.59999999999999998 3.5000000000000004 4.5000000000000009 1.5000000000000002 0.023333333333332987 2.5000000000000004 0.015000000000000126 0.39960000000000007 1.5000000000000002 3.5000000000000004 -0.044999999999999922 0.10500000000000088 0.023333333333333362 5.5000000000000009 3.5000000000000004 6.1950000000000012 5.1750000000000007 -1.0950000000000002 0.04500000000000038
decision_type=2 2 2 2 2 2 2 2 2 2 2 2 2 2 2 2 2 2 2 2 2 2 2 2 2 2 2 2 2 2
left_child=1 6 4 10 13 15 25 20 -8 28 11 16 17 18 21 -5 -3 24 -2 26 -4 -7 23 -16 -6 -1 -18 -11 -10 -15
right_child=2 3 7 5 12 14 8 -9 9 27 -12 -13 -14 29 22 -17 19 -19 -20 -21 -22 -23 -24 -25 -26 -27 -28 -29 -30 -31
leaf_value=0.015546179325610157 -0.013904039468231603 0.014314446653337146 -0.026028638088629576 -0.0029047271566428547 -0.0029722807053616683 0.027312761596407466 -0.033581995845377868 -0.038624973421485208 -0.021552638464199931 -0.0031135426413993069 0.027730546240458395 0.019625809325316212 0.017721511130347242 -0.030919763516990974 -0.0024597770045622462 0.0086540475532256474 0.0021265013400225382 0.0061548259386531752 0.0031542975913503718 -0.0059121539962599268 -0.0020816719045174113 0.012697667187265055 0.064051691912168182 0.019861250314660836 -0.020452651456255258 -0.0042304755771336187 0.020939627684819315 0.013094120329181242 -0.0087496197478539161 -0.00030731276757566591
leaf_weight=389.64138387143612 1329.5389801263809 1482.2349329143763 798.90942233800888 2296.9320380687714 492.29506821930408 421.11511191725731 191.54418887943029 995.00691556930542 461.31011095643044 865.80894538015127 641.11641734838486 1780.0057175606489 281.3683857768774 433.56469456106424 625.77124471962452 875.26941300928593 345.84462985396385 512.66627717018127 314.93326540291309 496.95483234524727 145.73018123954535 1223.1798370927572 14.66211488842964 136.43090692162514 288.23094503581524 220.10516101121902 271.92276203632355 268.61432611197233 1136.0445489436388 65.941083565354347
leaf_count=2054 10656 7055 7827 13870 3049 2044 1763 11980 3739 5907 3040 7954 1574 4442 3459 4750 1649 3132 2499 2993 1176 6261 75 704 2273 1263 1286 1674 8044 656
internal_value=-0.000129549 0.00615785 -0.015847 0.0101275 -0.00810405 0.00537165 -0.00576468 -0.0306912 -0.00872066 -0.00697746 0.0154285 0.0136265 0.000497484 -0.0144211 0.0120368 0.000284554 0.00951448 -0.00325006 -0.0106372 0.00313202 -0.0223343 0.0164407 0.00271549 0.00153559 -0.00942739 0.00840724 0.0104075 0.000724188 -0.0124471 -0.0268785
internal_weight=19802.7 14144.5 5658.19 10611.4 3718.54 5593.36 3533.07 1939.65 2923.32 2731.78 5018.08 4376.96 1574.56 2143.98 2421.16 3172.2 2596.96 1293.19 1644.47 1114.72 944.64 1644.29 776.864 762.202 780.526 609.747 617.767 1134.42 1597.35 499.506
internal_count=128848 79584 49264 55140 28281 31163 24444 20983 21127 19364 23977 20937 10028 18253 12543 18620 12983 8454 13155 5928 9003 8305 4238 4163 5322 3317 2935 7581 11783 5098
is_linear=0
shrinkage=0.05


Tree=22
num_leaves=31
num_cat=0
split_feature=28 13 16 28 28 37 13 25 14 13 25 28 24 37 34 13 24 24 8 14 40 9 15 39 8 13 22 26 14 39
split_gain=717.944 352.645 162.807 112.184 105.406 63.2088 62.0164 51.2361 45.1831 39.5968 33.741 33.5895 32.9128 31.7909 28.7341 29.7032 28.4816 28.0069 23.4884 23.4637 23.4038 23.2503 21.5495 21.4289 21.3466 20.5187 20.0189 20.5381 19.9368 19.3651
threshold=3.5000000000000004 -0.20999999999999971 3.5000000000000004 5.5000000000000009 5.5000000000000009 3.5000000000000004 0.74333333333333373 3.5000000000000004 0.011283333333333397 -1.9583333333333335 2.5000000000000004 1.5000000000000002 0.010000000000000233 3.5000000000000004 4.0850000000000009 1.4708333333333334 -0.034999999999999691 0.046666666666667307 0.25310000000000005 -0.032600000000000039 -3.4999999999999996 5.2550000000000008 0.011666666666666674 2.5000000000000004 0.083800000000000013 1.9391666666666667 1.0250000000000001 0.069999999999999854 -0.022433333333333274 -3.4999999999999996
decision_type=2 2 2 2 2 2 2 2 2 2 2 2 2 2 2 2 2 2 2 2 2 2 2 2 2 2 2 2 2 2
left_child=2 3 7 9 6 8 16 14 17 -2 -11 29 -6 26 -1 19 -3 18 -4 -16 -15 -10 -8 -12 -5 -14 27 -9 -18 -7
right_child=1 4 5 24 12 11 22 13 21 10 23 -13 25 20 15 -17 28 -19 -20 -21 -22 -23 -24 -25 -26 -27 -28 -29 -30 -31
leaf_value=0.0021370627449959316 -0.038695660989782672 -0.013260987296826949 -0.0072026040316750198 -0.046659220328786596 -0.021564193119695908 0.015632681533083358 0.0028966424852171066 0.012163854268156202 0.0073306824842689113 -0.0050407246371119794 -0.010878167533333309 -0.015206170022955831 -0.0078489441017578192 0.020209435679452773 0.010645551171834062 0.032414888431977484 -0.0078894090354222866 0.015413346723416843 0.0038243604797773378 0.020693022141396542 -0.0065491030293199047 0.020612920292393772 0.013932254116791432 -0.023272117500966475 -0.031568256399171289 0.035823561975500483 0.01831697424348798 -0.0024510994486477526 0.0027368991596361755 -0.0065626153351716933
leaf_weight=256.92020024359226 190.18354142457247 622.69911756366491 960.04572592675686 336.34709545224905 791.36759830266237 171.4964969009161 919.25556519627571 785.49732668697834 989.84263236820698 618.57163817435503 539.82168037444353 704.03712109476328 511.56699848175049 99.497570425271988 826.753158390522 391.60455274581909 678.13081634044647 274.45985691249371 971.73562797904015 1955.2981669381261 457.20903746783733 493.86373522132635 852.719178378582 985.33950052410364 772.62130109965801 28.387638494372368 728.60001784563065 346.38761603832245 1264.4111235067248 230.17041757702827
leaf_count=1194 2062 4534 6100 4415 7076 930 5003 3801 5866 5033 4463 5075 4255 473 3858 1673 4528 1482 5395 9084 2520 2611 4526 8855 9120 163 3372 1753 8369 1259
internal_value=-0.000127886 -0.01043 0.00869135 -0.0230518 -0.00276395 0.00186267 0.00101355 0.0142914 0.00500494 -0.0168303 -0.0148905 -0.00862372 -0.0150704 0.00871585 0.01822 0.019522 -0.00395561 0.000467666 -0.00165576 0.0177072 -0.00176667 0.0117518 0.00820726 -0.0188854 -0.0361453 -0.0055529 0.0118525 0.00769128 -0.000972687 0.00291393
internal_weight=19754.8 9111.42 10643.4 3442.88 5668.54 4795.65 4337.22 5847.77 3689.95 2333.92 2143.73 1105.7 1331.32 2417.19 3430.58 3173.66 2565.24 2206.24 1931.78 2782.05 556.707 1483.71 1771.97 1525.16 1108.97 539.955 1860.48 1131.88 1942.54 401.667
internal_count=128848 72402 56446 33948 38454 28718 26960 27728 21454 20413 18351 7264 11494 11919 15809 14615 17431 12977 11495 12942 2993 8477 9529 13318 13535 4418 8926 5554 12897 2189
is_linear=0
shrinkage=0.05


Tree=23
num_leaves=31
num_cat=0
split_feature=28 13 2 20 37 13 28 22 24 28 13 20 24 24 40 37 39 37 28 26 37 8 24 28 21 20 26 14 26 9
split_gain=655.087 233.617 228.326 100.533 76.9684 66.2755 64.2481 61.2024 53.8976 53.6964 44.0993 41.3146 38.6835 31.1111 29.5949 41.2542 29.2477 28.7888 30.6614 28.6182 27.3715 23.7228 22.6251 21.3685 21.0382 20.1961 19.5136 18.9916 18.2035 17.7998
threshold=4.5000000000000009 -0.4233333333333324 2.5000000000000004 -0.079999999999999946 3.5000000000000004 1.2825 2.5000000000000004 -2.2549999999999994 0.016666666666667943 5.5000000000000009 -2.0408333333333322 1.6599999999999999 -0.025000000000000796 -0.016666666666667048 2.5000000000000004 1.5000000000000002 2.5000000000000004 2.5000000000000004 1.5000000000000002 -0.034999999999999691 1.5000000000000002 0.34100000000000003 0.023333333333333876 3.5000000000000004 -0.044999999999999991 1.3500000000000005 -0.044999999999999922 -0.01536666666666668 -0.034999999999999691 4.8950000000000005
decision_type=2 2 2 2 2 2 2 2 2 2 2 2 2 2 2 2 2 2 2 2 2 2 2 2 2 2 2 2 2 2
left_child=2 10 3 7 5 9 17 -1 14 13 -2 19 -5 -3 15 -9 28 -4 -19 -8 23 -15 -11 -10 -6 26 -20 -23 -12 -14
right_child=1 4 6 12 24 -7 11 8 20 22 16 -13 29 21 -16 -17 -18 18 25 -21 -22 27 -24 -25 -26 -27 -28 -29 -30 -31
leaf_value=-0.02341685917452524 -0.044645515304605893 -0.017365728709652046 0.020873962946888355 -0.00361198030794401 0.046267504073834717 0.0053160172261607491 0.01235057932225599 0.00042944494511231173 0.015405504327774742 -0.027885522784405911 0.0056166115580432606 0.016836760809730809 0.0057520685823652575 -0.013784074381493268 -0.020615330521172506 -0.01442744695629323 -0.03002454562374119 0.017753793607208006 0.017421224300424004 0.0014936315087595887 -0.0062701654628998689 -0.0081472273601034522 -0.011166329120713138 -0.0055610202728816199 0.0059663554071396185 0.01629409828743061 -0.0081323197359292488 0.0093119029738407185 -0.019994150216648878 0.014960985087969845
leaf_weight=461.07815483212471 389.94108971208334 613.9471849501133 1884.414496704936 797.43074514716864 34.224370449781418 522.58851751685143 844.00893598049879 1134.8238559886813 563.54738901555538 727.60670226067305 92.915114559233189 884.51586449146271 1395.6643288061023 339.14194286614656 401.05834687501192 794.29833373427391 994.88175243139267 871.50817872583866 95.201783880591393 2161.1843419149518 343.80515114217997 255.22085186094046 280.30070259422064 154.93409316241741 601.76947552710772 206.89780385792255 347.07994484901428 399.68649359047413 273.94686481356621 840.88374327123165
leaf_count=3798 5174 4898 8439 4682 192 3008 4524 6725 2979 7442 913 4238 7598 2528 3199 5903 11303 3897 506 12376 2295 1749 2652 1111 4012 998 1976 2720 2673 4340
internal_value=-0.00012596 -0.0147294 0.00556429 -0.000964756 -0.00772597 -0.0109401 0.0117288 -0.00632479 -0.00400177 -0.0141876 -0.0298201 0.00733844 0.00584319 -0.00851612 -0.008257 -0.00568774 -0.0255748 0.016744 0.0116262 0.00454281 0.00533229 -0.00305041 -0.0232359 0.0108843 0.00813506 0.00339995 -0.00263188 0.00250799 -0.0135077 0.00921438
internal_weight=19708.5 5526.17 14182.3 6887.52 3774.49 3138.49 7294.81 3853.55 3392.47 2615.9 1751.68 3889.71 3033.98 1608 2330.18 1929.12 1361.74 3405.1 1520.69 3005.19 1062.29 994.049 1007.91 718.481 635.994 649.18 442.282 654.907 366.862 2236.55
internal_count=128848 49264 79584 42630 29201 24997 36954 26010 22212 21989 20063 21138 16620 11895 15827 12628 14889 15816 7377 16900 6385 6997 10094 4090 4204 3480 2482 4469 3586 11938
is_linear=0
shrinkage=0.05


Tree=24
num_leaves=31
num_cat=0
split_feature=28 16 9 20 1 13 13 28 24 40 13 24 37 20 37 17 37 24 40 24 6 37 1 3 17 40 37 34 12 28
split_gain=596.633 221.364 207.036 86.3853 67.9356 65.8531 54.1817 48.8409 47.5877 45.2715 34.6408 33.7676 31.1753 28.4987 27.0464 26.2884 25.9037 23.5231 23.1892 22.0477 21.9078 22.7762 21.7438 22.5332 20.5676 20.3407 33.6838 19.2837 19.1061 17.9962
threshold=4.5000000000000009 4.5000000000000009 4.9350000000000014 -0.079999999999999946 2.5000000000000004 0.81833333333333302 0.54083333333333317 5.5000000000000009 0.016666666666667055 1.5000000000000002 -1.8116666666666661 0.010000000000000233 2.5000000000000004 -0.2600000000000004 1.5000000000000002 2.5000000000000004 3.5000000000000004 -0.014999999999999234 4.5000000000000009 -0.048333333333332444 0.14500000000000005 3.5000000000000004 1.5000000000000002 26.500000000000004 1.5000000000000002 2.5000000000000004 1.5000000000000002 5.2750000000000012 0.26175000000000004 3.5000000000000004
decision_type=2 2 2 2 2 2 2 2 2 2 2 2 2 2 2 2 2 2 2 2 2 2 2 2 2 2 2 2 2 2
left_child=2 5 3 8 12 9 19 16 10 24 -1 18 22 -14 29 -8 -3 -5 -11 -6 21 -7 23 -4 28 26 -12 -19 -2 -10
right_child=1 7 4 17 6 20 15 -9 14 11 25 -13 13 -15 -16 -17 -18 27 -20 -21 -22 -23 -24 -25 -26 -27 -28 -29 -30 -31
leaf_value=-0.036606045355710187 -0.019450693215614639 -0.023881132822827309 -0.018056165788584471 -0.0020051263503048579 -0.0096251647708138158 0.0055069868587863877 0.019743086087590716 -0.036620684030812645 0.011864788794601785 -0.015434613034860307 -0.001929309937629286 -0.0060551374589696821 -0.007982397473317129 0.012319651991230344 -0.010271353679974117 0.0079547717519070291 -0.00065136811347381383 0.0012671059171236857 -0.030560634398264393 0.0031620099771368588 -0.0028570009232411048 0.033929892812305955 0.016600232105111391 0.032137537830409103 0.00051342931566965625 -0.021669114606285771 -0.016477828122632567 0.012084787346757015 0.052836250089482999 -0.0081842170309761823
leaf_weight=134.21351809054613 11.985645189881323 756.30647960305214 23.707708820700645 904.30583934485912 402.54126720130444 376.65060881525278 720.57012435793877 911.40184359252453 496.55212276428938 1009.2721242085099 944.1674542054534 760.62114009261131 195.0548013150692 1518.8791434392333 330.02942917495966 1376.135257601738 142.64251185208559 668.45063302665949 338.31820374727249 2073.4538653939962 793.55189710855484 86.708791866898537 1783.8233361169696 393.20515114068985 235.37335281819105 330.09845578670502 687.59117536991835 1073.6720154955983 38.514126464724541 144.49844162911177
leaf_count=1309 82 7827 102 5201 2718 2330 3486 11980 2712 8518 5714 6429 1235 7309 2336 6778 1176 3410 3701 12600 4879 457 8262 1697 1624 2687 5241 5685 261 1102
internal_value=-0.000124132 -0.0141689 0.00527716 -0.00208095 0.0102305 -0.00708051 0.00609156 -0.0284644 -0.00779177 -0.0119461 -0.0120309 -0.014478 0.0150653 0.0100092 0.00135831 0.012006 -0.0201951 0.00453776 -0.0192321 0.0010831 0.00218715 0.0108258 0.0190029 0.0292833 0.00672557 -0.0103497 -0.00805977 0.00793405 0.0356796 0.00734557
internal_weight=19662.3 5461.35 14200.9 5713.58 8487.37 3651 4572.7 1810.35 3067.15 2394.08 2096.07 2108.21 3914.67 1713.93 971.08 2096.71 898.949 2646.43 1347.59 2476 1256.91 463.359 2200.74 416.913 285.873 1961.86 1631.76 1742.12 50.4998 641.051
internal_count=128848 49264 79584 35397 44187 28281 25582 20983 21101 20615 14951 18648 18605 8544 6150 10264 9003 14296 12219 15318 7666 2787 10061 1799 1967 13642 10955 9095 343 3814
is_linear=0
shrinkage=0.05


Tree=25
num_leaves=31
num_cat=0
split_feature=28 13 13 28 28 26 13 37 37 37 34 13 24 37 13 25 14 39 11 14 39 40 11 24 27 14 15 28 24 34
split_gain=545.287 288.122 127.485 98.6651 79.2169 68.7213 61.0821 54.7941 42.8559 34.6869 32.3725 30.2642 29.5624 29.5194 29.1611 28.9943 27.9214 25.3924 24.1508 23.8561 23.106 22.4862 21.8767 21.0482 20.5886 20.5733 20.3765 19.8565 19.6579 19.1887
threshold=3.5000000000000004 -0.4233333333333324 0.26000000000000006 5.5000000000000009 5.5000000000000009 0.015000000000000126 0.39500000000000007 1.5000000000000002 3.5000000000000004 3.5000000000000004 5.1850000000000014 -1.9583333333333335 -0.018333333333333087 3.5000000000000004 1.3083333333333333 2.5000000000000004 0.027 1.5000000000000002 0.34465000000000007 0.02861666666666671 -3.4999999999999996 -3.4999999999999996 0.48160000000000008 0.041666666666667414 0.044999999999999936 0.063716666666666685 0.011666666666666702 1.5000000000000002 0.1266666666666674 5.6250000000000009
decision_type=2 2 2 2 2 2 2 2 2 2 2 2 2 2 2 2 2 2 2 2 2 2 2 2 2 2 2 2 2 2
left_child=2 4 5 6 11 8 15 18 10 16 -1 -2 -8 14 23 22 24 -13 -7 27 -10 -11 -3 -5 -4 -19 -14 -12 -23 -28
right_child=1 3 9 13 -6 7 12 -9 20 21 19 17 26 -15 -16 -17 -18 25 -20 -21 -22 28 -24 -25 -26 -27 29 -29 -30 -31
leaf_value=-0.00086122592457602519 -0.036827641580875224 2.5189347728425337e-05 0.015341397531493946 -0.025205097824750944 -0.03583447547838129 -0.0046948760435344744 -0.0023760671094427807 -0.016284255546030673 0.01031679337119391 0.019143036339878905 0.017610353912387109 -0.0028028930319140013 0.0042593935706948961 -0.00074871010009535928 -0.00012624209381906966 -0.010119728659822032 0.022479678320416526 -0.021368261891332879 0.0081281049797879163 0.020074025168773112 -0.0074248279954255278 0.0016193785099971798 0.038601009412856241 -0.0057755783966265805 0.0045253449130159907 -0.0042455267513573612 0.0071661424949370084 0.005031551777331768 0.079346122358346094 0.023432620262086732
leaf_weight=563.81600546836853 176.20234644412994 665.22085537016392 2024.2420230060816 817.34698391705751 853.32263451814651 854.22437739372253 895.65579387545586 681.42375910282135 251.86851414293051 253.34635482728481 454.67053057253361 336.20798222720623 1026.9829881042242 293.26440308243036 182.3719317317009 1517.7053647115827 1107.0063897520304 992.60085939615965 644.03199971467257 714.12018664181232 676.25115618854761 908.96623000502586 38.902130208909512 168.04838783293962 562.16447585821152 213.08723519742489 366.79052041471004 1012.1431700736284 8.2080765515565854 358.50379381328821
leaf_count=3086 2062 4515 9037 8557 11550 5069 5374 4960 1361 1147 2190 2800 5740 2157 1174 11370 4924 9421 3686 3741 4259 4654 260 1591 2611 1956 1941 5682 39 1934
internal_value=-0.000121964 -0.00926782 0.00747553 -0.00353502 -0.0233819 0.00250395 -0.000116023 -0.0045292 0.0066778 0.0134576 0.00981847 -0.0171971 0.00501347 -0.0149309 -0.0184925 -0.00622926 0.0158346 -0.0149538 0.000817138 0.0125794 -0.00261019 0.00595723 0.00215647 -0.0218916 0.0129905 -0.0183421 0.00879055 0.00893062 0.00231498 0.0152065
internal_weight=19618.7 8902.21 10716.5 6330.79 2571.42 5852.55 4869.76 2179.68 3672.87 4863.93 2744.75 1718.1 2647.93 1461.03 1167.77 2221.83 3693.41 1541.9 1498.26 2180.93 928.12 1170.52 704.123 985.395 2586.41 1205.69 1752.28 1466.81 917.174 725.294
internal_count=128848 72402 56446 44613 27789 34034 31134 13715 20319 22412 14699 16239 14989 13479 11322 16145 16572 14177 8755 11613 5620 5840 4775 10148 11648 11377 9615 7872 4693 3875
is_linear=0
shrinkage=0.05


Tree=26
num_leaves=31
num_cat=0
split_feature=28 16 13 13 1 13 40 8 25 14 24 24 40 28 34 14 40 10 14 13 9 27 10 14 33 24 31 26 26 13
split_gain=498.455 197.274 177.748 78.2745 72.9214 57.665 53.5956 47.0021 44.6234 42.0038 40.9177 39.7074 32.3748 31.5352 29.2512 28.1186 26.6953 25.2909 23.0536 21.9243 21.7976 20.6954 20.0094 19.582 19.4673 19.028 18.5764 20.3132 17.9613 17.6664
threshold=4.5000000000000009 4.5000000000000009 -0.65000000000000002 1.1900000000000011 2.5000000000000004 1.2825 1.5000000000000002 0.074350000000000013 2.5000000000000004 0.074500000000000052 -0.026666666666666835 0.016666666666667055 2.5000000000000004 1.5000000000000002 5.3250000000000011 0.02861666666666671 4.5000000000000009 0.061549999999999959 0.056583333333333298 -1.5183333333333326 5.7550000000000008 0.044999999999999936 0.062850000000000017 0.0078666666666667179 0.16500000000000004 -0.0066666666666663757 1.5000000000000002 -0.044999999999999922 -0.064999999999999933 2.4508333333333341
decision_type=2 2 2 2 2 2 2 2 2 2 2 2 2 2 2 2 2 2 2 2 2 2 2 2 2 2 2 2 2 2
left_child=2 5 8 4 9 6 23 -3 17 14 20 16 -9 -10 -4 24 -8 -1 22 -15 -6 -16 -19 -2 26 -14 27 -12 -7 -30
right_child=1 7 3 -5 10 28 11 12 13 -11 15 -13 25 19 21 -17 -18 18 -20 -21 -22 -23 -24 -25 -26 -27 -28 -29 29 -31
leaf_value=-0.012343692265333427 -0.00092029886275954648 -0.042278439494941811 0.0014363166016076161 0.016729520505973011 -0.010401162863515355 0.022615181611849531 -0.012695540882691437 -0.0089914084105083766 0.0039384159305941423 0.022170709070739442 0.017432989732957292 -0.0029493754842408412 -0.033318953181344424 -0.028501269972031541 0.013087065029128087 0.010626812086194955 -0.027011008942814531 0.11957094543157072 0.024072636118886138 -0.012199516157232642 0.0019166146681483748 0.0030731689948028484 0.00077860306342408489 0.022634994911272785 -0.0057577890582275922 -0.019554310170910166 -0.0033833442352007581 0.0032570597196931784 0.00057968610529967018 0.046946291420211395
leaf_weight=227.98177555203438 222.05229352414608 390.40436061471701 1147.0298292264342 1868.088127553463 903.7132061123848 145.196633502841 1340.4236668720841 330.88756239414215 255.71605359017849 620.67437297105789 365.9531876668334 835.50156286358833 547.71135546267033 252.31498935073614 2299.0154708623886 1186.6418649703264 430.17109646648169 3.5718045160174361 151.70815110951662 1129.7562322244048 596.03649473190308 665.24725461006165 469.78528548777103 146.40245959162712 705.65111839771271 463.58816821873188 564.09210269153118 816.61204741150141 470.75295026600361 21.481052413582802
leaf_count=1717 1459 5571 5651 8269 5915 784 10961 3287 1423 2958 1949 6652 6635 2400 10991 6604 4685 24 962 8648 3592 3342 3094 942 4033 5490 3437 4575 2682 116
internal_value=-0.000119773 -0.0131389 0.00477014 0.00734432 0.0055681 -0.00648578 -0.00941033 -0.0270088 -0.00736136 0.0100466 0.00144411 -0.0119339 -0.0225672 -0.0121912 0.00821622 0.00430842 -0.0161735 0.00191166 0.00711106 -0.0151756 -0.00550578 0.0108397 0.00167497 0.0084392 0.00125103 -0.0270091 0.0040826 0.0076439 0.00716155 0.00260312
internal_weight=19574.2 5344.57 14229.6 11738.8 9870.67 3611.98 2974.55 1732.59 2490.83 4731.97 5138.7 2606.1 1342.19 1637.79 4111.29 3638.95 1770.59 853.047 625.065 1382.07 1499.75 2964.26 473.357 368.455 2452.31 1011.3 1746.66 1182.57 637.431 492.234
internal_count=128848 49264 79584 61316 53047 28281 24699 20983 18268 22942 30105 22298 15412 12471 19984 20598 15646 5797 4080 11048 9507 14333 3118 2401 13994 12125 9961 6524 3582 2798
is_linear=0
shrinkage=0.05


Tree=27
num_leaves=31
num_cat=0
split_feature=28 13 1 16 1 27 8 9 25 24 37 14 13 8 34 31 14 20 2 25 1 31 24 15 20 1 19 10 27 34
split_gain=457.002 231.756 152.078 93.9681 61.9665 59.4018 52.2976 38.0797 31.9996 31.9312 30.5588 28.9125 29.0404 24.4796 24.2152 24.154 22.2586 24.9672 22.3472 20.6797 20.342 27.7034 19.5837 19.7161 19.5429 19.4588 19.9994 19.0107 17.9292 18.111
threshold=5.5000000000000009 0.26000000000000006 3.5000000000000004 4.5000000000000009 3.5000000000000004 0.044999999999999936 0.20495000000000005 4.8950000000000005 2.5000000000000004 0.010000000000000233 3.5000000000000004 0.018200000000000025 1.3583333333333338 0.28370000000000006 6.4050000000000011 3.5000000000000004 0.027 2.6250000000000013 3.5000000000000004 2.5000000000000004 1.5000000000000002 1.5000000000000002 -0.038333333333332657 0.0066666666666666411 -0.15499999999999978 2.5000000000000004 -0.025000000000000005 0.37230000000000002 0.044999999999999936 5.4250000000000007
decision_type=2 2 2 2 2 2 2 2 2 2 2 2 2 2 2 2 2 2 2 2 2 2 2 2 2 2 2 2 2 2
left_child=1 2 5 9 10 7 22 15 14 -2 16 12 -6 24 -8 19 18 -18 28 -1 -9 -22 -4 -24 -7 -12 -27 -25 29 -3
right_child=3 4 6 -5 11 13 8 20 -10 -11 25 -13 -14 -15 -16 -17 17 -19 -20 -21 21 -23 23 27 -26 26 -28 -29 -30 -31
leaf_value=0.0092784191917966909 -0.019718197111517899 0.0045545160716344664 -0.032461496025467114 -0.034618557388096376 -0.0034306019119590063 -0.019206810085567391 -0.0063002267083488986 0.019657464696965887 -0.010872703165396404 -0.0043643620234370614 0.0092572079214753231 0.010070050167518073 0.010290510164212991 0.00064508976153200765 0.011659672719733942 -0.0079120729617961679 0.019119236919746645 0.056788936204109831 0.018074081626727311 -0.0014081985137469858 0.011396979505594646 -0.0033497486290916187 -0.01978691136561771 -0.00027955682103905963 -0.0030594043312113252 0.012999478312564205 -0.014639067194078349 0.10850343412318211 -0.0014929390571100901 0.016852899960684117
leaf_weight=859.45774133503437 829.77934420108795 542.35462608933449 262.11724804341793 837.71343591064215 1544.5959114804864 463.684840105474 439.08010298758745 432.89161191135645 1749.5074119791389 572.09491842240095 834.69250695407391 1088.6829074844718 513.93125343322754 618.48888390511274 327.7938005849719 601.32884496450424 1052.7768869251013 45.905121609568596 985.45691175758839 956.50076576322317 1193.7373738884926 434.36389573663473 616.91091686487198 93.407727316021919 314.45364121347666 97.111752420663834 200.77104158699512 4.1966591030359259 350.93576474487782 668.13672637939453
leaf_count=4767 8135 2446 2669 11980 9335 3326 3234 2037 14353 4914 3987 6136 2511 3486 2402 4001 4662 194 4329 5924 6136 2786 6078 871 1819 514 1113 37 1657 3009
internal_value=-0.000117517 0.00263476 -0.00268919 -0.0213696 0.00892777 0.00222306 -0.0109511 0.00503078 -0.0071397 -0.0134524 0.0125159 0.00348017 -4.99333e-06 -0.00677988 0.00137658 0.000773474 0.0147447 0.0206932 0.0121786 0.00364957 0.0100241 0.00746267 -0.0207716 -0.0164832 -0.0126815 0.00534201 -0.00562872 0.00439774 0.00845783 0.0113427
internal_weight=19532.9 17293.3 9367.92 2239.59 7925.35 5874.91 3493.01 4478.28 2516.38 1401.87 4778.14 3147.21 2058.53 1396.63 766.874 2417.29 3645.57 1098.68 2546.88 1815.96 2060.99 1628.1 976.633 714.515 778.138 1132.58 297.883 97.6044 1561.43 1210.49
internal_count=128848 103819 63926 25029 39893 34282 29644 25651 19989 13049 21911 17982 11846 8631 5636 14692 16297 4856 11441 10691 10959 8922 9655 6986 5145 5614 1627 908 7112 5455
is_linear=0
shrinkage=0.05


Tree=28
num_leaves=31
num_cat=0
split_feature=28 13 1 16 39 13 25 13 14 14 13 24 31 26 2 34 11 24 40 15 9 8 1 31 36 37 31 34 24 13
split_gain=419.244 211.576 107.237 90.3189 84.618 52.4678 48.703 44.7068 35.9034 31.2888 30.034 29.6746 29.0431 26.6584 24.0094 22.5982 21.8694 20.2648 18.6756 17.1783 17.1652 17.124 17.0109 29.7606 25.3962 16.7807 16.7066 16.2823 18.6812 16.081
threshold=5.5000000000000009 -0.4233333333333324 3.5000000000000004 4.5000000000000009 2.5000000000000004 0.74333333333333373 3.5000000000000004 -2.1274999999999991 0.040858333333333365 0.019591666666666705 1.4708333333333334 0.010000000000000233 3.5000000000000004 0.020000000000000021 2.5000000000000004 5.4050000000000011 0.32925000000000004 -0.023333333333332092 -3.4999999999999996 0.011666666666666674 4.7150000000000007 0.083800000000000013 1.5000000000000002 1.5000000000000002 6.955000000000001 3.5000000000000004 2.5000000000000004 5.705000000000001 -0.019999999999999126 1.9391666666666667
decision_type=2 2 2 2 2 2 2 2 2 2 2 2 2 2 2 2 2 2 2 2 2 2 2 2 2 2 2 2 2 2
left_child=1 4 6 11 7 9 10 -1 13 17 15 25 14 20 -8 -3 -6 -4 -14 -7 -9 -5 -17 -24 -25 -2 -10 -21 -29 -13
right_child=3 2 5 21 16 19 12 8 26 -11 -12 29 18 -15 -16 22 -18 -19 -20 27 -22 -23 23 24 -26 -27 -28 28 -30 -31
leaf_value=-0.032767393238386455 -0.022723626110961615 0.0058175604963552306 -0.014379575386458621 -0.044080821411546053 -0.027008543286330206 0.001755710992635369 0.0008395902357777043 -0.0048506269251210009 0.013449639508199406 0.0027345997322998235 0.024886326338703406 -0.0061118246470397422 0.013145595195937622 -0.011926594645694205 0.01084816408465672 0.02033707241972604 -0.012673196078113841 -0.0039553478353808909 -0.0077351178145030376 0.0054040864439600595 0.0066959119304752721 -0.028728310508687939 0.015196412043161934 -0.00021365522480446347 0.040582159286960559 -0.0051682252772685894 -0.0011705414243502368 0.0035321962865047761 0.02610742989821653 0.031940849217442932
leaf_weight=121.9929900765419 645.05585300922394 1325.408304952085 741.12583151459694 273.76955896615982 495.13517075031996 962.16024729609489 952.99563809484243 928.57628614455462 458.67279919981956 1082.0336513668299 445.10654793679714 541.07439820468426 129.72393895685673 878.81360568106174 1614.0775655508041 723.74999925494194 575.02109948545694 1256.9250877648592 613.57461139559746 523.90547700226307 492.63573926687241 539.66009213402867 1574.874545969069 596.94203396141529 40.752873629331589 172.53061531484127 340.42353780567646 136.70591568946838 277.97895869612694 29.265733227133751
leaf_count=1226 6827 6325 5674 4401 5136 5146 5031 6264 2825 7460 1867 4751 626 6659 7700 3163 5692 8525 3548 2690 3019 7579 7185 3264 220 1308 2442 726 1406 163
internal_value=-0.000115018 0.00250164 0.00567974 -0.0206661 -0.00712467 -8.21203e-05 0.0092594 -0.00307771 -0.00190902 -0.00411343 0.0125276 -0.0129127 0.00461251 -0.00508115 0.0071326 0.0112368 -0.0193058 -0.00782195 -0.00409092 0.00645045 -0.000848242 -0.0338954 0.013683 0.0115064 0.00239346 -0.019019 0.00722129 0.0112631 0.0186652 -0.00415924
internal_weight=19490.7 17289.3 12998 2201.36 4291.27 4980.84 8017.21 3221.11 3099.12 3080.08 4706.83 1387.93 3310.37 2300.03 2567.07 4261.73 1070.16 1998.05 743.299 1900.75 1421.21 813.43 2936.32 2212.57 637.695 817.586 799.096 938.59 414.685 570.34
internal_count=128848 103819 70556 25029 33263 31627 38929 22435 21209 21659 22024 13049 16905 15942 12731 20157 10828 14199 4174 9968 9283 11980 13832 10669 3484 8135 5267 4822 2132 4914
is_linear=0
shrinkage=0.05


Tree=29
num_leaves=31
num_cat=0
split_feature=28 2 28 16 28 27 13 20 37 20 26 28 24 22 24 14 14 15 37 26 14 15 8 13 13 36 13 10 14 3
split_gain=384.57 194.685 118.54 86.6497 61.8652 50.8879 43.4728 41.1368 33.2385 33.0507 33.0102 32.3537 32.0347 31.1947 27.5592 22.552 21.1132 20.7001 20.0402 22.8044 18.4019 17.7805 17.0386 16.8153 16.0288 15.6282 15.6019 15.792 15.3511 16.3258
threshold=5.5000000000000009 2.5000000000000004 3.5000000000000004 4.5000000000000009 2.5000000000000004 0.044999999999999936 -0.91633333333333311 0.35999999999999971 2.5000000000000004 -0.039999999999999584 -0.05000000000000026 1.5000000000000002 -0.034999999999999691 -1.6049999999999998 0.010000000000000233 -0.06678333333333332 0.052483333333333375 0.027083333333333352 2.5000000000000004 1.0000000180025095e-35 0.035708333333333349 0.0055000000000000058 0.083800000000000013 -0.66166666666666674 0.63833333333333331 6.6250000000000009 -2.1274999999999991 0.37230000000000002 -0.067933333333333318 33.500000000000007
decision_type=2 2 2 2 2 2 2 2 2 2 2 2 2 2 2 2 2 2 2 2 2 2 2 2 2 2 2 2 2 2
left_child=1 2 5 14 18 8 26 16 11 -10 17 -1 -8 -13 24 -15 -6 -9 28 -20 -14 -12 -5 -7 -2 -16 27 -4 -3 -30
right_child=3 4 6 22 7 23 12 10 9 -11 21 13 20 15 25 -17 -18 -19 19 -21 -22 -23 -24 -25 -26 -27 -28 -29 29 -31
leaf_value=0.023066286320891291 -0.023922493914458019 0.005855017186276343 -0.039376207017817327 -0.043555645090816858 -0.0037702176541641839 -0.015566451786135785 -0.01754785267205269 0.013308685711457713 -0.012463913721755909 0.0036097722898390007 0.00022409409191398726 -0.0074473862659312599 -0.0074018324107690305 -0.0052467762195521029 0.035584097374869596 0.01033594553919772 0.0085742553110803848 0.036568767994463687 0.01168860272107031 -0.0029410681055252589 0.003959460695484811 0.0085554896603499252 -0.027981785661442313 -0.0032433662972783379 -0.0094287889547797852 -0.0057033506787644173 -0.018050757980853142 0.10843877112541292 0.0090109041551469527 0.020829848297495294
leaf_weight=296.35552215576172 495.53214729577303 307.49101692438126 124.80608861893415 263.47879263758659 1699.8894996792078 421.44923426955938 588.30056549608707 666.10531755536795 492.82868535071611 910.93587938696146 1138.8010962530971 386.26171759516001 1195.3848672807217 270.44942883402109 23.927057109773159 1641.1809018850327 435.01883170008659 111.6893562451005 1206.8169043064117 341.82024370878935 507.81356244534254 1463.2368364855647 526.68880768492818 806.70376092195511 310.15125708281994 544.54791852086782 649.20219335705042 1.8334748968482006 382.43430370092392 1238.1349418759346
leaf_count=1383 5636 1354 1631 4401 10993 3051 4902 3453 3600 4829 6459 2565 8881 1484 212 8734 2717 536 5502 1875 3664 7780 7579 4517 2499 4702 6802 22 1664 5421
internal_value=-0.000112497 0.0023754 -0.00314979 -0.0199816 0.00747172 0.00142976 -0.0109525 0.00417866 0.00416433 -0.00203332 0.0076108 0.00751792 -0.00748889 0.00551267 -0.0123953 0.00813137 -0.00125485 0.0166488 0.0126952 0.00845949 -0.00401443 0.00490919 -0.0331748 -0.00747212 -0.0183431 -0.00396557 -0.0211824 -0.0372362 0.0160973 0.0180407
internal_weight=19449.3 17284.9 8293.51 2164.33 8991.44 5226.17 3067.34 5514.74 3998.01 1403.76 3379.83 2594.25 2291.5 2297.89 1374.16 1911.63 2134.91 777.795 3476.7 1548.64 1703.2 2602.04 790.168 1228.15 805.683 568.475 775.842 126.64 1928.06 1620.57
internal_count=128848 103819 56065 25029 47754 30163 25902 31938 22595 8429 18228 14166 17447 12783 13049 10218 13710 3989 15816 7377 12545 14239 11980 7568 8135 4914 8455 1653 8439 7085
is_linear=0
shrinkage=0.05


Tree=30
num_leaves=31
num_cat=0
split_feature=40 13 9 28 13 13 25 20 24 26 39 27 13 14 14 13 14 26 14 2 11 1 31 0 34 28 31 6 13 15
split_gain=353.539 184.285 124.844 70.9169 63.0107 51.8801 42.4108 39.8121 39.7016 36.3854 35.4825 29.6141 29.4746 24.7083 23.8359 25.1738 20.2709 19.0546 18.4826 18.0328 18.0174 17.7977 27.5349 18.762 17.7 20.6943 23.006 17.0208 16.8133 16.5912
threshold=2.5000000000000004 -0.4233333333333324 4.9150000000000009 5.5000000000000009 -1.5183333333333326 -2.0408333333333322 5.5000000000000009 -0.2600000000000004 -0.025000000000000796 1.0000000180025095e-35 1.0000000180025095e-35 -0.020000000000000014 0.94499999999999973 -0.0025499999999999685 0.018900000000000004 1.3583333333333338 0.091566666666666671 -0.064999999999999933 0.027 3.5000000000000004 0.33775000000000005 1.5000000000000002 1.5000000000000002 16.500000000000004 5.205000000000001 1.5000000000000002 1.5000000000000002 0.17500000000000002 1.6191666666666669 0.023333333333333341
decision_type=2 2 2 2 2 2 2 2 2 2 2 2 2 2 2 2 2 2 2 2 2 2 2 2 2 2 2 2 2 2
left_child=2 5 4 6 -1 -2 7 19 18 24 -11 -7 16 -5 15 -9 21 -15 28 -3 -12 23 -23 -10 27 -26 -27 -6 -4 -24
right_child=1 3 8 13 9 11 -8 14 12 10 20 -13 -14 17 -16 -17 -18 -19 -20 -21 -22 22 29 -25 25 26 -28 -29 -30 -31
leaf_value=-0.019900663893202494 -0.044275185119475535 -0.015194121148208199 -0.001825181419613432 -0.023453461277361684 0.0036379403137734171 -0.0083628590284236057 -0.014781161495823853 -0.0027638739959015427 0.0084104801788881592 -0.016888250782200725 -0.0060069387593483861 -0.024887345754401328 0.015974315694973793 0.007942578991376379 0.011219169385106566 0.014355705005108021 0.018422623181662181 -0.013601109506441708 0.010465063347581141 0.0081152509828541185 0.0046062979204216543 0.0093932143227685398 -0.0019748180988561725 0.025124599112788006 0.013841457563790916 0.0094951871809420482 -0.0039634800360908553 -0.010353122108636897 0.017561517990070385 0.017717356763963164
leaf_weight=428.91657104715705 273.92276727408171 441.13199981302023 1443.9971998557448 535.35561691969633 543.05081162601709 370.50360461696982 480.11414684355259 1157.4293866232038 515.35320901125669 476.88922261446714 916.88978455215693 1010.9245754107833 1701.4644400030375 134.76630736887455 796.05542863160372 263.64850518107414 434.74633404612541 430.49349796026945 531.86308206617832 102.19663346558809 709.1827225163579 1766.4472930952907 1182.6510156467557 249.03537421673536 641.77027516067028 640.75615924596786 629.44208214432001 362.4756919965148 121.22608044743538 117.59773743897676
leaf_count=4353 4477 3238 8238 5570 2938 3682 3535 7657 2299 3499 5935 12288 7565 1240 4848 1287 2230 4512 2957 734 4468 8425 7549 1105 3114 3326 4416 2115 546 702
internal_value=-0.000109972 -0.0102024 0.00440181 -0.00478986 -0.00152081 -0.0243971 -0.00106554 0.00131996 0.00833048 8.13679e-05 -0.00489539 -0.0204554 0.0104102 -0.0157555 0.00429246 0.000412272 0.00819092 -0.00846478 0.00241256 -0.0108098 -0.00137816 0.00702984 0.00532841 0.0138559 0.00379599 0.00652331 0.00282579 -0.00196258 -0.000323687 -0.000193809
internal_weight=19410.3 5996.54 13413.8 4341.19 5349.37 1655.35 3240.58 2760.46 8064.38 4920.46 2102.96 1381.43 5967.3 1100.62 2217.13 1421.08 4265.83 565.26 2097.09 543.329 1626.07 3831.08 3066.7 764.389 2817.5 1911.97 1270.2 905.527 1565.22 1300.25
internal_count=128848 53068 75780 32621 34164 20447 21299 17764 41616 29811 13902 15970 29875 11322 13792 8944 22310 5752 11741 3972 10403 20080 16676 3404 15909 10856 7742 5053 8784 8251
is_linear=0
shrinkage=0.05


Tree=31
num_leaves=31
num_cat=0
split_feature=28 13 1 16 27 1 8 10 25 24 37 17 34 14 2 13 24 15 11 14 20 2 8 14 34 1 31 22 15 40
split_gain=326.922 165.715 105.172 81.1005 46.2565 44.0628 42.0596 28.6509 27.0113 25.0791 24.2441 22.5142 21.4663 21.3954 20.7476 19.1413 18.5863 18.1438 18.3674 18.1174 21.7066 17.5685 16.6036 16.5887 16.1326 22.2028 38.2759 19.0073 16.0195 15.9672
threshold=5.5000000000000009 0.26000000000000006 3.5000000000000004 4.5000000000000009 0.044999999999999936 3.5000000000000004 0.20495000000000005 0.12555000000000002 2.5000000000000004 0.010000000000000233 3.5000000000000004 1.5000000000000002 6.4050000000000011 0.074500000000000052 3.5000000000000004 -0.72666666666666713 -0.038333333333332657 0.0066666666666666411 0.47095000000000004 0.027 2.7050000000000014 3.5000000000000004 0.083800000000000013 0.0064916666666666326 5.2550000000000008 1.5000000000000002 1.5000000000000002 -1.0449999999999999 -0.041666666666666671 -3.4999999999999996
decision_type=2 2 2 2 2 2 2 2 2 2 2 2 2 2 2 2 2 2 2 2 2 2 2 2 2 2 2 2 2 2
left_child=1 2 4 9 7 10 16 28 12 -2 19 -7 -8 24 -13 -6 -4 -18 -19 21 -21 -3 -5 -17 -9 -26 27 -27 -1 -12
right_child=3 5 6 22 15 11 8 13 -10 -11 29 14 -14 -15 -16 23 17 18 -20 20 -22 -23 -24 -25 25 26 -28 -29 -30 -31
leaf_value=-0.026474026018764935 -0.017175120776137729 0.0068197974083127836 -0.030287033194442304 -0.042570259455315576 -0.015507881539418593 0.011429988781905558 -0.0054567852144613935 -0.0027069324046283694 -0.0094750184040364172 -0.0033479394429427414 0.015101367603747704 -0.0030946043152996761 0.011494090428857406 0.015541365204849207 0.0060399974627904432 -0.0075980037164058954 -0.017518031081955314 0.0007485237238808297 0.097715940293258308 0.016374922436782346 0.053336953161407567 0.015301032837519999 -0.026722840175806013 0.0058306247763349195 0.015418378863064486 -0.0031740595067710885 -0.0077678592373282953 0.011409521359918844 -0.0016366890714519411 0.00090167294996378012
leaf_weight=69.827700138092041 785.39018343389034 1574.4467782154679 244.96360725164413 245.49650552123785 403.17480865865946 615.61520481854677 433.43866201490164 603.11760700494051 1707.9620244801044 563.01338978111744 254.93868327140808 1467.5657214894891 328.19498158991337 525.2158874720335 1078.420318223536 614.00150130689144 586.64986398816109 90.175438724458218 5.1631734892725936 1071.7712915688753 41.249663054943085 997.4192306175828 505.84317644312978 367.70832940936089 534.85301122069359 283.74738281965256 512.32054421305656 1050.9579252079129 923.71769440919161 886.02198600769043
leaf_count=493 8135 7112 2669 4401 2994 3431 3234 3454 14353 4914 1128 8713 2402 2813 5838 3565 6078 858 50 4685 171 4329 7579 2072 2558 1706 3497 5399 5731 4486
internal_value=-0.000107509 0.00215716 -0.00238518 -0.0187368 0.00165626 0.0074375 -0.00939189 0.00411362 -0.00598311 -0.0114017 0.0104434 0.00284938 0.0018475 0.00623529 0.0007746 -0.00633526 -0.0184736 -0.0142303 0.00599991 0.0124154 0.0177448 0.010109 -0.0319009 -0.00256819 0.00459787 0.00644753 0.00384979 0.00830917 -0.00338229 0.00407448
internal_weight=19372.4 17272.6 9285.19 2099.74 5888.64 7987.45 3396.55 4503.76 2469.6 1348.4 4825.85 3161.6 761.634 3510.21 2545.99 1384.88 926.952 681.988 95.3386 3684.89 1113.02 2571.87 751.34 981.71 2985 2381.88 1847.03 1334.71 993.545 1140.96
internal_count=128848 103819 63926 25029 34282 39893 29644 25651 19989 13049 21911 17982 5636 19427 14551 8631 9655 6986 908 16297 4856 11441 11980 5637 16614 13160 10602 7105 6224 5614
is_linear=0
shrinkage=0.05


Tree=32
num_leaves=31
num_cat=0
split_feature=28 9 16 13 40 1 13 24 13 24 27 24 28 37 25 14 14 11 8 15 14 37 39 8 0 1 40 7 15 15
split_gain=299.454 151.176 77.5163 73.9731 62.9621 62.2409 40.0351 36.9129 32.8095 30.3996 23.9511 23.2343 23.0154 21.2729 20.7532 18.6234 17.9104 17.096 18.1703 17.006 16.6926 16.6813 16.5703 16.4651 16.3545 17.0071 16.7509 16.3118 16.1499 15.7599
threshold=5.5000000000000009 4.9350000000000014 4.5000000000000009 -2.1274999999999991 2.5000000000000004 3.5000000000000004 0.483333333333333 -0.028333333333332874 1.2133333333333338 0.016666666666666167 0.044999999999999936 0.011666666666666272 1.5000000000000002 2.5000000000000004 5.5000000000000009 0.036558333333333339 0.074500000000000052 0.31265000000000004 0.18284999999999998 -0.028333333333333339 0.017500000000000102 3.5000000000000004 1.0000000180025095e-35 0.083800000000000013 16.500000000000004 1.5000000000000002 1.0000000180025095e-35 5.9050000000000011 0.0083333333333333471 -0.010833333333333332
decision_type=2 2 2 2 2 2 2 2 2 2 2 2 2 2 2 2 2 2 2 2 2 2 2 2 2 2 2 2 2 2
left_child=1 3 11 -1 7 8 15 12 10 -6 16 21 -5 17 20 29 24 18 -9 -18 -8 -2 27 -4 -3 -26 -27 -14 -15 -7
right_child=2 5 23 4 9 6 14 13 -10 -11 -12 -13 22 28 -16 -17 19 -19 -20 -21 -22 -23 -24 -25 25 26 -28 -29 -30 -31
leaf_value=-0.035295725007690598 -0.020294012173677822 0.0052574535234012482 -0.042032672940284649 0.0081405068332992218 -0.016398737249435708 -0.015695928192551986 0.0042071979203066401 -0.013892460701359483 0.016880916085745865 -0.0014696825577744925 0.0010064359751687504 -0.0030598020333641902 -0.023451871153268508 -0.004810228845720888 -0.0064628529103343303 0.0038457493078719418 -0.018558059951497546 0.0091379336915641245 0.0038596364667793934 0.019273245400346556 0.014310817238738642 -0.0026389255114476324 -0.0065726370213051973 -0.025990306490281834 0.02346993882479765 -0.0049291523300739951 0.012272073689638731 0.026631627773139571 0.0071073529907856141 -0.0039122235710576164
leaf_weight=180.64712618291378 614.55779080837965 2311.3472328856587 236.43518063798547 202.90604269504547 1067.3355614989996 391.6486481577158 1134.1840396523476 183.23008745908737 1072.0718858391047 501.07480961084366 1179.3120014667511 551.25955215841532 272.25390183925629 1223.2279706522822 295.51330707222223 526.99415110051632 31.404809385538101 1318.4333321228623 675.77863661944866 549.05942550301552 639.18464034795761 171.02496892213821 831.53351220488548 494.39058092981577 269.62881302833557 170.98187426477671 821.76950833946466 17.289908841252327 370.33546594530344 1029.8881842419505
leaf_count=2216 6903 11342 4401 1028 9598 3170 6144 1205 4544 3884 6228 4817 2151 7993 1708 3883 157 7157 3545 2601 3348 1329 5676 7579 1178 1003 3984 99 2129 7848
internal_value=-0.000104836 0.00204843 -0.0180867 -0.00372512 -0.00286923 0.00583951 0.000960662 -0.000172604 0.0088994 -0.0116292 0.00729506 -0.0109287 -0.00735509 0.00234913 0.00580465 -0.00418251 0.00908031 0.0055618 7.30413e-05 0.0172265 0.0078489 -0.0164504 -0.0101597 -0.0311803 0.00775716 0.012334 0.0093095 -0.0204612 -0.00204065 -0.00715876
internal_weight=19334.7 17267 2067.67 6844.05 6663.4 10423 4017.41 5094.99 6405.58 1568.41 5333.5 1336.84 1323.98 3771.01 2068.88 1948.53 4154.19 2177.44 859.009 580.464 1773.37 785.583 1121.08 730.826 3573.73 1262.38 992.751 289.544 1593.56 1421.54
internal_count=128848 103819 25029 46681 44465 57138 26101 30983 31037 13482 26493 13049 8954 22029 11200 14901 20265 11907 4750 2758 9492 8232 7926 11980 17507 6165 4987 2250 10122 11018
is_linear=0
shrinkage=0.05


Tree=33
num_leaves=31
num_cat=0
split_feature=28 13 9 37 20 24 7 13 13 24 14 39 14 28 25 40 40 24 24 31 13 34 4 24 14 6 23 20 13 34
split_gain=274.526 131.94 101.94 56.0448 48.5731 39.1152 38.4262 38.1095 33.6455 31.8076 30.9131 28.1275 24.0589 21.7743 21.3154 21.0044 21.9245 20.7431 20.5688 17.7195 17.663 17.3095 18.8895 22.5705 17.2996 17.925 20.9325 17.0394 16.903 17.8538
threshold=4.5000000000000009 -0.4233333333333324 4.9350000000000014 3.5000000000000004 -0.079999999999999946 0.02666666666666773 2.0100000000000002 1.2825 -2.1274999999999991 0.040000000000000487 0.00065500000000001679 1.5000000000000002 0.063716666666666685 5.5000000000000009 5.5000000000000009 1.0000000180025095e-35 2.5000000000000004 -0.026666666666665947 0.02999999999999892 3.5000000000000004 0.13833333333333411 4.7150000000000007 49.500000000000007 -0.011666666666667156 -0.0057999999999999987 0.16500000000000004 7.0250000000000012 2.1250000000000013 1.4708333333333334 5.6450000000000005
decision_type=2 2 2 2 2 2 2 2 2 2 2 2 2 2 2 2 2 2 2 2 2 2 2 2 2 2 2 2 2 2
left_child=2 6 4 7 8 12 -2 10 -1 15 13 17 20 -3 -12 -10 -17 -8 -13 21 -4 -6 -23 24 25 26 -24 -14 -7 -30
right_child=1 3 5 -5 19 28 11 -9 9 -11 14 18 27 -15 -16 16 -18 -19 -20 -21 -22 22 23 -25 -26 -27 -28 -29 29 -31
leaf_value=-0.035876963458788179 -0.042574748805457113 -0.010901510411258379 -0.00045888267457632229 0.0084940407501906505 -0.0024367154756340941 0.010702739071101237 -0.023970491848788654 0.0042860372189044999 -0.01693653837053782 0.006549457729905778 -0.001779978383951027 -0.026320981071011253 0.010349997810239571 -0.024270608920441757 -0.02223389034585577 -0.0026020154411816885 -0.01603745544440726 0.010553442202170586 -0.0084571213034359532 -0.0036941801603893355 0.0055822732326250802 -0.0042093327677415558 0.00075590934353413498 0.016192741038813983 0.012303515881542626 -0.022191254672632416 0.092971683337045613 0.036686014571390105 0.013262275538704772 0.038486892511673546
leaf_weight=92.478783138096333 213.44058832898736 839.94961200654507 1861.7223919853568 630.21410163491964 503.51387503743172 2124.0061956495047 67.897220265120268 525.64262722432613 480.01726088672876 477.4348583817482 974.44976367801428 826.09810417145491 842.88215056061745 477.82157343626022 146.52742999047041 1544.1074538379908 377.97180061042309 121.12490106746554 200.18671400472522 704.2581103220582 3456.0527683794498 249.30006838589907 119.95275154709816 755.23256722092628 214.95092749595642 108.85826900601387 6.4867018088698378 66.244749635457993 171.74364398419857 118.58538466691971
leaf_count=1102 3947 6542 11351 4204 2605 10216 723 3008 3827 2920 8448 11418 4383 5543 1456 9908 3344 1262 2713 3974 16724 1299 666 3831 1230 655 36 299 718 496
internal_value=-0.000102217 -0.0101552 0.00343522 -0.00504649 -0.00179716 0.00684703 -0.0230084 -0.00792513 -0.00619118 -0.00523779 -0.0105571 -0.019572 0.00475235 -0.0157491 -0.00445359 -0.0075806 -0.00524406 -0.00184764 -0.0228365 0.00310755 0.0034673 0.00555365 0.00831919 0.0109102 0.00204932 -0.00731817 0.00548684 0.012269 0.0122495 0.0235653
internal_weight=19299.2 5023.35 14275.8 3594.61 5634.56 8641.24 1428.75 2964.39 2972.01 2879.53 2438.75 1215.31 6226.9 1317.77 1120.98 2402.1 1922.08 189.022 1026.28 2662.55 5317.78 1958.3 1454.78 1205.48 450.249 235.298 126.439 909.127 2414.34 290.329
internal_count=128848 49264 79584 29201 35397 44187 20063 24997 21101 19999 21989 16116 32757 12085 9904 17079 13252 1985 14131 14296 28075 10322 7717 6418 2587 1357 702 4682 11430 1214
is_linear=0
shrinkage=0.05


Tree=34
num_leaves=31
num_cat=0
split_feature=28 13 28 16 20 25 14 15 2 14 37 28 25 7 37 13 26 28 13 11 22 34 20 37 14 34 40 36 26 13
split_gain=256.129 128.37 73.9099 70.9726 49.1765 44.2631 32.8181 31.8696 29.348 28.6334 27.9844 26.8192 26.7292 24.8753 24.0207 21.969 22.2581 20.8817 19.9889 19.3514 19.0073 17.418 16.7096 16.3351 15.0862 14.7422 18.5212 14.6253 14.3173 14.2841
threshold=5.5000000000000009 -0.65000000000000002 2.5000000000000004 4.5000000000000009 0.35999999999999971 2.5000000000000004 0.074500000000000052 0.025000000000000019 1.5000000000000002 0.027800000000000023 1.5000000000000002 1.5000000000000002 5.5000000000000009 2.9450000000000007 2.5000000000000004 0.97833333333333294 -0.22500000000000006 1.5000000000000002 0.67833333333333423 0.37085000000000001 0.13000000000000014 6.1650000000000009 2.3750000000000013 3.5000000000000004 -0.067933333333333318 6.4650000000000007 2.5000000000000004 6.6350000000000007 -0.05000000000000026 -1.9583333333333335
decision_type=2 2 2 2 2 2 2 2 2 2 2 2 2 2 2 2 2 2 2 2 2 2 2 2 2 2 2 2 2 2
left_child=1 5 6 15 9 13 14 10 -7 25 12 -10 22 -1 17 16 -2 -3 21 27 -19 -16 -6 29 -22 26 -4 -15 -9 -5
right_child=3 2 4 23 7 8 -8 28 11 -11 -12 -13 -14 19 18 -17 -18 20 -20 -21 24 -23 -24 -25 -26 -27 -28 -29 -30 -31
leaf_value=-0.020787529488318048 0.11008859044821094 0.018838111325229338 -0.0046976437073355422 -0.045885203280396469 0.0060893170777167153 -0.02888866142049731 0.018069893515376762 0.027621785053508336 0.0060195939577785285 0.0031091335190426574 -0.0030650310297847282 -0.012252069471594011 -0.0068955794446176263 -0.03287836542438962 -0.00569975077602767 0.00013902797112138563 -0.014678589953655619 0.0022300637227439116 0.0091394286343199384 0.013325566890056898 9.1711321120137822e-05 0.0055860126892368824 0.018594760796652374 -0.014309884012058348 0.014160658323870302 -0.00078243775171305235 -0.015058171631497303 0.00018827142935523534 0.010443683736956614 -0.028447340330765725
leaf_weight=116.62486380711198 3.5882315859198561 528.49104668200016 1160.7867231294513 167.44388679042459 1904.1286766901612 227.68859147280455 741.02662509679794 159.24040222913027 232.15263533592224 1263.5019172802567 1362.9799345508218 1488.5129546485841 357.2002751454711 35.753337122499943 779.31604578346014 372.10232040286064 941.05247355252504 909.57290814816952 808.82949508726597 331.74874393641949 231.88864865899086 609.0845885425806 310.70963940024376 135.493422601372 1068.7176227420568 913.41924178600311 686.46603623777628 516.78767660260201 509.05716921389103 393.23246857896447
leaf_count=1265 34 2235 7131 3391 10577 2473 3387 768 1278 8111 7932 13436 2255 255 4172 2582 10433 4347 3591 2313 1022 3150 1584 2134 4659 6177 5352 3745 2604 6455
internal_value=-9.97465e-05 0.00186936 0.00382767 -0.0169779 0.000912257 -0.00762878 0.00825837 0.00444173 -0.0120191 -0.00312516 0.00272724 -0.00978685 0.00579669 0.000917343 0.00678536 -0.0101512 -0.0142047 0.00990962 0.00289122 0.0037799 0.00777467 -0.000748741 0.00784365 -0.02989 0.0116523 -0.00597846 -0.00854777 -0.00195138 0.0145368 -0.0336551
internal_weight=19266.6 17253.7 14304.4 2012.91 8627.49 2949.27 5676.93 4603.32 1948.35 4024.17 3935.02 1720.67 2572.04 1000.91 4935.9 1316.74 944.641 2738.67 2197.23 884.29 2210.18 1388.4 2214.84 696.17 1300.61 2760.67 1847.25 552.541 668.298 560.676
internal_count=128848 103819 79054 25029 52491 24765 26563 25720 17187 26771 22348 14714 14416 7578 23176 13049 10467 12263 10913 6313 10028 7322 12161 11980 5681 18660 12483 4000 3372 9846
is_linear=0
shrinkage=0.05


Tree=35
num_leaves=31
num_cat=0
split_feature=40 13 8 24 28 13 24 15 13 24 2 9 14 15 7 15 11 25 1 14 37 23 24 22 38 3 37 17 20 13
split_gain=237.884 136.546 81.403 49.183 47.7533 46.3182 34.6476 25.9709 25.7472 25.5174 24.162 22.4493 21.9477 20.9114 19.2105 19.1354 18.8442 18.1404 17.8366 18.5938 17.6704 17.1577 16.8732 16.5224 16.521 16.3098 16.1029 15.9085 15.4204 14.8129
threshold=2.5000000000000004 -0.4233333333333324 0.18284999999999998 -0.0049999999999994485 5.5000000000000009 -2.0408333333333322 0.016666666666667055 -0.0040000000000000166 0.27999999999999964 -0.0066666666666663757 1.5000000000000002 4.6950000000000012 -0.0025499999999999685 0.044999999999999998 4.1650000000000009 0.021666666666666678 0.33835000000000004 5.5000000000000009 1.5000000000000002 -0.070124999999999979 2.5000000000000004 6.6750000000000007 0.076666666666665786 -0.27000000000000018 1.0000000180025095e-35 55.500000000000007 1.5000000000000002 2.5000000000000004 -1.635 0.11166666666666593
decision_type=2 2 2 2 2 2 2 2 2 2 2 2 2 2 2 2 2 2 2 2 2 2 2 2 2 2 2 2 2 2
left_child=2 5 10 8 6 -2 11 -5 20 -7 -1 -3 -6 24 -9 -10 -12 29 21 -20 -4 -16 -14 -21 -11 -26 -25 -8 -15 -13
right_child=1 4 3 7 12 9 27 14 15 13 16 17 22 28 18 -17 -18 -19 19 23 -22 -23 -24 26 25 -27 -28 -29 -30 -31
leaf_value=-0.021475258063204612 -0.041993005149688734 -0.014062674594152121 0.0013332176540081537 0.0036829555333397559 -0.020805899761436767 -0.024459136964181998 0.013583503591637748 0.030310497114258025 0.0027485549333982292 -0.012595183992772744 -0.010485623457494427 -0.0082878229968291126 -0.0088660714310677419 0.20190423269012148 0.0016938180470011202 0.013630919419485363 0.001957212329797032 -0.01179877665907959 -0.0017837025431818032 0.0024397631816963335 -0.0068487312686575765 0.01966073233610581 0.023991872099151768 0.015375923561989297 0.017966767271098683 0.16097243862353644 0.0067976421633312084 0.0012312359368560134 0.018473984737117199 0.0039695046540209281
leaf_weight=256.31927755475044 231.71774037927389 487.5364933013916 1575.8038542494178 2474.6525204405189 501.78477377071977 673.14435291662812 446.51259062439203 114.71103785932064 2022.7509765326977 598.12742291763425 642.05261900275946 329.72029552608728 501.27196089550853 1.955123286694288 165.79236007481813 504.7567642480135 578.40092396363616 360.1917365193367 429.89583051949739 661.87411412596703 1135.327533762902 669.31694017350674 42.3738754093647 1194.7860771268606 14.926543593406679 2.3011790961027137 1009.1406304240227 626.24229118227959 2.7677296213805667 976.38890963047743
leaf_count=2788 4477 3680 9226 13069 5570 8661 2618 723 10062 7029 4875 2654 5377 32 717 2391 4156 2645 2183 3614 8344 2895 375 5178 179 25 5559 3770 44 5932
internal_value=-9.7132e-05 -0.00856282 0.00355551 0.00492316 -0.00397804 -0.0214068 -0.000968983 0.00775424 0.00129142 -0.0177182 -0.00751963 -0.00462559 -0.0132651 -0.0104004 0.0101273 0.00492182 -0.00458868 -0.00186443 0.00956685 0.00791296 -0.0020931 0.0160938 -0.006305 0.00936755 -0.0112048 0.0370686 0.0114481 0.00637262 0.0944088 0.000875208
internal_weight=19232.5 5796.96 13435.6 11958.8 4272.02 1524.94 3226.59 6720.17 5238.64 1293.22 1476.77 2153.84 1045.43 620.078 4245.52 2527.51 1220.45 1666.3 4130.81 3295.7 2711.13 835.109 543.646 2865.8 615.355 17.2277 2203.93 1072.75 4.72285 1306.11
internal_count=128848 53068 75780 63961 32621 20447 21299 33938 30023 15970 11819 14911 11322 7309 20869 12453 9031 11231 20146 16534 17570 3612 5752 14351 7233 204 10737 6388 76 8586
is_linear=0
shrinkage=0.05


Tree=36
num_leaves=31
num_cat=0
split_feature=28 9 16 13 24 24 40 13 28 39 14 39 24 26 32 13 13 11 8 34 4 14 11 13 24 13 36 13 15 24
split_gain=217.817 109.693 66.0496 59.0917 47.4571 46.0971 42.1729 28.5366 26.8859 32.3236 24.0782 23.5681 20.6418 18.5047 16.3566 16.3342 16.0034 15.9084 15.1884 19.0685 17.2115 15.0286 14.9499 14.7565 14.5322 14.3623 14.275 14.1198 14.0305 14.0047
threshold=5.5000000000000009 4.9350000000000014 4.5000000000000009 -2.1274999999999991 0.016666666666667055 -0.031666666666665837 2.5000000000000004 0.94499999999999973 1.5000000000000002 1.0000000180025095e-35 -0.03401666666666666 2.5000000000000004 0.010000000000000233 -0.055000000000000153 2.5000000000000004 1.9391666666666667 -2.652499999999999 0.43715000000000004 0.49585000000000001 6.285000000000001 47.500000000000007 0.027 0.28540000000000004 -0.29333333333333361 0.02999999999999892 0.63833333333333331 6.6250000000000009 1.9391666666666667 -0.032666666666666642 0.016666666666667055
decision_type=2 2 2 2 2 2 2 2 2 2 2 2 2 2 2 2 2 2 2 2 2 2 2 2 2 2 2 2 2 2
left_child=1 3 12 -1 6 11 8 10 -5 -10 -7 15 25 -13 -9 21 -4 -8 19 28 -21 -3 -11 -15 -18 -2 -14 -28 -12 -22
right_child=2 5 16 4 -6 7 17 14 9 22 18 13 26 23 -16 -17 24 -19 -20 20 29 -23 -24 -25 -26 -27 27 -29 -30 -31
leaf_value=-0.032842003842406431 -0.020323505584615029 -0.0016047560475947896 -0.045111061539044345 0.007097634113890746 0.0032660950595125751 -0.00027609809874208565 -0.016351001525846051 0.0068224578119674226 -0.014477448231744589 -0.0084030942881837909 -0.01432990670872639 0.075140399629252813 0.035895071907989004 -0.025722347784424955 0.01520762533351735 0.03038438896391495 -0.029356688996985889 0.0051714440333405342 -0.0010391214285973844 -0.0066313845306102421 0.0091192063874396961 0.0094787312741573069 0.00099899130481144178 -0.0063137173087744183 -0.0096350904531947723 -0.0061181915494789704 -0.0056128532420322225 0.030898565351854358 0.0057084858747427931 0.018934704943883208
leaf_weight=164.67073523625731 451.74949663877487 1198.9853561893106 121.19852291420102 564.2273333966732 2307.1459772996604 1653.4774345569313 944.65271859616041 1073.9095264822245 664.52462847530842 599.72895346581936 91.592759624123573 6.5215531364083281 23.822423815727234 116.90978007391095 1268.5945783555508 49.495054185390472 425.02815508842468 94.442336238920689 527.88574830442667 113.23178605735302 795.72991109639406 410.58149410784245 1433.0956152044237 603.37805408984423 119.71908389776945 293.56560686975718 498.91796147823334 27.963651940226555 1887.9215119034052 668.87233044207096
leaf_count=2216 5636 6704 2642 2800 13789 9362 8821 4853 5061 3955 548 48 212 1205 5735 216 7331 874 2711 648 4762 2226 9165 4129 2007 2499 4547 155 10431 3560
internal_value=-9.46316e-05 0.00170188 -0.0158804 -0.00325645 -0.00251916 0.00491005 -0.00562272 0.00671298 -0.00282804 -0.00490428 0.00481468 -0.00119668 -0.00930421 -0.00870479 0.0113635 0.0020925 -0.0286785 -0.0143948 0.00687514 0.00804956 0.0121498 0.00122251 -0.00177484 -0.00946393 -0.0250225 -0.0147283 -0.00196332 -0.00367505 0.0047813 0.0136019
internal_weight=19201.5 17239.6 1961.96 6772.49 6607.82 10467.1 4300.67 8081.22 3261.58 2697.35 5738.71 2385.87 1296.02 726.809 2342.5 1659.06 665.946 1039.1 4085.23 3557.35 1577.83 1609.57 2032.82 720.288 544.747 745.315 550.704 526.882 1979.51 1464.6
internal_count=128848 103819 25029 46681 44465 57138 30676 42610 20981 18181 32022 14528 13049 5382 10588 9146 11980 9695 22660 19949 8970 8930 13120 5334 9338 8135 4914 4702 10979 8322
is_linear=0
shrinkage=0.05


Tree=37
num_leaves=31
num_cat=0
split_feature=40 13 8 28 25 13 14 15 34 1 2 11 24 24 7 13 15 13 34 22 22 24 19 26 10 31 3 7 10 8
split_gain=202.267 119.964 69.1501 51.381 41.4444 38.3989 35.1482 29.1254 28.3916 28.1797 27.2351 22.0371 21.6731 18.8655 18.6105 18.0566 17.7305 17.1965 16.2619 16.3015 15.988 15.6529 16.2598 14.9177 14.6881 13.5929 14.4021 13.5206 18.0738 13.8963
threshold=2.5000000000000004 -0.20999999999999971 0.18284999999999998 5.5000000000000009 3.5000000000000004 1.3083333333333333 0.017500000000000102 -0.0066666666666666949 6.0950000000000006 5.5000000000000009 2.5000000000000004 0.31135000000000002 0.078333333333333602 0.04500000000000038 4.1450000000000005 -1.3233333333333328 -1.0000000180025095e-35 -1.9583333333333335 4.4850000000000012 0.38999999999999985 1.96 0.025000000000000803 -0.064999999999999988 -0.055000000000000153 0.22274999999999992 2.5000000000000004 43.500000000000007 6.8650000000000011 0.27810000000000007 0.54060000000000008
decision_type=2 2 2 2 2 2 2 2 2 2 2 2 2 2 2 2 2 2 2 2 2 2 2 2 2 2 2 2 2 2
left_child=2 3 11 8 7 6 9 -4 -2 20 -6 24 -8 16 -9 -13 -10 -5 -16 -20 -3 -19 -23 -7 -1 26 -17 -25 -29 -30
right_child=1 5 4 17 10 23 12 14 13 -11 -12 15 -14 -15 18 25 -18 21 19 -21 -22 22 -24 27 -26 -27 -28 28 29 -31
leaf_value=-0.018786762244750694 -0.019920617496081247 -0.003158826625611213 0.0021255111844877528 -0.044755860580793838 -0.0030004117326246438 0.0196825661378193 0.00015793371400923441 0.027722511396677821 -0.014447364860279305 -0.019084546540961322 0.0043052934420198651 -0.011852466282670037 0.030011059965988664 0.017873837794873889 0.00065480282047637717 0.0009559903063549865 0.0039841478958348052 -0.030460979359214137 0.0065543144686657246 0.01290855383750758 -0.01703269726348048 0.093533863707209147 -0.012581573808450236 -0.0022970079978628195 0.00018668757231077732 -0.0052215475893241615 0.022595114638837541 0.064047058847143928 0.029756252158516412 -0.0018970742277975479
leaf_weight=453.45906740427017 654.48013436049223 1185.0476089455187 2059.887798063457 149.7529219314456 2243.3367337659001 190.46568398177624 1053.0332423485816 132.52727562561631 392.38604760915041 529.4022304713726 2957.4844815991819 303.83336009830236 64.522017553448677 77.852991472929716 550.44917467236519 179.52913299947977 195.48166004940867 353.0665569677949 1966.6050270274282 2073.6204724982381 251.77140209823847 3.7333901897072783 109.15510327741504 348.73908287286758 131.60730600357056 260.69192587956786 134.49902672320604 16.881565436720848 54.150829195976257 96.401581972837448
leaf_count=3915 7083 8334 10936 3391 14384 956 8064 834 4194 5782 15386 3082 444 687 2630 1093 1921 5989 10308 9483 1675 58 1706 1893 956 1945 828 90 292 509
internal_value=-9.21456e-05 -0.0079619 0.00325901 -0.0180884 0.00451204 -0.00278992 -0.00519896 0.00708673 -0.0125255 -0.00922333 0.00115403 -0.00700059 0.0018815 -0.00525533 0.00925042 -0.00199389 -0.0083184 -0.0300162 0.00871716 0.00981559 -0.00558992 -0.025279 -0.00907218 0.00772312 -0.0145188 0.00321797 0.0102241 0.00331014 0.0149889 0.00948802
internal_weight=19173.9 5726.32 13447.5 1935.91 11983.9 3790.42 3083.78 6783.09 1320.2 1966.22 5200.82 1463.62 1117.56 665.721 4723.2 878.553 587.868 615.708 4590.67 4040.23 1436.82 465.955 112.888 706.639 585.066 574.72 314.028 516.173 167.434 150.552
internal_count=128848 53068 75780 25029 63961 28039 24299 34191 13885 15791 29770 11819 8508 6802 23255 6948 6115 11144 22421 19791 10009 7753 1764 3740 4871 3866 1921 2784 891 801
is_linear=0
shrinkage=0.05


Tree=38
num_leaves=31
num_cat=0
split_feature=28 13 9 37 13 7 20 24 24 27 39 1 17 24 10 34 13 24 7 17 4 13 36 3 11 1 40 0 13 36
split_gain=185.185 96.1779 69.0104 47.009 36.1127 33.5097 29.5103 28.1268 27.9754 24.263 23.1371 21.2817 19.8025 18.6188 17.3249 17.3208 17.271 16.5174 15.206 14.3757 23.9627 14.8089 14.5093 14.4127 14.3655 14.3356 15.7258 13.6358 13.5557 14.0286
threshold=4.5000000000000009 -0.44250000000000006 4.9350000000000014 3.5000000000000004 -2.1274999999999991 2.0100000000000002 -0.079999999999999946 0.010000000000000233 0.02666666666666773 -1.0000000180025095e-35 1.5000000000000002 2.5000000000000004 2.5000000000000004 -0.026666666666665947 0.33239999999999997 5.5750000000000011 0.13000000000000037 0.02999999999999892 4.6350000000000007 1.5000000000000002 51.500000000000007 0.483333333333333 6.6150000000000011 34.500000000000007 0.33525000000000005 1.5000000000000002 1.0000000180025095e-35 22.500000000000004 1.8700000000000006 6.6250000000000009
decision_type=2 2 2 2 2 2 2 2 2 2 2 2 2 2 2 2 2 2 2 2 2 2 2 2 2 2 2 2 2 2
left_child=2 5 4 7 -1 14 9 16 12 11 13 -6 18 -7 -2 27 -3 -12 -4 20 -5 -21 -23 -22 -11 -14 -27 -8 29 -9
right_child=1 3 8 19 6 10 15 28 -10 24 17 -13 25 -15 -16 -17 -18 -19 -20 21 23 22 -24 -25 -26 26 -28 -29 -30 -31
leaf_value=-0.03123883093944136 -0.041492554881296911 -0.018123319792659739 -0.0064561924660173006 -0.01688153861883146 0.0071917112697293785 -0.022424887240790257 -0.0029527696688884959 0.022332686002222293 0.010102062298542713 -0.013610336660771633 -0.02351589402273371 -0.0053064265631407306 0.0086277611089264055 0.011462766971050892 0.14419151222644841 0.0065856890619359724 -0.007530894150638897 -0.00687636314491725 0.0090458523462087024 -0.004433936621841412 0.066842120697458624 0.058819138487510747 0.009578933263299309 0.023289222959461803 -0.00366305518775674 -0.006275136671295087 0.002179980683926832 0.017584387687768013 0.018878744395256539 -0.0037705202319860062
leaf_weight=100.6313455067575 179.78778561577201 576.68994971737266 172.42692775279284 28.29477446898818 608.79603112488985 62.542365964502096 1155.7172301188111 54.087080858647823 2441.0176826864481 790.25310268998146 739.19232644885778 773.19776777923107 649.24508921802044 115.17972058057785 1.2650469206273545 1405.9764536172152 1156.6945250853896 186.8395721539855 1915.7270973697305 249.0521722510457 26.508159711956978 15.904255129396914 252.10776758939028 67.024896055459976 671.25363518297672 682.07937168329954 2838.6263108700514 86.901039034128189 79.346808508038521 1064.3981812335551
leaf_count=1230 3924 6600 1092 175 3480 705 6086 415 11430 6039 11152 5616 2844 1219 23 7618 9501 2641 9662 1968 178 88 1429 432 4864 3989 15170 464 402 8412
internal_value=-8.9764e-05 -0.00852659 0.00277621 -0.00430482 -0.00155699 -0.0202577 -0.00101313 -0.00698343 0.00556206 -0.00455041 -0.0169873 0.000199254 0.0037912 -0.000462673 -0.0401951 0.00278444 -0.011055 -0.0201586 0.00776579 0.00798457 0.023436 0.00434398 0.0125009 0.0356325 -0.00904166 0.00180087 0.000541939 -0.00151653 -0.00109152 -0.00250824
internal_weight=19146.8 4854.92 14291.8 3570.11 5592.73 1284.81 5492.1 2931.22 8699.12 2843.5 1103.75 1381.99 6258.1 177.722 181.053 2648.59 1733.38 926.032 2088.15 638.892 121.828 517.064 268.012 93.5331 1461.51 4169.95 3520.71 1242.62 1197.83 1118.49
internal_count=128848 49264 79584 29600 35397 19664 34167 25330 44187 19999 15717 9096 32757 1924 3947 14168 16101 13793 10754 4270 785 3485 1517 610 10903 22003 19159 6550 9229 8827
is_linear=0
shrinkage=0.05


Tree=39
num_leaves=31
num_cat=0
split_feature=28 16 1 16 31 24 14 40 34 15 28 37 36 15 4 34 31 9 28 22 26 25 25 20 13 18 13 0 24 4
split_gain=174.76 90.9522 64.0021 55.9069 43.4587 33.5791 27.156 26.4544 24.1526 23.3266 24.6149 27.6944 23.5281 23.3051 22.5315 20.9548 25.2946 20.0099 19.2771 22.6156 17.8757 17.8224 16.753 16.6928 16.1871 15.9404 15.5122 15.1696 15.1091 14.9513
threshold=5.5000000000000009 2.5000000000000004 3.5000000000000004 4.5000000000000009 3.5000000000000004 -0.014999999999999234 -0.060599999999999953 -3.4999999999999996 5.3450000000000006 0.021666666666666678 1.5000000000000002 1.5000000000000002 6.7250000000000005 -0.028166666666666656 50.500000000000007 6.3150000000000004 3.5000000000000004 6.8950000000000005 1.5000000000000002 -1.0249999999999997 -0.064999999999999933 1.5000000000000002 5.5000000000000009 0.22999999999999979 -1.0008333333333332 4.5000000000000009 -2.652499999999999 14.500000000000002 0.10833333333333385 51.500000000000007
decision_type=2 2 2 2 2 2 2 2 2 2 2 2 2 2 2 2 2 2 2 2 2 2 2 2 2 2 2 2 2 2
left_child=1 9 4 20 6 13 -3 -6 17 10 27 22 -13 -4 -7 16 -16 -8 29 -20 -2 23 25 -9 -17 -12 -5 -1 -14 -10
right_child=3 2 5 26 7 14 8 21 18 -11 11 12 28 -15 15 24 -18 -19 19 -21 -22 -23 -24 -25 -26 -27 -28 -29 -30 -31
leaf_value=0.0069524565899898904 0.0027543868877737058 -0.0041449567368271765 -0.027511471816092606 -0.043951796254635689 0.0072023008899827975 -0.012906930853107387 -0.0020370934299801069 -0.0025274407539189088 0.0016232480395706882 0.012002045416336048 0.0092427576959513962 0.0066591137594867334 -0.0073362965745677432 -0.0096639898754880219 -0.0075512364092998677 -0.012781197711887619 0.015983855606261733 0.053063518896266842 -0.0018602189078881877 0.0083882185548431066 -0.011608188844613086 -0.01180533672154175 -0.0040723142329136082 0.033026267900125771 0.0093089632494096561 -0.0021778698402977904 -0.023144530519119012 0.021644437832227754 0.0332788631963419 0.020246708753845419
leaf_weight=412.24428804218769 276.70221547782421 914.30017767846584 210.11938976123929 108.46964921057224 316.96941132843494 419.53869908303022 1062.9658582285047 201.24470377713442 142.74878934025764 1359.2748018279672 2134.6681237593293 511.57700683176517 1022.1921023949981 1412.4691562019289 908.06536776199937 95.294813234359026 130.5833992883563 16.736163809895515 732.06661796569824 2033.8800864964724 998.0487039424479 1030.3091247454286 350.1259191557765 39.492889180779457 639.11876197904348 356.56946946680546 514.20427446067333 306.18483918905258 23.422914147377014 439.80786204338074
leaf_count=1719 2495 5147 2227 2642 1664 3576 5890 1191 660 6335 10309 2714 5408 13095 7514 1094 952 82 4755 10539 10554 7005 1901 224 4642 1782 9338 1274 111 2009
internal_value=-8.7343e-05 0.00149936 -0.00132149 -0.014489 0.00154153 -0.00652234 0.00370017 -0.0057207 0.00531997 0.00617984 0.00463323 0.00323171 -0.00212753 -0.0119752 -0.00248709 -2.15666e-05 -0.0045923 -0.00118299 0.00741681 0.00567575 -0.00849059 -0.0089434 0.00616881 0.00330513 0.00644262 0.00760813 -0.0267692 0.013214 -0.00642647 0.0156832
internal_weight=19119.4 17222 10745.7 1897.42 6930.52 3815.19 5342.51 1588.02 4428.21 6476.26 5116.98 4398.56 1557.19 1622.59 2192.6 1773.06 1038.65 1079.7 3348.5 2765.95 1274.75 1271.05 2841.36 240.738 734.414 2491.24 622.674 718.429 1045.62 582.557
internal_count=128848 103819 72266 25029 39166 33100 29082 10084 23935 31553 25218 22225 8233 15322 17778 14202 8466 5972 17963 15294 13049 8420 13992 1415 5736 12091 11980 2993 5519 2669
is_linear=0
shrinkage=0.05


Tree=40
num_leaves=31
num_cat=0
split_feature=28 13 1 16 31 15 14 40 14 25 15 13 25 0 13 9 26 27 4 34 37 34 28 13 24 13 8 15 22 26
split_gain=159.604 82.2299 58.2927 52.8936 37.2247 31.9506 27.8014 26.8332 23.8568 22.3529 18.2948 18.1179 18.0969 17.5823 20.2034 17.4713 17.2194 17.1429 19.3565 16.5756 15.3525 14.9758 15.427 16.4852 16.3316 14.8551 14.7851 14.6468 14.1734 14.5839
threshold=5.5000000000000009 0.4155000000000007 3.5000000000000004 4.5000000000000009 3.5000000000000004 -0.018333333333333358 -0.060599999999999953 -3.4999999999999996 0.009233333333333248 4.5000000000000009 0.021666666666666678 -0.91633333333333311 1.5000000000000002 20.500000000000004 2.1041666666666674 3.9250000000000003 -1.0000000180025095e-35 0.044999999999999936 47.500000000000007 6.1050000000000013 3.5000000000000004 4.6750000000000007 2.5000000000000004 1.2825 0.071666666666667669 2.241666666666668 0.52610000000000012 -0.0059999999999999906 -0.62999999999999956 -0.095000000000000182
decision_type=2 2 2 2 2 2 2 2 2 2 2 2 2 2 2 2 2 2 2 2 2 2 2 2 2 2 2 2 2 2
left_child=1 2 4 13 6 15 27 16 -7 21 25 -10 -9 14 -2 -4 -6 18 -8 28 -5 -3 26 -24 -25 -11 -23 -1 29 -13
right_child=3 9 5 20 7 8 17 12 11 10 -12 19 -14 -15 -16 -17 -18 -19 -20 -21 -22 22 23 24 -26 -27 -28 -29 -30 -31
leaf_value=-0.011882522012835458 -0.0065583011036673827 0.0020015435233153417 -0.024709895977298509 -0.030084886515409845 -0.041834507714982962 -0.0078925084305465475 -0.0051040757511310883 0.0036831658941808842 -0.013196383907008339 -0.0023511407026898124 0.010605551133373074 0.058758082576270326 -0.011907627459927041 -0.021406002260755393 0.039931810517771123 -0.0095239188040152963 0.010752636246388786 -0.00092041228804367508 0.0079473916831317003 0.0099052463642964172 -0.010371148686717582 0.014682740638912492 0.0035475616924642746 0.010185605125508113 0.036285208108272904 0.03968043866476887 0.0020025588732860036 0.0011314862859087579 -0.0085004274369402232 0.0049691260020222981
leaf_weight=393.18191225081682 1034.5260103233159 1036.9061843305826 303.67902389913797 483.92741031199694 16.475653015077114 1651.2994978278875 313.34199202060699 230.57375103980303 182.44043424725533 1403.0478623062372 381.63807973265648 13.846844814717768 965.5320193246007 208.11016226187348 23.909205034375191 503.30356628447771 282.19008237868547 936.98374016955495 3042.5959187969565 543.95572198182344 124.08315980061889 1343.0715054124594 1707.6498824059963 640.78766275942326 66.122755646705627 21.341337010264397 277.36034190654755 480.31774488836527 337.41647920757532 140.13419304043055
leaf_count=2344 10703 4896 3524 9846 106 14426 1675 1367 2122 7425 1882 103 6701 2204 142 4533 1475 5513 16102 4107 2134 5736 8984 2905 288 96 1160 2629 2545 1175
internal_value=-8.4892e-05 0.00142374 -0.00139499 -0.0139396 0.00139427 -0.00644926 0.00340476 -0.00555464 -0.0039771 0.0056602 0.00088346 0.00133211 -0.00890218 -0.00812036 -0.00550813 -0.0152386 0.00785171 0.00505925 0.00672878 0.00389219 -0.0260617 0.00736113 0.00873843 0.00620572 0.0126269 -0.00172139 0.0125123 -0.00472641 -0.00276401 0.00980613
internal_weight=19089.8 17215.2 10337.3 1874.56 6661.19 3676.08 5166.42 1494.77 2869.09 6877.93 1806.03 1217.79 1196.11 1266.55 1058.44 806.983 298.666 4292.92 3355.94 1035.35 608.011 5071.9 4034.99 2414.56 706.91 1424.39 1620.43 873.5 491.398 153.981
internal_count=128848 103819 70447 25029 37912 32535 28263 9649 24478 33372 9403 10052 8068 13049 10845 8057 1581 23290 17777 7930 11980 23969 19073 12177 3193 7521 6896 4973 3823 1278
is_linear=0
shrinkage=0.05


Tree=41
num_leaves=31
num_cat=0
split_feature=40 20 9 13 24 13 28 2 25 14 17 13 27 28 39 25 26 11 13 40 17 33 24 16 15 7 36 10 20 19
split_gain=148.404 93.9576 52.1639 48.6712 36.2188 32.3942 31.6252 23.2858 21.7403 21.3553 20.9647 21.5381 18.9009 18.604 25.8486 17.8515 16.4314 16.0067 15.96 15.7907 15.3097 15.1682 15.0095 14.9951 14.9121 14.6546 15.1148 14.1379 19.1433 14.0934
threshold=2.5000000000000004 -0.2600000000000004 4.9150000000000009 -2.0408333333333322 0.016666666666667943 -1.8116666666666661 5.5000000000000009 3.5000000000000004 2.5000000000000004 -0.010924999999999989 2.5000000000000004 1.5783333333333336 -1.0000000180025095e-35 1.5000000000000002 1.0000000180025095e-35 5.5000000000000009 0.020000000000000021 0.33525000000000005 1.4708333333333334 1.0000000180025095e-35 3.5000000000000004 0.19500000000000003 0.048333333333334234 2.5000000000000004 0.023333333333333341 4.8950000000000005 6.6450000000000005 0.26945000000000002 -0.8500000000000002 0.039999999999999994
decision_type=2 2 2 2 2 2 2 2 2 2 2 2 2 2 2 2 2 2 2 2 2 2 2 2 2 2 2 2 2 2
left_child=2 3 5 -2 6 -1 15 9 -7 -5 24 16 -9 -10 -15 -3 -12 23 -8 -18 29 -13 -11 -16 -4 -21 -27 28 -28 -6
right_child=1 4 10 7 20 8 18 12 13 22 11 21 -14 14 17 -17 19 -19 -20 25 -22 -23 -24 -25 -26 26 27 -29 -30 -31
leaf_value=-0.019890745117246301 -0.03973906155784588 -0.00011504737079705979 0.007245796161044208 -0.022458616032710616 0.010707185871342034 0.0039004598984033476 -0.01926294599152753 0.020220146202143158 0.0056171683098792079 -0.012932479298303243 0.0045816297127768144 0.015956744735645442 -0.0098640488562366929 -0.013591323294316393 0.0061724086611854283 -0.012169892705754864 -0.010795112129655055 0.0030317941786000401 0.0070683698567196689 -0.012830057683121083 -0.001985806131347322 -0.020460488765580084 0.006342553706310693 -0.0088502166093037352 0.017675007757800443 0.01715375841203735 0.092657589162611062 -0.00055056766134517672 0.011607979078819821 -0.02222386442230842
leaf_weight=220.16012406721711 191.88066088408232 1455.8639015331864 2515.3740909621119 628.42799676582217 713.40667882189155 1914.4602414295077 496.37953744083643 86.552247818559408 536.22376003861427 779.06489042937756 3069.3981984443963 440.03573802113533 131.57823849469423 612.5273507758975 205.38570287078619 389.20973252505064 361.99098256230354 911.36213947460055 65.094479039311409 169.35806511715055 516.64629903063178 30.580079361796379 116.04276657104492 868.65397365018725 396.81880947202444 160.68214070051908 9.1517307162284833 999.94105676189065 35.724985897541046 34.03992086276412
leaf_count=2857 4431 9939 12685 7541 4829 10655 6562 658 2637 9073 15308 1895 1471 4767 1029 3025 2241 5925 480 1157 3657 132 1155 6294 1830 831 55 5295 187 247
internal_value=-8.24208e-05 -0.00691901 0.00276451 -0.0158392 -0.00222022 -0.00111636 -0.00581985 -0.0132061 -0.000297648 -0.0153937 0.00526144 0.00338203 0.00207309 -0.00286201 -0.00461215 -0.00265796 0.00238246 -0.00184194 -0.0162102 -0.00150397 0.00463267 0.0135904 -0.0104336 -0.00597748 0.00866689 0.000942327 0.00287718 0.00068159 0.0281365 0.00920745
internal_weight=19062 5604.19 13457.8 1933.55 3670.64 5268.77 2406.55 1741.67 5048.61 1523.54 8189.06 5276.86 218.13 3134.15 2597.93 1845.07 4806.25 1985.4 561.474 1736.85 1264.09 470.616 895.108 1074.04 2912.19 1374.86 1205.5 1044.82 44.8767 747.447
internal_count=128848 53068 75780 24329 28739 34164 20006 19898 31307 17769 41616 27101 2129 20652 18015 12964 25074 13248 7042 9766 8733 2027 10228 7323 14515 7525 6368 5537 242 5076
is_linear=0
shrinkage=0.05


Tree=42
num_leaves=31
num_cat=0
split_feature=28 13 25 16 14 13 7 14 13 39 4 25 34 28 39 31 17 12 15 10 34 1 34 10 7 11 3 20 20 14
split_gain=136.469 70.8078 49.6292 48.0488 26.7819 30.8499 24.9235 22.0338 22.4819 19.9748 19.8931 19.0543 17.8521 16.7298 18.6703 18.2731 18.7004 19.6177 16.4697 15.9131 15.8688 15.8457 16.9071 15.7146 15.5323 18.9173 15.562 16.2149 20.453 15.4295
threshold=5.5000000000000009 -0.88500000000000034 4.5000000000000009 4.5000000000000009 0.071633333333333368 0.483333333333333 2.0100000000000002 0.022558333333333295 1.6191666666666669 2.5000000000000004 49.500000000000007 2.5000000000000004 5.4650000000000007 1.5000000000000002 1.0000000180025095e-35 3.5000000000000004 1.5000000000000002 0.36215000000000003 0.016666666666666653 0.37230000000000002 4.3750000000000009 3.5000000000000004 6.3150000000000004 0.47844999999999999 4.1450000000000005 0.35445000000000004 36.500000000000007 -0.88500000000000012 -1.3599999999999994 0.12968333333333337
decision_type=2 2 2 2 2 2 2 2 2 2 2 2 2 2 2 2 2 2 2 2 2 2 2 2 2 2 2 2 2 2
left_child=1 6 4 18 5 10 19 8 9 -4 -3 -8 -7 20 -15 21 17 -17 29 -1 -12 -16 -23 -10 25 -18 27 28 -26 -2
right_child=3 2 7 -5 -6 12 11 -9 23 -11 13 -13 -14 14 15 16 24 -19 -20 -21 -22 22 -24 -25 26 -27 -28 -29 -30 -31
leaf_value=-0.037663067574119719 -0.012582244543379176 -0.0071834422078589887 -0.0029481225653116843 -0.024872212753769066 0.0099662382456951921 0.0026113567527026246 0.00046907606892205049 0.0035654650019493815 0.024401978709179845 -0.012292452986210305 -0.016246435057887261 -0.010301255697627418 0.0093219069103912689 -0.0074803762309584854 0.0044666303263108968 0.040065471080609323 0.14905249750745306 0.19301233923363237 0.0015011523338275439 0.1150225141198451 0.010703533432431578 -0.0077984216875606003 0.0035225083012570425 -0.0041716739628098491 0.029760188921202899 -0.011516017474565191 -0.0083919024437970804 0.011480152467933935 0.17842764721168403 0.019267103781732565
leaf_weight=81.941508870571852 851.27491267770529 704.89213040471077 2069.8962011635303 584.51601704582572 1704.7640157565475 1738.0775914043188 627.9321282543242 1209.3732923865318 110.70427426695824 790.25530528277159 59.229764968156815 1186.7779723107815 2306.0486684590578 616.17590910196304 1778.3645427748561 6.3531202673912031 4.5507020056247702 3.1292178109288216 360.90854319557548 1.7427676990628231 702.15462954342365 738.37468835711479 595.99795373529196 85.113744705915451 5.5363629385828972 3.0730327218770981 46.303805828094482 18.406417436897755 3.974141977727415 39.804950021207333
leaf_count=1291 9393 4234 12043 11980 8863 8147 5016 7437 505 6504 282 11360 10853 3987 8893 41 34 20 3247 17 3160 5772 4456 382 39 22 313 120 28 409
internal_value=-8.01888e-05 0.0013032 0.00243324 -0.0130359 0.00420362 0.00315075 -0.00780474 -0.00214711 -0.00440781 -0.00552995 0.000636155 -0.00657447 0.00643786 0.00183922 0.000490371 0.00202323 0.0240676 0.0905387 -0.00750985 -0.0344833 0.00860704 0.00137646 -0.00274192 0.0119822 0.0163664 0.0843293 0.0093854 0.0388714 0.0918837 -0.0111595
internal_weight=19035.6 17199.1 15300.7 1836.5 11035.4 9330.64 1898.39 4265.34 3055.97 2860.15 5286.52 1814.71 4044.13 4581.62 3820.24 3204.06 91.3268 9.48234 1251.99 83.6843 761.384 3112.74 1334.37 195.818 81.8445 7.62373 74.2207 27.9169 9.5105 891.08
internal_count=128848 103819 86135 25029 59264 50401 17684 26871 19434 18547 31401 16376 19000 27167 23725 19738 617 61 13049 1308 3442 19121 10228 887 556 56 500 187 67 9802
is_linear=0
shrinkage=0.05


Tree=43
num_leaves=31
num_cat=0
split_feature=40 9 13 13 24 28 14 31 13 24 1 13 3 28 25 13 11 27 13 24 23 40 27 34 22 34 11 8 26 13
split_gain=126.705 62.9088 58.2919 44.8836 28.9054 27.1997 25.426 25.1094 24.448 24.7844 23.4044 20.8943 17.2583 16.4682 18.1718 16.4564 14.1453 14.1033 13.4272 16.8198 13.0648 12.9056 12.7364 12.4549 12.1714 12.0645 11.8732 12.0197 13.9514 11.7846
threshold=3.5000000000000004 4.9350000000000014 -0.44250000000000006 -2.1274999999999991 0.016666666666667055 1.5000000000000002 0.027800000000000023 1.5000000000000002 2.1041666666666674 0.043333333333334341 2.5000000000000004 -1.9583333333333335 29.500000000000004 5.5000000000000009 5.5000000000000009 1.8108333333333333 0.32925000000000004 0.044999999999999936 1.6191666666666669 -0.051666666666667187 6.6950000000000012 2.5000000000000004 0.074999999999999747 6.2150000000000007 1.7050000000000001 5.5550000000000006 0.43095000000000006 0.38945000000000002 0.095000000000000209 0.94499999999999973
decision_type=2 2 2 2 2 2 2 2 2 2 2 2 2 2 2 2 2 2 2 2 2 2 2 2 2 2 2 2 2 2
left_child=1 3 11 -1 5 25 10 15 9 13 17 -2 -13 14 20 16 22 29 19 -12 -4 -9 23 -7 -20 -5 -15 -28 -29 -3
right_child=2 6 8 4 -6 7 -8 21 -10 -11 18 12 -14 26 -16 -17 -18 -19 24 -21 -22 -23 -24 -25 -26 -27 27 28 -30 -31
leaf_value=-0.027686477048722732 -0.039590056218119632 0.0055853145289735421 0.012882823097395619 -0.0031536010123114824 0.0030432861395627508 -0.0081881211368523676 0.0079400394360423492 -0.0090578965834369248 0.028336506883277265 0.0060623839449027422 -0.0092980360080897433 -0.0045587764384890797 -0.02351089671267266 -0.017362660483883578 -0.019756273388246384 0.05088459235728067 0.0020285655698472705 -0.00071066788503050917 -0.0030129540712162234 0.00041078953836187277 -0.0045651361401002986 -0.024447034424539566 -0.01935870437733446 0.0054447518995195468 0.015169453177488468 0.011814203094864627 -0.021461535098009972 0.01251899758527873 0.12291612984125376 0.013846533001706234
leaf_weight=168.92318077012897 138.472018558532 1616.4398871734738 125.10240583121777 219.50075589120388 2194.4378727227449 547.71436510235071 3028.1212515197694 1361.2360261380672 51.615053951740265 329.36836232990026 521.99143120273948 169.66374786943197 411.37714389339089 597.21018433943391 174.24802275747061 14.619701713323591 926.69758721441031 626.24846941977739 143.44348655641079 3068.0921163149178 753.48202749341726 151.38614009320736 163.30202665925026 241.36180771142244 256.84072348475456 348.17565369606018 28.460651341825724 41.799072083085775 3.0721665173768988 588.97655352950096
leaf_count=2941 3509 7555 899 1080 12965 3649 15681 11191 273 2622 3591 2758 6506 7372 1595 62 5933 3037 672 18405 5679 1930 1163 1625 1128 1720 372 448 35 2452
internal_value=-7.79191e-05 0.00162696 -0.00985091 -0.00225905 -0.00156272 -0.00410615 0.00412712 -0.00579482 -0.00565032 -0.00650489 0.00243466 -0.0221364 -0.0179769 -0.00890673 -0.00500608 -0.00195814 -0.00236927 0.00591121 -3.23805e-05 -0.00100086 -0.00208071 -0.0105981 -0.00664853 -0.00401811 0.00865371 0.00602667 -0.0150312 0.00395588 0.0200775 0.00779155
internal_weight=19011.4 16187.5 2823.87 6337.36 6168.43 3973.99 9850.15 3406.32 2104.36 2052.74 6822.03 719.513 581.041 1723.37 1052.83 1893.7 1879.08 2831.66 3990.37 3590.08 878.584 1512.62 952.378 789.076 400.284 567.676 670.542 73.3319 44.8712 2205.42
internal_count=128848 96780 32068 44259 41318 28353 52521 25553 19295 19022 36840 12773 9264 16400 8173 12432 12370 13044 23796 21996 6578 13121 6437 5274 1800 2800 8227 855 483 10007
is_linear=0
shrinkage=0.05


Tree=44
num_leaves=31
num_cat=0
split_feature=40 13 8 13 28 37 28 31 15 26 24 34 20 7 14 24 11 12 14 38 3 22 4 15 4 11 15 24 35 17
split_gain=117.268 80.8809 42.0567 39.4138 38.0861 27.3809 32.3434 32.0715 25.3922 23.1359 23.0835 20.7602 20.4825 19.9913 18.8211 18.5891 18.2179 17.5891 15.5669 15.5092 15.0189 14.7659 14.6838 13.8175 13.8168 13.7182 13.6519 13.2702 14.9147 19.3369
threshold=2.5000000000000004 -1.2483333333333331 0.18284999999999998 1.3083333333333333 5.5000000000000009 2.5000000000000004 1.5000000000000002 1.5000000000000002 0.023333333333333327 1.0000000180025095e-35 -0.053333333333333226 6.3450000000000006 -0.52999999999999992 2.0100000000000002 0.027 0.041666666666667414 0.31135000000000002 0.40275000000000005 0.017500000000000102 1.0000000180025095e-35 61.500000000000007 0.13000000000000014 57.500000000000007 0.039166666666666662 51.500000000000007 0.31755000000000005 0.025000000000000019 0.041666666666666526 0.29695000000000005 1.5000000000000002
decision_type=2 2 2 2 2 2 2 2 2 2 2 2 2 2 2 2 2 2 2 2 2 2 2 2 2 2 2 2 2 2
left_child=2 13 16 4 10 6 19 14 9 24 20 12 -12 -2 21 25 -1 26 -14 -4 -3 22 -8 -17 -7 -6 -10 -15 29 -29
right_child=1 3 5 -5 15 8 7 -9 17 -11 11 -13 18 27 -16 23 -18 -19 -20 -21 -22 -23 -24 -25 -26 -27 -28 28 -30 -31
leaf_value=-0.012659348572281362 -0.043521691054586982 -0.015516281427856575 0.018123593742010294 0.0064866277472395602 -0.025276881653002049 -0.0038563885076202059 0.0011635100833983856 -0.0038526463042328077 0.022551817764496305 -0.0055929056855506393 -0.014175332373234626 0.0032824780585888566 -0.0063601402435506695 -0.024357624630449576 0.010334437601642458 -0.0021905879195267806 -0.0011064888187027617 0.030138401453605038 0.0048738277496878177 -0.012682416105411362 0.089796903259414917 0.0066518807491790892 -0.023662322968808894 0.10411784586864677 0.0039617363863696121 -0.01235826872226521 0.0027371199633442478 0.12066286357204759 -0.015269338368229976 0.0039177666981420004
leaf_weight=564.25630839169025 126.81175972148776 411.20321666449308 609.03186611831188 711.17203242331743 353.58154394477606 763.43064918369055 1457.5745070651174 998.39316216856241 107.60315419733524 1566.3008536957204 483.52230650931597 1125.6080417186022 820.89396178722382 265.57198829203844 1655.3228062689304 186.65250499919057 863.36885522678494 91.964299160987139 493.91517076641321 43.794253692030907 3.4135318621993056 2051.2945103794336 62.099843174219131 3.1074590161442748 2175.5551456660032 490.66679526120424 452.40016131103039 5.4161565303802481 32.095141865313053 10.277186945080755
leaf_count=4871 3316 3814 2578 3740 5276 4213 7721 5819 570 10932 4548 8547 5879 4516 7705 2173 6948 466 3310 189 36 9294 348 33 11815 7138 2311 78 507 157
internal_value=-7.56997e-05 -0.00621016 0.0024414 -0.00442988 -0.00620538 0.00340393 0.00546917 0.00435875 0.000649822 -0.000684814 -0.00360841 -0.00204281 -0.005376 -0.0267714 0.00592739 -0.0145904 -0.00567266 0.00987254 -0.00214004 0.016057 -0.0146492 0.0038845 0.000149029 -0.000449709 0.0019309 -0.0177687 0.00654446 -0.0199929 0.00426297 0.0442094
internal_weight=18986.3 5523.91 13462.4 5083.74 4372.56 12034.8 6877.51 6224.68 5157.25 4505.29 3338.56 2923.94 1798.33 440.172 5226.29 1034.01 1427.63 651.968 1314.81 652.826 414.617 3570.97 1519.67 189.76 2938.99 844.248 560.003 313.36 47.7885 15.6933
internal_count=128848 53068 75780 44494 40754 63961 33654 30887 30307 26960 26134 22284 13737 8574 25068 14620 11819 3347 9189 2767 3850 17363 8069 2206 16028 12414 2881 5258 742 235
is_linear=0
shrinkage=0.05


Tree=45
num_leaves=31
num_cat=0
split_feature=13 40 13 27 7 14 28 31 1 0 3 15 10 22 24 34 14 8 23 13 24 21 17 24 1 31 14 3 35 35
split_gain=107.382 79.9448 40.4482 30.8719 30.2274 25.6554 25.3062 44.079 24.7483 24.1158 23.3386 22.2048 21.6242 20.6105 19.4249 18.3041 17.671 17.1771 16.9399 15.9963 15.6454 15.5249 15.4052 15.2369 14.8265 14.7778 13.5827 17.1577 13.2516 13.2454
threshold=-1.5183333333333326 2.5000000000000004 0.11166666666666593 0.044999999999999936 2.0100000000000002 -0.011566666666666654 1.5000000000000002 1.5000000000000002 4.5000000000000009 14.500000000000002 41.500000000000007 0.023333333333333327 0.37230000000000002 -1.0049999999999999 0.069999999999999854 6.205000000000001 -0.095266666666666638 0.26900000000000007 6.785000000000001 1.5416666666666665 0.0099999999999993445 -0.019999999999999993 4.5000000000000009 -0.055000000000000153 5.5000000000000009 2.5000000000000004 0.036558333333333339 20.500000000000004 0.19775000000000004 0.40695000000000003
decision_type=2 2 2 2 2 2 2 2 2 2 2 2 2 2 2 2 2 2 2 2 2 2 2 2 2 2 2 2 2 2
left_child=4 3 8 6 12 19 9 13 15 25 -11 16 -1 -8 21 22 -9 -5 -10 24 -6 -7 -3 -15 -4 -2 -20 -28 -12 -29
right_child=1 2 5 17 20 14 7 11 18 10 28 -13 -14 23 -16 -17 -18 -19 26 -21 -22 -23 -24 -25 -26 -27 27 29 -30 -31
leaf_value=-0.038307650923590557 0.01389635770210452 -0.004522025084452405 -0.0050630656769922785 -0.0080160535832984499 -0.020112108259633429 0.01011352784669115 -0.0019300446443684103 -0.014852655839055727 -0.0081780841536590303 0.0086177486700564614 0.060745830652509415 0.0088840214932103152 0.11502522015692232 -0.010553686707174645 0.02120743838353183 0.004037366340902228 -0.0014458748635700217 0.00060201574036238578 -0.023752382292587859 0.0070698112558034683 -0.0024342861339084663 -0.0012844535693688115 -0.024827471566419845 0.0081770916632973988 -0.018491241476506194 0.0010377986747983606 0.17100438501455356 -0.014454352775874063 0.023304312098298207 0.025218428966349005
leaf_weight=185.08196196332574 308.29607835412025 332.5837676897645 798.98700369149446 812.23839553818107 310.31879300996661 403.24661029875278 661.37246502935886 266.84051010757685 638.92980897054076 443.07838778197765 25.659176349639893 490.09940432757139 2.3283030278980723 111.84445165842772 138.53539227694273 438.0461171194911 3114.6298452503979 2006.5287410989404 501.47680186107755 194.31803794205189 209.76615056395531 1152.904341313988 129.88687809556723 3712.5085484981537 276.76973795890808 811.81707526743412 1.3314347229897965 157.13957512378693 299.12330721318722 24.290982220321894
leaf_count=4491 1321 2905 5218 5748 4228 2304 3761 1785 8382 1941 114 2629 28 572 828 3561 20488 10688 7117 1019 2528 8439 1233 17124 2948 3676 20 2097 1327 328
internal_value=-7.36331e-05 0.000667194 -0.00458359 0.00275257 -0.019186 -0.000760255 0.00402748 0.00284638 -0.00968111 0.00925573 0.0160809 -0.00106226 -0.0364027 0.00621988 0.00326631 -0.00328718 -0.00250384 -0.00188131 -0.0140327 -0.00613298 -0.0129821 0.00166911 -0.0102249 0.0076293 -0.00851785 0.00457694 -0.0194996 -0.00783034 0.0262623 -0.00914273
internal_weight=18960 18252.5 5188.45 13064 707.495 2964.76 10245.3 8357.3 2223.69 1887.97 767.861 3871.57 187.41 4485.73 1694.69 900.517 3381.47 2818.77 1323.17 1270.07 520.085 1556.15 462.471 3824.35 1075.76 1120.11 684.239 182.762 324.782 181.431
internal_count=128848 117573 46399 71174 11275 20756 54738 46359 25643 8379 3382 24902 4519 21457 11571 7699 22273 16436 17944 9185 6756 10743 4138 17696 8166 4997 9562 2445 1441 2425
is_linear=0
shrinkage=0.05


Tree=46
num_leaves=31
num_cat=0
split_feature=13 40 20 16 34 24 28 28 31 2 14 26 10 15 15 27 20 37 33 36 24 13 13 17 4 24 8 34 24 9
split_gain=100.536 77.0735 43.1028 32.2524 30.4562 27.6778 23.2011 23.0481 38.0394 19.8631 18.6727 17.4505 16.4679 16.204 15.9959 15.3551 15.1309 24.056 15.777 15.4217 16.095 15.0752 14.9266 15.3571 14.4728 13.5495 13.3788 13.0486 13.7534 12.8156
threshold=-2.0408333333333322 2.5000000000000004 -0.2600000000000004 2.5000000000000004 5.205000000000001 0.016666666666667943 5.5000000000000009 1.5000000000000002 1.5000000000000002 3.5000000000000004 -0.010924999999999989 0.079999999999999641 0.37230000000000002 0.023333333333333327 -0.034999999999999989 -1.0000000180025095e-35 1.0000000180025095e-35 1.5000000000000002 0.13500000000000004 6.7250000000000005 0.1116666666666677 1.235000000000001 -0.88500000000000034 1.5000000000000002 49.500000000000007 -0.053333333333333226 0.47545000000000004 4.245000000000001 0.043333333333334341 6.8350000000000009
decision_type=2 2 2 2 2 2 2 2 2 2 2 2 2 2 2 2 2 2 2 2 2 2 2 2 2 2 2 2 2 2
left_child=12 3 9 13 14 6 25 -6 11 10 -3 24 -1 16 -5 -11 -2 18 21 -19 -21 -18 -10 -24 -9 -4 -26 -20 -29 -16
right_child=1 2 5 4 7 -7 -8 8 22 15 -12 -13 -14 -15 29 -17 17 19 27 20 -22 -23 23 -25 26 -27 -28 28 -30 -31
leaf_value=-0.029886600887819345 0.008864041497151226 -0.020246843890265525 -0.011578360422897388 -0.021462022669347755 0.0083264263323910952 0.0043332478401133757 -0.014022707034411212 -0.0036737279384620064 -0.012340170588972382 0.018967570878736725 -0.008738564854976193 -0.0043100906271682565 0.060476395008644358 0.01127052359166137 -0.0043719242920513979 -0.0082245778354795816 -0.01128217579323307 0.0049822623089014438 -0.0046284730728340766 -0.0072039480955710892 0.038933616915456937 0.02593793240131953 0.0067612492005228722 -0.0043848994703672836 0.008957451596746038 -0.00019380139718574868 -0.0054059858921004364 0.0082912858844952815 0.023232351275884525 0.028849483824419347
leaf_weight=303.30460355058312 1201.4076058864594 594.57649055868387 315.93361676484346 138.53939370438457 1221.5931051522493 1264.1517054326832 532.16161067038774 319.38097182661295 439.29438572376966 87.598344128578901 865.63353757560253 467.16378941386938 5.127161841839551 1005.7416160106659 1693.5742089934647 127.4551325365901 182.78181019425392 457.0169433131814 153.74625325202942 906.84066663682461 19.305051192641258 31.962208300828934 387.98107267916203 1518.5997379869223 1927.2151651754975 1512.8621392250061 177.01144631206989 858.67083546519279 187.69055491685867 29.536069564521313
leaf_count=6603 5276 7541 2511 946 5703 8721 7017 1676 4425 658 10228 2684 63 4466 10578 1471 801 2396 655 4765 90 130 2584 10837 10120 10444 823 3708 773 155
internal_value=-7.15952e-05 0.000397258 -0.00470251 0.00242582 0.000517871 -0.00163737 -0.00483428 0.00214208 0.000699406 -0.0113352 -0.0134246 0.0045383 -0.0283845 0.00559733 -0.00511665 0.00285168 0.00417068 0.00215545 0.00673938 -0.0025335 -0.00624223 -0.00574239 -0.00403118 -0.00211671 0.00624387 -0.00216054 0.00774917 0.00897284 0.0109713 -0.00380247
internal_weight=18933.9 18625.4 5300.37 13325.1 8319.89 3625.11 2360.96 6458.24 5236.65 1675.26 1460.21 2890.77 308.432 5005.16 1861.65 215.053 3999.42 2798.01 1414.85 1383.16 926.146 214.744 2345.88 1906.58 2423.61 1828.8 2104.23 1200.11 1046.36 1723.11
internal_count=128848 122182 48591 73591 50531 28693 19972 38852 33149 19898 17769 15303 6666 23060 11679 2129 18594 13318 6067 7251 4855 931 17846 13421 12619 12955 10943 5136 4481 10733
is_linear=0
shrinkage=0.05


Tree=47
num_leaves=31
num_cat=0
split_feature=13 40 2 24 8 22 24 13 28 4 34 17 20 13 20 10 40 28 14 0 11 20 34 3 0 15 11 28 10 15
split_gain=93.1429 70.036 41.3619 34.67 30.1729 30.907 29.0545 25.227 20.6607 19.7213 21.4045 17.5552 18.273 15.6716 15.3313 14.869 14.6186 17.4415 15.9267 14.2887 13.8448 15.3294 13.6862 15.2106 12.9578 12.6461 24.6968 16.0171 12.6181 12.3491
threshold=-2.0408333333333322 3.5000000000000004 3.5000000000000004 -0.028333333333332874 0.46890000000000004 1.2849999999999999 0.021666666666667837 1.5416666666666665 5.5000000000000009 49.500000000000007 6.3150000000000004 1.5000000000000002 0.87000000000000044 -1.3524999999999998 -2.2249999999999992 0.37230000000000002 -2.4999999999999996 1.5000000000000002 -0.054966666666666643 6.5000000000000009 0.33165 -0.3050000000000001 4.6750000000000007 45.500000000000007 23.500000000000004 -0.01666666666666668 0.31990000000000002 2.5000000000000004 0.308 0.011666666666666674
decision_type=2 2 2 2 2 2 2 2 2 2 2 2 2 2 2 2 2 2 2 2 2 2 2 2 2 2 2 2 2 2
left_child=15 2 3 13 11 -6 7 8 28 25 14 12 -4 -2 24 -1 -16 22 -19 -10 21 -15 -18 -24 -11 -5 -27 -28 -3 -8
right_child=1 6 4 9 5 -7 29 -9 19 10 -12 -13 -14 20 16 -17 17 18 -20 -21 -22 -23 23 -25 -26 26 27 -29 -30 -31
leaf_value=-0.02916945641502159 -0.020284742621286576 -0.014187068192867219 0.028923568157251681 -0.012110371973766814 -0.0022049868449959382 0.009523859601815508 -0.0035742108816399967 0.010329574818754766 -0.0053285969087485301 -0.017549022512673342 0.0067874709974239588 0.0084023516123488667 0.0026923733760287954 -0.013078001134470597 -0.0068004343048565707 0.054774533494188142 -0.0034752539757010024 -0.0056144352443230558 0.0026605809188587838 -0.023045142056712389 6.1685692077382656e-05 -0.0028940124070315405 0.008059020113322336 0.028200982709765711 0.045680660503254311 -0.010421261625466 0.01467542979325661 -0.0017873448864711011 -0.0030552703312429711 0.0096735614954347321
leaf_weight=295.42597984708846 150.16601071879268 448.63801981508732 227.195516128093 345.32719647884369 1515.3307524994016 892.49066010862589 533.08685376495123 132.99518185853958 145.76168867200613 153.48663189634681 2237.687556900084 1537.2599801532924 93.803205564618111 611.13518957421184 487.61307814717293 5.3711406849324694 128.27493016421795 710.22071715816855 3207.582068759948 519.16942299157381 1313.1488199867308 934.60506043210626 262.65807293355465 145.73834356665611 8.5543072782456857 414.21504167839885 263.76399344205856 335.90144909918308 588.49252993613482 262.54572770744562
leaf_count=6603 1650 4983 1162 2230 7720 3918 5317 799 2333 1384 13208 8055 447 4953 2503 63 567 4354 18996 8205 8798 5792 1146 650 71 2424 1270 2160 5083 2004
internal_value=-6.94592e-05 0.000376738 0.00162152 8.59519e-05 0.00583654 0.00214246 -0.00718281 -0.0106428 -0.0122815 0.00168587 0.00271009 0.0106231 0.0212582 -0.00454038 0.000922534 -0.0276705 0.00141873 0.00231845 0.00116048 -0.0191614 -0.00371339 -0.00692043 0.0107718 0.0152468 -0.0142111 -0.00384651 -0.00103184 0.00545384 -0.00787062 0.000797337
internal_weight=18907.6 18606.8 15976.2 11710.1 4266.08 2407.82 2630.69 1835.06 1702.06 8701.02 7341.82 1858.26 320.999 3009.06 5104.13 300.797 4942.09 4454.47 3917.8 664.931 2858.89 1545.74 536.671 408.396 162.041 1359.21 1013.88 599.665 1037.13 795.633
internal_count=128848 122182 93458 72156 21302 11638 28724 21403 20604 50963 42879 9664 1609 21193 29671 6666 28216 25713 23350 10538 19543 10745 2363 1796 1455 8084 5854 3430 10066 7321
is_linear=0
shrinkage=0.05


Tree=48
num_leaves=31
num_cat=0
split_feature=7 40 13 27 1 14 4 9 37 34 8 28 31 0 17 34 24 13 13 24 3 14 13 0 36 15 34 37 13 8
split_gain=86.4381 64.3107 37.6551 29.9862 24.7853 22.5452 19.7694 19.2766 22.2379 19.1483 19.0531 18.4781 31.7676 23.4693 20.3884 16.8159 16.35 16.3447 16.148 16.1191 15.654 15.6364 15.2688 15.0876 14.8904 14.832 14.7057 13.9051 13.6712 13.6281
threshold=2.8050000000000002 2.5000000000000004 0.11166666666666593 0.044999999999999936 4.5000000000000009 -0.011566666666666654 49.500000000000007 3.9550000000000005 3.5000000000000004 6.205000000000001 0.26900000000000007 1.5000000000000002 1.5000000000000002 14.500000000000002 1.5000000000000002 4.5150000000000006 0.069999999999999854 0.47166666666666607 -3.0291666666666668 0.0049999999999994502 54.500000000000007 -0.0044916666666666707 0.47166666666666607 9.5000000000000018 6.7250000000000005 0.040000000000000022 4.0850000000000009 2.5000000000000004 1.5783333333333336 0.56680000000000008
decision_type=2 2 2 2 2 2 2 2 2 2 2 2 2 2 2 2 2 2 2 2 2 2 2 2 2 2 2 2 2 2
left_child=7 3 4 6 9 -4 17 18 -9 21 -5 13 20 15 -14 -8 -7 -2 -1 23 26 -3 -16 -6 -24 -21 -13 -17 -28 -30
right_child=1 2 5 10 19 16 11 8 -10 -11 -12 12 14 -15 22 27 -18 -19 -20 25 -22 -23 24 -25 -26 -27 28 -29 29 -31
leaf_value=-0.047732751303914425 -0.0063354897447874233 -0.020293916822661809 -0.0056185702061155272 -0.0085139586261471743 -0.0086636066358573988 0.0017394224801302186 -0.01304024132373771 -0.0065262984112702122 0.12730771717455142 0.0044366065263348803 0.00039756794043505734 -0.0065587149707735694 0.0073356967560446159 0.016477034809419581 -0.0054630157337471974 0.016982239180500278 0.01955614285923872 0.0046079313701884355 -0.020870168039999259 -0.0075746428851591555 -0.0040692204225057146 -0.0019365329581654115 0.010320752006346169 -0.023002276654586994 -0.0018654473972158792 0.080520071707163979 0.0072876039467801848 0.0028742561701799174 0.028872005771905865 -0.0037107636369597681
leaf_weight=68.921438278630376 854.03513294830918 204.96124772727489 1258.7621427513659 855.03398859128356 283.48865332081914 1552.4362621568143 122.40922905504704 10.960765119642017 4.3300114609301081 459.01107542216778 2009.2431632354856 181.82999391108751 701.29636472836137 658.43292755633593 1549.9804028905928 240.62249171733856 140.41249889135361 568.21151146292686 297.14638687297702 538.56468131393194 330.46954590082169 267.25119744241238 375.16759395599365 519.93916178494692 755.41869299858809 4.8207131810486308 3256.4329226613045 637.09133606404066 139.76211872696877 41.657707020640373
leaf_count=1983 5190 1999 9185 6263 4297 10743 552 140 49 3835 10695 849 4402 2897 11866 1029 828 2595 5524 6847 1699 2371 1918 7856 3851 71 15692 2891 563 168
internal_value=-6.74436e-05 0.000418102 -0.00427827 0.00226793 -0.00910769 -0.000550945 0.00351417 -0.0236302 0.0313725 -0.00283558 -0.00226267 0.00438069 0.00330259 0.00914666 -0.000254372 0.00432069 0.00321722 -0.00196341 -0.0259277 -0.0134444 0.00634783 -0.00990446 -0.0022401 -0.0179429 0.00217835 -0.0067931 0.00729889 0.00674192 0.00803182 0.0213903
internal_weight=18888.1 18506.7 5229.65 13277.1 2278.04 2951.61 10412.8 381.359 15.2908 931.224 2864.28 8990.57 7332.02 1658.56 3381.86 1000.12 1692.85 1422.25 366.068 1346.81 3950.15 472.212 2680.57 803.428 1130.59 543.385 3619.68 877.714 3437.85 181.42
internal_count=128848 121152 48032 73120 27276 20756 56162 7696 189 8205 16958 48377 41008 7369 22037 4472 11571 7785 7507 19071 18971 4370 17635 12153 5769 6918 17272 3920 16423 731
is_linear=0
shrinkage=0.05


Tree=49
num_leaves=31
num_cat=0
split_feature=13 40 20 27 17 13 15 1 2 11 8 14 24 13 33 22 15 34 0 24 8 36 1 27 3 10 13 4 34 24
split_gain=80.8707 58.9912 36.507 26.2783 24.586 21.2679 18.8212 18.4154 17.3324 17.1973 16.8128 16.7563 16.173 14.8292 17.2179 14.6102 14.5478 17.06 28.7788 13.6549 13.3865 13.3171 14.1523 13.1735 13.0745 12.9009 12.8348 12.0285 12.2544 11.9624
threshold=-2.0408333333333322 2.5000000000000004 -0.2600000000000004 0.044999999999999936 3.5000000000000004 1.5783333333333336 -0.018333333333333295 5.5000000000000009 3.5000000000000004 0.48555000000000009 0.26900000000000007 0.02861666666666671 -0.080833333333333521 1.4116666666666666 0.17500000000000002 -2.944999999999999 -0.011666666666666678 6.995000000000001 14.500000000000002 -0.031666666666666725 0.3674 6.5850000000000009 4.5000000000000009 -1.0000000180025095e-35 62.500000000000007 0.38490000000000008 0.57550000000000046 50.500000000000007 3.3150000000000004 0.069999999999999854
decision_type=2 2 2 2 2 2 2 2 2 2 2 2 2 2 2 2 2 2 2 2 2 2 2 2 2 2 2 2 2 2
left_child=25 3 8 6 12 7 15 24 9 -3 -5 13 -4 19 -15 -2 -11 -18 -19 -8 -7 22 26 -10 -6 -1 -14 -21 -29 -23
right_child=1 2 4 10 5 20 11 -9 23 16 -12 -13 21 14 -16 -17 17 18 -20 27 -22 29 -24 -25 -26 -27 -28 28 -30 -31
leaf_value=-0.027680159444100311 -0.032540204564185327 -0.013565501882951171 -0.022372784066126736 -0.0079705865235165582 -0.0047495049106050739 0.081645798460410757 -0.0049929968220368964 -0.017135792920332578 0.017675529809656063 -0.018547917431817596 0.00037762428337077104 0.007473969930765695 0.1147454523747691 0.01474874287003552 -0.0045736548962012789 -0.00067009514672288504 0.01820948592880443 0.23090012153374034 -0.012754154817831986 -0.0029038560738962969 0.0073477162458670323 0.0014977707343491109 0.0066369817813088277 -0.0074900692891354259 0.10451610003689799 0.059928185548300678 0.027531403700845627 -0.024339203796579278 0.0042488920265680002 0.01597098887801475
leaf_weight=283.24624587222934 36.68789579346776 1357.4574004486203 63.052110493183136 861.71737593784928 1095.1709430254996 6.2621008753776541 635.82768632099032 389.07271086797118 88.727542668581009 25.103199608623981 2009.581826813519 2751.8111703284085 7.5984095521271255 471.80425879359245 152.57576097548008 1814.3137278035283 39.731829565018415 2.6007108576595774 2.2694096192717552 764.06839437410235 190.18022918701172 1660.7493901960552 23.720936462283134 125.63957871124148 2.7446396313607684 4.2654113695025435 9.4835686385631544 37.859429821372032 3795.1953004673123 156.19427254796028
leaf_count=6618 310 16958 622 6369 8038 32 4122 4816 658 307 10695 14122 51 2024 654 10814 448 28 28 4183 994 12836 211 1471 23 48 46 213 20085 1024
internal_value=-6.54595e-05 0.000341806 -0.00414987 0.00210922 -0.0013349 -0.00574604 0.00327228 -0.00778872 -0.0103305 -0.0123218 -0.00212779 0.00425572 0.00253111 0.00274377 0.0100271 -0.00130178 0.0118993 0.0290359 0.117361 0.00187475 0.00971616 0.00337636 0.0316255 0.00292609 -0.00447636 -0.0263804 0.066326 0.00282463 0.00396652 0.00274197
internal_weight=18864.7 18577.2 5245.76 13331.4 3604.23 1683.43 10460.1 1486.99 1641.53 1427.16 2871.3 8609.14 1920.8 5857.33 624.38 1851 69.7051 44.602 4.87012 5232.95 196.442 1857.75 40.8029 214.367 1097.92 287.512 17.082 4597.12 3833.05 1816.94
internal_count=128848 122182 48591 73591 28693 13903 56527 12877 19898 17769 17064 45403 14790 31281 2678 11124 811 504 56 28603 1026 14168 308 2129 8061 6666 97 24481 20298 13860
is_linear=0
shrinkage=0.05


Tree=50
num_leaves=31
num_cat=0
split_feature=7 1 13 20 40 23 28 14 39 40 3 31 13 8 34 14 15 9 14 37 12 14 13 34 35 20 24 17 4 8
split_gain=75.6975 57.3976 32.8087 32.3288 33.0346 28.6461 24.225 21.1318 20.4889 17.0594 16.7337 16.5621 16.4804 17.1013 17.1445 15.1605 17.9871 14.8742 14.5688 14.4106 14.4956 13.9054 12.9664 12.8788 12.8299 13.4833 15.593 12.6095 17.5824 12.8347
threshold=2.0100000000000002 4.5000000000000009 0.63833333333333331 -0.079999999999999946 1.0000000180025095e-35 6.785000000000001 2.5000000000000004 0.036558333333333339 1.5000000000000002 4.5000000000000009 20.500000000000004 5.5000000000000009 1.1900000000000011 0.46890000000000004 5.8050000000000006 -0.054966666666666643 -0.0050000000000000175 5.3350000000000009 0.08951666666666673 3.5000000000000004 0.23285000000000003 -0.11614999999999995 -0.049999999999999371 5.7650000000000006 0.42120000000000007 0.14999999999999972 0.043333333333334341 1.5000000000000002 54.500000000000007 0.24020000000000002
decision_type=2 2 2 2 2 2 2 2 2 2 2 2 2 2 2 2 2 2 2 2 2 2 2 2 2 2 2 2 2 2
left_child=17 3 5 4 -2 8 15 9 11 -7 -9 27 13 14 -5 16 -6 -1 -8 21 -21 -4 -15 -17 25 26 -22 28 -3 -30
right_child=1 2 19 12 6 7 18 10 -10 -11 -12 -13 -14 22 -16 23 -18 -19 -20 20 24 -23 -24 -25 -26 -27 -28 -29 29 -31
leaf_value=-0.035451819986021892 -0.0097359264077486324 0.026358688639181345 -0.022372712358628782 0.0010759457376778435 -0.017867931484911816 -0.013207712855536922 -0.0036048730789998125 0.10784857080784301 -0.0050534966107908877 -0.029228836316404952 -0.0037035855779627143 -0.022972742865519608 0.0080784642969100196 -0.02184938440211007 0.0066500296533057862 -0.0007817407373560541 0.0056955609913562312 0.077309158541257514 0.0081043823082425932 -0.0197781468423209 0.049898724804833608 -3.610299361603861e-05 -0.0012329252784783152 0.010011855827348266 0.039566520687118002 0.0046469458966361286 -0.041634119466042549 0.011855477056341599 0.021105919040026955 0.16060096271443583
leaf_weight=165.22569446451962 933.79278989881277 24.106879584491256 73.685071542859077 2770.8920060656965 143.64888550341129 902.86458077840507 2471.9299587514251 3.3904770649969569 1246.198404353112 203.63162041455507 397.77616243623197 27.919563803821802 1746.9489690065384 81.355359334498644 2747.1514609344304 369.57771227508783 185.66401609033346 2.9772304594516745 297.6332447361201 34.942051291465759 32.985942855477333 1280.9348723590374 1219.0939073637128 1095.7392306402326 42.824689596891403 200.44666618108749 5.4168853610754004 130.13946337625384 2.468089021742343 4.9683196693658829
leaf_count=4540 7138 194 513 14325 814 10071 18165 60 14871 3740 4573 254 7442 434 14427 1988 928 35 2005 185 182 8358 5789 5322 232 1051 28 1126 21 37
internal_value=-6.35602e-05 0.000237149 -0.0046015 0.00182488 -0.00116733 -0.00777824 0.000585725 -0.0125918 -0.00272374 -0.0161561 -0.0027608 0.012589 0.00374552 0.00263538 0.003851 0.00511093 -0.00458302 -0.0334559 -0.00234653 0.000993545 0.0105971 -0.00125111 -0.00252268 0.00728953 0.0143652 0.00984676 0.0369876 0.0187299 0.0470919 0.114304
internal_weight=18846.3 18678.1 4614.7 14063.4 5497.99 2943.46 4564.19 1507.66 1435.8 1106.5 401.167 189.602 8565.44 6818.49 5518.04 1794.63 329.313 168.203 2769.56 1671.24 316.616 1354.62 1300.45 1465.32 281.674 238.849 38.4028 161.683 31.5433 7.43641
internal_count=128848 124273 45496 78777 36360 34947 29222 18444 16503 13811 4633 1632 42417 34975 28752 9052 1742 4575 20170 10549 1678 8871 6223 7310 1493 1261 210 1378 252 58
is_linear=0
shrinkage=0.05


Tree=51
num_leaves=31
num_cat=0
split_feature=13 1 15 37 16 9 24 31 40 37 1 20 15 24 40 4 35 13 25 14 27 0 13 24 34 15 36 26 24 0
split_gain=70.589 49.66 29.5927 29.3276 27.7772 20.5931 19.9117 18.7521 20.7168 18.5717 17.5736 18.5312 16.2458 19.5455 15.8557 15.4279 15.4051 14.7007 13.266 12.6682 13.2354 12.359 15.4018 17.5793 13.4475 12.2897 12.173 12.7599 12.0986 12.7699
threshold=-2.0408333333333322 4.5000000000000009 -0.0079999999999999915 3.5000000000000004 4.5000000000000009 3.9250000000000003 0.016666666666667055 3.5000000000000004 -3.4999999999999996 4.5000000000000009 1.5000000000000002 1.7500000000000004 0.049999999999999982 0.0016666666666673715 1.0000000180025095e-35 50.500000000000007 0.34685000000000005 1.2825 5.5000000000000009 0.027 0.06000000000000006 5.5000000000000009 1.4708333333333334 0.12083333333333358 5.495000000000001 0.03166666666666669 6.6650000000000009 0.010000000000000233 -0.0066666666666663757 6.5000000000000009
decision_type=2 2 2 2 2 2 2 2 2 2 2 2 2 2 2 2 2 2 2 2 2 2 2 2 2 2 2 2 2 2
left_child=-1 2 5 4 15 -2 7 10 -9 26 -4 14 28 -14 -12 17 -15 -3 -17 20 -7 -8 23 -23 -25 -11 -5 -28 29 -6
right_child=1 3 6 9 12 19 21 8 -10 25 11 -13 13 16 -16 18 -18 -19 -20 -21 -22 22 -24 24 -26 -27 27 -29 -30 -31
leaf_value=-0.025167329002029937 -0.0073081303975475326 -0.016806075244711609 0.01158399996765852 0.026840494744259896 -0.0050774204808153242 4.4206924927578846e-05 0.000939007185420405 0.01063777603739764 -0.0073577872183334201 -0.010310590876787545 -0.012914180077961782 0.01078984813324362 -0.052740924824355301 0.20690035482326233 0.0014797157120195322 -0.00065705116804333497 0.020712848515285417 0.0040291690078110148 -0.011125637701032007 0.0047366026295237252 -0.0097879556492024289 0.0063108659971598015 0.019375146701008289 0.086829674133450205 0.017533130733104821 0.038199794022007606 0.012871742341736339 -0.0028097691200950265 -0.0085516636578888052 -0.02555848753651311
leaf_weight=275.88383302092552 1135.3742235824466 369.28078582137823 531.36750936508179 81.117644626647234 99.416493959724903 2006.4202270694077 787.9554089717567 193.84464245289564 914.12004863098264 229.04189847037196 202.44280150532722 517.89142446219921 2.4113641157746306 2.4864829480648041 3483.4926603958011 2048.4903554320335 2.0082807205617428 109.84282413125038 355.08181869238615 1152.455364394933 412.67855720221996 2358.1140813156962 270.55775986611843 11.709669031202795 17.410074926912785 13.845290821045635 297.56108193472028 229.98145435005426 389.67649889737368 324.59391946345568
leaf_count=6666 7992 3519 2301 609 1674 11567 3828 925 5613 1861 1202 2364 53 36 20063 17089 31 611 3552 6375 2732 11574 1112 60 93 90 2146 1830 5820 5460
internal_value=-6.17808e-05 0.000311587 0.0017874 -0.0042232 -0.0061471 -0.00144241 0.00342402 0.00164632 -0.00420936 0.00414364 0.00301646 0.00193352 -0.0142634 0.0621005 0.000689159 -0.00383671 0.123711 -0.0120294 -0.00220358 0.000422265 -0.00163308 0.00643858 0.00806904 0.00678766 0.0453987 -0.00754535 0.00880815 0.00603541 -0.0149115 -0.0207564
internal_weight=18826.6 18550.7 13995.8 4554.84 3703.29 4706.93 9288.91 5843.16 1107.96 851.547 4735.19 4203.83 820.593 6.90613 3685.94 2882.7 4.49476 479.124 2403.57 3571.55 2419.1 3445.75 2657.79 2387.23 29.1197 242.887 608.66 527.543 813.687 424.01
internal_count=128848 122182 77801 44381 37845 28666 49135 32468 6538 6536 25930 23629 13074 120 21265 24771 67 4130 20641 20674 14299 16667 12839 11727 153 1951 4585 3976 12954 7134
is_linear=0
shrinkage=0.05


Tree=52
num_leaves=31
num_cat=0
split_feature=7 1 15 13 9 27 7 28 37 23 11 24 10 17 19 20 36 23 5 3 40 26 4 15 10 34 8 24 24 34
split_gain=67.1717 48.875 36.6092 32.3068 23.4332 22.4193 17.8734 16.9883 22.0284 17.7006 15.1964 14.5739 14.0589 13.963 13.921 13.3474 13.1759 13.0229 13.3043 12.7223 12.5753 17.985 12.4033 13.2829 12.2435 17.8582 12.5447 12.206 11.7663 13.554
threshold=2.0100000000000002 5.5000000000000009 -0.0099999999999999655 0.97833333333333294 3.9250000000000003 0.044999999999999936 4.4650000000000007 1.5000000000000002 1.5000000000000002 6.745000000000001 0.25785000000000008 0.02666666666666773 0.37230000000000002 2.5000000000000004 0.15500000000000003 1.7500000000000004 6.9450000000000012 6.8050000000000006 1.0000000180025095e-35 53.500000000000007 2.5000000000000004 -0.064999999999999933 50.500000000000007 -0.010833333333333332 0.22594999999999996 6.7750000000000012 0.22070000000000004 0.02999999999999892 -0.035000000000000579 7.4250000000000007
decision_type=2 2 2 2 2 2 2 2 2 2 2 2 2 2 2 2 2 2 2 2 2 2 2 2 2 2 2 2 2 2
left_child=12 2 4 17 22 7 24 9 11 -4 -11 15 -1 -10 20 -9 -12 18 -3 -20 -6 -22 23 -2 -7 -26 -27 -13 -24 -30
right_child=1 3 5 -5 14 6 -8 8 13 10 16 27 -14 -15 -16 -17 -18 -19 19 -21 21 -23 28 -25 25 26 -28 -29 29 -31
leaf_value=-0.034385354985620196 -0.019132976431118425 -0.012128657460286329 0.0025096706767937095 0.002983221457840482 0.00092498264285879948 -0.019155979508582034 0.00022197668778404622 0.0016720789691003247 0.0038427168215175176 0.02750032750893578 0.013188954776531765 0.026838490275980342 0.075402267637916187 -0.0037426195686223874 0.057189852968168177 0.010741750275945349 -0.0097125718161137371 -0.017094385598335562 0.0044026854059608551 -0.034850070825045536 0.0093146746664216473 -0.0094047534719103251 -0.015643802267718231 0.02031110362489108 -0.0059751819947927226 0.015986328471143316 0.11627463576673645 0.007576798872443849 -0.0031681412946874122 0.054614795109000851
leaf_weight=156.78542146272957 315.73187975212932 505.91924791783094 580.10118240863085 543.22124967724085 2948.7780369184911 220.40360778383911 2183.9592167064548 2968.133529279381 977.18833140656352 165.9862168431282 501.3007604777813 86.595609771087766 2.9712314121425143 1600.1605044566095 10.44126522913575 469.86781422421336 71.799617648124695 582.53831334598362 264.91365816630423 22.387152500450611 157.22557017579675 697.72152180969715 215.09820476174355 22.891145933419466 137.17548673786223 7.9916214421391469 5.1132728382945061 1638.1339683681726 736.54707018099725 10.290468901395796
leaf_count=4547 2644 6801 2517 3465 16702 2011 12894 17735 5869 724 2177 451 28 10128 65 2272 313 8460 3586 286 1188 6349 2069 186 1125 76 43 8314 5735 88
internal_value=-5.9933e-05 0.000216644 0.00108362 -0.00734118 -0.002441 0.00263585 -0.00150103 0.00380242 0.00290854 0.00904709 0.0141782 0.00479321 -0.0323435 -0.000866679 -0.000464765 0.00291162 0.0103198 -0.0114178 -0.00724891 0.00134402 -0.000623028 -0.00596223 -0.00823675 -0.0164665 -0.0116525 -0.000647775 0.0551169 0.00854389 -0.00533968 -0.00237197
internal_weight=18807.4 18647.6 16728.6 1918.98 5114.73 11613.9 2554.64 9059.27 7740.08 1319.19 739.087 5162.73 159.757 2577.35 3814.17 3438 573.1 1375.76 793.22 287.301 3803.73 854.947 1300.56 338.623 370.684 150.28 13.1049 1724.73 961.936 746.838
internal_count=128848 124273 101675 22598 35026 66649 16149 50500 44769 5731 3214 28772 4575 15997 24304 20007 2490 19133 10673 3872 24239 7537 10722 2830 3255 1244 119 8765 7892 5823
is_linear=0
shrinkage=0.05


Tree=53
num_leaves=31
num_cat=0
split_feature=7 40 20 14 16 17 36 13 2 11 28 27 24 15 9 20 34 34 24 13 36 15 21 14 36 21 8 1 3 23
split_gain=62.5641 45.0812 32.7254 22.818 25.5664 21.4136 18.4184 17.5427 16.3275 16.6653 14.8275 18.5995 14.2116 14.133 12.9122 12.4582 12.539 12.1437 13.1912 15.5519 13.1409 11.9295 13.8457 11.8603 11.6821 11.6777 11.6153 11.5736 11.4562 11.3259
threshold=2.0100000000000002 2.5000000000000004 -0.2600000000000004 0.02861666666666671 4.5000000000000009 3.5000000000000004 6.6550000000000011 1.5783333333333336 3.5000000000000004 0.32875000000000004 5.5000000000000009 -0.11999999999999965 -0.080833333333333521 -0.018333333333333358 5.3350000000000009 2.7050000000000014 7.7750000000000012 5.0050000000000008 0.041666666666666526 1.4116666666666666 6.6050000000000013 0.0066666666666666411 0.010000000000000004 0.0032833333333333885 6.5850000000000009 0.015000000000000001 0.3674 4.5000000000000009 26.500000000000004 6.9650000000000007
decision_type=2 2 2 2 2 2 2 2 2 2 2 2 2 2 2 2 2 2 2 2 2 2 2 2 2 2 2 2 2 2
left_child=14 3 8 4 17 12 -6 10 9 -3 -7 -12 -4 25 -1 16 -5 21 -19 20 -20 22 -2 -23 27 -8 -9 -14 -18 -10
right_child=1 2 5 15 6 7 13 26 29 -11 11 -13 24 -15 -16 -17 28 18 19 -21 -22 23 -24 -25 -26 -27 -28 -29 -30 -31
leaf_value=-0.033775523519894317 -0.012168178809424566 -0.017391069990019832 -0.021132535989925951 0.0041015057680157197 -0.016716352437471826 -0.0043878837966326708 -0.023484575207681439 0.074592630294860532 0.0057941426210921191 -0.0065741791004654063 0.10525409797820656 -0.017638143313173368 0.06011100151664938 7.647131915027514e-06 0.068044521283730272 0.021321003005200095 0.11676089442600533 0.0018939586169606617 0.040956990782769293 0.026171130640247189 0.0049677960377359125 0.005215369774010702 0.00058681954985943688 -0.0099967708845022495 0.0027409007465004397 -0.0056850794041232644 0.0065593451166818641 0.0067058503033591982 0.024011431628749812 -0.051705894284606674
leaf_weight=151.87133018672466 438.31078337877989 650.65138204023242 61.279730055481195 3988.8306360766292 260.5684623233974 1141.6612278372049 114.88784397765994 6.4866727143526068 203.62043920531869 786.5157140865922 3.1084537990391246 323.55423762090504 17.754114758223295 1468.5401499383152 3.1788620539009562 111.422353297472 3.6925839781761161 4312.7701828479767 26.18751934915781 109.15020745992661 806.77927324175835 691.85257457941771 413.46324969828129 157.25520347803831 1812.9345902521163 465.53373074904084 191.13323359191418 23.669928791001439 33.844898734241724 8.939999692142008
leaf_count=4540 2319 8974 622 21466 1955 8298 972 32 2029 9962 38 4537 97 10451 35 508 23 22314 124 453 3788 3358 2223 767 13850 3624 994 211 184 100
internal_value=-5.81376e-05 0.000205043 -0.00373143 0.00174147 0.000362801 -0.00104747 -0.00419532 -0.00519323 -0.00955834 -0.0114713 -0.00707555 -0.0164687 0.00255791 -0.00260301 -0.031688 0.00482858 0.00437218 0.00187624 0.00306482 0.00842471 0.00609925 -0.00179589 -0.00597672 0.00239807 0.00334079 -0.00920829 0.00879247 0.029595 0.0331353 0.00337577
internal_weight=18789.4 18634.4 5231.31 13403.1 9265.3 3581.58 2309.53 1665.94 1649.73 1437.17 1468.32 326.663 1915.64 2048.96 155.05 4137.79 4026.37 6955.77 5254.89 942.117 832.967 1700.88 851.774 849.108 1854.36 580.422 197.62 41.424 37.5375 212.56
internal_count=128848 124273 49744 74529 52348 28679 17002 13899 21065 18936 12873 4575 14780 15047 4575 22181 21673 35346 26679 4365 3912 8667 4542 4125 14158 4596 1026 308 207 2129
is_linear=0
shrinkage=0.05


Tree=54
num_leaves=31
num_cat=0
split_feature=7 1 27 13 15 13 9 17 14 32 13 34 24 0 8 13 33 12 36 14 15 31 23 5 3 34 7 10 10 28
split_gain=58.2353 42.2326 32.8411 28.4342 24.7865 21.8343 17.861 15.1143 15.0211 13.18 13.0252 14.5265 15.6129 15.3411 14.2941 12.4347 13.5526 16.6073 12.5957 14.2671 12.5568 12.0912 12.0629 12.216 11.7836 11.7176 11.2739 21.7258 11.2151 11.079
threshold=2.0100000000000002 5.5000000000000009 0.044999999999999936 0.97833333333333294 -0.018333333333333358 -0.65000000000000002 3.9250000000000003 2.5000000000000004 0.071633333333333368 2.5000000000000004 1.5416666666666665 5.7150000000000007 0.078333333333333602 8.5000000000000018 0.43095000000000006 -0.45333333333333264 0.12500000000000003 0.41165000000000002 6.7950000000000008 0.10298333333333336 0.039166666666666662 3.5000000000000004 6.8050000000000006 1.0000000180025095e-35 53.500000000000007 5.995000000000001 6.7950000000000008 0.098900000000000016 0.33239999999999997 1.5000000000000002
decision_type=2 2 2 2 2 2 2 2 2 2 2 2 2 2 2 2 2 2 2 2 2 2 2 2 2 2 2 2 2 2
left_child=21 2 4 22 6 -4 -2 -6 -7 -10 29 13 14 -12 -13 18 17 -17 -11 -20 -18 -1 23 -3 -25 -16 -5 -28 -23 -9
right_child=1 3 5 26 7 8 -8 10 9 15 11 12 -14 -15 25 16 20 -19 19 -21 -22 28 -24 24 -26 -27 27 -29 -30 -31
leaf_value=-0.038768569056861428 -0.01015341384825913 -0.011443356145834728 -0.011444184500709031 -0.0020582057790195368 0.0055234259423527395 -0.0026535103384759989 9.6922543991006976e-05 0.0059839270155343967 -0.0053601451229702861 0.02335162763592552 -0.0095203969414073379 0.053881082713883588 0.071909174394190492 0.011790864847183564 0.031591339628122113 0.089196516775744278 0.0061449279813171921 -0.025421429825607425 0.043345018092538476 0.18186921932825997 0.095345595582161324 -0.011419032548415853 -0.016266164210359268 0.0044146348116318092 -0.033914476718070477 0.00096021844873295931 0.09490446244611396 0.0095476687734459727 0.12300456034057439 0.00015356816876806181
leaf_weight=115.95128345303237 592.65241202712059 498.90806658752263 654.37315460667014 374.22461298853159 4122.1158333960921 2694.6620580628514 1502.1307071372867 962.626066416502 118.2383925691247 14.271318361163141 140.37020665407181 22.178952395915985 13.781985744833944 211.95825113356113 45.890846535563469 11.071501925587652 196.05111814662814 4.4228225275874129 4.3079377487301818 3.2694613635540009 4.0263638719916335 32.996545314788818 571.55739751271904 264.74981512315571 21.695396373048425 97.671616032719612 7.8145755082368842 161.95768839865923 1.6282068677246559 5305.7185125183314
leaf_count=3669 4920 6801 6516 2462 22896 16449 9452 4254 684 97 605 96 57 911 196 64 1104 25 32 25 20 893 8460 3586 286 419 48 955 13 32853
internal_value=-5.63568e-05 0.000194052 0.000996861 -0.00686804 0.00217897 -0.00315668 -0.00280308 0.00313447 -0.00137879 0.00827913 0.00168635 0.00919882 0.0207751 0.0033003 0.0165231 0.0150717 0.0114288 0.0564791 0.0510145 0.103115 0.00794 -0.031026 -0.01074 -0.00671825 0.00151158 0.0107517 0.00278995 0.0134766 -0.00509785 0.00104893
internal_weight=18773.3 18622.7 16721.8 1900.91 13017.1 3704.69 2094.78 10922.3 3050.32 355.659 6800.2 531.852 179.523 352.328 165.741 237.421 215.572 15.4943 21.8487 7.5774 200.077 150.576 1356.91 785.353 286.445 143.562 543.997 169.772 34.6248 6268.34
internal_count=128848 124273 101675 22598 76659 25016 14372 62287 18500 2051 39391 2284 768 1516 711 1367 1213 89 154 57 1124 4575 19133 10673 3872 615 3465 1003 906 37107
is_linear=0
shrinkage=0.05


Tree=55
num_leaves=31
num_cat=0
split_feature=7 40 2 8 22 15 24 14 4 34 23 39 20 14 1 11 17 20 7 13 24 15 23 9 25 8 13 14 3 4
split_gain=54.1933 39.9091 27.7228 27.7657 24.035 23.6926 22.1857 19.1961 15.7997 18.6915 15.5026 14.1203 14.2596 15.7077 13.8872 14.4213 13.5818 16.1721 13.4414 13.4172 13.9012 23.9464 13.2349 12.8671 12.1124 11.993 15.7231 15.2222 11.9277 12.4624
threshold=2.0100000000000002 3.5000000000000004 3.5000000000000004 0.46890000000000004 1.2849999999999999 0.0018333333333333398 -0.028333333333332874 0.014800000000000009 49.500000000000007 6.3250000000000011 6.6850000000000014 -2.4999999999999996 -0.089999999999999622 -0.032600000000000039 1.5000000000000002 0.35225000000000001 1.5000000000000002 0.87000000000000044 4.4850000000000012 2.1041666666666674 0.10500000000000088 0.02 6.8450000000000006 3.7850000000000006 5.5000000000000009 0.36120000000000002 -0.4233333333333324 -0.076266666666666649 29.500000000000004 53.500000000000007
decision_type=2 2 2 2 2 2 2 2 2 2 2 2 2 2 2 2 2 2 2 2 2 2 2 2 2 2 2 2 2 2
left_child=-1 2 6 16 -5 7 14 10 -8 11 -3 -10 25 -14 22 -16 17 -4 -15 20 24 -22 -2 -17 -7 26 27 -13 29 -9
right_child=1 5 3 4 -6 19 8 28 9 -11 -12 12 13 18 15 23 -18 -19 -20 -21 21 -23 -24 -25 -26 -27 -28 -29 -30 -31
leaf_value=-0.030367297715415183 -0.0039197663809039576 0.0025163291802540854 0.025515101408074205 -0.0028275905650118191 0.0074922968186831185 -0.0003558835087672707 -0.0038161367298945523 0.0017475148583692265 -0.0074663718416506488 0.0058438300788126903 -0.017930978588156243 -0.023957198833000383 -0.0022857233433380424 0.016203114643578622 -0.0078856686789832483 -0.012040217447282031 0.0071662475510368686 0.00097159902985511411 0.0043830285484412505 0.026619348714866667 -0.0019803664329209351 0.10411374821630409 0.014961691236644864 0.0027971417443469239 -0.015063548326312149 -0.011391904235011243 0.0045970394866194407 -0.0026967388042039532 -0.0071850012188816939 0.038330817878491887
leaf_weight=146.29718878492713 192.55735663324594 107.14788179658353 231.42116985842586 1517.5688833221793 898.09293346852064 1013.7661572117358 1366.4869113229215 100.69754361920059 516.30243543908 2244.7304230108857 687.37674456089735 93.891453796997666 771.3566687963903 284.7451755143702 1695.4374595582485 181.91749443486333 1546.2706290148199 94.534352742135525 1548.4413066655397 43.541354089975357 14.494154043495657 8.4015335589647275 179.16129885613918 742.52703917212784 162.4118421189487 285.304029494524 839.66842283308506 815.0233320388943 398.9563425257802 30.279853941872716
leaf_count=4575 928 1260 1162 7720 3918 9831 8327 1376 2696 13363 9426 866 4073 1648 13085 1568 8055 447 7731 224 124 63 873 5120 2008 1575 4893 6706 4771 436
internal_value=-5.45979e-05 0.000183665 0.00110974 0.00455125 0.00100913 -0.00560476 -0.000145351 -0.0102575 0.00112347 0.00203569 -0.0151735 0.000377354 0.00125044 0.00370027 -0.00386323 -0.00514643 0.00912152 0.0183969 0.00621902 -0.000645596 -0.00163565 0.0369507 0.00518074 -0.000122639 -0.00238678 -0.00188676 -0.000335868 -0.00489296 -0.00288693 0.010205
internal_weight=18758.8 18612.5 16045.4 4287.89 2415.66 2567.07 11757.6 1324.46 8765.95 7399.46 794.525 5154.73 4638.43 2604.54 2991.6 2619.88 1872.23 325.956 1833.19 1242.62 1199.07 22.8957 371.719 924.445 1176.18 2033.89 1748.58 908.915 529.934 130.977
internal_count=128848 124273 94754 21302 11638 29519 73452 17269 51878 43551 10686 30188 27492 13452 21574 19773 9664 1609 9379 12250 12026 187 1801 6688 11839 14040 12465 7572 6583 1812
is_linear=0
shrinkage=0.05


Tree=56
num_leaves=31
num_cat=0
split_feature=13 28 20 37 20 11 4 26 28 31 3 22 14 36 15 13 4 34 24 24 36 40 20 23 36 23 3 22 20 7
split_gain=50.701 37.5708 33.0484 23.7905 23.1684 19.8349 18.9237 22.8994 15.5828 15.5602 16.9084 18.1441 15.3104 15.0821 14.634 13.3464 11.7094 11.5395 17.3334 12.4485 12.0331 11.2497 11.197 10.7326 10.5534 10.5036 10.4442 10.4997 13.4055 12.3428
threshold=-2.0408333333333322 2.5000000000000004 0.38999999999999996 2.5000000000000004 -1.3149999999999997 0.33625000000000005 50.500000000000007 -0.055000000000000153 5.5000000000000009 1.5000000000000002 28.500000000000004 1.5800000000000005 -0.054966666666666643 6.7250000000000005 0.049999999999999982 2.241666666666668 51.500000000000007 4.9750000000000005 -0.010000000000000229 0.10500000000000088 6.7250000000000005 2.5000000000000004 -0.35000000000000026 6.7650000000000006 6.8850000000000007 6.6350000000000007 54.500000000000007 0.27999999999999964 -0.055000000000000153 5.7550000000000008
decision_type=2 2 2 2 2 2 2 2 2 2 2 2 2 2 2 2 2 2 2 2 2 2 2 2 2 2 2 2 2 2
left_child=21 3 5 9 -5 8 -4 17 16 12 -11 25 -2 -9 23 -15 -3 20 24 -20 -8 -1 -16 -10 -19 -12 27 28 -14 -30
right_child=1 2 6 4 -6 -7 7 13 14 10 11 -13 26 15 22 -17 -18 18 19 -21 -22 -23 -24 -25 -26 -27 -28 -29 29 -31
leaf_value=-0.011253667998420957 -0.0031257551269671738 -0.011189077226757986 -0.0051932614170393469 -0.017922434972317852 0.00096705461379488456 -0.00118881579081996 -0.017694114113605126 0.0053355235054519702 -0.007340861215979 -0.0048665178260002828 -0.0078846092212471706 -0.016284593568745322 0.0068621566914940342 -0.0022245520326710719 0.027881567520503643 0.022664623384939495 -0.0035829651331604618 0.056434710155133641 0.0087342857992185226 0.03347589955213072 0.0067209984920492093 -0.032420326330207604 0.20747538357531106 -0.024634902941425989 -0.012591600647214105 0.019103339940318952 -0.0043289735430204349 0.010649113082142975 0.0055192966691246107 -0.014867996360529767
leaf_weight=119.8097375985235 577.28812879323959 675.49458516761661 907.33838267251849 172.01484568417072 2882.7572215422988 3186.693210164085 69.520801972597837 1189.4443848989904 152.74618782661855 123.83680177479982 38.434884339570999 42.649053633213043 874.47339417040348 2209.5000057742 3.6825003232806921 55.208067119121552 2016.5302940234542 32.565973851829767 678.48358188569546 54.957644507288933 184.12792307883501 131.86192967370152 1.135480212047695 217.39575722627342 6.6717942580580702 581.69577433913946 225.0638140514493 1034.6868602931499 138.49054899811745 160.02011926472187
leaf_count=2189 2818 5376 5762 1399 14429 26849 387 7610 2450 554 162 173 4511 14339 68 251 16140 228 3989 310 1004 4477 15 3937 46 2524 1122 4397 651 681
internal_value=-5.2998e-05 0.00025036 -0.00147857 0.00318805 -9.66164e-05 -0.00395132 0.00139156 0.00272505 -0.00682164 0.0058309 0.0120924 0.0152611 0.00419455 0.000776581 -0.0163712 -0.00161781 -0.00549152 0.00928269 0.0123203 0.0105882 2.92313e-05 -0.0223438 0.0702074 -0.0174982 0.0446978 0.0174307 0.00593166 0.0069777 0.00373915 -0.00540955
internal_weight=18744.6 18492.9 11641.5 6851.41 3054.77 6253.68 5387.82 4480.48 3066.98 3796.64 786.617 662.78 3010.02 3454.15 374.96 2264.71 2692.02 1026.33 772.679 733.441 253.649 251.672 4.81798 370.142 39.2378 620.131 2432.73 2207.67 1172.98 298.511
internal_count=128848 122182 88761 33421 15828 54835 33926 28164 27986 17593 3413 2859 14180 22200 6470 14590 21516 5964 4573 4299 1391 6666 83 6387 274 2686 11362 10240 5843 1332
is_linear=0
shrinkage=0.05


Tree=57
num_leaves=31
num_cat=0
split_feature=28 15 13 9 14 27 24 36 12 22 14 24 13 15 3 4 14 4 34 13 8 28 40 37 20 14 35 7 27 24
split_gain=47.8381 30.0484 25.9487 24.4132 22.5275 22.3168 21.7934 16.789 18.9808 14.4598 14.3186 14.0847 13.9564 13.687 14.3421 12.8187 12.4114 12.3873 12.3187 13.7106 17.139 12.5748 16.1768 21.4246 15.6752 12.8797 18.6909 15.9434 12.3998 12.0015
threshold=5.5000000000000009 -0.018333333333333358 -0.43250000000000005 3.9250000000000003 0.071633333333333368 0.044999999999999936 0.02999999999999892 6.6350000000000007 0.40045000000000003 -1.7299999999999995 0.14520833333333336 -0.054999999999999265 -2.422499999999999 0.039166666666666662 35.500000000000007 49.500000000000007 -0.1809583333333333 46.500000000000007 5.5550000000000006 0.94499999999999973 0.50870000000000004 1.5000000000000002 1.0000000180025095e-35 3.5000000000000004 -3.3549999999999991 -0.093333333333333296 0.38245000000000007 5.8450000000000006 -0.10999999999999986 0.066666666666667776
decision_type=2 2 2 2 2 2 2 2 2 2 2 2 2 2 2 2 2 2 2 2 2 2 2 2 2 2 2 2 2 2
left_child=1 3 6 12 5 15 -2 8 -4 -7 13 -12 -1 -9 -15 -3 -8 -14 -17 20 21 28 -23 25 -25 26 -24 -28 -20 -21
right_child=2 4 7 -5 -6 9 16 10 -10 -11 11 -13 17 14 -16 18 -18 -19 19 29 -22 22 23 24 -26 -27 27 -29 -30 -31
leaf_value=-0.041108510000784249 -0.024335945669333989 -0.0028313926087220379 0.0072079743359273587 -0.00105145725987678 0.0064531185709481714 -0.015257981712392815 0.16524586685734743 -0.0080978617432656483 0.073484291633637747 -0.0020711758690256923 0.12120120211863926 0.014228046976929573 -0.027960192420489707 0.062521354101969143 -0.0053531443820725357 4.9207180756597222e-05 -0.0001297371522642757 -0.0076767456809730926 -0.013517154711559523 0.007558710790694108 -0.0064027531793834653 -0.0058525460457939113 -0.019334212065233849 0.19535859488127086 0.026046142983434314 0.0044723413184539285 0.023424492110145204 -0.014571958633027427 0.012824974942905071 0.025609296972640302
leaf_weight=37.700487054884434 349.89369298703969 1211.48608603701 76.084036059677601 1980.6922113113105 2091.5564105398953 227.04998786374927 1.1471275221556414 1034.5976201146841 12.590541772544382 2462.9315177518874 3.3490277454257003 37.894770447164774 84.728031242266297 14.233204886317255 17.173484724014997 2906.3964469581842 103.34417287446558 674.42496205307543 48.665239810943604 862.16514528542757 444.43897096812725 468.37793267518282 142.64335604757071 1.3895616866648186 84.265351470559835 2588.3892018925399 67.21490216627717 46.852099485695362 544.67655300348997 103.09697969257832
leaf_count=825 9103 7168 871 12872 11604 2111 27 11887 146 15466 36 376 700 122 146 16281 2315 5697 214 3885 2321 3117 936 17 579 16424 469 275 2420 438
internal_value=-5.12823e-05 0.000734214 -0.00818043 -0.00402471 0.00165846 0.000837139 -0.0183519 -0.00431582 0.0166183 -0.00318422 -0.00599234 0.0229143 -0.0114152 -0.00711074 0.0254069 0.00197341 0.00168579 -0.00994055 0.00267401 0.00408616 0.00291127 0.0039481 0.00277573 0.00415465 0.0287929 0.00341289 -0.00726947 0.00781776 0.0106644 0.00948664
internal_weight=18729.4 17079.1 1650.31 2777.55 14301.6 12210 454.385 1195.92 88.6746 2689.98 1107.25 41.2438 796.853 1066 31.4067 9520.06 104.491 759.153 8308.57 5402.18 4436.91 3992.47 3399.13 2930.75 85.6549 2845.1 256.71 114.067 593.342 965.262
internal_count=128848 103819 25029 20094 83725 72121 11445 13584 1017 17577 12567 412 7222 12155 268 54544 2342 6397 47376 31095 26772 24451 21817 18700 596 18104 1680 744 2634 4323
is_linear=0
shrinkage=0.05


Tree=58
num_leaves=31
num_cat=0
split_feature=7 40 2 14 37 28 31 15 22 8 26 10 26 18 3 22 26 23 35 12 35 25 36 24 24 27 3 36 28 14
split_gain=45.5212 33.8305 27.1394 21.2985 20.0038 22.9568 22.0883 19.2251 18.0699 17.6417 20.3368 17.3651 16.3237 16.1497 15.4444 15.4218 13.916 14.0129 13.8473 13.8212 17.2202 13.0749 12.7143 15.7423 12.2679 17.1933 15.3211 15.4029 13.5164 12.265
threshold=2.0100000000000002 2.5000000000000004 3.5000000000000004 0.017500000000000102 2.5000000000000004 1.5000000000000002 1.5000000000000002 0.023333333333333327 -1.0049999999999999 0.44324999999999998 -0.079999999999999613 0.29645000000000005 0.020000000000000021 5.5000000000000009 28.500000000000004 1.5800000000000005 0.044999999999999936 6.7550000000000008 0.46505000000000002 0.41614999999999996 0.30685000000000007 1.5000000000000002 6.6150000000000011 0.030000000000000696 0.083333333333334383 -0.10999999999999986 30.500000000000004 6.7350000000000012 5.5000000000000009 0.027
decision_type=2 2 2 2 2 2 2 2 2 2 2 2 2 2 2 2 2 2 2 2 2 2 2 2 2 2 2 2 2 2
left_child=-1 4 3 11 5 14 8 12 18 -4 -11 21 -6 -12 -2 -16 17 -8 -7 -9 -21 -3 23 -14 28 -26 27 -27 -5 -10
right_child=1 2 9 24 7 6 16 19 29 10 13 -13 22 -15 15 -17 -18 -19 -20 20 -22 -23 -24 -25 25 26 -28 -29 -30 -31
leaf_value=-0.028765878143121083 -0.0049407807625897341 -0.00049869836434534036 0.010763495161633323 0.00088892891937282579 -6.8258603770725474e-06 -0.001174129983641441 -0.00021483839653912084 0.0047166473851981373 0.0030291922662654489 0.014007847393539325 -0.0025244301038485468 -0.0042559261721835566 0.0067232148097168612 -0.03245374296973174 0.016475054070763676 -0.015615366964712458 0.0047532247428362746 -0.013586594216218332 -0.025250799088806758 0.061417743036698148 0.009914348286680124 -0.015452951588299757 -0.00758192308103787 0.10692061242913971 -0.0050937700195172698 0.17824257150999245 0.016642074950100037 0.05574450735558284 -0.011105225954811072 0.0084621837082397688
leaf_weight=136.99833636544645 121.76574807614088 173.12423251755536 434.88876958191395 1017.7888098992407 3626.6430317685008 893.34329070150852 348.87216567620635 608.85049486160278 3304.5287287309766 187.32069024816155 912.77231506630778 1096.1420302726328 97.780137844383717 47.413580309599638 602.45286527276039 39.919758901000023 310.7015376240015 446.90595097467303 63.997043564915657 25.006946735084057 46.238269880414009 938.72128742747009 1343.5229256488383 4.0838100463151923 33.790239810943604 3.3834984619170418 19.303786490112543 10.623007416725157 305.35914401710033 1515.0601117908955
leaf_count=4575 559 1817 3585 8404 21185 5561 2016 3157 15763 1163 6484 10394 741 430 2593 162 2087 2751 400 123 233 11995 10308 26 249 37 166 101 4919 6864
internal_value=-4.98596e-05 0.000161872 -0.00326939 -0.00566928 0.00148848 0.00316393 0.00225119 -0.000739062 0.00349076 0.00218776 -0.00106232 -0.00872172 -0.00179755 -0.00400233 0.011386 0.0144808 -0.00422063 -0.00772437 -0.00278363 0.00715491 0.0279919 -0.0131244 -0.00629067 0.0107402 -0.000821398 0.0200355 0.0455269 0.0853359 -0.00187911 0.00473708
internal_weight=18717.3 18580.3 5180.63 3598.24 13399.7 7647.55 6883.41 5752.13 5776.93 1582.4 1147.51 2207.99 5072.03 960.186 764.138 642.373 1106.48 795.778 957.34 680.096 71.2452 1111.85 1445.39 101.864 1390.25 67.1005 33.3103 14.0065 1323.15 4819.59
internal_count=128848 124273 49744 38082 74529 38756 35442 35773 28588 11662 8077 24206 32260 6914 3314 2755 6854 4767 5961 3513 356 13812 11075 767 13876 553 304 138 13323 22627
is_linear=0
shrinkage=0.05


Tree=59
num_leaves=31
num_cat=0
split_feature=13 28 2 4 20 14 11 26 36 37 24 26 13 3 28 22 26 8 7 40 13 39 15 34 24 17 7 0 24 27
split_gain=42.291 25.9913 25.7201 25.489 22.2179 18.487 18.423 16.8191 15.9191 15.0566 14.1976 13.8228 13.0747 12.8358 13.963 12.094 14.8042 11.9432 12.1241 12.6817 11.4415 11.3068 11.0144 15.5041 17.8535 14.2117 13.7518 16.9339 10.9553 10.9048
threshold=-1.2483333333333331 2.5000000000000004 1.5000000000000002 50.500000000000007 0.32999999999999946 0.074500000000000052 0.37315000000000004 -0.055000000000000153 6.7250000000000005 2.5000000000000004 0.090000000000001204 -0.18000000000000013 0.43833333333333396 30.500000000000004 1.5000000000000002 0.034999999999999705 0.069999999999999854 0.48535000000000006 6.8850000000000007 3.5000000000000004 2.241666666666668 1.0000000180025095e-35 0.026666666666666682 5.3650000000000011 -0.010000000000000229 1.5000000000000002 6.535000000000001 5.5000000000000009 -0.028333333333333762 0.11499999999999978
decision_type=2 2 2 2 2 2 2 2 2 2 2 2 2 2 2 2 2 2 2 2 2 2 2 2 2 2 2 2 2 2
left_child=2 5 11 12 6 9 17 22 -9 -2 -7 -1 -3 -4 -15 -11 -17 18 19 21 -10 -5 23 -6 -25 26 27 -26 -13 -23
right_child=1 3 13 4 7 10 -8 8 20 15 -12 28 -14 14 -16 16 -18 -19 -20 -21 -22 29 -24 24 25 -27 -28 -29 -30 -31
leaf_value=0.11649339552984578 0.0042708786223060067 -0.010255971125509857 0.0032416766126498239 -0.011769520004683991 -0.0030792102359704213 0.0082274332779811356 0.0022884763379205086 0.0054827713822340933 -0.00205364904459596 -0.0048804334148857195 0.036271403790440797 -0.039358018338025741 -0.0017485173864414548 0.0097253617669691827 -0.013922818254878754 0.0035587934850370932 -0.01555964230458875 -0.015083537907943978 0.022602899696346546 -0.011064111308672596 0.020861087999166528 -0.00033117617637872226 0.021151613011586669 0.046379813349248511 0.074297905367993716 0.0044350294102340169 0.0017149952155099731 0.022368759315889834 -0.017411400220168433 -0.017811144178569407
leaf_weight=1.77261247858405 3164.6403467729688 986.19641454145312 289.30490770190954 284.62997753545642 308.59135850146413 838.02947823703289 1458.2273517288268 1243.4735811464489 2298.7652749344707 1088.8320353478193 47.699966236948967 79.040340308099985 833.15268721804023 74.222310684621334 392.53814762085676 1329.9488774314523 109.60032057762146 246.2664221227169 43.439154203981161 520.98778900876641 55.796603739261627 1947.7835352420807 139.44298715889454 33.06606487929821 20.852799121290445 456.20938432589173 48.152371987700462 63.52133946120739 202.65684001520276 93.5060741789639
leaf_count=44 14411 8805 3703 2269 1749 3858 11499 7971 15015 6124 206 2101 4724 430 4758 6158 630 1758 338 7491 252 14445 710 228 124 2753 248 401 4850 795
internal_value=-4.84378e-05 0.00052844 -0.00984909 -0.000949444 0.000113292 0.00301797 -0.00235489 0.00254286 0.000906273 0.0019725 0.00973771 -0.0226935 -0.00636007 -0.00503338 -0.0101624 -0.000904255 0.00210321 -0.00451361 -0.00361302 -0.00401303 -0.00151063 -0.00243365 0.00804695 0.00608289 0.0106299 0.00862203 0.0230353 0.0352029 -0.0235693 -0.00113189
internal_weight=18700.3 17660.8 1039.54 11082.1 9262.71 6578.75 4594.84 4667.87 3598.04 5693.02 885.729 283.47 1819.35 756.065 466.76 2528.38 1439.55 3136.61 2890.35 2846.91 2354.56 2325.92 1069.84 930.393 621.802 588.736 132.527 84.3741 281.697 2041.29
internal_count=128848 112962 15886 81575 68046 31387 38595 29451 23238 27323 4064 6995 13529 8891 5188 12912 6788 27096 25338 25000 15267 17509 6213 5503 3754 3526 773 525 6951 15240
is_linear=0
shrinkage=0.05


Tree=60
num_leaves=31
num_cat=0
split_feature=7 1 27 13 15 13 9 34 13 8 8 31 36 25 32 34 14 0 0 23 26 20 23 26 4 9 3 14 9 4
split_gain=39.8193 30.5294 24.9514 22.1115 17.8314 17.1732 13.9088 13.21 15.6156 18.1106 16.0072 12.8238 12.3919 15.444 11.5292 11.4512 14.0552 12.2055 11.3594 11.6745 12.484 10.6874 10.6554 10.5798 11.2599 10.1313 10.856 9.86182 12.8701 14.3829
threshold=2.0100000000000002 5.5000000000000009 0.044999999999999936 0.97833333333333294 -0.018333333333333358 -0.65000000000000002 3.9250000000000003 4.8750000000000009 1.1283333333333327 0.39350000000000007 0.49840000000000007 3.5000000000000004 6.7150000000000007 1.5000000000000002 1.5000000000000002 5.9750000000000005 0.067566666666666705 16.500000000000004 5.5000000000000009 6.8050000000000006 0.22500000000000012 -1.8149999999999993 6.5150000000000006 0.020000000000000021 51.500000000000007 4.205000000000001 25.500000000000004 0.093516666666666678 2.1450000000000005 53.500000000000007
decision_type=2 2 2 2 2 2 2 2 2 2 2 2 2 2 2 2 2 2 2 2 2 2 2 2 2 2 2 2 2 2
left_child=11 2 4 18 6 -4 -2 -6 10 -10 23 -1 -11 25 -13 21 17 -17 22 -20 -21 -7 -3 24 -9 26 -14 -26 29 -29
right_child=1 3 5 -5 7 15 -8 8 9 12 -12 14 13 -15 -16 16 -18 -19 19 20 -22 -23 -24 -25 27 -27 -28 28 -30 -31
leaf_value=-0.036297683629209064 -0.0089605742740202655 0.11349007072340703 -0.010259685778536478 0.0025567612734204281 -0.0009598797200081415 -0.035141922387945029 0.00015448703451915964 0.00060011016448672507 0.026815002289695022 0.014542464703880008 -0.0039460112361499487 0.1505545187960298 0.10450718301764102 -0.0014962994874364614 -0.005691884902120096 0.0034885394502823918 0.014649718619969896 -0.0068975150429355994 -0.007198703778770927 -0.018371864173135372 0.11503363471694113 -0.0036598031554019501 -0.001138921029891048 0.00031782879616346299 0.0052098285544836549 0.010362492288903083 0.024520707693763761 0.078325664002183895 0.011206637911790336 0.0038561994150739035
leaf_weight=99.612874586135149 580.85962410271168 2.0427781976759425 639.4178767092526 544.44188967347145 2048.8522138353437 27.436684768646955 1497.4100431594998 1250.9357521627098 123.41588026285172 348.287034265697 823.90192463994026 1.2292446736246372 5.8261561244726208 547.50075739622116 29.860662374645472 854.23127869144082 189.25796891748905 422.92619886249304 599.26969290524721 448.90562424995005 1.760536229237913 1544.4075423590839 267.94233249872923 1943.211315587163 3212.5070601571351 236.22212865948677 15.602024257183073 15.532579492777588 351.23171035945415 11.129698913544415
leaf_count=3669 4920 21 6516 3465 11377 248 9452 7362 549 1513 4222 30 25 2417 876 5281 1076 2662 8363 6918 27 9233 3804 12983 18695 996 66 97 1913 72
internal_value=-4.69937e-05 0.000146732 0.000824592 -0.00592159 0.00185236 -0.00281188 -0.0023931 0.0026593 0.00349384 0.00861056 0.00263515 -0.0275481 0.00666271 0.00325414 0.000485845 -0.00124445 0.0019336 4.92341e-05 -0.00941875 -0.0117709 -0.0178507 -0.00420933 -0.000271608 0.00343436 0.00468527 0.0133487 0.0462684 0.00610858 0.0137489 0.0472397
internal_weight=18685.2 18554.5 16690.1 1864.36 13012.4 3677.68 2078.27 10934.2 8885.3 1276.85 7608.45 130.703 1153.44 805.151 31.0899 3038.26 1466.42 1277.16 1319.92 1049.94 450.666 1571.84 269.985 6784.55 4841.34 257.65 21.4282 3590.4 377.894 26.6623
internal_count=128848 124273 101675 22598 76659 25016 14372 62287 50910 5566 45344 4575 5017 3504 906 18500 9019 7943 19133 15308 6945 9481 3825 41122 28139 1087 91 20777 2082 169
is_linear=0
shrinkage=0.05


Tree=61
num_leaves=31
num_cat=0
split_feature=7 40 2 14 37 28 31 15 8 26 10 22 18 3 22 26 26 23 35 10 11 24 12 35 24 21 3 24 27 23
split_gain=36.9382 28.1626 23.3557 18.6086 16.6334 19.8069 19.2227 16.5989 15.8321 17.7144 15.4969 15.2147 14.8143 13.7917 13.7957 13.3885 13.0478 13.8242 12.7161 12.428 12.3983 17.3556 12.2806 15.1043 12.1668 14.1177 11.8815 12.8454 15.4298 10.9485
threshold=2.0100000000000002 2.5000000000000004 3.5000000000000004 0.017500000000000102 2.5000000000000004 1.5000000000000002 1.5000000000000002 0.023333333333333327 0.44324999999999998 -0.079999999999999613 0.29645000000000005 -1.0049999999999999 5.5000000000000009 28.500000000000004 1.5800000000000005 0.020000000000000021 0.055000000000000167 6.7550000000000008 0.46505000000000002 0.37230000000000002 0.30725000000000008 0.050000000000000273 0.41614999999999996 0.30685000000000007 0.018333333333333982 -0.084999999999999978 29.500000000000004 0.083333333333334383 -0.10999999999999986 6.5250000000000012
decision_type=2 2 2 2 2 2 2 2 2 2 2 2 2 2 2 2 2 2 2 2 2 2 2 2 2 2 2 2 2 2
left_child=19 4 3 10 5 13 11 15 -4 -10 24 18 -11 -2 -15 -6 17 -8 -7 -1 21 -17 -9 -24 -3 -26 27 -5 -29 -13
right_child=1 2 8 26 7 6 16 22 9 12 -12 29 -14 14 -16 20 -18 -19 -20 -21 -22 -23 23 -25 25 -27 -28 28 -30 -31
leaf_value=-0.029297325490475534 -0.0049403338241906652 -0.01569633154300859 0.010143249310676358 0.0045502856649820454 -5.630061886780951e-05 -0.0010552913984961587 0.00027515995778333623 0.0043320877568552253 0.012956584011163577 -0.0023986861935732778 -0.0038999795947906295 0.051998818657896496 -0.031423920453864211 0.015294510406949419 -0.015067508134765121 -0.012445523627070706 0.0058484468837509008 -0.012616375820803067 -0.024299310066198121 0.073789770951537603 -0.0020119676468868791 0.071846482844345971 0.057088800308934533 0.0091907866616034554 0.12308420542846239 -0.0049516019363259507 -0.0034053175851905351 0.00022270042672504857 0.077772753175900128 0.0042004318862505002
leaf_weight=124.42097596079111 121.6513519436121 776.4586134031415 437.51775900647044 324.54187972098589 3624.9612300544977 891.3446659706533 367.58276489749551 610.0163682512939 188.85687267035246 910.61223080009222 1089.4709368757904 12.010238349437712 46.191166516393423 604.51596453785896 39.881229013204575 559.3388726208359 256.82644908502698 478.86779681220651 62.998575791716576 2.9940651059150687 868.40905616059899 6.1740933284163466 25.504579856991768 46.408061910420656 2.1677934601902953 315.2309280205518 1035.9951436892152 12.125761140137913 13.617033429443834 4816.2237697802484
leaf_count=4547 559 10448 3585 3628 21185 5561 2130 3157 1163 6484 10394 53 430 2593 162 4479 1732 2992 400 28 6556 40 123 233 22 3342 10018 103 127 22574
internal_value=-4.55325e-05 0.000138796 -0.00300244 -0.00524426 0.00134737 0.00287363 0.00202515 -0.000686972 0.00205221 -0.00103769 -0.00812088 0.00317908 -0.00379992 0.0105005 0.0134154 -0.00167408 -0.00402292 -0.00701805 -0.00258969 -0.0268749 -0.00576383 -0.0115252 0.00663588 0.0261783 -0.0123249 -0.00407713 -0.000713708 0.00724694 0.041244 0.00431933
internal_weight=18672.9 18545.5 5152.79 3569.61 13392.7 7651.9 6885.85 5740.81 1583.18 1145.66 2183.33 5782.58 956.803 766.049 644.397 5058.88 1103.28 846.451 954.343 127.415 1433.92 565.513 681.929 71.9126 1093.86 317.399 1386.28 350.285 25.7428 4828.23
internal_count=128848 124273 49744 38082 74529 38756 35442 35773 11662 8077 24206 28588 6914 3314 2755 32260 6854 5122 5961 4575 11075 4519 3513 356 13812 3364 13876 3858 230 22627
is_linear=0
shrinkage=0.05


Tree=62
num_leaves=31
num_cat=0
split_feature=28 15 13 9 38 9 0 23 15 14 16 32 27 13 22 20 13 8 8 7 8 34 36 17 20 8 27 7 7 26
split_gain=34.6689 23.2915 21.0162 18.6181 15.7189 15.607 13.8589 15.4869 13.9233 13.4719 12.9318 15.1377 18.9928 12.9234 12.5933 12.8311 12.5774 13.6735 12.5207 29.0097 11.9827 13.8133 17.4607 12.8292 12.2296 15.7109 13.182 11.663 15.5505 13.0198
threshold=5.5000000000000009 -0.0099999999999999655 -1.5183333333333326 3.9250000000000003 1.0000000180025095e-35 6.455000000000001 20.500000000000004 6.5950000000000006 0.039166666666666662 -0.0032083333333333959 2.5000000000000004 3.5000000000000004 0.050000000000000273 2.1041666666666674 2.2350000000000008 -2.5849999999999986 -0.98333333333333306 0.48535000000000006 0.45019999999999999 5.9750000000000005 0.35020000000000001 5.0850000000000009 6.5850000000000009 2.5000000000000004 0.27999999999999964 0.31445000000000006 -0.010000000000000229 4.245000000000001 4.3050000000000006 -1.0000000180025095e-35
decision_type=2 2 2 2 2 2 2 2 2 2 2 2 2 2 2 2 2 2 2 2 2 2 2 2 2 2 2 2 2 2
left_child=1 3 -2 -1 6 -6 8 -8 9 -4 20 12 27 -11 15 -13 -17 -18 19 -7 21 -3 -23 -22 25 26 -24 29 -29 -12
right_child=2 10 4 -5 5 18 7 -9 -10 13 11 14 -14 -15 -16 16 17 -19 -20 -21 23 22 24 -25 -26 -27 -28 28 -30 -31
leaf_value=-0.0073498381694752715 -0.025373492239704372 0.0032641750499405667 -0.011155966381899217 -0.00044036276426970234 0.0064455958103833109 -0.008646659831274342 0.10741678582452446 -0.019313528532867857 0.027380444186515099 -0.001209786371130118 0.014601656170314914 0.024858808511346059 -0.0093395180182561377 0.053073893895846935 -0.015521537215005094 -0.0096821827958780554 0.0053173313498720808 -0.0063681703681376925 0.029035803893339981 0.23887744211764722 0.0063030534141292702 0.098543669680688006 0.031671440639810866 0.000834550770210597 0.0061006089276080498 0.040977532982150039 -0.010898818362539 -0.024346961444530767 -0.00099248653066180757 1.190218404248089e-05
leaf_weight=1303.651015277952 142.68785312213004 379.8534150198102 523.56647671014071 3866.8562730662525 67.900140535086393 2.11008097231388 2.4372911304235449 220.98611035943031 33.6045828089118 596.15717321448028 256.87842708081007 69.438546445220709 683.35738123953342 11.169640347361563 88.518620111048222 179.86745963059366 2228.954590100795 282.00897005945444 8.4062482081353647 2.6962798796594143 1641.0334674119949 6.4856383576989165 34.107763223350048 3095.797729447484 162.45916607230902 80.720589570701122 38.95303799957037 73.667675353586674 2195.3944140225649 377.82958987914026
leaf_count=11468 5228 1955 7481 24556 866 26 27 3128 315 7799 2108 627 5104 60 541 1664 13542 1627 71 28 7609 34 156 14893 873 371 190 496 13053 2952
internal_value=-4.4193e-05 0.000618555 -0.00705352 -0.00218246 -0.0052741 0.0161205 -0.00652444 -0.017931 -0.00433594 -0.00527839 0.00183812 0.000321252 -0.00183974 -0.000211429 0.00304232 0.00363764 0.00309001 0.00400492 0.0658399 0.13021 0.00363287 0.00972638 0.0173325 0.00272907 0.015667 0.0257731 0.00897472 -7.47773e-05 -0.00175072 0.00591665
internal_weight=18657.6 17045.8 1611.72 5170.51 1469.03 81.1127 1387.92 223.423 1164.5 1130.89 11875.3 6435.92 3587.13 607.327 2848.79 2760.27 2690.83 2510.96 13.2126 4.80636 5439.41 702.58 322.726 4736.83 316.241 153.781 73.0608 2903.77 2269.06 634.708
internal_count=128848 103819 25029 36024 19801 991 18810 3155 15655 15340 67795 41714 23713 7859 18001 17460 16833 15169 125 54 26081 3579 1624 22502 1590 717 346 18609 13549 5060
is_linear=0
shrinkage=0.05


Tree=63
num_leaves=31
num_cat=0
split_feature=7 40 2 8 15 24 34 26 9 8 16 20 16 4 20 33 13 35 3 23 13 17 4 31 15 17 7 33 25 15
split_gain=32.741 25.175 19.1329 23.9169 18.6092 15.8107 15.8086 17.913 16.3703 20.7491 14.2016 14.0865 14.0664 13.6215 13.4258 13.0971 16.6598 22.9679 16.5535 13.0185 19.7769 14.9386 13.6401 12.7246 12.3004 11.9002 14.6794 12.6134 11.5923 11.4436
threshold=2.0100000000000002 3.5000000000000004 3.5000000000000004 0.50445000000000018 0.011666666666666674 0.10500000000000088 5.2550000000000008 0.020000000000000021 3.8450000000000002 0.42435000000000006 3.5000000000000004 -0.70999999999999963 1.5000000000000002 51.500000000000007 -1.8149999999999993 0.12500000000000003 0.24000000000000069 0.29695000000000005 36.500000000000007 6.6850000000000014 2.4508333333333341 2.5000000000000004 50.500000000000007 3.5000000000000004 -0.052666666666666646 1.5000000000000002 5.7550000000000008 0.13500000000000004 5.5000000000000009 0.02
decision_type=2 2 2 2 2 2 2 2 2 2 2 2 2 2 2 2 2 2 2 2 2 2 2 2 2 2 2 2 2 2
left_child=23 2 6 25 19 15 8 13 -2 14 11 -9 -5 24 -10 16 17 -6 -19 -3 21 -21 -23 -1 -8 26 -4 -28 -15 -7
right_child=1 4 3 12 5 29 7 10 9 -11 -12 -13 -14 28 -16 -17 -18 18 -20 20 -22 22 -24 -25 -26 -27 27 -29 -30 -31
leaf_value=-0.034992536023059358 -0.0090152590096728834 0.0029176769116237219 0.051190845899000338 0.0021573683044912471 -0.020733646017723428 -0.0029538647068204932 -0.036192910092859527 0.012304387944555319 -0.017901735752054306 -0.011562486694309183 -0.005252960163903319 -0.00088703211050303115 -0.0079952285739437867 0.0037192058548028506 0.0015006273007859567 -0.00020461104970886601 0.0060099404016934477 0.24379524293516794 0.0696847556328824 -0.0030543155440259338 0.095770936654553426 -0.02670174168220589 -0.010615304553775538 0.0025167572299256164 -0.00076374152883744851 0.0049177926644707187 0.026089885751547179 0.0069657989097857351 0.017098716201424825 0.085593567960358594
leaf_weight=92.454555479809642 849.77988960780203 262.39509811811149 24.462449103593826 980.65162545070052 2.8332646172493714 5.8787287212908259 24.925066981464624 256.81528041511774 92.844485629349947 402.25674302130938 1614.4126714263111 954.70487902686 523.18128937482834 3669.2216050606221 2246.9908523596823 719.39359908737242 14.552952527999876 2.6676785610616207 2.795924935489893 563.15507309883833 4.4770860075950614 159.16857418604195 765.73110614530742 29.929963426664472 1431.0754722636193 2293.4762223474681 112.86143280938268 365.26781213656068 169.3661990724504 9.6192544288933259
leaf_count=3669 6213 2930 124 4424 35 44 182 1405 864 1900 13383 5330 2716 21505 13078 6705 111 33 38 6942 22 2221 10373 906 8565 11733 563 1742 1027 65
internal_value=-4.29491e-05 0.000127342 0.0008575 0.00371001 -0.00452568 0.00202273 -0.000189726 0.00103197 -0.00295174 -0.00107264 -0.00218241 0.00190926 -0.00137471 0.00274761 0.000730743 0.00097909 0.0382462 0.0947896 0.154697 -0.00735315 -0.00915882 -0.00947452 -0.0133837 -0.0258194 -0.00137025 0.00644477 0.0134128 0.01148 0.00430954 0.0520056
internal_weight=18647.3 18525 16012.3 4299.9 2512.67 757.741 11712.4 8120.52 3591.87 2742.09 2825.93 1211.52 1503.83 5294.59 2339.84 742.243 22.8498 8.29687 5.4636 1754.93 1492.53 1488.05 924.9 122.385 1456 2796.07 502.592 478.129 3838.59 15.498
internal_count=128848 124273 94754 21302 29519 7031 73452 51397 22055 15842 20118 6735 7140 31279 13942 6922 217 106 71 22488 19558 19536 12594 4575 8747 14162 2429 2305 22532 109
is_linear=0
shrinkage=0.05


Tree=64
num_leaves=31
num_cat=0
split_feature=13 24 40 15 4 13 7 20 15 10 13 34 14 12 38 0 8 37 28 5 14 13 34 22 15 35 2 1 14 10
split_gain=30.6156 23.7625 25.3808 21.3764 16.6125 15.552 20.7228 15.5182 14.7124 14.0548 13.6992 12.6754 17.5269 13.5983 12.4527 11.9105 11.9395 11.8048 12.1178 11.8415 13.0499 11.5102 10.8413 11.2545 13.1052 11.6224 15.394 10.7152 11.726 12.2843
threshold=-2.1274999999999991 0.016666666666667055 2.5000000000000004 -0.0049999999999999897 48.500000000000007 0.33183333333333437 4.4050000000000011 -2.024999999999999 -0.011833333333333333 0.29390000000000005 0.26000000000000006 4.6150000000000011 0.091566666666666671 0.40485000000000004 1.0000000180025095e-35 12.500000000000002 0.40575000000000006 2.5000000000000004 1.5000000000000002 1.0000000180025095e-35 -0.054966666666666643 -3.0291666666666668 7.4450000000000012 0.46999999999999992 0.03166666666666669 0.37325000000000003 3.5000000000000004 5.5000000000000009 -0.14297500000000002 0.308
decision_type=2 2 2 2 2 2 2 2 2 2 2 2 2 2 2 2 2 2 2 2 2 2 2 2 2 2 2 2 2 2
left_child=9 2 10 -4 5 6 8 -8 -3 21 17 -6 13 -13 27 -7 -17 18 -2 20 -20 -1 23 24 25 -16 -27 28 -5 -30
right_child=1 4 3 14 11 15 7 -9 -10 -11 -12 12 -14 -15 22 16 -18 -19 19 -21 -22 -23 -24 -25 -26 26 -28 -29 29 -31
leaf_value=-0.044714690253443407 0.010649067171593158 -0.012808757135627387 -0.010142659213990123 -0.025191050005202827 -0.0022490110120200481 -0.0075738428348742937 0.063589164186043684 -0.02139821238682868 0.015827760440434435 0.04046945167270722 0.0024609618205047941 0.0022960059211500935 0.012448440885813018 0.010658820059433458 0.0057070455601079904 0.023313254925380594 0.00094703900811060463 -0.0046430799649827799 -0.011900404642952127 0.0044301584680501811 -0.00076731245007257505 -0.015685587009777398 0.1215897954474037 -0.0227440829881893 0.16970682310350094 0.034399897356917883 0.20466732132746693 -0.0085450784630947147 -0.0056673419742204224 0.0038492223542701993
leaf_weight=44.974273083731532 266.64347322285175 83.979063225910068 1223.5471707936376 45.723345633596182 825.36783974431455 161.27309464663267 5.4875876419246188 253.31174992397428 96.267207501456141 9.2490045987069589 3864.7489460557699 3864.6085159983486 600.99420281685889 556.03114893473685 16.570367589592941 99.273928970098495 149.55954013764858 1865.2634135186672 329.72731511667371 793.88005039095879 1304.9434838704765 141.84613741002977 2.7717046439647666 11.147082787007092 1.7493451088666905 4.4360400401055804 1.8943764083087442 521.55363859795034 521.96176813729107 967.94630548544228
leaf_count=1984 1221 751 14770 381 4659 787 39 1612 768 122 18520 22454 3365 3254 190 496 723 14703 2163 4833 7799 4045 27 81 17 60 18 7264 4882 6860
internal_value=-4.18195e-05 0.000167145 -0.00118812 -0.00489127 0.00254416 -0.00399088 -0.0105307 -0.0195961 0.00248564 -0.0196953 0.000270826 0.00349324 0.00443705 0.00334789 -0.0018254 0.00301039 0.0098702 -0.0015852 0.000531068 -0.000579841 -0.00301295 -0.0226739 0.0263228 0.0189464 0.0377994 0.0277232 0.0853524 -0.00235313 -0.000250134 0.00051527
internal_weight=18636.7 18440.7 11744.5 3319.3 6696.15 849.152 439.046 258.799 180.246 196.069 8425.21 5847 5021.63 4420.64 2095.75 410.107 248.833 4560.46 2695.19 2428.55 1634.67 186.82 38.5689 35.7972 24.6501 22.9008 6.33042 2057.19 1535.63 1489.91
internal_count=128848 122697 83789 34550 38908 5176 3170 1651 1519 6151 49239 33732 29073 25708 19780 2006 1219 30719 16016 14795 9962 6029 393 366 285 268 78 19387 12123 11742
is_linear=0
shrinkage=0.05


Tree=65
num_leaves=31
num_cat=0
split_feature=13 13 1 17 8 8 39 25 10 15 39 7 7 11 15 24 20 0 32 8 13 20 36 15 22 23 13 9 1 31
split_gain=28.8447 19.5434 23.1194 18.4962 17.4098 22.1655 17.3018 16.1929 14.6217 16.7523 15.2782 32.1898 14.6668 14.4639 12.5902 17.7286 15.6177 12.3075 12.1762 13.4079 19.5478 13.6351 13.3477 13.1867 11.5556 11.3388 16.2359 11.0065 10.7959 13.5284
threshold=-1.3524999999999998 1.5416666666666665 5.5000000000000009 4.5000000000000009 0.12950000000000003 0.10299999999999997 4.5000000000000009 1.5000000000000002 0.15070000000000003 -0.0066666666666666602 4.5000000000000009 3.7750000000000004 3.7050000000000005 0.25785000000000008 -0.0039999999999999888 -0.099999999999999187 2.1250000000000013 21.500000000000004 2.5000000000000004 0.49585000000000001 0.37333333333333335 2.975000000000001 6.5150000000000006 -0.018333333333333295 2.9150000000000014 6.8450000000000006 0.97833333333333294 3.7850000000000006 1.5000000000000002 3.5000000000000004
decision_type=2 2 2 2 2 2 2 2 2 2 2 2 2 2 2 2 2 2 2 2 2 2 2 2 2 2 2 2 2 2
left_child=6 2 3 18 5 -4 7 -1 9 -7 11 -11 -12 -3 16 -16 -5 -6 27 20 23 22 -22 24 -20 26 -23 -2 29 -25
right_child=1 13 4 14 17 8 -8 -9 -10 10 12 -13 -14 -15 15 -17 -18 -19 19 -21 21 25 -24 28 -26 -27 -28 -29 -30 -31
leaf_value=0.0089241960451915455 -0.0070334438719136796 0.015954762700306279 -0.022558632262643392 -0.0047159637432991055 -0.0050242594601875717 0.044235884917667743 -0.033676894108579963 -0.010492151484867518 0.016889581830073216 0.45653790449074044 -0.052378464019107299 0.097146666173805685 0.22512826754317478 0.0034317557675732184 -0.028311964221871613 0.00051127830072736618 -0.037040838030207142 -0.01926008621675877 -0.0026344115308463418 -0.0028209246837881067 0.086816240490400848 0.099167375535103117 0.0070227231856372849 0.016484084478721319 -0.044965247402808106 -0.0050472914205360623 0.024716638230221345 0.00051388002593367522 0.0021077737396441305 -0.00038162704977528925
leaf_weight=130.24016699381173 598.59350008517504 293.86335468292236 9.8471040930598992 1757.7596643827856 1327.0516784116626 4.0981485545635215 66.660687744617462 611.81054538674653 6.3768501020967951 1.1749169155955308 1.0119477771222589 1.3264666944742201 0.89923614263534535 1070.5652828514576 54.400273367762566 2761.5355704911053 38.178125090897083 171.4397046007216 946.6525588594377 923.93122265860438 5.2561458796262732 11.320130627602337 1815.7404843047261 310.66668745875359 16.401258453726768 12.555241547524927 20.737618021667004 2502.855988740921 2958.7247203886509 192.61745554208755
leaf_count=1714 4097 1340 205 11888 16394 81 2482 9632 118 20 24 23 20 4833 388 16117 220 2333 6687 4666 26 64 8845 1346 136 66 99 14253 19808 923
internal_value=-4.06724e-05 0.000378565 -9.83571e-05 0.000500388 -0.00596619 0.0356401 -0.00927629 -0.00708431 0.0741345 0.117027 0.184631 0.265955 0.078192 0.00612889 -0.00213188 -4.55498e-05 -0.00540313 -0.00665295 0.00167716 0.00280344 0.00362951 0.0079221 0.00725304 0.00181975 -0.00335533 0.0352315 0.0510064 -0.000942787 0.00325934 0.0100292
internal_weight=18624.3 17815.6 16451.2 14927.9 1523.23 24.7347 808.711 742.051 14.8876 8.51072 4.41257 2.50138 1.91118 1364.43 4611.87 2815.94 1795.94 1498.49 10316.1 7214.6 6290.67 1865.61 1821 4425.06 963.054 44.613 32.0577 3101.45 3462.01 503.284
internal_count=128848 115020 108847 89629 19218 491 13828 11346 286 168 87 43 44 6173 28613 16505 12108 18727 61016 42666 38000 9100 8871 28900 6823 229 163 18350 22077 2269
is_linear=0
shrinkage=0.05


Tree=66
num_leaves=31
num_cat=0
split_feature=13 24 40 13 20 39 39 9 13 14 34 4 14 11 13 3 16 36 20 13 27 0 0 24 14 5 12 12 12 33
split_gain=27.2773 22.3855 23.2422 16.4621 15.1049 16.7825 27.7895 13.4233 12.8671 14.459 12.7979 12.6493 15.5868 11.8981 11.5074 10.8521 10.4945 10.7436 10.4658 12.3851 10.8477 10.4772 10.4593 21.0379 10.3039 10.2923 18.796 11.4739 15.3184 14.8626
threshold=-2.652499999999999 0.02666666666666773 3.5000000000000004 2.1041666666666674 -0.2600000000000004 1.0000000180025095e-35 1.5000000000000002 2.9900000000000007 -0.44250000000000006 -0.14297500000000002 4.4050000000000011 47.500000000000007 0.091566666666666671 0.22589999999999996 1.5783333333333336 37.500000000000007 3.5000000000000004 6.8550000000000013 -0.56000000000000016 0.42666666666666725 0.069999999999999854 23.500000000000004 17.500000000000004 0.096666666666667136 -0.067933333333333318 1.0000000180025095e-35 0.24825000000000003 0.34395000000000003 0.34165000000000001 0.14500000000000005
decision_type=2 2 2 2 2 2 2 2 2 2 2 2 2 2 2 2 2 2 2 2 2 2 2 2 2 2 2 2 2 2
left_child=7 2 4 8 5 -2 14 -1 -4 -10 -3 16 -13 -8 18 -5 -12 -18 19 24 21 -20 -14 -24 -7 -26 -27 28 -28 -30
right_child=1 10 3 15 -6 6 13 -9 9 -11 11 12 22 -15 -16 -17 17 -19 20 -21 -22 -23 23 -25 25 26 27 -29 29 -31
leaf_value=-0.032974445366167358 -0.010087884009104615 -0.0043211549654406335 -0.014736515997036272 -0.003196515543123943 0.0011577545891262976 -0.0081785958068306668 -0.017682017996883043 0.041024688899668815 -0.033575398865063659 -0.0036752138144241992 0.0023544230201989285 0.0034623969204172437 0.0083421008637585906 -0.0044015091409916381 0.067812913124399923 0.056427128384476624 -0.0065094455137712547 -0.034370545570347917 -0.012052730157916995 0.017063703166714107 0.015258529346104258 0.033915542463008395 0.019596287846524046 0.10381287016761978 0.0011913262548447281 -0.017270414307087083 0.021396695592460629 0.0056787745857837871 0.026364446031001409 0.17185448876018633
leaf_weight=83.218259697780013 636.65892065316439 551.31371582113206 403.84433088265359 13.741460278630258 7518.7373634837568 179.57428630813956 191.34358948282897 6.6155684739351264 41.698995720595121 1331.1375626027584 275.32726968079805 3638.8450158666819 377.59715586155653 1421.9966096170247 6.8448053598403922 17.163884252309799 156.23615893162787 44.444482216611505 243.89496928080916 176.24072877317667 52.332559026777744 13.059355542063711 135.62015360966325 7.8445366844534865 708.50385285355151 49.680856861174107 169.78798205405474 152.64148293994367 3.629915051162242 3.3991539906710386
leaf_count=3485 5506 3194 8550 73 40818 1294 1849 96 467 14130 1378 21219 2108 12500 29 91 1212 349 1313 837 296 68 781 46 4653 327 1135 996 22 26
internal_value=-3.96968e-05 9.36018e-05 -0.000990456 -0.00626191 -0.000163916 -0.0026423 -0.0012369 -0.027525 -0.00689124 -0.00458341 0.00288062 0.00373707 0.00462056 -0.00597659 0.00310884 0.0299166 -0.00398387 -0.0126798 0.00285616 0.0046446 -0.00549059 -0.00971645 0.0127086 0.0242012 0.00291739 0.00474938 0.0113984 0.0157215 0.0243911 0.0967213
internal_weight=18613 18523.1 13335.9 1807.59 11528.3 4009.59 3372.93 89.8338 1776.68 1372.84 5187.23 4635.91 4159.91 1613.34 1759.59 30.9053 476.008 200.681 1752.75 1443.46 309.287 256.954 521.062 143.465 1267.22 1087.64 379.139 329.459 176.817 7.02907
internal_count=128848 125267 94980 23311 71669 30851 25345 3581 23147 14597 30287 27093 24154 14349 10996 164 2939 1561 10967 9290 1677 1381 2935 827 8453 7159 2506 2179 1183 48
is_linear=0
shrinkage=0.05


Tree=67
num_leaves=31
num_cat=0
split_feature=7 16 39 25 4 11 40 9 7 7 8 21 17 18 31 36 2 26 3 34 27 15 17 13 18 12 8 22 7 9
split_gain=25.5685 20.1427 25.2795 19.7942 17.9245 14.3233 17.8952 14.7856 13.7494 13.4703 12.9495 12.6832 14.237 12.6134 12.5604 12.5109 12.1323 11.7798 15.4161 14.1198 11.7227 11.3945 11.3416 11.8347 11.3295 11.3009 12.4093 11.214 11.0975 13.8033
threshold=2.0100000000000002 2.5000000000000004 4.5000000000000009 2.5000000000000004 49.500000000000007 0.33625000000000005 -3.4999999999999996 5.0750000000000011 4.4050000000000011 4.3650000000000011 0.35020000000000001 -0.0099999999999999863 1.5000000000000002 4.5000000000000009 3.5000000000000004 6.5750000000000011 2.5000000000000004 -0.055000000000000153 27.500000000000004 4.7150000000000007 -0.19499999999999981 0.0018333333333333398 2.5000000000000004 1.5416666666666665 3.5000000000000004 0.38905000000000006 0.47864999999999996 0.86499999999999988 5.4350000000000014 3.0050000000000003
decision_type=2 2 2 2 2 2 2 2 2 2 2 2 2 2 2 2 2 2 2 2 2 2 2 2 2 2 2 2 2 2
left_child=14 10 3 4 8 6 -5 -8 9 24 -2 16 15 22 -1 -13 -6 18 -17 -19 -20 -4 -12 -24 -3 -7 -27 28 29 -21
right_child=1 2 21 5 11 25 7 -9 -10 -11 13 12 -14 -15 -16 17 -18 19 20 27 -22 -23 23 -25 -26 26 -28 -29 -30 -31
leaf_value=-0.033386424436379951 0.0073912278719015017 0.015673446230544199 -0.018176050179918964 0.016527462626093552 -0.0057629249996993441 -0.0013999461812412928 -0.0080948433051477569 -0.001476284388210132 -0.011473884234564921 0.072971301665388219 0.0051518905704930349 0.078245411418883692 0.0033863755096344207 -0.0054383227864859447 0.0049011392593653214 0.049243638600776886 0.0049636313590815627 -0.021711050438824393 0.093008016893229351 -0.01023652129819741 0.011873394420893073 -0.0024812186977990524 -0.0011367825209349449 0.0057012826448157332 -0.0071120521753537912 0.007938407503417266 -0.019965330364815431 -0.019535170566058035 -0.002230695379229449 0.024642398529771528
leaf_weight=84.736228724941611 1020.7355211861432 89.346119005233049 307.92056937515736 97.788477431982756 590.6289698574692 2657.6368729341775 1906.4478278663009 1513.8961812630296 388.49484291672707 6.8388427980244151 1940.0600990727544 7.1528775561600915 1740.7481722664088 622.31521754339337 28.667332889512181 40.351786348968744 476.10666697472334 39.656174166128039 4.5943185463547698 33.81165768019855 143.70407316088676 185.19730241782963 2793.5298567190766 818.03785157203674 140.10058235935867 587.63595458120108 42.742075335234404 29.462822936475277 86.798327267169952 176.1161489021033
leaf_count=3669 5613 651 5939 531 3572 19843 17220 10616 2279 49 9676 46 11274 3393 906 318 2463 248 27 255 933 3039 15080 3714 1238 4313 273 156 449 1065
internal_value=-3.85959e-05 0.000106589 -0.00121071 -0.000705223 0.00208911 -0.00234496 -0.0045624 -0.00516537 -0.00568927 0.00382164 0.00217429 0.00353155 0.00561971 0.00131178 -0.0237077 0.0125416 -0.000975436 0.011694 0.0218427 0.0064608 0.014387 -0.0122816 0.00206844 0.000412073 0.00176058 2.76718e-05 0.00604643 0.00988577 0.0128071 0.0190247
internal_weight=18601.3 18487.9 11293.2 10800.1 3993.91 6806.15 3518.13 3420.34 624.78 236.286 7194.68 3369.13 2302.4 6173.94 113.404 561.648 1066.74 554.495 188.65 365.845 148.298 493.118 5551.63 3611.57 229.447 3288.01 630.378 326.189 296.726 209.928
internal_count=128848 124273 86797 77819 25023 52796 28367 27836 4217 1938 37476 20806 14771 31863 4575 3497 6035 3451 1278 2173 960 8978 28470 18794 1889 24429 4586 1925 1769 1320
is_linear=0
shrinkage=0.05


Tree=68
num_leaves=31
num_cat=0
split_feature=13 1 27 13 26 4 8 26 10 9 15 12 34 13 8 28 40 37 3 7 37 14 23 39 36 27 26 35 34 12
split_gain=23.9774 19.5995 19.3658 16.1096 14.7513 13.9922 13.5799 15.3617 13.3259 12.5157 12.3286 12.0047 11.9608 13.5075 14.2416 12.5445 17.0665 15.7356 21.531 15.3611 13.5081 14.1533 13.3851 12.6409 12.0215 11.9086 11.6548 11.3809 10.8384 10.6551
threshold=-2.652499999999999 5.5000000000000009 0.050000000000000273 0.97833333333333294 -0.27999999999999975 49.500000000000007 0.28370000000000006 -0.14499999999999999 0.60775000000000012 2.9900000000000007 -0.020833333333333339 0.27645000000000003 5.3050000000000006 0.77333333333333221 0.47720000000000001 1.5000000000000002 1.0000000180025095e-35 3.5000000000000004 29.500000000000004 6.1550000000000011 1.5000000000000002 -0.077524999999999969 6.5150000000000006 1.5000000000000002 7.1050000000000013 -0.10499999999999997 -0.095000000000000182 0.38515000000000005 6.3150000000000004 0.39625000000000005
decision_type=2 2 2 2 2 2 2 2 2 2 2 2 2 2 2 2 2 2 2 2 2 2 2 2 2 2 2 2 2 2
left_child=9 2 5 4 -3 10 7 -4 -9 -1 11 -2 29 14 15 25 24 20 28 -20 21 27 -23 -22 -17 -14 -16 -18 -19 -7
right_child=1 3 6 -5 -6 12 -8 8 -10 -11 -12 -13 13 -15 26 16 17 18 19 -21 23 22 -24 -25 -26 -27 -28 -29 -30 -31
leaf_value=-0.031958413697981539 -0.028415542163821941 0.13443512973616842 0.12711450286375017 0.002391751612483969 -0.0080704443631086625 -0.0017029964434947819 -0.0006325638055064229 -0.0082404551712195306 0.11283247174904171 0.039025832708346878 -0.00065092476251950629 -0.0060873982471970492 -0.010177872168335662 0.0068879212711414652 0.016513555859945871 -0.005863095085223753 -0.0125557112405855 0.086831742449334906 0.0023760518057370957 0.061792743774671227 0.0029248534476055445 0.10508525875086233 0.0049245977678834601 -0.010460231607470755 0.066717905589884705 0.010188497783843332 -0.0056124259117762369 0.0057761640806309987 0.023682348790321099 0.0063017112960327736
leaf_weight=79.173877982422709 77.776655655354261 1.8185236286371935 2.109040053561329 543.98799341917038 1286.7422826066613 2763.821086358279 2082.3454202823341 1010.1089201383293 2.2778256610035887 6.738212674856185 1516.3439182899892 266.36021417751908 78.75506304949522 1817.4685128852725 64.30450301989913 699.32789727672935 219.66423069313169 15.659137243404986 88.812108911573887 12.396267883479593 356.56578889489174 3.3392748832702628 2992.8351417910308 349.07760832831264 5.7518847584724417 809.84425663948059 799.40213016420603 137.76149882376194 12.002761162817476 489.32869419828057
leaf_count=3485 590 20 18 3465 19648 16118 12295 9084 17 96 9047 1977 350 8171 343 4893 1510 138 682 81 2536 19 19234 3109 37 3659 4309 947 109 2861
internal_value=-3.751e-05 8.48333e-05 0.000624283 -0.00482335 -0.00786933 0.00143812 -0.0029436 -0.00768722 -0.00796805 -0.026391 -0.00258994 -0.0111337 0.00207777 0.00306825 0.00202362 0.00291824 0.00192576 0.00313735 0.0203382 0.00965356 0.00259127 0.00391433 0.00503623 -0.00369667 -0.005271 0.00838346 -0.00396511 -0.00549011 0.0594306 -0.000498953
internal_weight=18591.9 18506 16673.4 1832.55 1288.56 13576.6 3096.84 1014.5 1012.39 85.9121 1860.48 344.137 11716.1 8462.97 6645.5 5781.79 4893.19 4188.11 128.87 101.208 4059.24 3353.6 2996.17 705.643 705.08 888.599 863.707 357.426 27.6619 3253.15
internal_count=128848 125267 102134 23133 19668 80720 21414 9119 9101 3581 11614 2567 69106 50127 41956 37304 33295 28365 1010 763 27355 21710 19253 5645 4930 4009 4652 2457 247 18979
is_linear=0
shrinkage=0.05


Tree=69
num_leaves=31
num_cat=0
split_feature=13 2 28 4 40 37 38 24 20 37 24 12 20 17 26 14 24 3 12 6 3 26 12 15 19 24 36 19 33 24
split_gain=22.5878 16.809 15.5805 19.5005 17.7261 21.7591 15.654 15.6203 16.3848 14.7304 18.617 16.628 15.9558 13.892 13.8241 12.8244 13.0377 12.6622 14.4334 12.9116 12.6424 12.3644 15.602 12.1124 18.19 12.0938 11.8876 11.6188 11.4917 11.2689
threshold=-1.2483333333333331 1.5000000000000002 2.5000000000000004 50.500000000000007 1.0000000180025095e-35 3.5000000000000004 1.0000000180025095e-35 0.1000000000000001 0.85500000000000009 1.5000000000000002 -0.068333333333332011 0.26840000000000003 2.3250000000000006 1.5000000000000002 0.15499999999999983 0.07306666666666671 0.090000000000001204 34.500000000000007 0.26035000000000003 0.18500000000000003 30.500000000000004 -0.14999999999999988 0.22099999999999997 -0.023333333333333355 0.025000000000000012 0.040000000000000487 6.6650000000000009 -0.014999999999999998 0.17500000000000002 -0.028333333333333762
decision_type=2 2 2 2 2 2 2 2 2 2 2 2 2 2 2 2 2 2 2 2 2 2 2 2 2 2 2 2 2 2
left_child=1 21 6 -4 7 9 15 -5 -9 10 11 -6 -12 17 -11 -2 -17 19 -19 25 -3 22 -1 -20 -25 -7 27 -15 -24 -23
right_child=2 20 3 4 5 13 -8 8 -10 14 12 -13 -14 26 -16 16 -18 18 23 -21 -22 29 28 24 -26 -27 -28 -29 -30 -31
leaf_value=0.26457074211925219 0.0020829350734282571 0.0047158851831438512 -0.0055467094902660365 -0.0077995617947449946 0.012313858320985216 0.057435834221860486 -0.0060802585541765153 -0.0086141768411034346 0.092597400316409992 -0.0041057954338125542 0.0013825308999174575 -0.013684746898256148 0.011059893102639683 0.053052600333633453 0.022972784109281372 0.0072526928191666857 0.035063127376599522 -0.023651866285156004 -0.039665053055037529 0.14144393882027351 -0.0087621241792484855 -0.037535444356369227 -0.022279272449013055 0.021437924614602991 0.10014995026265271 -0.014127502500292136 0.0028799764337220342 0.01050500048209085 0.18595463809623225 -0.013549456214139078
leaf_weight=0.78597821295261283 5223.4015188217163 282.35650951229036 1792.1903863791376 810.3354911506176 75.508521374315023 24.513670142740011 513.77768015861511 7.9808324873447409 8.0140758603811246 2025.6180634852499 4840.4021734632552 331.51935178041458 467.03365750983357 24.322204258292913 48.255976665765047 804.05341673642397 44.474118247628212 19.103466842323542 6.4251613728702059 3.4894610457122317 453.32470707781613 67.496697667986155 3.1869047991931438 52.077158097177744 8.544158820062874 7.7764990478754035 408.35608692094684 47.150698836892843 0.83645599894225586 178.37151668965816
leaf_count=18 24960 3703 13529 5395 690 170 2566 48 37 15619 35613 3076 2572 162 419 3671 190 139 52 32 5188 2100 76 355 63 51 3169 384 25 4776
internal_value=-3.64895e-05 -0.00739933 0.00037628 -0.000774545 0.000153432 0.00084159 0.00229999 -0.00683374 0.0420968 0.000133814 0.00144377 -0.0088617 0.0022341 0.0100021 -0.00347572 0.00300909 0.00871033 0.0250727 0.0146888 0.050075 -0.00358923 -0.0185811 0.0608166 0.0256131 0.0325318 0.0402011 0.00617247 0.0249839 0.0210125 -0.0201342
internal_weight=18580.7 986.359 17594.3 11008.6 9216.43 8390.1 6585.71 826.33 15.9949 7788.34 5714.46 407.028 5307.44 601.759 2073.87 6071.93 848.528 121.93 86.1499 35.7796 735.681 250.678 4.80934 67.0465 60.6213 32.2902 479.829 71.4729 4.02336 245.868
internal_count=128848 15886 112962 81575 68046 62566 31387 5480 85 57989 41951 3766 38185 4577 16038 28821 3861 862 609 253 8891 6995 119 470 418 221 3715 546 101 6876
is_linear=0
shrinkage=0.05


Tree=70
num_leaves=31
num_cat=0
split_feature=28 38 13 20 15 14 24 27 0 34 15 14 24 31 22 36 12 3 27 37 15 35 24 20 4 1 15 26 0 28
split_gain=21.5449 16.6632 19.1005 17.1312 15.8725 15.5573 14.4035 13.7987 13.6348 13.2509 15.9239 12.7068 13.6474 12.6489 12.1209 12.038 20.3113 11.8831 21.3908 29.6899 11.2369 11.229 10.4258 10.3784 10.3715 12.0851 11.6345 11.2116 10.8674 15.4004
threshold=5.5000000000000009 1.0000000180025095e-35 -0.43250000000000005 -2.524999999999999 -0.033333333333333333 0.071633333333333368 0.031666666666667627 0.044999999999999936 20.500000000000004 7.5950000000000006 -0.023333333333333334 0.14520833333333336 -0.054999999999999265 2.5000000000000004 -3.3149999999999991 6.6350000000000007 0.40045000000000003 22.500000000000004 -0.015000000000000123 4.5000000000000009 0.039166666666666662 0.40040000000000003 0.1116666666666677 -0.59500000000000008 49.500000000000007 3.5000000000000004 -0.0016666666666666911 0.2050000000000001 6.5000000000000009 1.5000000000000002
decision_type=2 2 2 2 2 2 2 2 2 2 2 2 2 2 2 2 2 2 2 2 2 2 2 2 2 2 2 2 2 2
left_child=4 2 6 -4 14 7 -2 24 11 -7 -11 15 -13 -3 -1 16 -5 18 19 -15 -17 -16 -10 -20 25 -6 -27 28 -26 -30
right_child=1 13 3 8 5 9 -8 -9 22 10 -12 12 -14 17 21 20 -18 -19 23 -21 -22 -23 -24 -25 27 26 -28 -29 29 -31
leaf_value=-0.039453459324883693 -0.022096800930901602 0.049555932095968223 0.17889967946045326 0.0052509130612664037 0.00048867567852342272 0.0040441106219103289 0.0015826367450655931 -0.0027957672281275531 -0.018096326124507085 0.13803124996197713 0.022819149693927229 0.11933283205317789 0.017238689108938842 0.055110844867295922 -0.0021077891146927051 -0.005469784014427409 0.076756680461370505 -0.001261976234660944 -0.025334562755116804 0.43473725822675241 0.027794577630738001 -0.016052959234605667 0.087029483489677706 0.19984917768967472 -0.0012580358695254285 -0.018087147883621046 -0.0026410864851913129 -0.041015453679713182 0.008488636974930493 0.001744909293083797
leaf_weight=26.140139019116759 286.59555674251169 20.466929858550429 1.2836556844413269 62.291988983750343 897.36023715138435 2326.1184614170343 82.764757165685296 3002.1703565344214 172.69177108258009 3.2117422558367243 45.301539625972509 3.6279159747064105 33.489430628716946 1.3865522220730784 717.32655886188149 788.06086743995547 11.81462588906288 66.470865689218044 3.7804915830492973 0.81939762085676182 26.23314119130373 180.72471798583865 2.3911251053214064 0.59176918119192023 2312.0888564381748 212.3736390452832 286.21532731503248 15.377603648230432 985.73802292346954 5997.124009212479
leaf_count=508 8663 328 18 736 4662 13058 1990 20363 2195 22 255 35 328 37 5426 9313 130 851 140 20 215 1385 20 10 13343 1900 2027 115 4312 36443
internal_value=-3.55708e-05 -0.00565 -0.00695085 -0.00365242 0.000480987 0.000847147 -0.0167908 0.00019992 -0.00386533 0.00458351 0.0304466 -0.00144481 0.0272176 0.0148156 -0.00589105 -0.00264232 0.0166509 0.00508206 0.0691866 0.196123 -0.00439815 -0.00491413 -0.0166606 0.00514322 0.00103995 -0.00297907 -0.00922033 0.00164254 0.00171311 0.00269689
internal_weight=18572 1564.76 1471.24 1101.88 17007.3 16083.1 369.36 13708.4 1100.6 2374.63 48.5133 925.518 37.1173 93.516 924.191 888.401 74.1066 73.0491 6.57821 2.20595 814.294 898.051 175.083 4.37226 10706.3 1395.95 498.589 9310.33 9294.95 6982.86
internal_count=128848 25029 23643 12990 103819 96500 10653 83165 12972 13335 277 10757 363 1386 7319 10394 866 1058 207 57 9528 6811 2215 150 62802 8589 3927 54213 54098 40755
is_linear=0
shrinkage=0.05


Tree=71
num_leaves=31
num_cat=0
split_feature=40 13 14 13 8 18 24 38 37 3 28 40 20 37 24 1 19 1 13 21 28 3 14 26 3 28 24 13 37 13
split_gain=20.3288 24.8101 17.0676 16.8728 14.871 13.0903 12.9614 15.7573 12.8549 15.7899 13.8223 13.3203 18.4434 14.2064 13.2335 13.3085 13.0653 12.0808 17.4489 11.3994 11.0765 14.1837 13.2656 10.8693 10.5353 11.8803 13.1614 10.5256 10.4751 12.3806
threshold=2.5000000000000004 -2.652499999999999 -0.010924999999999989 -0.49666666666666676 0.11795000000000001 4.5000000000000009 0.069999999999999854 1.0000000180025095e-35 2.5000000000000004 54.500000000000007 3.5000000000000004 1.0000000180025095e-35 -1.8149999999999993 3.5000000000000004 0.1266666666666674 2.5000000000000004 -0.014999999999999998 4.5000000000000009 0.093333333333332394 -0.074999999999999969 1.5000000000000002 28.500000000000004 -0.033325000000000042 0.050000000000000273 32.500000000000007 3.5000000000000004 0.088333333333334277 2.4508333333333341 5.5000000000000009 -1.1166666666666658
decision_type=2 2 2 2 2 2 2 2 2 2 2 2 2 2 2 2 2 2 2 2 2 2 2 2 2 2 2 2 2 2
left_child=8 -2 3 -3 5 -5 7 17 9 10 20 12 -10 19 15 -14 -16 -4 -19 -13 21 -1 -22 -11 -17 -26 28 -20 -27 -30
right_child=1 2 6 4 -6 -7 -8 -9 11 23 -12 13 14 -15 16 24 -18 18 27 -21 22 -23 -24 -25 25 26 -28 -29 29 -31
leaf_value=-0.0057262814472031432 -0.038587575817113015 -0.015347610387799044 0.0026305598225621098 0.16272797037992795 -0.0039562048345309526 -0.007283995247103341 0.011330348784629008 0.025663443125438057 -0.018667279296713597 -0.0010234040226359418 -0.0055063679205781899 0.042773329598763697 -0.00015829550164177372 0.0079136088893444912 0.10559288877999962 -0.016193884163945137 0.016793048339690586 -0.010354102702776497 -0.00039972372830255172 -0.0021157209335079248 -0.00070640223002927803 0.013061572172360997 0.0044803617588136304 -0.015130983514832578 -0.0080857110202152156 0.011507926410671049 0.075149572269065365 0.046707359037891576 0.086524019020705209 -0.014181747733857792
leaf_weight=122.60945732146502 47.732483151368797 380.56231834366918 1087.3193551991135 2.5187257789075366 1722.1131696924567 2.056784313172102 234.98011790402234 54.704724743962288 165.59761469811201 492.63184941187501 443.05405527353287 14.379568539559839 2890.1373365148902 777.43986457027495 4.9313585460186031 230.96405151486397 25.885915912687778 670.41652531921864 929.06013353914022 859.62672160752118 1763.6487540304661 555.97394085675478 4095.1453433893621 188.88049992546439 550.80205455422401 145.12787497416139 6.554915837943553 12.011408418416975 3.1681694649159899 83.172423370182514
leaf_count=573 2605 6950 7697 34 15067 24 1770 576 1738 2579 3029 85 14771 6933 23 1613 122 10812 7476 6400 9124 2355 20176 1105 3558 977 36 57 37 546
internal_value=-3.48694e-05 -0.00270752 -0.00237143 -0.00581747 -0.00371703 0.0863042 5.84472e-05 -0.000903478 0.000989498 0.002331 0.00304022 -0.000795647 -0.00232076 0.00299658 -0.00163385 -0.00189109 0.0310027 -0.00144199 -0.00418986 -0.00137718 0.00361945 0.0096669 0.00291901 -0.00493331 -0.00680191 -0.00405199 0.00528231 0.00020153 0.00330375 -0.0104865
internal_weight=18563.2 5143.48 5095.74 2107.25 1726.69 4.57551 2988.49 2753.51 13419.7 7661.94 6980.43 5757.79 4106.34 1651.45 3940.74 3909.93 30.8173 2698.81 1611.49 874.006 6537.38 678.583 5858.79 681.512 1019.79 788.825 238.023 941.072 231.468 86.3406
internal_count=128848 53068 50463 22075 15125 58 28388 26618 75780 38941 35257 36839 23421 13418 21683 21538 145 26042 18345 6485 32228 2928 29300 3684 6767 5154 1596 7533 1560 583
is_linear=0
shrinkage=0.05


Tree=72
num_leaves=31
num_cat=0
split_feature=28 15 8 14 9 38 13 20 24 27 14 0 26 9 3 27 34 25 13 36 14 24 2 36 12 16 19 12 7 22
split_gain=19.0661 14.3339 15.3262 14.7302 15.8378 14.1229 16.6846 18.6899 13.4738 12.9389 14.4734 12.5402 12.032 11.7381 12.3747 14.6535 11.2643 11.5249 11.2937 14.8858 11.1525 11.0259 10.8674 10.7191 16.7119 10.5302 11.4589 10.1073 10.0929 10.9898
threshold=5.5000000000000009 -0.0079999999999999915 0.51835000000000009 0.021791666666666685 3.9250000000000003 1.0000000180025095e-35 -0.43250000000000005 -2.5849999999999986 0.02999999999999892 -0.10999999999999986 0.010608333333333332 20.500000000000004 -0.05000000000000026 6.455000000000001 20.500000000000004 -0.044999999999999922 5.9650000000000007 4.5000000000000009 0.94499999999999973 6.7350000000000012 0.14520833333333336 -0.054999999999999265 3.5000000000000004 6.6350000000000007 0.40045000000000003 1.5000000000000002 -0.030000000000000002 0.60355000000000014 7.0650000000000004 2.1950000000000007
decision_type=2 2 2 2 2 2 2 2 2 2 2 2 2 2 2 2 2 2 2 2 2 2 2 2 2 2 2 2 2 2
left_child=1 2 3 4 -1 6 8 -8 -2 10 12 20 -4 14 15 -7 17 -3 27 -20 23 -22 -19 24 -9 26 -6 28 29 -18
right_child=5 16 9 -5 25 13 7 11 -10 -11 -12 -13 -14 -15 -16 -17 18 22 19 -21 21 -23 -24 -25 -26 -27 -28 -29 -30 -31
leaf_value=-0.0088651374918088909 -0.021433186494054762 0.0012879265791879916 0.12258306608226588 0.0024233500912484657 -0.054079499149154303 0.29576577702812584 0.19358527422305966 0.0049747212953289519 0.00095696257105045009 -0.017423464612276854 -0.017048125239241773 -0.016067897965927658 0.007278709438199471 0.055014568580925086 0.0013462400493409561 0.047257073651760163 0.0034428132321806682 -0.0060858098300397212 0.015750416046504286 0.0029446038879250591 0.10448786081551405 0.015998425829276772 0.0036248704981907583 -0.0042022429414758254 0.068196925561221602 -0.0020204665801892311 0.011642016815294082 -0.029370601321488443 -0.0056542511562839553 -0.0095421683058735073
leaf_weight=868.2702166531235 271.22519753873348 4207.7936132270843 5.0437185764312744 1938.8094764854759 6.8509916439652434 0.71374065987765778 1.2017307765781868 62.495083268731833 89.319362512789667 219.60514362901449 9.5926603674888593 172.82378486730158 4.1029844880104083 14.333320330828426 76.821722786873579 3.5123456213623276 4076.082863887772 1189.0223344303668 377.38941338658333 569.21467298269272 3.9272330142557612 33.966135196387768 380.25429879128933 811.19725076109171 12.552078410983084 2368.9265529774129 207.81215737015009 25.441582232713699 373.04483819007874 169.73208099603653
leaf_count=8068 8485 22457 25 12845 32 15 14 736 2168 1121 43 2217 20 125 1127 119 24749 8133 1688 2545 35 329 1859 9528 131 16107 996 145 1968 1018
internal_value=-3.39873e-05 0.000450707 -0.00161273 -0.00106414 -0.00302296 -0.00533506 -0.00655389 -0.00348989 -0.0158864 -0.0140204 0.0258601 -0.00370578 0.0708604 0.013305 0.00592865 0.0892275 0.00147245 -7.58969e-05 0.00307235 0.00804999 -0.00139393 0.0251694 -0.0037328 -0.00252971 0.015549 -0.00105957 0.00954451 0.0020578 0.00223092 0.00292372
internal_weight=18551.1 16997 5629.01 5390.67 3451.86 1554.09 1458.71 1098.16 360.545 238.345 18.7394 1096.96 9.1467 95.3811 81.0478 4.22609 11368 5777.07 5590.91 946.604 924.138 37.8934 1569.28 886.244 75.0472 2583.59 214.663 4644.3 4618.86 4245.81
internal_count=128848 103819 39257 38048 25203 25029 23643 12990 10653 1209 88 12976 45 1386 1261 134 64562 32449 32113 4233 10759 364 9992 10395 867 17135 1028 27880 27735 25767
is_linear=0
shrinkage=0.05


Tree=73
num_leaves=31
num_cat=0
split_feature=13 2 8 40 13 13 37 14 9 37 3 7 25 20 12 26 15 8 24 4 13 23 6 36 35 22 9 8 10 19
split_gain=18.4463 16.1703 20.8897 19.6268 19.1635 16.2056 16.1589 12.93 11.6954 10.6718 12.4632 11.3919 10.5691 12.3686 10.3584 10.3377 10.2198 10.2195 9.6679 16.2702 11.7405 30.0732 13.3687 9.9244 9.58005 13.2085 12.3458 9.97361 9.93869 9.50146
threshold=-2.652499999999999 3.5000000000000004 0.46890000000000004 2.5000000000000004 1.1283333333333327 2.4508333333333341 1.5000000000000002 0.041691666666666634 2.9900000000000007 2.5000000000000004 54.500000000000007 5.7550000000000008 5.5000000000000009 -0.27499999999999986 0.30514999999999998 -0.22999999999999995 -0.039999999999999959 0.44690000000000002 0.019999999999999133 48.500000000000007 -2.0408333333333322 6.7950000000000008 0.19500000000000003 6.5750000000000011 0.40355000000000008 -2.3049999999999993 3.9550000000000005 0.25100000000000006 0.41645000000000004 0.010000000000000004
decision_type=2 2 2 2 2 2 2 2 2 2 2 2 2 2 2 2 2 2 2 2 2 2 2 2 2 2 2 2 2 2
left_child=8 3 5 9 -4 -3 7 12 -1 10 11 16 13 -5 -11 -15 24 -12 -9 -20 21 22 -21 -22 25 -2 27 -27 29 -28
right_child=1 2 4 6 -6 -7 -8 18 -10 14 17 -13 -14 15 -16 -17 -18 -19 19 20 23 -23 -24 -25 -26 26 28 -29 -30 -31
leaf_value=-0.030004239725075117 -0.042264929327029271 0.0059283433192594097 -0.0038797060546552683 -0.0085160586962615796 0.0043470151149129239 0.096243202229968086 -0.012196510646660053 -0.0015606249298864368 0.038866259633694451 -0.0049502958570183187 -0.0033847774345138262 -0.001650866219881272 -0.012706491512305114 0.070636456859576133 0.0002128011407491567 -0.00032733699156231881 0.0045139575212097887 -0.030620390807276084 -0.019218578714308536 -0.052113941963474797 0.086160681489915306 0.36704515492429191 0.1901092705773505 0.011799630107989068 -0.031659386922723992 -0.0062421604488473717 0.052774253591532067 -0.065118155299825106 -0.038010037643128124 0.01080373200247061
leaf_weight=72.317645579576492 18.109167963266373 2200.1708712652326 1641.2231323607266 675.5901828315109 1244.7665093168616 4.9781656563282004 519.59499051608145 489.48154160752892 6.7388061182573429 1487.5169105473906 569.28214325010777 1213.5185244008899 341.80924111604691 5.1548202335834494 2799.9381297528744 1160.6834158618003 3579.2308238931 36.660393431782722 41.89392358250916 1.8334026560187338 4.5663369894027701 0.83535763435065735 0.82640016451477993 258.1578251812607 33.624206438660622 40.739834029227495 17.435072153806686 8.7354429140686971 8.0704933702945691 59.51527826488018
leaf_count=3485 160 12749 9726 9409 5742 22 7183 5167 96 9967 3191 5383 4579 35 18657 9847 19684 162 392 58 30 27 26 2048 224 289 81 46 40 343
internal_value=-3.30902e-05 7.01005e-05 0.00246822 -0.000842883 -0.00033141 0.00613223 -0.00405976 -0.00264142 -0.0241337 0.000297717 0.00173807 0.00256206 -0.00463183 -0.00313299 -0.00157852 -1.35665e-05 0.00391979 -0.00503257 0.00280687 0.00974524 0.0143032 0.105338 0.0231448 0.0130921 -0.00749986 -0.00217668 0.00322098 -0.0166374 0.014777 0.0203132
internal_weight=18543 18463.9 5091.14 13372.8 2885.99 2205.15 3500.43 2980.83 79.0565 9872.38 5584.92 4978.98 2183.24 1841.43 4287.46 1165.84 3765.46 605.943 797.595 308.113 266.219 3.49516 2.6598 262.724 186.229 152.605 134.496 49.4753 85.0208 76.9504
internal_count=128848 125267 28239 97028 15468 12771 38801 31618 3581 58227 29603 26250 23870 19291 28624 9882 20867 3353 7748 2581 2189 111 84 2078 1183 959 799 335 464 424
is_linear=0
shrinkage=0.05


Tree=74
num_leaves=31
num_cat=0
split_feature=7 24 4 1 20 9 8 34 2 13 31 14 8 39 39 34 22 3 6 37 24 24 0 9 1 22 35 13 10 24
split_gain=17.1638 15.0063 15.5918 14.1148 12.6298 19.7978 12.3727 12.6007 15.0439 12.5481 12.156 11.8499 12.7984 11.593 19.9012 14.8505 11.9183 14.2486 11.935 16.3536 13.4112 12.453 32.1569 16.3933 11.8185 11.1787 12.6076 11.1543 11.3283 12.1717
threshold=2.0100000000000002 -0.066666666666665972 49.500000000000007 4.5000000000000009 -0.079999999999999946 6.6050000000000013 0.46890000000000004 6.285000000000001 3.5000000000000004 -0.13666666666666646 3.5000000000000004 -0.012200000000000015 0.47545000000000004 1.0000000180025095e-35 1.5000000000000002 5.205000000000001 -0.16999999999999968 51.500000000000007 0.16500000000000004 1.5000000000000002 -0.039999999999999584 0.029999999999999808 16.500000000000004 1.0000000180025095e-35 4.5000000000000009 -2.0649999999999991 0.29620000000000007 1.5416666666666665 0.47844999999999999 -0.078333333333332686
decision_type=2 2 2 2 2 2 2 2 2 2 2 2 2 2 2 2 2 2 2 2 2 2 2 2 2 2 2 2 2 2
left_child=10 27 3 -3 5 13 7 8 -6 -8 -1 -7 -13 -4 15 -15 17 18 20 21 -16 -20 -23 -24 -17 -25 -27 -2 -29 -30
right_child=1 2 4 -5 6 11 9 -9 -10 -11 -12 12 -14 14 16 24 -18 -19 19 -21 -22 22 23 25 -26 26 -28 28 29 -31
leaf_value=-0.030881557177742276 -0.0064343055793766261 -0.0012194912389856599 -0.0077868283491600455 -0.010542775331906742 0.00063760210628413527 -0.00015489853637826981 -0.024817824896734141 0.0066800318294076609 0.0082814541680765203 -0.00017031910127966022 0.0082023121966725357 0.020851826486630639 -0.0013205969895639137 -0.0096508699913673834 0.020548752763223949 0.0030133680875667635 -0.0072963039657264516 -0.011990927621194733 0.0065890498847705125 -0.014320893550192035 -0.0076639901677531819 0.0066402132163811065 0.16728245580638082 -0.016271553472863659 0.016777473942729677 0.12058210827413554 0.045087567567146283 0.027539114947660284 0.012157687495466562 -0.047407426803947994
leaf_weight=74.842733136378229 1184.4197129178792 1749.7089726440609 703.44510232657194 528.5933169350028 3840.289380107075 247.48376961797476 52.650301076471806 1988.6097744796425 773.3047444857657 2687.054900765419 27.097719747573137 225.30052226781845 91.521215979009867 211.38365086913109 48.368409533053637 1566.0478048622608 1252.9641166944057 204.09735614806414 312.88015644811094 71.181829309090972 326.22195664606988 69.777530696243048 3.5227383952587834 4.852030472829937 173.20738529600203 7.652426395565274 19.941274471580982 50.322573468089104 24.47335883975029 13.203451886773108
leaf_count=3669 10391 10072 5695 5769 22757 1679 333 12273 3904 13773 906 1428 559 1419 500 8512 13339 2026 3332 927 2808 587 36 56 1470 59 153 240 114 62
internal_value=-3.22889e-05 8.08648e-05 0.000469347 -0.0033826 0.00105906 -0.00083246 0.00218074 0.00335292 0.00191882 -0.000643983 -0.0204923 0.00804304 0.0144468 -0.00183908 -0.000859724 0.00286318 -0.00398794 -0.000108417 0.00269722 0.00783516 -0.00402106 0.0116025 0.0264363 0.0648399 0.0043841 0.0537174 0.0660241 -0.00515827 0.0120164 -0.0087163
internal_weight=18534.4 18432.5 17160.1 2278.3 14881.8 5539.85 9341.91 6602.2 4613.59 2739.71 101.94 564.306 316.822 4975.54 4272.1 1950.64 2321.46 1068.5 864.398 489.808 374.59 418.626 105.746 35.9685 1739.26 32.4457 27.5937 1272.42 87.9994 37.6768
internal_count=128848 124273 113466 15841 97625 44585 53040 38934 26661 14106 4575 3666 1987 40919 35224 11401 23823 10484 8458 5150 3308 4223 891 304 9982 268 212 10807 416 176
is_linear=0
shrinkage=0.05


Tree=75
num_leaves=31
num_cat=0
split_feature=13 24 13 40 15 9 34 13 8 16 11 24 36 11 20 10 4 22 14 20 3 13 37 28 3 2 3 3 34 20
split_gain=16.4982 14.9626 16.5171 18.2045 14.4142 13.5456 11.0799 10.609 11.3314 14.0555 15.5659 12.4184 12.1883 14.2772 12.9389 14.1671 12.1741 11.7648 11.413 19.9493 12.1735 10.9369 10.4453 11.1504 11.7778 10.3768 12.8118 15.7295 10.2731 10.1346
threshold=-3.0291666666666668 0.02666666666666773 0.26000000000000006 4.5000000000000009 -0.018333333333333295 5.3050000000000006 4.4050000000000011 1.3583333333333338 0.35195000000000004 3.5000000000000004 0.48555000000000009 0.096666666666667136 6.6850000000000014 1.0000000180025095e-35 -1.4399999999999995 0.36180000000000007 53.500000000000007 2.475000000000001 -0.033325000000000042 1.2999999999999998 48.500000000000007 1.0116666666666674 4.5000000000000009 1.5000000000000002 38.500000000000007 3.5000000000000004 45.500000000000007 28.500000000000004 4.3150000000000004 1.1700000000000004
decision_type=2 2 2 2 2 2 2 2 2 2 2 2 2 2 2 2 2 2 2 2 2 2 2 2 2 2 2 2 2 2
left_child=5 2 3 4 -2 -1 28 8 9 18 17 -12 13 -10 15 -14 -17 -11 -8 21 -21 -20 -9 24 -24 29 27 -27 -3 -16
right_child=1 6 -4 -5 -6 -7 7 22 12 10 11 -13 14 -15 25 16 -18 -19 19 20 -22 -23 23 -25 -26 26 -28 -29 -30 -31
leaf_value=-0.042652077888301512 -0.0061024829199770392 -0.0018685849626737449 0.0010224678748410548 -0.014675500662001373 -0.00068576497425994762 0.048377394686585917 -0.00066481137200521631 0.012004301518040574 0.070946142976926863 0.0016107031354059183 0.016478523786468188 0.080754758655539105 0.078008792110118019 0.0065583320139741847 -0.0090988321374482969 0.034988469075666537 -0.062146287636112019 -0.03289034912005788 0.017653818908662102 -0.024621662724859824 0.040600009681167851 0.055880753500552972 -0.021869523477089328 -0.033634243137592855 0.064958146078223061 -0.012967021633211371 -0.011166058122985413 0.0077718293387719966 -0.022848405414011588 0.00347673825065563
leaf_weight=35.3376683332026 1613.6944488948211 484.47153534367681 6233.0910602025688 294.68387083150446 5140.7035343153402 4.6211476176977149 142.29439645633101 472.44316039979458 8.8274066746234876 1318.6515789963305 83.143123667687178 8.2612716592848283 10.496521383523943 348.73164384067059 695.89590204879642 9.3540905416011793 4.9236362092196932 25.181203156709671 357.02344251424074 42.484701953828335 8.6031511574983579 19.745696343481541 8.1884704679250699 26.614963114261627 7.4672210216522208 108.65295857563615 161.59734557569027 576.77598214149475 66.339808625169098 208.12640181928873
leaf_count=1991 14846 2838 34176 7377 39767 49 761 2054 47 10076 592 54 67 1799 3714 56 28 181 1860 239 49 86 33 116 30 577 825 3024 393 1143
internal_value=-3.15512e-05 3.78188e-05 -0.000852598 -0.00251061 -0.00197987 -0.0321247 0.0023103 0.00310402 0.00226211 0.00496055 0.00232223 0.0222879 -0.000274426 0.00814794 -0.00197026 0.033911 0.00149181 0.00096421 0.011602 0.0156816 -0.0136384 0.0196572 0.00987375 -0.0139386 0.0195443 -0.00247791 0.00149853 0.00448434 -0.0043954 -0.00620365
internal_weight=18526.4 18486.5 13282.2 7049.08 6754.4 39.9588 5204.3 4653.48 4138.77 2005.39 1435.24 91.4044 2133.38 357.559 1775.82 24.7742 14.2777 1343.83 570.151 427.857 51.0879 376.769 514.714 42.2707 15.6557 1751.05 847.026 685.429 550.811 904.022
internal_count=128848 126808 96166 61990 54613 2040 30642 27411 25178 13898 10903 646 11280 1846 9434 151 84 10257 2995 2234 288 1946 2233 179 63 9283 4426 3601 3231 4857
is_linear=0
shrinkage=0.05


Tree=76
num_leaves=31
num_cat=0
split_feature=1 27 13 3 0 13 34 14 16 8 8 15 15 39 14 35 18 21 22 21 8 23 22 26 26 24 7 18 15 13
split_gain=15.612 13.9823 13.1173 13.6099 19.795 11.5186 10.6968 14.8788 10.2547 11.5793 18.5928 11.8065 15.1344 13.9155 14.9215 19.3381 9.85679 14.6069 11.7466 11.4464 10.4763 10.2197 9.71195 9.6719 9.13062 9.04621 15.294 10.7621 9.65786 8.95296
threshold=5.5000000000000009 0.050000000000000273 -1.3816666666666664 19.500000000000004 8.5000000000000018 -0.65000000000000002 5.8750000000000009 0.067566666666666705 1.5000000000000002 0.12950000000000003 0.10299999999999997 -0.03500000000000001 -0.0066666666666666602 4.5000000000000009 0.03168333333333332 0.33265000000000006 4.5000000000000009 0.015000000000000001 -2.944999999999999 0.065000000000000016 0.51835000000000009 6.6150000000000011 -2.6749999999999994 0.19999999999999976 -0.14499999999999999 -0.034999999999999691 4.7950000000000008 5.5000000000000009 0.034999999999999989 1.3083333333333333
decision_type=2 2 2 2 2 2 2 2 2 2 2 2 2 2 2 2 2 2 2 2 2 2 2 2 2 2 2 2 2 2
left_child=1 16 -2 4 -4 24 29 22 -5 10 -10 -12 -13 14 15 -14 17 23 -18 -19 -20 -22 -8 -1 -3 28 -27 -28 -9 -7
right_child=2 5 3 8 -6 6 7 25 9 -11 11 12 13 -15 -16 -17 18 19 20 -21 21 -23 -24 -25 -26 26 27 -29 -30 -31
leaf_value=0.001191084868997105 -0.0214800529655674 0.11687615073559184 0.2243757015399441 0.0023754457208905238 -0.0073697868663869879 -0.006546876750780241 0.070237351653547664 0.022410308566600329 -0.026646863990978892 -0.0067806505664107751 0.1888121294039953 -0.011874558052523717 0.34016924502597196 0.0128756898369864 0.017348957210517695 0.084061694193871064 -0.018983366142376876 0.0078802323087243369 -0.00013753076015177651 -0.0070653042468088959 0.04948148061629961 -0.016914404651471562 -0.0004276687620439204 -0.035791040204929986 -0.0095778092367991702 0.061796783989076842 -0.011062980010910892 0.067368775258683219 0.099511628502467891 0.004632094723882609
leaf_weight=8914.9195769941434 106.06630114838481 1.4313087686896313 1.6080728434026235 510.013865519315 2.1580445542931557 1005.4699791688472 4.8829904943704596 91.94618234410882 9.5595211591571587 1186.3634556140751 1.6481069028377522 6.014848804101347 1.5207112729549401 3.0362998247146606 1.3900592252612112 1.4303315058350561 91.194147715345025 1350.3779269680381 2946.8816727548838 141.53830679506063 6.0548956990241996 135.32557778060436 1144.7527223601937 17.714559606276453 536.01618808787316 9.6207570210099203 62.712618172168732 4.7016525194048873 4.2493076920509329 217.92102678120136
leaf_count=49826 4374 14 25 3576 39 6526 36 551 219 16483 29 123 24 68 20 21 1608 8285 20578 868 27 705 7192 118 6105 57 322 27 21 981
internal_value=-3.05698e-05 0.000450291 -0.00441359 -0.00336405 0.0915819 -0.0025896 -0.00118565 0.00193087 -0.00357183 -0.0060766 0.0278771 0.0625321 0.0469915 0.0949854 0.152416 0.216037 0.00113936 0.00188264 -0.00129764 0.00646235 -0.000775398 -0.0140709 -0.000127524 0.00111774 -0.00924104 0.0155913 0.00282323 -0.00559294 0.0258162 -0.00455558
internal_weight=18518.5 16687.7 1830.81 1724.74 3.76612 3083.7 2546.26 1322.87 1720.98 1210.96 24.5999 15.0404 13.3923 7.3774 4.3411 2.95104 13604 10424.6 3179.46 1491.92 3088.26 141.38 1149.64 8932.63 537.447 173.231 77.035 67.4143 96.1955 1223.39
internal_count=128848 103847 25001 20627 64 21832 15713 8206 20563 16987 504 285 256 133 65 45 82015 59097 22918 9153 21310 732 7228 49944 6119 978 406 349 572 7507
is_linear=0
shrinkage=0.05


Tree=77
num_leaves=31
num_cat=0
split_feature=13 14 16 9 36 28 12 27 12 15 22 23 8 24 10 22 21 21 7 34 39 36 28 1 19 13 20 4 13 13
split_gain=14.9508 13.9144 16.5097 12.5782 11.4567 18.201 10.1102 12.7804 11.9825 15.8418 10.9687 13.9441 15.979 11.8496 15.124 11.6716 12.1157 10.9431 10.6061 10.9818 9.9078 11.874 9.47696 10.7731 9.29359 10.7325 9.25079 9.21645 10.7823 10.3483
threshold=-3.0291666666666668 0.027800000000000023 4.5000000000000009 5.3050000000000006 6.6450000000000005 2.5000000000000004 0.14435000000000003 -0.22000000000000017 0.40375 0.02500000000000004 -0.28999999999999976 6.9050000000000011 0.51070000000000015 -0.076666666666665759 0.316 2.2350000000000008 -0.044999999999999991 -0.030000000000000002 7.0650000000000004 5.3850000000000007 4.5000000000000009 6.6550000000000011 2.5000000000000004 2.5000000000000004 0.015000000000000001 1.6191666666666669 -5.1149999999999984 49.500000000000007 2.241666666666668 -0.62500000000000056
decision_type=2 2 2 2 2 2 2 2 2 2 2 2 2 2 2 2 2 2 2 2 2 2 2 2 2 2 2 2 2 2
left_child=3 2 4 -1 22 6 24 -8 18 10 -10 15 13 -13 -15 16 -12 -11 19 -9 21 -4 -2 -24 25 -6 -5 -7 29 -29
right_child=1 -3 20 26 5 27 7 8 9 17 11 12 -14 14 -16 -17 -18 -19 -20 -21 -22 -23 23 -25 -26 -27 -28 28 -30 -31
leaf_value=-0.042107989947205438 -0.0011490439747576322 0.0020324155297586728 -0.012526841996484631 -0.036431372860209803 0.0050493400896798584 -0.0076520710767080495 0.072221278433287295 -0.0034017371042728848 -0.0092222905762846859 0.059455837755998213 -0.046645460147046715 -0.021701159888323916 -0.035245093797001074 0.11139783742589621 0.036952520288954668 -0.02709240842803682 0.012633390114096721 0.005260130510461699 -0.011639970652593892 0.0036870783390702978 -0.017905022279435221 -0.0023935220519219979 0.067200092427352642 0.0082401554227564677 0.035563231320523338 0.055114046898241967 0.10459387275364207 -0.02213236903295111 0.016830011310831252 -0.0015002606870759955
leaf_weight=33.432964347302914 367.27029626071453 5922.1236920338124 325.49482681415975 2.0198303367942572 170.12632589787245 690.72168913856149 6.418966829776763 842.67436628043652 86.691687799990177 25.237771049141884 8.9972111284732801 4.7954973429441443 6.3009668290615073 10.481076277792456 19.543533690273762 23.33295664191246 205.37935562431812 14.762628987431524 172.565254971385 1553.6505298614502 124.95997316390276 2584.7179721649736 7.8468960411846629 612.05613949894905 37.426067791879177 11.423563063144682 2.740757390856742 61.607106894254684 79.19234935939312 4497.9717449322343
leaf_count=1991 1697 38551 3176 19 768 4870 28 3909 430 106 41 24 28 52 89 99 925 62 737 7093 3669 24311 42 4100 185 47 30 697 351 30721
internal_value=-2.99225e-05 3.46865e-05 -0.000907883 -0.0312805 0.000116218 -0.000473984 0.00250688 0.00174512 0.00159303 0.0095805 0.0063113 0.0111409 0.0380244 0.0512831 0.0629401 0.00649033 0.0101455 0.0394543 0.000332136 0.00119428 -0.00411885 -0.00352689 0.00521564 0.00898649 0.0128764 0.00819953 0.0447594 -0.00226368 -0.00146134 -0.00177903
internal_weight=18512 18473.8 12551.6 38.1936 9516.47 8529.3 3199.81 2980.83 2974.41 405.523 365.522 278.831 41.1211 34.8201 30.0246 237.71 214.377 40.0004 2568.89 2396.32 3035.17 2910.21 987.173 619.903 218.976 181.55 4.76059 5329.49 4638.77 4559.58
internal_count=128848 126808 88257 2040 57101 51262 14623 13623 13595 1856 1688 1258 193 165 141 1065 966 168 11739 11002 31156 27487 5839 4142 1000 815 49 36639 31769 31418
is_linear=0
shrinkage=0.05


Tree=78
num_leaves=31
num_cat=0
split_feature=40 13 24 37 20 24 38 13 21 36 37 28 40 20 37 39 3 36 11 19 3 26 0 39 7 33 12 26 10 21
split_gain=14.067 19.1883 14.9888 13.4063 12.839 12.1545 11.0928 10.9558 12.7075 10.5708 10.0915 13.318 12.8275 15.6092 13.076 11.7124 15.1948 20.4196 14.9049 12.654 11.4984 11.4977 11.1333 11.7408 11.3034 14.0257 18.0058 10.7036 14.1077 10.2155
threshold=2.5000000000000004 -2.652499999999999 -0.066666666666665972 1.5000000000000002 3.725000000000001 0.043333333333334341 1.0000000180025095e-35 -1.0008333333333332 -0.15499999999999994 6.535000000000001 2.5000000000000004 3.5000000000000004 1.0000000180025095e-35 -1.8149999999999993 3.5000000000000004 -1.4999999999999998 32.500000000000007 7.0950000000000006 0.48555000000000009 -0.019999999999999993 54.500000000000007 0.050000000000000273 8.5000000000000018 -2.4999999999999996 3.2350000000000008 0.15500000000000003 0.30595000000000006 -0.12499999999999999 0.44985000000000003 -0.10499999999999997
decision_type=2 2 2 2 2 2 2 2 2 2 2 2 2 2 2 2 2 2 2 2 2 2 2 2 2 2 2 2 2 2
left_child=10 -2 4 5 -3 7 9 8 -4 -5 11 20 13 -12 29 22 17 -17 -18 -20 -1 -22 27 -24 25 -25 -27 28 -15 -14
right_child=1 2 3 6 -6 -7 -8 -9 -10 -11 12 -13 14 15 -16 16 18 -19 19 -21 21 -23 23 24 -26 26 -28 -29 -30 -31
leaf_value=0.0031718626221285151 -0.036400432633152603 -0.013090337750123918 0.14837671537141692 0.073790202540422054 0.041346113898832332 0.005901514951769684 0.014149223079440169 -0.00054557008062410971 -0.012005906143495554 -0.010269510387796341 -0.017503212713561197 -0.0060392768964349884 0.088292594083150502 0.056580350500887722 0.0076702493239498327 -0.017519952317133016 -0.0039671840494850856 0.098086409350163814 0.082767703554483096 0.012818459216002913 0.00026582294355066092 -0.014787494982874181 -0.0014332077545244175 -0.0076686654222493968 0.0061637524235326722 0.0023920184560563421 0.15569539342644753 -0.0045833481935426785 -0.037254459139091221 -0.001575111560483613
leaf_weight=6546.735630216077 40.839910197071731 371.51789690367877 1.2409845953807224 3.7634097561240187 11.156893208622931 692.12821252644062 52.807441718876362 3061.4813252463937 258.56891534570605 601.06320529337972 161.39320738986135 481.81186902336776 3.1737812608480445 15.170918814837934 778.09131190925837 277.24202904850245 881.53220416605473 3.8730100914835921 8.2553546726703626 29.821015819907188 462.33011495694518 174.81142533943057 851.91039541736245 5.7508834786713106 817.20772944390774 3.1804274134337902 4.8152198493480682 1029.6198425963521 5.4426347464323035 868.13825592771173
leaf_count=32228 2605 4871 35 43 70 5320 606 27002 5179 7337 1738 3329 21 80 6933 1787 5393 23 42 177 2375 1009 4334 51 4306 27 35 5401 27 6464
internal_value=-2.89615e-05 -0.00226559 -0.00198974 -0.00121035 -0.0115032 -0.000126044 -0.00782766 -0.00138214 -0.0112398 -0.00974647 0.000820732 0.00200809 -0.000763699 -0.00226316 0.00295923 -0.0016379 -0.00575407 -0.0159272 -0.00264424 0.0279842 0.00254782 -0.00386433 0.000170437 0.00269143 0.00692009 0.0518832 0.0947159 -0.00386913 0.031805 -0.00124777
internal_weight=18504.9 5094.57 5053.73 4671.05 382.675 4013.42 657.634 3321.29 259.81 604.827 13410.3 7665.69 5744.62 4095.21 1649.4 3933.82 1200.72 281.115 919.609 38.0764 7183.88 637.142 2733.1 1682.86 830.954 13.7465 7.99565 1050.23 20.6136 871.312
internal_count=128848 53068 50463 45522 4941 37536 7986 32216 5214 7380 75780 38941 36839 23421 13418 21683 7422 1810 5612 219 35612 3384 14261 8753 4419 113 62 5508 107 6485
is_linear=0
shrinkage=0.05


Tree=79
num_leaves=31
num_cat=0
split_feature=9 13 11 40 26 20 11 13 35 36 14 14 15 0 20 0 26 3 34 14 13 8 14 23 9 4 20 35 34 13
split_gain=13.6943 19.9197 11.2217 13.9399 13.726 11.7047 10.1581 10.8335 10.5787 13.4585 11.0686 17.4822 9.86694 10.2387 10.8206 9.55872 11.7869 11.1962 11.8973 9.4397 13.5465 13.0938 11.2156 12.7364 10.8255 10.8498 12.2221 10.6689 10.467 10.983
threshold=4.9350000000000014 -3.0291666666666668 0.43250000000000005 2.5000000000000004 -0.23499999999999985 -0.079999999999999946 0.43885000000000007 1.7050000000000007 0.34875 6.7150000000000007 0.07612500000000004 0.091566666666666671 -0.048333333333333291 1.5000000000000002 -0.80000000000000038 2.5000000000000004 -0.11999999999999965 52.500000000000007 6.3850000000000007 -0.023741666666666657 1.5416666666666665 0.46890000000000004 -0.025766666666666629 7.0050000000000008 6.6650000000000009 47.500000000000007 0.019999999999999799 0.41075000000000006 3.8550000000000004 0.9100000000000007
decision_type=2 2 2 2 2 2 2 2 2 2 2 2 2 2 2 2 2 2 2 2 2 2 2 2 2 2 2 2 2 2
left_child=1 -1 3 12 5 -5 8 15 -4 -10 -11 -12 13 14 -3 17 -17 -8 -19 20 27 24 23 -22 28 -26 -27 -2 -21 -30
right_child=19 2 6 4 -6 -7 7 -9 9 10 11 -13 -14 -15 -16 16 -18 18 -20 21 22 -23 -24 -25 25 26 -28 -29 29 -31
leaf_value=-0.041484070281456786 -0.0034843222747605027 0.11193205572803172 0.004173028645690381 -0.0039267507397602987 -0.0066209766404114788 0.16465194780292014 -0.02861526474593247 0.055774872334432228 0.0017327862072665198 0.035644967090370981 0.18326559358404987 0.045640047309262272 -0.00052690746276354034 -0.017491757524327061 -0.018169270208551646 0.032756487719963964 0.0014136615418639475 -0.0044024360805788613 0.12016935168130286 -0.0099549434224555523 0.0074096171840469099 -0.001149342519440364 -0.034813238619258023 0.061392805324961254 -0.0091451787784705817 0.017096374588380328 0.0046113009731959939 0.0026290616704243864 0.001754845364374821 0.0085275561568647507
leaf_weight=31.434036676771939 2715.5537730231881 3.2203903663903475 50.845750077627599 1.9594647120684383 1564.1180283827707 2.169918291270732 46.577945563942194 9.2243368476629239 15.919164413586257 16.847875855863098 3.9649603664875013 5.5198639053851366 4484.3769417218864 126.22832201234996 3.1727272644639006 31.579485319554806 598.17726245056838 6.6957296878099424 2.6853748634457588 163.63436863571405 422.27407319843769 2174.0724855177104 15.255264952778814 11.216419875621794 78.624696157872677 361.76546877250075 427.8479501567781 968.08637792617083 3427.9159950260073 725.24478383362293
leaf_count=1991 17372 34 361 28 21215 15 403 41 115 122 31 38 29427 1105 21 237 4685 54 18 910 1911 11454 70 53 464 2133 2387 6220 22457 3476
internal_value=-2.83204e-05 -0.00177089 -0.00159187 -0.00230781 -0.00638063 0.0846584 0.00402747 0.0019497 0.0195373 0.0380266 0.0599676 0.103172 -0.000924408 -0.0143652 0.0473664 0.00122563 0.00298536 -0.0185782 0.0312567 0.00103388 -0.000878498 0.00210774 0.00732355 0.00880641 0.00347343 0.00856767 0.0103314 -0.00187768 0.00244882 0.00293753
internal_weight=18496.2 7004.72 6973.28 6185.25 1568.25 4.12938 788.038 694.94 93.0976 42.2519 26.3327 9.48482 4617 132.621 6.39312 685.716 629.757 55.9591 9.3811 11491.5 4132.39 7359.11 448.746 433.49 5185.03 868.238 789.613 3683.64 4316.8 4153.16
internal_count=128848 59941 57950 51845 21258 43 6105 5438 667 306 191 69 30587 1160 55 5397 4922 475 72 68907 25626 43281 2034 1964 31827 4984 4520 23592 26843 25933
is_linear=0
shrinkage=0.05


Tree=80
num_leaves=31
num_cat=0
split_feature=15 21 14 8 27 27 16 40 28 37 12 9 23 26 34 20 10 36 23 11 11 24 20 33 39 22 34 16 7 14
split_gain=13.2622 14.2283 13.1464 11.8649 16.2127 13.2127 12.3021 11.2006 10.452 12.8012 12.3654 12.2645 11.7208 12.5675 11.7898 11.3111 11.1066 10.9092 10.4797 15.782 15.7903 9.64596 9.38268 12.4484 9.30852 9.27647 9.05353 9.52859 8.94063 10.6135
threshold=-0.0049999999999999897 1.0000000180025095e-35 0.024049999999999936 0.51835000000000009 -0.10999999999999986 -0.13000000000000031 4.5000000000000009 4.5000000000000009 1.5000000000000002 1.5000000000000002 0.30595000000000006 7.7150000000000007 6.7650000000000006 0.10999999999999989 4.0850000000000009 1.7500000000000004 0.2919000000000001 7.0050000000000008 6.6350000000000007 0.31265000000000004 0.51250000000000007 0.08666666666666735 0.26000000000000006 0.13500000000000004 4.5000000000000009 -2.2549999999999994 4.0450000000000008 1.5000000000000002 5.2550000000000008 -0.095266666666666638
decision_type=2 2 2 2 2 2 2 2 2 2 2 2 2 2 2 2 2 2 2 2 2 2 2 2 2 2 2 2 2 2
left_child=1 7 3 6 5 -5 25 26 12 15 11 21 14 17 16 24 -2 -14 19 -12 22 -11 -21 -24 -10 -3 -1 -28 29 -20
right_child=8 2 -4 4 -6 -7 -8 -9 9 10 18 -13 13 -15 -16 -17 -18 -19 28 20 -22 -23 23 -25 -26 -27 27 -29 -30 -31
leaf_value=-0.017214222625863595 -0.05321221421531256 -0.02221028483352214 0.0034705553967187813 -0.0058253652692379452 -0.021022679202009637 0.11081622124007449 -0.0052053390862403974 -0.015264309736292298 0.001452235146816067 -0.007783348288090023 0.040892577385004396 0.02455950896876655 0.011059813824938699 -0.06638869573828575 0.0018910342508658496 0.006481469876846023 -0.0030083986680587167 -0.013609855863080337 -0.018806644472290496 -0.01903748952915818 0.091178094330386636 0.016236830934852609 0.071621405075295394 0.0028391250828408796 -0.0062588069790533206 0.001939653393598996 0.0063021055765045686 -0.0042724215122763847 -0.0028131248243108381 0.0057015269519527373
leaf_weight=118.18391762766987 19.315233215689659 40.743880305439234 1630.6689674500376 5.5168995410203934 129.74184615164995 4.3360710293054563 1233.3331824382767 236.06955708563328 4897.1512011922896 1134.5085498569533 38.030072998255491 31.820396151393652 745.18857996538281 5.4821932464838019 655.12116499990225 1064.7194153554738 25.64131672680378 47.680684357881546 47.419944029301405 42.006605825386941 4.8555833436548701 43.394500084221363 7.6240408867597571 47.949090108275414 425.37178889848292 1653.5197303406894 243.06954891234636 1723.9631774555892 1542.0521816276014 645.51537084765732
leaf_count=865 90 310 11061 26 697 22 12157 5442 28825 8139 238 177 3237 26 2816 5639 108 204 483 314 27 270 39 258 6761 9928 1205 14007 9355 6122
internal_value=-2.75311e-05 -0.00173938 -0.000156969 -0.00208554 -0.0163269 0.045506 -0.00140648 -0.00494189 0.00101997 0.000434922 -0.00195617 -0.00607097 0.0049136 0.00905461 0.00019128 0.00177705 -0.0245781 0.00957626 0.000139332 0.0133866 0.00317469 -0.00689843 -0.00120437 0.0122753 0.000835975 0.00135889 -0.00377327 -0.00296571 -0.000693235 0.00402435
internal_weight=18490 7019.15 4697.86 3067.19 139.595 9.85297 2927.6 2321.29 11470.8 9972.42 3585.18 1209.72 1498.43 798.351 700.078 6387.24 44.9565 792.869 2375.45 140.465 102.435 1177.9 97.5797 55.5731 5322.52 1694.26 2085.22 1967.03 2234.99 692.935
internal_count=128848 55720 34201 23140 745 48 22395 21519 73128 66647 25422 8586 6481 3467 3014 41225 198 3441 16836 876 638 8409 611 297 35586 10238 16077 15212 15960 6605
is_linear=0
shrinkage=0.05


Tree=81
num_leaves=31
num_cat=0
split_feature=4 24 1 7 9 0 15 3 7 13 17 40 0 12 26 23 35 23 23 34 13 23 22 40 9 21 19 24 31 34
split_gain=12.5328 13.7557 12.6992 12.5196 11.0901 10.9434 10.4848 12.6406 16.0555 10.1656 11.0699 10.1835 10.4511 16.5377 16.6726 32.9274 15.3952 12.3191 12.2657 14.9158 10.3297 9.56547 9.98716 15.3727 10.8937 10.2383 9.49474 10.6088 9.37684 9.15531
threshold=49.500000000000007 0.016666666666667055 4.5000000000000009 2.0100000000000002 5.6350000000000007 16.500000000000004 0.0099999999999999898 42.500000000000007 5.4350000000000014 1.5416666666666665 1.5000000000000002 4.5000000000000009 6.5000000000000009 0.44785000000000003 -1.0000000180025095e-35 6.7550000000000008 0.49574999999999997 6.6450000000000005 6.745000000000001 5.8550000000000013 1.5050000000000003 6.8350000000000009 -3.484999999999999 1.5000000000000002 1.635 -0.12499999999999997 -0.0099999999999999863 0.11666666666666671 5.5000000000000009 5.5750000000000011
decision_type=2 2 2 2 2 2 2 2 2 2 2 2 2 2 2 2 2 2 2 2 2 2 2 2 2 2 2 2 2 2
left_child=2 3 6 4 -2 29 -1 -8 -9 11 28 20 13 16 -15 -16 17 -13 -18 -20 -5 22 23 -4 -25 -24 27 -7 -11 -3
right_child=1 5 21 9 -6 26 7 8 -10 10 -12 12 -14 14 15 -17 18 -19 19 -21 -22 -23 25 24 -26 -27 -28 -29 -30 -31
leaf_value=-0.0037816388189936914 -0.029843590994045151 -0.0021700172450425182 0.23698710583545057 -0.00047191383192610203 0.13707707019584467 -3.0214373300121604e-05 0.0013390850973694034 0.05289265635434013 0.0059365948184846359 0.022319023197185366 0.0025035890257823095 0.11766664895017254 -0.013733230985798248 -0.054327691542657347 0.40370457215715111 0.048904501323385037 -0.016235943170182111 -0.0067168953166162979 0.041796393355797351 0.30451903160272908 -0.022813073973578943 -0.02023391493294768 0.066726652339869005 -0.051141475875255617 0.12824347858464616 -0.0075471899535101521 0.0083864394294564312 0.062389467499343793 -0.048886605880303968 0.0027976991098537744
leaf_weight=1300.9416439542547 46.360282163135707 1459.5058614807203 1.0354594513773907 9157.9277533385903 1.0168970189988602 603.60390076600015 449.92093214020133 28.671640463173389 49.866693176329136 111.99607135355473 577.86559418588877 2.0457755308598271 281.05266959965229 1.1824119649827478 0.98472598753869478 1.9466332439333198 1.3146316930651658 73.873032509349287 1.0465767327696087 1.1166743785142896 52.032649300992489 161.17656482383609 4.6944248126819721 2.1904753390699629 1.3792381584644315 398.62859240826219 1152.0307917781174 6.8847409524023524 4.8225566297769538 2544.2730672201142
leaf_count=8131 2506 8533 26 63448 10 3552 2322 157 228 514 2659 37 5729 20 19 38 22 1466 20 22 241 2173 52 120 35 4709 6995 42 21 15001
internal_value=-2.6721e-05 0.000476101 -0.00339833 -0.000617124 -0.0262608 0.00243201 -0.00136911 0.00456996 0.0230786 -0.000498816 0.00534145 -0.00092256 -0.00911856 0.006412 0.104162 0.168092 0.00134728 -0.00336515 0.104215 0.177414 -0.000598133 -0.00992132 -0.00584671 0.0673687 0.0181679 -0.00668269 0.00571496 0.000673719 0.0193795 0.000986807
internal_weight=18481.4 16082.9 2398.51 10316.6 47.3772 5766.3 1829.4 528.459 78.5383 10269.2 694.684 9574.52 364.563 83.5105 4.11377 2.93136 79.3967 75.9188 3.47788 2.16325 9209.96 569.105 407.928 4.60517 3.56971 403.323 1762.52 610.489 116.819 4003.78
internal_count=128848 110895 17953 76772 2516 34123 10838 2707 385 74256 3194 71062 7373 1644 77 57 1567 1503 64 42 63689 7115 4942 181 155 4761 10589 3594 535 23534
is_linear=0
shrinkage=0.05


Tree=82
num_leaves=31
num_cat=0
split_feature=16 39 14 8 21 9 8 13 9 16 21 2 10 14 8 23 24 3 12 8 9 23 8 9 3 10 18 21 12 20
split_gain=12.2288 15.2798 12.6708 12.6333 12.5951 10.9815 14.6191 11.956 14.1887 13.8902 11.9337 13.3511 11.3411 11.088 10.6561 10.5902 10.317 12.446 10.2909 11.078 17.5008 9.92022 9.84025 9.63328 9.52484 9.47875 9.11386 8.81434 9.41426 19.1958
threshold=2.5000000000000004 4.5000000000000009 -0.095266666666666638 0.35020000000000001 0.11500000000000002 6.5550000000000006 0.44020000000000009 0.19833333333333461 6.6350000000000007 3.5000000000000004 0.015000000000000001 1.5000000000000002 0.55015000000000014 0.080866666666666739 0.43845000000000006 6.8450000000000006 0.038333333333334448 29.500000000000004 0.44470000000000004 0.049300000000000004 1.3350000000000002 7.2650000000000006 0.53775000000000017 7.9050000000000011 36.500000000000007 0.48170000000000007 4.5000000000000009 0.010000000000000004 0.33015000000000005 0.5800000000000004
decision_type=2 2 2 2 2 2 2 2 2 2 2 2 2 2 2 2 2 2 2 2 2 2 2 2 2 2 2 2 2 2
left_child=3 2 -2 -1 5 10 -7 8 22 23 13 18 -11 -4 -6 -3 -10 -18 -12 20 -20 26 25 24 -9 -8 -5 -15 -29 -30
right_child=1 15 4 21 14 6 7 9 16 12 11 -13 -14 27 -16 -17 17 -19 19 -21 -22 -23 -24 -25 -26 -27 -28 28 29 -31
leaf_value=0.0067349248659420574 -0.0066282274454278495 -0.0053615452979222057 -0.0027486952991672632 0.0014511965471292556 -0.019591382522965748 0.010417686847595458 0.036431190440049006 0.025910932506689799 -0.013673527191568792 0.15002323993578448 -0.013655290639665328 0.0029109099845441434 0.021582925625779664 0.0014530316847526242 0.092777918192773007 -0.022300540631884962 -0.0388774309340316 0.019537797586007776 -0.0041946630883018246 0.012150454856495119 0.28954554768165969 -0.051007621918971506 0.087151277222570447 0.058928768077318908 -0.0068348345553962478 -0.01717965216201869 -0.0049537617150642527 0.0020963447038729057 0.021202636470921011 0.11808580431728549
leaf_weight=1021.558024238795 823.63721643388271 349.94041354581714 5047.4270544378087 5546.3260161094368 103.95183802396059 554.04668178036809 18.713455483317375 32.86754085123539 263.63346919044852 3.2064194381237021 178.49385239277035 2764.0248174155131 3.7041106261312962 729.76983069162816 2.1535160988569251 125.31412077415735 11.119308512657879 50.670364275574684 1.0171795645728701 8.4736359454691392 1.0111298654228447 9.2504066601395589 5.1346642524003974 8.5918615162372571 68.465268801897764 14.738507747650145 617.21242656186223 55.959269436076283 49.65116882044822 5.6995799094438544
leaf_count=5613 6689 7243 38379 28428 960 3404 113 175 1670 20 2646 20304 20 5012 11 3029 59 272 34 75 21 47 31 45 370 90 3388 354 310 36
internal_value=-2.63007e-05 -0.00105355 -0.000667646 0.00158452 -0.000175851 8.23411e-06 0.00488147 -0.00149755 -0.00596429 0.012419 -0.000562174 0.00203178 0.081178 -0.00186301 -0.0173107 -0.00982798 -0.00936351 0.00902573 -0.0108252 0.037275 0.142237 0.000732156 0.0227033 0.00809634 0.00378633 0.0128109 0.000809809 0.00345207 0.0165581 0.0311789
internal_weight=18475.8 11281.4 10806.2 7194.35 9982.52 9876.42 1034.89 480.845 364.01 116.835 8841.53 2953.02 6.91053 5888.51 106.105 475.255 325.423 61.7897 188.996 10.5019 2.02831 6172.79 38.5866 109.925 101.333 33.452 6163.54 841.08 111.31 55.3507
internal_count=128848 91372 81100 37476 74411 73440 6269 2865 2235 630 67171 23080 40 44091 971 10272 2001 331 2776 130 55 31863 234 590 545 203 31816 5712 700 346
is_linear=0
shrinkage=0.05


Tree=83
num_leaves=31
num_cat=0
split_feature=24 4 20 9 8 34 2 7 13 24 12 13 8 28 34 27 12 15 0 1 35 14 8 3 33 27 20 12 20 16
split_gain=11.8862 11.8839 10.1113 16.0786 11.7506 11.1319 12.2808 11.5863 12.1364 11.025 12.269 11.0183 10.6276 10.0872 9.98003 11.7907 12.5568 20.2714 13.3475 9.93976 9.86262 13.1691 10.3223 10.3397 9.77892 9.74986 12.0526 11.2939 9.80443 10.8138
threshold=-0.066666666666665972 49.500000000000007 -0.079999999999999946 6.6050000000000013 0.46890000000000004 6.285000000000001 3.5000000000000004 5.4050000000000011 -0.47500000000000026 -0.05000000000000026 0.37635000000000007 -0.13666666666666646 0.46539999999999998 4.5000000000000009 7.1350000000000007 0.050000000000000273 0.31915000000000004 -0.0033333333333333197 9.5000000000000018 4.5000000000000009 0.56705000000000017 -0.13198333333333329 0.47389999999999993 44.500000000000007 0.13500000000000004 -0.029999999999999801 -2.1449999999999991 0.55635000000000012 -0.59500000000000008 3.5000000000000004
decision_type=2 2 2 2 2 2 2 2 2 2 2 2 2 2 2 2 2 2 2 2 2 2 2 2 2 2 2 2 2 2
left_child=13 19 3 14 5 6 -4 8 -7 10 -10 -6 -9 -1 25 -16 17 -17 -19 24 21 -5 -23 -24 -2 -3 27 -27 29 -28
right_child=1 2 4 20 11 7 -8 12 9 -11 -12 -13 -14 -15 15 16 -18 18 -20 -21 -22 22 23 -25 -26 26 28 -29 -30 -31
leaf_value=-0.0019541281860082789 -0.013031085671581316 0.00068806326771262295 0.00047004044912415233 -0.03779119428856078 -0.023746064115247604 0.0028401311533015183 0.0073656483482781076 0.0022109090424817144 0.028425100191310084 0.013765969198031625 0.10695591349485084 -0.00047605005602751753 0.029870350169144924 -0.011953948561542076 0.0025928145115530783 0.0077931371376784991 0.0086948802701149012 0.17813542636840418 0.061398164976176318 -0.0090317363048403841 0.063734016698663923 0.012126963685799477 0.0052248717650303662 -0.022671973220163063 -4.3775278157528993e-05 -0.013048470120728066 0.0068272320194770657 0.11501037479178843 -0.0071071721599763639 -0.002776544310012439
leaf_weight=917.3949561137706 159.43834475800395 1658.6684695119038 3840.4559648968279 16.400811791419983 51.851507719606161 296.09178968053311 776.18067962676287 1173.8347103763372 23.114269796758894 459.56569563597441 6.3371525965630999 2687.4942614510655 35.787541151046753 347.79967354144901 312.75821687467396 9.6383781880140322 30.944066751748323 4.1392374467104656 5.9950464610010386 531.20190682262182 7.5897204279899588 384.04053351096809 112.73402542248368 47.089449550956488 1594.0817422242835 374.51461494341493 376.19946495816112 1.7296878956258286 900.00129400100559 1327.1580676045269
leaf_count=6197 959 11590 22795 104 333 2105 3904 6939 170 2831 45 13773 200 5104 2521 98 246 30 47 6604 49 2505 714 294 9340 6331 2385 24 7279 13332
internal_value=-2.56615e-05 0.000318297 0.000832518 -0.000854015 0.00183707 0.00297799 0.00162938 0.00609925 0.0108292 0.0156665 0.0453228 -0.000916515 0.00302923 -0.00470306 -0.0017592 0.0062192 0.0285822 0.0597058 0.109078 -0.00303981 0.00711903 0.00635208 0.00768327 -0.00299449 -0.00122464 -0.00238443 -0.0040948 -0.0124598 -0.00288588 -0.000655477
internal_weight=18470.2 17205 14920.3 5569.6 9350.71 6611.37 4616.64 1994.73 785.109 489.017 29.4514 2739.35 1209.62 1265.19 5001.75 363.475 50.7167 19.7727 10.1343 2284.72 567.855 560.265 543.864 159.823 1753.52 4638.27 2979.6 376.244 2603.36 1703.36
internal_count=128848 117547 100644 47549 53095 38989 26699 12290 5151 3046 215 14106 7139 11301 43883 2942 421 175 77 16903 3666 3617 3513 1008 10299 40941 29351 6355 22996 15717
is_linear=0
shrinkage=0.05


Tree=84
num_leaves=31
num_cat=0
split_feature=13 34 24 4 13 8 33 7 14 34 28 27 34 10 7 20 20 18 11 14 36 0 20 24 40 14 34 26 22 13
split_gain=11.428 11.6518 10.6347 10.462 9.53135 9.85091 9.48312 9.33532 11.8026 12.348 9.12644 8.78689 8.93539 9.24839 13.2126 9.193 9.19089 9.15544 8.28082 9.01378 9.16932 8.37384 9.02028 8.96171 11.1069 8.52504 8.36986 8.28901 8.18852 15.849
threshold=-3.0291666666666668 3.3150000000000004 -0.066666666666665972 49.500000000000007 0.40500000000000053 0.38815000000000005 0.115 5.8250000000000011 0.018200000000000025 6.7750000000000012 4.5000000000000009 0.050000000000000273 7.245000000000001 0.36180000000000007 5.0450000000000008 -0.064999999999999933 -2.7149999999999994 4.5000000000000009 0.51250000000000007 0.021066666666666598 7.0150000000000006 4.5000000000000009 4.0050000000000008 -0.073333333333332792 2.5000000000000004 -0.01853333333333337 5.0650000000000004 0.084999999999999978 2.1550000000000007 0.71666666666666712
decision_type=2 2 2 2 2 2 2 2 2 2 2 2 2 2 2 2 2 2 2 2 2 2 2 2 2 2 2 2 2 2
left_child=1 -1 10 4 5 6 -4 -8 9 -9 18 -5 -13 14 16 -16 17 -14 19 21 -21 23 27 24 25 -2 -26 -23 -6 -30
right_child=2 -3 3 11 28 -7 7 8 -10 -11 -12 12 13 -15 15 -17 -18 -19 -20 20 -22 22 -24 -25 26 -27 -28 -29 29 -31
leaf_value=0.28295938661824632 0.025934672361493327 -0.031674322076415934 -0.063480571426111312 0.0013078297958951141 0.00340974088524971 -0.01547380241022147 -0.0039059669394419143 -0.043577197534491491 0.083791611955778333 0.078570926509683128 -0.011388257625799821 -0.0031297527260912847 0.1298477727567697 -0.00093412865938175211 0.08141660486922056 0.023285869392909608 -0.017977974018628409 -0.012456672569905639 -0.035093043962273487 0.0094545714368065963 -0.039721687297987869 -0.0003730290554885797 0.080513322290030373 -0.019726168347689688 0.027556638503933362 -0.00023224123417656158 -0.040275788672224262 -0.013702412287226965 -0.043452750872142377 -0.0025938097697623965
leaf_weight=0.29683624394237895 78.709778325632215 33.819234752096236 6.592047124169766 12940.985024579801 755.11410106346011 212.66960853524506 1050.5992354359478 6.1549942418932932 6.9155493713915339 3.1167114302515984 341.38569985423237 1844.7352355131879 2.3716885857284096 66.680303141474724 12.93761992454529 14.339214786887167 17.27346995845437 2.159345081076026 18.313748575747013 222.11070354655385 9.9016590900719148 201.4805055744946 2.8899066746234885 30.585617819800973 6.2221685089170959 51.488101040944457 16.897636882960796 276.96083763614297 26.868082322180271 203.45194146037102
leaf_count=10 523 2030 58 86140 4029 1465 9647 43 45 22 4868 12423 20 402 85 87 160 22 107 1394 59 1340 14 205 55 327 144 2001 163 960
internal_value=-2.50398e-05 -0.0289368 2.84794e-05 0.000353422 -0.00280751 -0.00564267 -0.00369482 -0.00332538 0.0343561 -0.00251674 -0.00441103 0.000835253 -0.00228416 0.0111908 0.0276634 0.0508577 -0.0013521 0.06203 -0.00180942 -0.00113007 0.00735586 -0.00408968 -0.00755719 0.00498585 0.00991569 0.0155867 -0.0220202 -0.00808916 0.000892536 -0.00736023
internal_weight=18464 34.1161 18429.9 17173 2271.48 1286.05 1073.38 1066.79 16.1873 9.27171 1256.95 14901.5 1960.5 115.762 49.0813 27.2768 21.8045 4.53103 915.561 897.247 232.012 665.235 481.331 183.903 153.318 130.198 23.1198 478.441 985.434 230.32
internal_count=128848 2040 126808 115771 16432 11280 9815 9757 110 65 11037 99339 13199 776 374 172 202 42 6169 6062 1453 4609 3355 1254 1049 850 199 3341 5152 1123
is_linear=0
shrinkage=0.05


Tree=85
num_leaves=31
num_cat=0
split_feature=15 21 14 27 8 27 27 16 11 17 14 8 15 22 9 20 34 13 40 6 35 4 0 9 36 12 3 28 37 12
split_gain=10.9286 12.1914 11.1713 10.8816 10.8645 14.3264 11.1304 9.50805 9.2715 10.9442 11.5757 9.26996 12.5718 10.5473 11.1985 10.0823 11.6472 11.027 9.23893 9.20361 11.4924 9.18638 13.5854 11.5967 12.004 9.93155 8.92899 8.77098 11.5453 11.2058
threshold=-0.0049999999999999897 1.0000000180025095e-35 0.024049999999999936 0.084999999999999978 0.51835000000000009 -0.10999999999999986 -0.13000000000000031 4.5000000000000009 0.28245000000000003 2.5000000000000004 -0.084633333333333366 0.25685000000000008 -0.033333333333333333 2.5750000000000006 3.0050000000000003 -1.4199999999999995 7.285000000000001 -2.5341666666666653 4.5000000000000009 0.18500000000000003 0.40265000000000001 50.500000000000007 20.500000000000004 2.5350000000000006 6.745000000000001 0.21705000000000002 47.500000000000007 1.5000000000000002 1.5000000000000002 0.30595000000000006
decision_type=2 2 2 2 2 2 2 2 2 2 2 2 2 2 2 2 2 2 2 2 2 2 2 2 2 2 2 2 2 2
left_child=1 18 3 4 7 6 -6 -3 -5 -10 -11 13 19 14 15 16 17 -4 -1 20 26 -19 25 24 -24 -23 -13 -2 -29 -30
right_child=27 2 11 8 5 -7 -8 -9 9 10 -12 12 -14 -15 -16 -17 -18 21 -20 -21 -22 22 23 -25 -26 -27 -28 28 29 -31
leaf_value=-0.0035067842909238542 0.0044905325964085079 0.0023784718012768813 -0.0460972382944062 -0.020948130768770019 -0.0054524716728080388 -0.019907105401078051 0.10037520943322423 -0.0037404056868979166 0.037325190409559054 0.068067648499206143 -0.0093130768001830049 -0.00048120764029404108 0.0020254054204648249 -0.035082878870142373 0.012506511165749119 -0.014545363971707262 0.1351721231354833 -0.01095931003798894 -0.014082098260370997 -0.028034037869375736 -0.062561586778619935 0.11175030585944859 0.20096892043969988 -0.032293816752925891 0.065749525201993078 0.0060877764135302999 0.061235569617299618 0.001663829509898576 -0.0058112199423401229 0.00010901699863251829
leaf_weight=2076.2906537372619 1499.9810301102698 1517.0306087452918 8.6709790686145407 129.51351141463965 5.5047928839921951 118.74348106235266 4.5285424441099149 1091.7842135606334 15.040224934928117 4.9741645986214271 170.3726821821183 22.288049459457401 865.13731164112687 14.071642372757195 486.64059300534427 85.156800991855562 1.8171608857810486 24.900752604939044 229.33820638805628 64.166965488344431 5.5442934408783904 2.375551300123333 2.3309408836066705 1.8852930590510366 5.5474615022540092 34.835977368056774 7.951250232756137 6384.4369905758649 1204.7980974819511 2374.7717118170112
leaf_count=16077 6481 9012 333 1192 26 636 22 10583 132 46 1491 119 4837 117 3611 712 26 314 5442 377 31 28 28 19 59 412 38 41225 8586 16836
internal_value=-2.43736e-05 -0.00158164 -0.000118349 -0.00190176 -0.00088209 -0.0150594 0.0423128 -0.000182267 -0.0106277 -0.00360705 -0.00711797 0.0032201 8.5701e-05 0.00774691 0.00866822 -0.00248185 0.0099907 0.00716657 -0.0045587 -0.0167037 0.00361379 0.0135922 0.0266065 0.0790998 0.105756 0.0128332 0.0157469 0.000926019 0.000389417 -0.00188359
internal_weight=18460.4 6996.44 4690.81 3057.49 2737.59 128.777 10.0333 2608.81 319.901 190.387 175.347 1633.32 965.088 668.233 654.162 167.521 82.3641 80.547 2305.63 99.9506 35.7836 71.876 46.9752 9.7637 7.8784 37.2115 30.2393 11464 9964.01 3579.57
internal_count=128848 55720 34201 23140 20279 684 48 19595 2861 1669 1537 11061 5402 5659 5542 1931 1219 1193 21519 565 188 860 546 106 87 440 157 73128 66647 25422
is_linear=0
shrinkage=0.05


Tree=86
num_leaves=31
num_cat=0
split_feature=2 8 40 37 13 13 17 8 33 15 3 20 8 14 10 12 35 3 3 8 16 34 36 14 8 15 10 15 7 34
split_gain=10.7237 16.3087 14.1882 14.7486 13.1516 12.6933 11.7288 11.2089 10.897 12.5512 13.7482 10.4812 11.5899 11.8975 10.4078 11.7178 12.5589 10.2891 10.551 10.2664 13.3051 11.7356 12.0649 11.6683 10.688 12.1433 11.4989 10.2636 11.8101 9.95229
threshold=3.5000000000000004 0.50685000000000013 2.5000000000000004 1.5000000000000002 1.0116666666666674 2.4508333333333341 1.5000000000000002 0.39665 0.13500000000000004 0.0016666666666666846 28.500000000000004 -0.27499999999999986 0.49235000000000001 0.010608333333333332 0.48494999999999999 0.33185000000000003 0.49574999999999997 40.500000000000007 62.500000000000007 0.38945000000000002 2.5000000000000004 5.3250000000000011 6.6350000000000007 -0.032600000000000039 0.26240000000000002 -0.036333333333333336 0.66505000000000014 0.0083333333333333193 6.8250000000000011 6.3750000000000009
decision_type=2 2 2 2 2 2 2 2 2 2 2 2 2 2 2 2 2 2 2 2 2 2 2 2 2 2 2 2 2 2
left_child=2 5 19 11 -3 6 7 -2 9 -9 -11 12 -4 -14 -6 -16 29 -13 -19 20 23 24 -23 -1 25 -22 -26 28 -12 -17
right_child=1 4 3 -5 14 -7 -8 8 -10 10 27 17 13 -15 15 16 -18 18 -20 -21 21 22 -24 -25 26 -27 -28 -29 -30 -31
leaf_value=-0.0012050270109258167 0.02697435802284185 -0.0065337304962759446 -0.0063317161819190287 -0.011329022150393789 0.0078107839739121098 0.043356953480386956 0.0023174723731370504 0.0053097629670192052 0.0033012637284950564 -0.053236273483005948 0.10125637592503454 0.0034953945590698956 0.0097956216390181275 0.1497042608007495 0.0044872361592812188 -0.018956951188732807 0.042645322419606946 -0.0045798511374778783 0.05820558490101771 -0.002737090326806726 -0.015758430651152171 -0.0070290999685317093 0.0023387452432607134 0.009354882874124594 -0.0082195736541665482 0.0016254496228905492 0.080096098382676464 0.029073845240721582 0.0067817109977863377 0.0090339405192827651
leaf_weight=387.18988633900881 83.713596977293491 833.7646324634552 1124.0231228005141 514.52345208823681 429.58514464646578 20.323854476213455 2725.4566274043173 66.121702838689089 404.30944660678506 3.9253890141844741 12.380015261471273 1027.0914472583681 4.2230171523988238 2.3735790327191353 250.78474000096321 174.43721549957991 10.308508738875387 798.48041947931051 6.7479357477277508 2288.6141583919525 111.39047753531486 374.80291005223989 4142.1985393743962 806.44761876016855 743.45306583121419 1023.545073020272 3.70408010482788 37.49021865427494 4.5141977518796912 38.8242247402668
leaf_count=1880 482 4994 17503 7994 1971 87 15708 391 2104 21 64 8731 34 20 1161 797 49 7065 59 10969 993 2550 27212 3804 4271 7503 21 204 23 183
internal_value=-2.38164e-05 0.00192764 -0.000768233 -0.00351504 -0.00200455 0.00396234 0.00372248 0.00997482 0.00728335 0.0202221 0.0371324 -0.00215811 -0.0059439 0.0601374 0.00217301 -0.00293266 -0.0112558 0.000177882 -0.0040537 0.000198427 0.00108326 0.000179278 0.00156144 0.00592948 -0.00313789 -8.07254e-05 -0.00778174 0.043655 0.0760124 -0.0138612
internal_weight=18454.7 5095.94 13358.8 3477.46 1737.7 3358.24 3337.91 612.455 528.741 124.432 58.3098 2962.94 1130.62 6.5966 903.94 474.355 223.57 1832.32 805.228 9881.35 7592.73 6399.09 4517 1193.64 1882.09 1134.94 747.157 54.3844 16.8942 213.261
internal_count=128848 28239 100609 41406 9155 19084 18997 3289 2807 703 312 33412 17557 54 4161 2190 1029 15855 7124 59203 48234 42550 29762 5684 12788 8496 4292 291 87 980
is_linear=0
shrinkage=0.05


Tree=87
num_leaves=31
num_cat=0
split_feature=13 9 24 40 36 34 13 34 14 13 5 26 9 15 9 11 12 15 7 27 21 27 10 15 14 10 12 22 36 12
split_gain=10.3567 11.2152 10.0729 12.0419 12.0054 11.1904 10.1485 10.623 9.52847 10.8644 10.2351 16.0458 9.5008 10.8785 25.1546 9.09203 8.80577 11.5389 9.74601 12.8608 10.283 13.7163 14.9775 9.94819 9.69062 10.5436 10.3084 12.0161 9.49651 9.42892
threshold=-3.0291666666666668 5.3050000000000006 0.043333333333333453 3.5000000000000004 6.7150000000000007 4.4050000000000011 1.4399999999999999 6.4150000000000009 -0.10200833333333331 0.75833333333333319 1.5000000000000002 -0.010000000000000229 7.4850000000000012 0.013333333333333324 7.5450000000000008 0.37645000000000006 0.39345000000000008 0.027083333333333352 5.2950000000000008 0.015000000000000126 0.010000000000000004 -0.10000000000000007 0.40060000000000007 -0.028333333333333339 -0.0064416666666667058 0.26300000000000007 0.36854999999999999 -1.0900000000000001 6.7650000000000006 0.37940000000000002
decision_type=2 2 2 2 2 2 2 2 2 2 2 2 2 2 2 2 2 2 2 2 2 2 2 2 2 2 2 2 2 2
left_child=1 -1 3 -2 12 15 16 -8 -6 -10 -11 -12 -5 14 -14 -4 18 -18 19 20 -7 22 24 -20 25 -22 -26 -28 -27 -23
right_child=2 -3 5 4 8 6 7 -9 9 10 11 -13 13 -15 -16 -17 17 -19 23 -21 21 29 -24 -25 26 28 27 -29 -30 -31
leaf_value=-0.040226861517597211 3.6461020507832732e-05 0.0418953732968134 -0.00039755713147349874 0.00013498709037328813 -0.022229969330342589 0.0015917429324945284 0.0084295481007034094 0.035259266322134102 -0.0086334054771937882 0.00043364652301338839 0.15531674700572967 -0.011609915662014199 0.17999694022051105 0.065634156739907523 -0.012247629497952564 -0.017740107591891052 0.0070996654354755287 0.042359200482573293 -0.024785000590303165 -0.024904594275384773 -0.0014381701998761706 0.022397649818138781 0.058138743886090083 -0.0006925279804376631 -0.020851710653375988 0.094453545128193428 -0.020145406521685085 0.08334985748865037 0.01275799374913382 -0.015196439762098342
leaf_weight=28.030071913264692 13159.119256311096 4.8814744651317588 237.76538848690689 606.87500095088035 92.773118181154132 493.64135459437966 234.20473204553127 43.792300805449486 897.92567688506097 374.15394980460405 2.7369734272360802 3.0371284782886496 1.8755509909242416 12.029848244041203 18.343181971460581 110.78903347067535 413.41166401840746 24.583158767782152 44.407961271703243 34.095751883462071 33.94727283064276 227.79604753386229 10.381146740168331 1219.0344206355512 75.377514187246561 6.4887543693184835 5.7299355939030647 5.4932598471641523 7.8735311627388 17.996371932327747
leaf_count=1991 81190 49 1384 8170 1371 3657 1008 187 14201 2656 18 24 19 92 193 634 2486 143 240 212 265 1486 61 6314 515 43 46 31 48 114
internal_value=-2.31643e-05 -0.0280464 2.69173e-05 -0.000514092 -0.00411891 0.00255448 0.00357244 0.012656 -0.00675779 -0.0056345 0.00145314 0.0675147 0.00154027 0.0279858 0.00558556 -0.00590994 0.00260872 0.00907866 0.00131015 0.0052284 0.00638968 0.0124458 0.000266648 -0.00153934 -0.00418653 0.0137553 -0.0141953 0.030511 0.0496673 0.0196451
internal_weight=18448.6 32.9115 18415.7 15168.9 2009.75 3246.81 2898.26 277.997 1370.63 1277.85 379.928 5.7741 639.124 32.2486 20.2187 348.554 2620.26 437.995 2182.26 918.821 884.725 391.084 145.291 1263.44 134.91 48.3096 86.6007 11.2232 14.3623 245.792
internal_count=128848 2040 126808 107934 26744 18874 16856 1195 18270 16899 2698 42 8474 304 212 2018 15661 2629 13032 6478 6266 2609 1009 6554 948 356 592 77 91 1600
is_linear=0
shrinkage=0.05


Tree=88
num_leaves=31
num_cat=0
split_feature=9 13 11 40 26 20 11 13 18 3 3 35 0 21 0 26 3 34 20 7 22 10 35 11 18 3 0 8 13 13
split_gain=9.98431 15.8418 8.9984 9.83037 11.9875 8.94228 8.92186 9.36827 9.25206 10.3224 13.993 10.1902 12.2368 9.21937 8.64812 10.3055 10.0419 9.63836 9.39257 13.4021 11.3418 9.01643 10.0987 8.79887 10.9653 10.2088 8.49425 8.4191 10.4375 10.2693
threshold=4.9350000000000014 -3.0291666666666668 0.43250000000000005 2.5000000000000004 -0.23499999999999985 -0.079999999999999946 0.43885000000000007 1.7050000000000007 4.5000000000000009 25.500000000000004 23.500000000000004 0.34044999999999997 19.500000000000004 0.015000000000000001 2.5000000000000004 -0.10999999999999986 52.500000000000007 6.3850000000000007 0.34000000000000014 5.3850000000000007 0.14999999999999972 0.29800000000000004 0.27485000000000004 0.49065000000000009 4.5000000000000009 40.500000000000007 21.500000000000004 0.5615500000000001 -0.093333333333333476 2.1041666666666674
decision_type=2 2 2 2 2 2 2 2 2 2 2 2 2 2 2 2 2 2 2 2 2 2 2 2 2 2 2 2 2 2
left_child=1 -1 3 -3 5 -5 8 14 26 10 -10 -11 13 -13 16 18 -8 -18 19 20 21 22 -16 25 -25 -24 -4 29 -29 -2
right_child=27 2 6 4 -6 -7 7 -9 9 11 -12 12 -14 -15 15 -17 17 -19 -20 -21 -22 -23 23 24 -26 -27 -28 28 -30 -31
leaf_value=-0.039767421304180234 0.0010014744396504185 -0.00085651729044628746 0.002161093436393717 -0.0023781425071978052 -0.0057027035354996558 0.14315876788030946 -0.027684825572108121 0.051434971527164565 0.0042223124767588422 -0.0010979510080991613 0.19611791544029042 0.016821837495909406 -0.030143448563746483 0.12212630708389571 -0.039501660133162135 0.0010397569948701359 -0.0043481169059728158 0.10499133115879551 -0.010832352697661899 -0.039748100692068321 0.13480876420438853 0.13627510224340689 -0.014882124732488865 0.17128102638938783 0.024698900849327177 0.10792844352441991 0.068583061635757961 0.073837536137475776 -0.0053281741004743413 0.012740764650292981
leaf_weight=26.963357136584818 10672.948512785137 4606.0278113614768 59.412652145139873 1.9067622814327476 1536.5042269006371 2.3640422672033301 45.713886040262878 9.3423619419336301 1.6176096601411729 13.046976517885925 2.3017887435853481 3.0366981606930477 2.7830952517688266 6.5870120078325272 4.0246908934787049 591.01702787168324 6.6780055817216617 2.8868176750838757 11.372276581823824 4.1583700478076926 3.9591266438364974 2.2534713931381694 6.0821122163906676 2.7144315149635068 2.4073491394519806 2.3444247208535671 5.2376067750155917 4.1919388733804217 614.18509881943464 189.60184754431248
leaf_count=1991 64958 30587 387 28 21215 15 403 41 34 100 20 28 20 46 32 4634 54 18 68 23 25 17 59 21 24 19 32 27 3101 821
internal_value=-2.26306e-05 -0.00151647 -0.00136777 -0.00201299 -0.00547019 0.0781817 0.0036591 0.00170339 0.0181143 0.0413835 0.116919 0.0297525 0.0621948 0.0888982 0.00102573 0.0026887 -0.0179369 0.0286523 0.0274763 0.0430666 0.0575449 0.0421161 0.0300417 0.0507004 0.102384 0.0192861 0.00754223 0.000883325 -0.00479151 0.00120638
internal_weight=18443.7 6962.74 6935.78 6146.8 1540.78 4.2708 788.978 694.954 94.0234 29.3732 3.9194 25.4538 12.4068 9.62371 685.612 630.333 55.2787 9.56482 39.3163 27.944 23.7856 19.8265 17.573 13.5483 5.12178 8.42654 64.6503 11480.9 618.377 10862.6
internal_count=128848 59941 57950 51845 21258 43 6105 5438 667 248 54 194 94 74 5397 4922 475 72 288 220 197 172 155 123 45 78 419 68907 3128 65779
is_linear=0
shrinkage=0.05


Tree=89
num_leaves=31
num_cat=0
split_feature=15 8 22 13 3 13 34 20 24 3 34 6 4 35 28 8 9 9 7 24 11 8 19 4 0 14 33 24 17 19
split_gain=9.78375 11.5262 9.28987 9.86754 11.529 11.5696 14.2615 12.2993 10.8801 10.8451 12.4749 13.7783 13.617 13.2709 11.2128 11.0117 12.7863 11.9324 12.2021 13.2683 14.1288 10.0677 10.0282 9.59193 12.2374 13.1743 9.64615 13.3954 10.6456 9.54879
threshold=-0.018333333333333358 0.040250000000000008 4.8550000000000013 0.63833333333333331 28.500000000000004 0.71666666666666712 5.7750000000000012 0.59999999999999998 0.096666666666667136 27.500000000000004 7.2150000000000007 0.18500000000000003 50.500000000000007 0.42260000000000003 5.5000000000000009 0.14760000000000004 1.7450000000000003 2.1450000000000005 4.3450000000000006 -0.056666666666666192 0.32925000000000004 0.34100000000000003 0.015000000000000001 54.500000000000007 16.500000000000004 -0.071333333333333346 0.14500000000000005 1.332267629550188e-15 2.5000000000000004 0.055000000000000014
decision_type=2 2 2 2 2 2 2 2 2 2 2 2 2 2 2 2 2 2 2 2 2 2 2 2 2 2 2 2 2 2
left_child=1 -1 3 9 -5 6 7 -6 -7 10 11 -3 -13 15 -11 23 -17 -18 -19 20 -20 -21 -9 24 -14 -26 -27 -28 -29 -25
right_child=-2 2 -4 4 5 8 -8 22 -10 14 -12 12 13 -15 -16 16 17 18 19 21 -22 -23 -24 29 25 26 27 28 -30 -31
leaf_value=-0.022922559110875183 0.00047200510065169759 -0.012948520049375679 -0.035346591272804477 -0.012260683716296633 0.026907558758834556 0.0068432715548208947 0.0077985545773641557 0.040139324858357334 -0.045334324910461826 -0.0038806163939968104 0.043769245030695757 -0.007289898331532269 0.035665957399237551 -0.018320950578993259 -0.020354591616488969 -0.026357209528481348 0.11233157326512584 -0.010958151112639253 0.20918691303032069 0.036919227129881819 0.026996676577415581 -0.0094223657801335466 0.14999876886860616 -0.01488549082225544 0.23277994734844612 -0.010010500919366623 -0.00018262405752234037 0.085762248989659395 0.24804430873643457 0.079392484642228728
leaf_weight=68.816216876730323 15573.649137222208 104.73434043861926 20.991745322942734 82.432354718446732 9.6494733765721339 328.16568600013852 24.549644071608782 3.3361271247267705 10.304640099406241 1821.9917502738535 19.128318920731544 88.655912457033992 14.788046373054387 23.049360650591552 109.49725993350148 16.353080660104752 3.4895389191806307 25.639918046072125 2.062828190624713 41.295893734320998 2.1979769580066204 16.364228203892708 5.5048830769956112 9.5748778879642469 1.7350524589419363 2.1412566155195218 1.7808142248541114 2.0859515890479088 1.960261197760701 3.7328235171735278
leaf_count=2638 103920 956 110 423 53 1620 134 22 45 13588 183 1005 246 237 2379 155 36 262 23 309 18 106 33 133 30 29 30 30 29 66
internal_value=-2.20664e-05 -0.00270681 -0.00220946 -0.0019589 0.0046959 0.00835968 0.0327771 0.0659409 0.00525474 -0.00329415 0.00441811 0.00233672 0.00856809 0.016924 -0.00481454 0.0225188 0.0143503 0.0216616 0.0180482 0.0300589 0.115202 0.0237673 0.108544 0.045729 0.0642954 0.107927 0.080741 0.114089 0.164383 0.0115596
internal_weight=18439.7 2866.01 2797.19 2776.2 463.943 381.51 43.0401 18.4905 338.47 2312.26 380.77 361.642 256.908 168.252 1931.49 145.203 107.403 91.0504 87.5608 61.9209 4.26081 57.6601 8.84101 37.7991 24.4914 9.70334 7.96828 5.82703 4.04621 13.3077
internal_count=128848 24928 22290 22180 2330 1907 242 108 1665 19850 3883 3700 2744 1739 15967 1502 909 754 718 456 41 415 55 593 394 148 118 89 59 199
is_linear=0
shrinkage=0.05


Tree=90
num_leaves=31
num_cat=0
split_feature=17 40 37 15 23 35 19 34 21 9 24 3 4 1 0 3 7 34 37 3 15 16 10 39 12 15 12 29 4 36
split_gain=9.34631 12.7641 11.6824 11.5169 11.4241 12.1455 10.6028 10.3865 10.0412 15.6244 10.0269 10.0581 9.91132 10.355 14.8152 10.1369 10.0841 11.0053 11.1759 12.4395 12.1989 13.0279 14.2628 9.82511 9.84101 9.74246 14.1651 11.7216 10.1854 16.1297
threshold=3.5000000000000004 2.5000000000000004 1.5000000000000002 0.027083333333333352 6.9050000000000011 0.49574999999999997 0.17500000000000002 4.955000000000001 0.010000000000000004 3.8150000000000004 0.025000000000000803 50.500000000000007 49.500000000000007 1.5000000000000002 12.500000000000002 29.500000000000004 7.0650000000000004 7.535000000000001 1.5000000000000002 34.500000000000007 0.025000000000000005 3.5000000000000004 0.27810000000000007 -2.4999999999999996 0.41885000000000006 -0.018333333333333295 0.40585000000000004 1.0000000180025095e-35 44.500000000000007 6.6950000000000012
decision_type=2 2 2 2 2 2 2 2 2 2 2 2 2 2 2 2 2 2 2 2 2 2 2 2 2 2 2 2 2 2
left_child=3 -2 4 7 5 6 -3 8 -1 10 -10 -12 25 14 -14 -16 17 18 19 20 -15 22 -22 24 -5 28 -27 -28 29 -9
right_child=1 2 -4 23 -6 -7 -8 12 9 -11 11 -13 13 16 15 -17 -18 -19 -20 -21 21 -23 -24 -25 -26 26 27 -29 -30 -31
leaf_value=-0.0055122488853148023 -7.2380199002368995e-05 -0.002602805533846707 -0.013252209608131161 -0.019874050535054918 -0.012738245894170764 0.016947935301203958 0.11099006841848963 0.13134878081792953 -0.019228959237825537 0.0072645984555435132 0.013597611500835908 -0.0663955187196308 0.0010965235473205592 0.0073197072069286807 -0.005236930059095775 0.017650681094456614 -0.0068890597954516398 0.016322552467599144 -0.0017245444749349468 0.0013051035196802075 0.15776683991527851 -0.023825264152374286 0.042644453381856746 0.0086667959351179307 0.055317275085468132 -0.0034402516026849246 0.013706985378196063 0.095944755250481156 -0.016347171198657983 0.0028178598553578156
leaf_weight=1197.6363497292623 6298.7104562064633 1596.8599102990702 323.05755906365812 50.041449457406998 260.03730714228004 84.922338081523776 2.0569120123982421 2.8480677194893387 112.08893426321447 443.40416101366282 48.785629001446068 4.2738917469978324 457.37518053129315 890.98094945400953 56.540908724069595 335.08207110315561 353.71678563207388 127.86288545187563 1781.2119530299678 2412.4127998165786 3.5987122990191009 4.7610802315175524 10.660156808793543 683.51804767921567 4.7660003900527945 589.39683010615408 85.041388324461877 4.5655927248299113 194.24884951207787 17.0740030342713
leaf_count=8009 36600 16652 4726 224 3094 882 22 29 1077 2651 389 28 2044 6741 255 1465 1953 929 13745 16176 20 37 57 4393 20 4105 567 30 1764 164
internal_value=-2.17656e-05 -0.0012303 -0.0044476 0.00102686 -0.00298434 -0.00147803 -0.00245668 0.000541297 -0.00285478 0.00237514 -0.0107525 0.00715424 0.00137843 0.00206357 0.00720832 0.0143463 0.00128153 0.00183396 0.00147098 0.00318416 0.00816553 0.0477877 0.0716995 0.00703352 -0.0133355 -0.00355718 -0.000624397 0.0178971 -0.0128552 0.0211927
internal_weight=18437.5 8565.64 2266.93 9871.89 1943.88 1683.84 1598.92 9133.57 1806.19 608.553 165.148 53.0595 7327.38 6434.2 848.998 391.623 5585.21 5231.49 5103.63 3322.41 910.001 19.0199 14.2589 738.325 54.8074 893.175 679.004 89.607 214.171 19.9221
internal_count=128848 61976 25376 66872 20650 17556 16674 62235 12154 4145 1494 417 50081 43422 3764 1720 39658 37705 36776 23031 6855 114 77 4637 244 6659 4702 597 1957 193
is_linear=0
shrinkage=0.05


Tree=91
num_leaves=31
num_cat=0
split_feature=13 11 24 11 26 26 8 2 12 34 12 8 20 13 14 13 8 22 4 17 22 34 20 3 11 18 31 22 29 7
split_gain=9.1199 12.8603 12.1315 13.1535 11.7338 10.5557 10.4958 11.4163 11.5007 10.7416 13.5923 11.7304 13.5042 12.5375 10.7107 13.7439 10.2675 15.8214 11.298 10.5723 11.6039 13.9073 11.4552 11.1609 9.87338 11.7504 12.7222 10.4225 9.69983 9.69518
threshold=1.5416666666666665 0.25785000000000008 -0.058333333333333119 0.28955000000000003 0.084999999999999978 -1.0000000180025095e-35 0.53255000000000008 3.5000000000000004 0.29975000000000002 7.5550000000000006 0.21335000000000001 0.18930000000000005 -1.8799999999999994 0.58833333333333326 0.043616666666666727 -0.54166666666666663 0.39665 -0.2100000000000006 49.500000000000007 3.5000000000000004 1.5800000000000005 5.7650000000000006 2.3750000000000013 51.500000000000007 0.30225000000000002 4.5000000000000009 3.5000000000000004 -1.0249999999999997 1.0000000180025095e-35 6.1250000000000009
decision_type=2 2 2 2 2 2 2 2 2 2 2 2 2 2 2 2 2 2 2 2 2 2 2 2 2 2 2 2 2 2
left_child=2 -2 3 4 -1 -5 7 8 9 -4 -11 -12 -13 14 15 -14 19 18 -18 -9 21 22 23 -21 25 27 -27 29 -7 -23
right_child=1 -3 6 5 -6 28 -8 16 -10 10 11 12 13 -15 -16 -17 17 -19 -20 20 -22 24 -24 -25 -26 26 -28 -29 -30 -31
leaf_value=-0.0032311849161432166 0.013119376679103482 0.0013594690275850556 -0.0029613768614018582 -0.031379328672653362 -0.018098303751422282 0.0012348888007047776 -0.005648995145516679 0.017807967687008534 0.0007197078614627594 -0.038729522522987753 -0.0569198294950004 0.11133235309553749 -0.042540057473014883 -0.074946556127578196 0.1014315605152705 0.06120525747150686 -0.032484293766532356 0.0036866862970695424 -0.0040435009565796421 0.040664030879776172 -0.026559958010448914 0.014436772088666847 -0.057228030793544674 -0.04291126281240315 -0.015511195749460386 0.027795295298596062 0.15027726821931287 -0.0043318403492350914 -0.014858063292581498 0.12546012722615685
leaf_weight=256.63029459025711 296.50757221877575 1076.5719927847385 3577.1101786000654 28.29606612212956 274.86129549704492 911.5177571028471 758.05250920448452 221.91135331988335 7958.2373186089098 7.0588346328586331 2.931353283114734 6.4988975003361729 5.4135072529316028 2.553500071167945 5.5493731722235671 7.7806859649717781 37.824687842279673 2200.9913432281464 454.48323637619615 48.746127221733332 29.789978966116905 5.436182387173174 3.6954584196209899 4.3512722700834265 66.622560858726501 9.0464204587042314 2.7690584287047377 63.062464024871588 104.35327672678977 3.0807485580444336
leaf_count=2400 1340 4833 26621 290 2688 8105 4133 1290 59162 56 41 45 50 13 38 56 224 12424 2592 275 145 37 22 24 447 67 18 416 978 18
internal_value=-2.12403e-05 0.00389894 -0.000336783 -0.00451654 -0.0109197 -0.00125725 8.85786e-05 0.000383954 -0.000342589 -0.00268125 0.0238377 0.0382109 0.0482434 0.0289915 0.0431513 0.0186391 0.00305175 0.00187426 -0.00622865 0.00996829 0.00261532 0.00681787 0.027891 0.0338151 -0.0011599 0.0103051 0.0565 0.00267976 -0.000418227 0.0545962
internal_weight=18431.7 1373.08 17058.7 1575.66 531.492 1044.17 15483 14724.9 11573.1 3614.9 37.7862 30.7273 27.796 21.2971 18.7436 13.1942 3151.81 2693.3 492.308 458.512 236.6 206.81 56.7929 53.0974 150.017 83.3949 11.8155 71.5794 1015.87 8.51693
internal_count=128848 6173 122675 14461 5088 9373 108214 104081 86082 26920 299 243 202 157 144 106 17999 15240 2816 2759 1469 1324 321 299 1003 556 85 471 9083 55
is_linear=0
shrinkage=0.05


Tree=92
num_leaves=31
num_cat=0
split_feature=14 28 34 18 23 6 15 9 5 34 35 14 35 7 34 14 9 26 4 35 23 19 23 11 15 13 4 23 21 15
split_gain=8.81483 15.8258 10.3062 8.8936 10.9641 13.5511 8.70865 10.1198 11.9727 11.0776 11.1523 9.1824 9.14238 11.4819 9.06019 8.41043 8.40245 8.37536 8.17328 12.9271 11.257 11.2161 10.3727 9.54468 23.1279 9.83558 8.15146 12.3008 8.10284 11.2983
threshold=-0.095266666666666638 1.5000000000000002 4.245000000000001 2.5000000000000004 6.8150000000000004 0.15500000000000003 -0.033333333333333333 3.0050000000000003 1.0000000180025095e-35 6.745000000000001 0.44195000000000001 -0.042699999999999926 0.24155000000000001 4.4650000000000007 6.6550000000000011 -0.11614999999999995 4.9150000000000009 0.024999999999999915 55.500000000000007 0.27180000000000004 7.0150000000000006 -0.025000000000000005 6.7950000000000008 0.18984999999999999 0.001666666666666636 0.018333333333333982 54.500000000000007 6.7950000000000008 0.015000000000000001 -0.0049999999999999897
decision_type=2 2 2 2 2 2 2 2 2 2 2 2 2 2 2 2 2 2 2 2 2 2 2 2 2 2 2 2 2 2
left_child=1 2 -1 15 -5 -6 7 -2 12 11 -11 17 13 -9 16 -4 26 -10 -3 21 -21 22 -20 -23 25 -25 27 -15 29 -8
right_child=6 18 3 4 5 -7 28 8 9 10 -12 -13 -14 14 -16 -17 -18 -19 19 20 -22 23 -24 24 -26 -27 -28 -29 -30 -31
leaf_value=-0.024444233249983533 -0.015151428897538528 -0.0076089358303599022 0.035971887708547888 -0.0088169506749380573 -0.043211196445223685 0.035454564751102445 -0.002772104552817508 -0.013819737794589716 0.036802190346769972 0.038015039391655271 -0.050523896839664184 -0.0027942518045984341 -0.010643061897461621 0.047011807246830066 -0.028474368441972986 0.0032430300288689208 0.014525179914340325 -0.0059951258448586384 0.011737811055808896 -0.006046965107430133 0.06383956593858521 0.0015287119962873151 0.13149231406748932 -0.058267659861151802 0.19832513270039956 0.080466403050951818 0.0052693288103542839 0.15766380869402627 0.002691455234506349 0.00079224403992726646
leaf_weight=21.325886413455009 178.93800813239068 1063.1573604689911 55.084725141525269 72.239853590726852 6.4731062054634085 35.485904045403004 2886.0880849892274 29.174817824736238 31.443222092464566 37.877012055367231 3.9251839071512213 202.9324820432812 343.31532704085112 6.5601725876331347 5.9403909407556048 30.495832651853561 16.548447653651237 17.96208637021482 3.005337841808795 139.97121819667518 6.0093946177512398 25.282006775960326 4.539402661845088 2.7121330443769684 2.2856306619942188 2.4152140244841576 3.9517724290490142 4.0697808787226677 3508.0714565478265 9680.9261519983411
leaf_count=98 3012 8287 238 338 28 174 23699 266 222 311 30 1545 2665 46 41 129 91 166 20 1154 57 217 32 33 17 15 25 32 23958 61902
internal_value=-2.07529e-05 -0.0037343 0.00859589 0.0121228 0.00299032 0.0233186 0.000301266 -0.0045343 -0.00183456 0.00586126 0.0297013 0.00191192 -0.00736157 0.00964472 0.0281114 0.0243093 0.0389094 0.0212425 -0.00591641 0.00374647 -0.00317004 0.028838 0.0837898 0.0161572 0.0660479 0.0070824 0.0665824 0.089376 0.000566774 -2.63294e-05
internal_weight=18428.2 1470.48 221.105 199.779 114.199 41.959 16957.7 882.639 703.701 294.14 41.8022 252.338 409.561 66.2454 37.0706 85.5806 31.1302 49.4053 1249.38 186.22 145.981 40.2397 7.54474 32.695 7.41298 5.12735 14.5817 10.63 16075.1 12567
internal_count=128848 10837 1005 907 540 202 118011 8452 5440 2274 341 1933 3166 501 235 367 194 388 9832 1545 1211 334 52 282 65 48 103 78 109559 85601
is_linear=0
shrinkage=0.05


Tree=93
num_leaves=31
num_cat=0
split_feature=24 40 15 34 35 0 20 39 39 38 22 19 7 15 27 34 35 2 12 27 15 13 20 11 8 0 24 35 35 31
split_gain=8.65686 12.1646 10.1561 9.95634 9.82655 10.9801 9.55471 13.2568 24.5262 12.3125 23.2327 11.7665 11.1839 15.9049 13.4454 11.3928 10.8729 10.4819 9.42091 9.40082 9.31806 9.21694 9.16304 13.2539 12.837 10.3857 9.95994 9.44062 13.6988 8.95559
threshold=0.043333333333333453 4.5000000000000009 0.0016666666666666568 4.4050000000000011 0.55625000000000013 9.5000000000000018 -0.2600000000000004 1.0000000180025095e-35 1.5000000000000002 1.0000000180025095e-35 1.2150000000000005 0.015000000000000001 5.8450000000000006 0.0055000000000000058 -0.090000000000000288 6.5850000000000009 0.63765000000000016 2.5000000000000004 0.41035000000000005 -0.13000000000000031 0.0016666666666666568 1.5783333333333336 -0.59500000000000008 0.11849999999999995 0.24185000000000004 10.500000000000002 -0.076666666666665759 0.38085000000000008 0.29620000000000007 1.5000000000000002
decision_type=2 2 2 2 2 2 2 2 2 2 2 2 2 2 2 2 2 2 2 2 2 2 2 2 2 2 2 2 2 2
left_child=1 6 -3 -2 -4 -6 7 16 9 21 -11 -12 15 18 -15 17 -1 19 -14 -8 -20 22 -9 24 -24 -26 27 28 -25 -5
right_child=3 2 4 29 5 -7 12 8 -10 10 11 -13 13 14 -16 -17 -18 -19 20 -21 -22 -23 23 26 25 -27 -28 -29 -30 -31
leaf_value=-0.0088399262099295561 -0.0056731908615279842 -0.014541615176148482 -0.0025176870393434124 0.0059647447607007074 0.18547317316128134 0.015839099687477841 -0.039521980235660628 0.003738496632995603 -0.0046310321313115721 0.011719459050446523 0.039051352817801671 0.14643559078899293 -0.0028974561770096783 -0.016856663840573518 0.0022117949392599038 0.00809829585258918 0.07758717404564533 0.0051151969802034937 -0.0077839918765927572 -0.00020937860507779557 -0.029817167516270827 0.060414723742593837 -0.06414998057368046 0.066202675799671568 0.001642815080892185 0.07079915154743352 -0.0092672798708216247 0.081157771426783723 -0.040276347469407892 0.0004087733589572208
leaf_weight=697.77956778276712 347.85299210064113 276.04664797056466 324.1371926413849 1499.916936465539 1.454501662403344 2.7718897517770529 15.296399809420107 1573.1704756086692 2197.6690144939348 60.687217332422733 5.0534473061561567 5.1513768285512924 1947.590982414782 95.727094449102879 2695.8658727630973 749.68959717452526 3.6581126265227786 1257.8137919735163 208.99183703586459 2600.3100398341194 62.287112396210432 6.7867292463779441 3.1882291957736042 5.1727423295378703 9.0724712014198321 13.517919510602949 341.52824990078807 5.825826618820428 7.2601164430379868 1404.4017450949177
leaf_count=6312 2036 6831 5386 8887 25 41 91 10085 23500 537 29 31 10513 444 13474 4882 33 7148 1128 16867 345 28 21 30 45 70 1789 40 43 8157
internal_value=-2.02779e-05 -0.000522022 -0.00747268 0.00232069 -0.00153001 0.0742182 -0.000233668 -0.00202258 -0.000967861 0.00298538 0.0234569 0.0932587 0.000682838 -0.000953607 0.00155791 0.00245639 -0.00838919 0.00136442 -0.00411339 -0.000439284 -0.0128429 0.00224702 0.00204547 -0.00486234 0.0297703 0.0430254 -0.00734376 0.0286357 0.00402469 0.00327812
internal_weight=18425.7 15173.5 604.41 3252.17 328.364 4.22639 14569.1 4935.52 4234.08 2036.41 70.892 10.2048 9633.57 5010.46 2791.59 4623.11 701.438 3873.42 2218.87 2615.61 271.279 1965.52 1958.74 385.566 25.7786 22.5904 359.787 18.2587 12.4329 2904.32
internal_count=128848 109768 12283 19080 5452 66 97485 42593 36248 12748 597 60 54892 25904 13918 28988 6345 24106 11986 16958 1473 12151 12123 2038 136 115 1902 113 73 17044
is_linear=0
shrinkage=0.05


Tree=94
num_leaves=31
num_cat=0
split_feature=14 13 23 4 1 13 7 8 15 7 8 19 3 35 24 16 14 22 34 8 24 22 3 35 23 24 21 15 35 26
split_gain=8.48337 12.019 9.59746 8.78207 12.0315 10.6306 15.1159 10.1135 9.64915 9.27387 15.5118 14.1608 10.8699 11.1873 10.8476 10.012 13.7275 9.14194 10.6791 8.93475 8.82255 8.7417 10.8394 9.50478 8.60853 11.6604 11.986 10.0163 11.5619 11.3564
threshold=0.027800000000000023 -1.1783333333333332 6.9150000000000009 51.500000000000007 4.5000000000000009 -1.1366666666666663 4.1050000000000013 0.54825000000000013 0.035000000000000017 4.205000000000001 0.18064999999999998 1.0000000180025095e-35 56.500000000000007 0.34875 0.041666666666666526 5.5000000000000009 -0.033325000000000042 -1.3399999999999994 4.1250000000000009 0.30395000000000005 -0.0416666666666674 -0.51000000000000034 31.500000000000004 0.33675000000000005 6.7150000000000007 0.031666666666667627 0.050000000000000003 -0.015000000000000005 0.25720000000000004 -1.0000000180025095e-35
decision_type=2 2 2 2 2 2 2 2 2 2 2 2 2 2 2 2 2 2 2 2 2 2 2 2 2 2 2 2 2 2
left_child=1 2 -1 4 9 6 -6 -5 24 10 12 21 13 20 17 -13 -17 -11 -19 -10 -3 -12 -23 -24 25 26 27 -7 29 -29
right_child=-2 3 -4 7 5 8 -8 -9 19 14 11 15 -14 -15 -16 16 -18 18 -20 -21 -22 22 23 -25 -26 -27 -28 28 -30 -31
leaf_value=-0.0047055092844330874 0.0015369216623862588 0.020280274238312471 -0.021336192942308554 0.00080268138364465627 -0.0049273513850448172 -0.033253901474219014 0.21189721972228859 -0.0069672812421193824 -0.058904298657539572 -0.017285862818571519 0.051818849409598126 -0.0081913407548287933 0.040953052296579043 0.0081698891400612348 0.0053160443709144075 0.1359715826411011 0.0011452673618137829 -0.018408895086689966 -0.0017007444458930652 0.031895275743681069 -0.032567406651808371 -0.025916235878128382 0.086688887826534292 0.0078985874311092788 -0.013310557744519787 -0.014437634235208066 0.095494561511165643 0.12421853966893281 0.0086142000767935531 0.0014364286801381253
leaf_weight=611.79952198173851 5932.2605093251914 9.4192246384918672 101.08480163663626 8371.0419444907457 2.0516646765172477 12.113594407215713 1.3216067366302011 440.85100015997887 3.0765493400394943 117.81302847713232 39.158551864326 42.108895555138588 12.035861968994139 50.210854513570666 400.04811286553741 3.0633544251322746 4.9201866984367362 102.55480742454529 1417.4541575610638 22.695456076413393 48.879211757332087 10.151172343641521 6.5000553205609313 9.3101717457175237 503.56365669704974 73.087896551936865 4.1762802489101878 4.5596738308668137 58.98589201644063 3.2084174193441859
leaf_count=10258 39142 87 1801 55637 38 147 30 2257 34 798 253 301 90 381 1934 25 40 516 7642 149 372 67 41 57 5451 615 40 38 576 31
internal_value=-1.98988e-05 -0.000759491 -0.00706369 -0.0003778 -0.00273289 -0.0085219 0.0800219 0.000413957 -0.00895763 -0.000978995 0.0084095 0.0215283 -0.00412893 -0.00912943 -0.00206513 0.00154186 0.0528793 -0.00386803 -0.00282804 0.021056 -0.0240289 0.0369025 0.0144037 0.0402916 -0.0101302 0.000127408 0.0129463 0.00857509 0.0161656 0.0735064
internal_weight=18419.5 12487.2 712.884 11774.4 2962.47 688.841 3.37327 8811.89 685.467 2273.63 235.758 115.212 120.545 108.509 2037.87 50.0924 7.98354 1637.82 1520.01 25.772 58.2984 65.12 25.9614 15.8102 659.695 156.132 83.0439 78.8676 66.754 7.76809
internal_count=128848 89706 12059 77647 19753 7149 68 57894 7081 12604 1714 784 930 840 10890 366 65 8956 8158 183 459 418 165 98 6898 1447 832 792 645 69
is_linear=0
shrinkage=0.05


Tree=95
num_leaves=31
num_cat=0
split_feature=2 8 24 32 24 12 7 24 13 20 6 7 27 24 5 25 3 22 13 14 15 3 13 27 15 3 26 11 10 22
split_gain=8.35069 13.3254 11.2204 11.19 11.8775 10.3923 10.2003 10.6602 11.2861 10.487 14.4047 10.1028 9.5023 9.54591 11.8778 23.8979 14.8108 22.0546 14.0786 12.8947 9.24117 11.4546 10.3584 9.48347 9.17927 9.15324 8.9227 9.3641 8.65472 24.43
threshold=3.5000000000000004 0.42435000000000006 -0.12083333333333356 3.5000000000000004 -0.058333333333333119 0.30514999999999998 5.9150000000000009 0.043333333333334341 0.083333333333333273 1.8199999999999998 0.16500000000000004 5.8750000000000009 0.055000000000000167 -0.05000000000000026 1.0000000180025095e-35 4.5000000000000009 38.500000000000007 -1.3399999999999994 -0.084999999999999507 -0.0057999999999999987 -0.010000000000000021 33.500000000000007 -0.37999999999999939 -0.079999999999999613 -0.006666666666666674 23.500000000000004 0.039999999999999598 0.34465000000000007 0.35730000000000001 0.26000000000000006
decision_type=2 2 2 2 2 2 2 2 2 2 2 2 2 2 2 2 2 2 2 2 2 2 2 2 2 2 2 2 2 2
left_child=3 2 -2 4 25 -6 9 8 24 10 -3 12 13 14 18 -16 17 -17 -7 -19 21 22 -9 -23 -8 -1 -20 -28 29 -4
right_child=1 6 28 -5 5 11 7 20 -10 -11 -12 -13 -14 -15 15 16 -18 19 26 -21 -22 23 -24 -25 -26 -27 27 -29 -30 -31
leaf_value=-0.031563468559213319 -0.059369936856024645 -0.0028790715669389779 0.00067722928015970067 0.0013638656307217655 -0.0035807031357175871 -0.017312734093096319 -0.016230368098203607 0.088084182551991283 0.00028972315298499813 0.079044292200600205 0.076956083302566022 -0.0046042179188064544 -0.005277708511187083 0.0016974950127057742 0.22947005698190959 0.23377786531427486 -0.0044735737377683896 -0.020395538565232355 0.078037837369506313 0.11299503744207284 0.0034581644474206332 0.04890137376976425 -0.0175634158886297 0.010984744044666163 -0.0028787571922679811 -0.0062122626612701667 -0.012738127360541071 0.059516628589035003 0.0047547090075237908 0.033594324221913455
leaf_weight=37.233456352725625 6.3576834704726926 27.687075287103653 122.23660757578909 4461.3292458024807 2778.3442632276565 28.441243093460798 195.39118692278862 2.5673033818602589 2716.0025739707053 7.3773023188114157 7.0987179540097705 903.78481044620275 499.45363998692483 3747.8481129566208 1.7245266959071184 1.8997371699661041 10.717860091477631 3.8454557610675715 7.8420372717082527 3.4258296787738769 663.43914344906807 35.743765618652105 24.098680827766657 30.616501990705729 377.32385424524546 814.36438732501119 11.821906577795746 7.2242548093199721 776.71932175382972 104.60015211254358
leaf_count=782 49 164 879 33836 20346 382 1404 19 14278 39 49 4784 3856 28834 16 29 113 55 58 33 3165 169 133 167 2657 7345 90 50 4554 513
internal_value=-1.95952e-05 0.00170148 0.00684452 -0.000678245 -0.00170676 -0.00110963 0.00043072 0.000175713 -0.00105531 0.0248964 0.0134128 0.000203573 0.00120842 0.0020554 0.0194888 0.0509206 0.0354389 0.0820833 0.00721052 0.0424508 0.00552755 0.0202859 -0.00739205 0.0314079 -0.00743388 -0.00732066 0.0331502 0.0146683 0.007264 0.0158561
internal_weight=18416.6 5097.26 1009.91 13319.3 8857.97 8006.37 4087.35 4045.18 3288.72 42.1631 34.7858 5228.03 4324.24 3824.79 76.9429 21.6134 19.8889 9.17102 55.3294 7.27129 756.465 93.0263 26.666 66.3603 572.715 851.598 26.8882 19.0462 1003.56 226.837
internal_count=128848 28239 5995 100609 66773 58646 22244 21992 18339 252 213 38300 33516 29660 826 246 230 117 580 88 3653 488 152 336 4061 8127 198 140 5946 1392
is_linear=0
shrinkage=0.05


Tree=96
num_leaves=31
num_cat=0
split_feature=13 9 13 11 24 0 8 34 24 14 11 9 11 23 35 35 23 8 2 7 20 40 40 26 4 34 22 9 12 7
split_gain=8.2329 10.2107 7.98462 11.8901 10.0195 9.3294 9.15783 8.82007 9.40967 9.71444 8.83122 10.1454 8.79081 9.36803 10.1678 15.4126 9.46204 8.53763 9.56154 11.0711 15.3003 12.2181 12.5959 11.8973 16.7829 11.5166 10.964 9.85713 14.5446 11.6995
threshold=-3.0291666666666668 5.3050000000000006 1.5416666666666665 0.25785000000000008 -0.066666666666665972 5.5000000000000009 0.59275000000000011 5.7150000000000007 0.090000000000001204 0.047516666666666742 0.44419999999999998 4.6150000000000011 0.28955000000000003 7.1950000000000012 0.43345 0.43845000000000006 7.0250000000000012 0.53255000000000008 3.5000000000000004 5.8550000000000013 -0.089999999999999622 1.0000000180025095e-35 2.5000000000000004 -0.23499999999999985 53.500000000000007 6.5850000000000009 2.3750000000000013 4.7550000000000008 0.29895000000000005 4.4850000000000012
decision_type=2 2 2 2 2 2 2 2 2 2 2 2 2 2 2 2 2 2 2 2 2 2 2 2 2 2 2 2 2 2
left_child=1 -1 4 5 12 6 -4 10 -9 -10 -5 -12 13 14 16 -16 -2 18 19 20 21 -6 -23 24 -22 27 -24 28 -25 -30
right_child=2 -3 3 7 17 -7 -8 8 9 -11 11 -13 -14 -15 15 -17 -18 -19 -20 -21 23 22 26 25 -26 -27 -28 -29 29 -31
leaf_value=-0.038972273387625593 -0.012110726077535505 0.039285578145380265 0.039867821385524874 -0.0039939022883874803 -0.0077024447349056269 0.0086272343701405962 -0.032065377368333391 0.0056531596519488825 0.074633881473512062 -0.00041075882931060689 0.066435693051411102 0.0077105653718127186 -0.0016575391947623878 0.05386822713571713 0.11775532076487112 0.0019868788839463442 -0.039464600601508422 -0.0050741551151936197 0.0027269952470313644 -0.003646077732175167 0.14270668311515652 0.0011673013453115107 -0.0035458429477076428 -0.0082217905911823892 -0.011470211546522608 0.0077133929557920578 -0.022147031808095328 0.003438188393691529 0.0073195812920259151 -0.0025352640295733878
leaf_weight=25.284334600437436 296.61839380860329 4.9908283352851859 43.676470376551151 626.27277997136116 700.81763021834195 248.49380045384169 4.9233540296554557 360.10383938997984 10.232891246676447 7.4534677267074576 8.3050948083400709 64.263649165630341 763.73613484296948 5.5051982030272475 3.0567670948803416 48.342669586651027 35.3861113358289 771.90805289708078 3233.733839225024 2086.8645099289715 3.6049505248665801 3012.7698506936431 1151.9899698784575 563.0674049993977 3.4584818258881569 810.24166807159781 85.068168491125107 2183.9846749808639 506.23009227961302 743.48622284829617
leaf_count=1991 2872 49 201 2826 5935 1117 22 1609 44 31 36 287 6871 49 30 471 328 4238 18520 11813 23 20199 18367 3732 19 5231 790 12980 3545 4622
internal_value=-1.92583e-05 -0.0260715 2.36461e-05 0.00369041 -0.000272483 0.0125456 0.0325807 0.00124683 0.00740195 0.0430082 -0.0020806 0.0144313 -0.00477348 -0.0108925 -0.0118224 0.00887172 -0.0150262 5.46895e-05 0.00031713 -0.000340408 0.000366063 -0.00158565 -0.000576958 0.00237314 0.0672168 0.00227786 -0.00482498 0.00117595 -0.00154953 0.0014567
internal_weight=18413.9 30.2752 18383.6 1373.73 17009.9 297.094 48.5998 1076.63 377.79 17.6864 698.842 72.5687 1152.65 388.909 383.404 51.3994 332.005 15857.2 15085.3 11851.6 9764.72 4950.65 4249.83 4814.07 7.06343 4807.01 1237.06 3996.77 1812.78 1249.72
internal_count=128848 2040 126808 6173 120635 1340 223 4833 1684 75 3149 323 10621 3750 3701 501 3200 110014 105776 87256 75443 45291 39356 30152 42 30110 19157 24879 11899 8167
is_linear=0
shrinkage=0.05


Tree=97
num_leaves=31
num_cat=0
split_feature=14 28 34 12 27 9 8 13 7 9 0 33 9 8 22 24 19 24 12 27 15 6 20 34 34 6 24 7 8 20
split_gain=7.91518 14.0222 9.12787 8.36204 9.21684 12.64 9.38198 9.09558 10.6882 10.3109 12.8617 12.0858 10.8332 13.4088 9.87437 9.84435 9.45992 10.9327 9.80572 8.16155 14.5941 10.842 10.1762 8.1791 8.38429 8.14236 9.92975 8.12438 17.0885 10.71
threshold=-0.095266666666666638 1.5000000000000002 4.245000000000001 0.39345000000000008 0.090000000000000316 7.5950000000000006 0.49840000000000007 1.2825 7.8450000000000006 1.635 8.5000000000000018 0.18500000000000003 4.6950000000000012 0.42735000000000001 2.1150000000000007 0.090000000000001204 0.020000000000000014 0.0049999999999994502 0.23285000000000003 -0.07499999999999972 0.0066666666666666688 0.16500000000000004 0.04999999999999994 6.5650000000000004 6.6550000000000011 0.12500000000000003 -0.045000000000000366 6.7950000000000008 0.53775000000000017 1.4700000000000006
decision_type=2 2 2 2 2 2 2 2 2 2 2 2 2 2 2 2 2 2 2 2 2 2 2 2 2 2 2 2 2 2
left_child=1 2 -1 7 6 -6 -5 8 14 10 -9 12 -11 -14 -2 16 18 -18 -13 21 23 22 -8 -21 -25 -22 -27 -15 -29 -30
right_child=3 -3 -4 4 5 -7 19 9 -10 11 -12 15 13 27 -16 -17 17 -19 -20 20 25 -23 -24 24 -26 26 -28 28 29 -31
leaf_value=-0.023204797324399572 -0.00025501034824479315 -0.0056095163596553647 0.01134167164927195 0.0047902480582892037 -0.010286518508583035 0.059762028925018612 0.04217791490253333 -0.0035599491819624236 -0.030154055941949184 -0.011539225357971333 0.036145543819963828 0.016991405438535469 0.015367843184025396 -0.0010386225080124315 -0.0061964672133948502 0.045443297498554219 0.080316128728246838 -0.02594543852348713 -0.017598556777005614 -0.033176082636333558 -0.016819523143801557 0.088706612691113379 -0.0061714697624030623 0.051535435082199738 -0.013060391601005049 0.04784137617936457 0.0038348328930496514 0.019497011626553516 -0.013527227761004963 0.006724624823908525
leaf_weight=21.137680262327194 11610.698147631716 1243.4332604580559 200.37367937713861 2227.3237228845246 183.63664956577122 6.6740967556834212 15.004982009530066 34.146382361650467 30.694772589951754 105.60485914349556 50.647623158991337 23.281377755105495 257.29728326946497 629.92967966943979 744.11699797026813 8.0265976190566999 5.8637947887182218 4.1221906319260597 170.8213322609663 59.843017634004354 41.142315847799182 4.3989967107772818 39.614848673343658 5.4075470492243758 70.711979296058416 14.406775821000336 116.28894324600697 185.41262789815664 96.557007022202015 201.56061244010925
leaf_count=98 86077 9832 907 15936 1320 42 70 156 163 492 233 108 1168 2885 4424 35 29 20 777 325 233 20 182 34 438 78 576 847 424 919
internal_value=-1.88291e-05 -0.00354483 0.00804508 0.000286036 0.00279082 -0.00782995 0.00356998 -0.000206553 -0.000686069 0.00314265 0.0201562 0.00228824 0.00389167 0.00508048 -0.000612858 -0.0088719 -0.0110081 0.0364516 -0.0134497 -0.00383947 -0.00710528 0.0131927 0.00711092 -0.0193451 -0.00847149 0.00257914 0.00868574 0.00270329 0.00757815 0.000165273
internal_weight=18408.2 1464.94 221.511 16943.2 2784.45 190.311 2594.14 14158.8 12385.5 1773.27 84.794 1688.48 1476.36 1370.76 12354.8 212.115 204.089 9.98599 194.103 366.819 307.801 59.0188 54.6198 135.963 76.1195 171.838 130.696 1113.46 483.53 298.118
internal_count=128848 10837 1005 118011 19254 1362 17892 98757 90664 8093 389 7704 6735 6243 90501 969 934 49 885 1956 1684 272 252 797 472 887 654 5075 2190 1343
is_linear=0
shrinkage=0.05


Tree=98
num_leaves=31
num_cat=0
split_feature=13 39 11 23 14 24 34 35 12 22 34 11 10 9 20 33 8 26 27 27 11 21 34 3 26 19 8 9 27 30
split_gain=7.82225 11.5948 10.4474 9.69507 9.54875 9.02419 10.5507 11.5892 9.57405 8.77082 8.59726 11.1122 8.17275 10.296 11.4686 9.97478 12.4886 9.29066 9.8841 8.43924 8.40917 8.7181 9.12646 8.16027 9.79585 15.5009 7.97687 9.76451 8.28027 8.62369
threshold=0.50500000000000023 4.5000000000000009 0.67265000000000008 6.8450000000000006 0.074500000000000052 0.090000000000001204 6.7350000000000012 0.29040000000000005 0.39540000000000003 -0.28999999999999976 5.0850000000000009 0.48555000000000009 0.51870000000000005 7.1850000000000014 -1.0000000180025095e-35 0.15500000000000003 0.47864999999999996 0.064999999999999961 -0.10499999999999997 0.010000000000000233 0.49065000000000009 0.015000000000000001 6.2650000000000006 40.500000000000007 0.14999999999999994 0.020000000000000014 0.47389999999999993 6.8350000000000009 0.044999999999999936 -2.4999999999999996
decision_type=2 2 2 2 2 2 2 2 2 2 2 2 2 2 2 2 2 2 2 2 2 2 2 2 2 2 2 2 2 2
left_child=1 4 3 -3 26 12 7 8 -7 -8 -9 -12 15 -14 -15 17 -17 18 20 -18 -6 22 -22 -19 -25 -26 27 28 29 -1
right_child=-2 2 -4 -5 5 6 9 10 -10 -11 11 -13 13 14 -16 16 19 23 -20 -21 21 -23 -24 24 25 -27 -28 -29 -30 -31
leaf_value=-0.032445027401972054 0.0013158353525049146 -0.0045877673883989471 0.1585756724602442 -0.02087318696614834 -0.025142597126737415 -0.044438021121656457 0.098297752517254519 0.079122125208288763 0.045135357561085845 0.021875708735981776 -0.010826110955961017 0.061682176751227717 -0.025106144626080081 0.028993330631056607 -0.015866339291282998 -0.0020958285963632007 0.017476424392075952 -0.022528987874377591 0.011033838112162339 0.10407304917846449 0.037315252036603568 0.073306432913095229 -0.048370069372239775 -0.0024419813519692257 0.11355655888162122 -0.030314810248077043 -0.0059736211063525129 0.0059418293549289578 -0.00407607704265096 -0.00012834393972902447
leaf_weight=20.711271606385708 6880.3721587620676 361.18184483516961 0.93514064233750005 122.34553530020639 36.046157971955836 12.716334108263256 7.1578770847991109 6.5829734103754189 3.8974959887564173 7.8959976583719236 15.183160018175842 8.104571749456225 58.981720581650734 26.242658078670502 31.170452557504177 654.35144863650203 7.706808250397442 45.880764845758677 628.09442918468267 4.4310901314020157 6.2705652154982108 4.9510818123817435 6.1609285846352577 50.37192446924746 4.8074703849852076 3.0662921816110611 769.20471860654652 525.98618108406663 1803.2984452820383 6291.7640446186997
leaf_count=153 35071 7589 15 3130 222 78 40 43 23 40 96 48 327 148 164 4713 44 364 4171 22 34 29 34 370 36 26 4679 3182 15445 48512
internal_value=-1.8244e-05 -0.000814649 -0.00838552 -0.00870842 -0.000482451 0.00305062 0.0218327 0.010051 -0.0234247 0.0582132 0.02867 0.0144081 0.00231374 -0.0104343 0.00463833 0.00333554 -0.00116366 0.00715235 0.00927764 0.0490896 -0.0113678 0.0171971 -0.00514957 -0.00675802 0.00566494 0.0575285 -0.00109441 -0.000660114 -0.00108799 -0.000234375
internal_weight=18405.9 11525.5 484.463 483.527 11041 1630.07 61.5384 46.4845 16.6138 15.0539 29.8707 23.2877 1568.53 116.395 57.4131 1452.14 666.489 785.65 681.523 12.1379 53.4287 17.3826 12.4315 104.126 58.2457 7.87376 9410.96 8641.76 8115.77 6312.48
internal_count=128848 93777 10734 10719 83043 11072 368 288 101 80 187 144 10704 639 312 10065 4779 5286 4490 66 319 97 68 796 432 62 71971 67292 64110 48665
is_linear=0
shrinkage=0.05


Tree=99
num_leaves=31
num_cat=0
split_feature=13 34 9 10 4 1 13 39 21 13 7 15 12 7 11 13 36 10 14 37 11 12 2 11 6 13 12 35 7 19
split_gain=7.62578 9.42421 10.9587 8.07593 7.3624 8.01404 10.7718 32.9947 7.84929 7.82778 9.63631 7.81664 10.7703 9.73066 12.342 10.9575 16.4841 14.3292 10.9497 9.09465 8.87687 8.04786 11.6774 10.3235 7.85531 7.77832 7.76083 7.6542 7.64475 8.97424
threshold=-3.0291666666666668 3.9650000000000003 1.635 0.37230000000000002 49.500000000000007 4.5000000000000009 -2.9041666666666659 2.5000000000000004 -0.12499999999999997 1.2825 6.0550000000000006 -0.020833333333333339 0.27645000000000003 4.245000000000001 0.30310000000000009 -0.066666666666667748 6.7250000000000005 0.21400000000000002 -0.038250000000000027 5.5000000000000009 0.32475000000000004 0.40585000000000004 1.5000000000000002 0.28335000000000005 0.13500000000000004 -0.20083333333333317 0.26330000000000003 0.35185000000000005 3.6750000000000003 -0.0099999999999999863
decision_type=2 2 2 2 2 2 2 2 2 2 2 2 2 2 2 2 2 2 2 2 2 2 2 2 2 2 2 2 2 2
left_child=1 2 -1 -3 5 11 7 -7 27 -10 26 12 -2 14 -13 18 -17 -18 20 25 -16 22 -14 -24 -15 28 -11 -8 29 -20
right_child=4 3 -4 -5 -6 6 8 -9 9 10 -12 13 21 24 15 16 17 -19 19 -21 -22 -23 23 -25 -26 -27 -28 -29 -30 -31
leaf_value=-0.050607560860720074 -0.02433798033156721 -0.041002816888840776 0.25196944002525318 0.042412288404275633 0.00040702844182840441 0.46290780352132466 0.09709112984605775 -0.050773044722319055 -0.011803193250671988 0.089102337998742176 -0.005677756065117761 -0.0058928772511279686 -0.029925423217323721 -0.021026382707326222 0.11041685377483373 0.096639767096173113 -0.034455296586999425 0.068277536749038345 0.043250652301703885 -0.061722098493880745 0.0028239093748753928 -0.021867677269852347 0.028977573164906369 -0.00037655159992482957 -0.00039346414395795564 -0.048784486557229334 0.017204542356767473 -0.020082531253920885 0.024449689800318558 -0.01257694863548748
leaf_weight=0.55824317457154637 76.359921805560589 24.935047507286075 0.64499163907021284 3.283762525767087 16013.293003400788 0.48603565245866664 3.4436481446027747 0.87607403844594955 435.13792587723583 4.5016279220581081 74.398428358137608 82.240863494575024 26.9031952470541 48.001984108239412 4.9582093358039838 10.363644264638426 7.3467047661542875 6.3091388419270515 8.9250491568818671 4.4134159982204428 3.1254863515496254 46.868703523650765 37.01818273216486 156.9177291803062 1182.7720768935978 5.1490736305713645 22.579371951520443 2.3413296919316053 69.859287213534117 37.210273863747716
leaf_count=51 574 1956 8 25 109380 19 36 62 5957 26 409 686 316 242 43 54 42 32 102 33 26 337 246 1025 6136 31 130 22 494 348
internal_value=-1.78384e-05 -0.0254526 0.111588 -0.031296 2.28949e-05 -0.00258521 -0.00790972 0.132521 -0.00826238 -0.00888689 0.00361805 -0.000989794 -0.00777416 0.000597422 0.00980946 0.0180003 0.0490926 0.0130083 0.012412 0.00878055 0.068817 -0.00304956 0.000944217 0.00522652 -0.00119818 0.011349 0.029156 0.0496679 0.0140184 -0.00177689
internal_weight=18401.2 29.422 1.20323 28.2188 18371.8 2358.51 543.764 1.36211 542.402 536.617 101.479 1814.74 344.068 1470.68 239.901 157.66 24.0195 13.6558 133.641 125.557 8.0837 267.708 220.839 193.936 1230.77 121.144 27.081 5.78498 115.995 46.1353
internal_count=128848 2040 59 1981 126808 17428 6661 81 6580 6522 565 10767 2498 8269 1891 1205 128 74 1077 1008 69 1924 1587 1271 6378 975 156 58 944 450
is_linear=0
shrinkage=0.05


Tree=100
num_leaves=31
num_cat=0
split_feature=16 8 39 21 14 8 23 23 8 27 20 34 13 8 7 21 12 0 26 9 12 32 35 22 3 12 39 20 8 40
split_gain=7.2399 10.7217 9.36186 9.70225 9.4601 9.25507 9.21262 8.65429 8.514 10.9789 11.3044 11.5493 11.9908 10.5627 17.3584 12.744 11.4282 10.7858 10.6229 10.6214 9.85666 9.08819 10.4549 12.2883 9.82602 9.93316 10.8275 8.49107 9.06557 13.0138
threshold=2.5000000000000004 0.35020000000000001 4.5000000000000009 0.11500000000000002 -0.095266666666666638 0.43845000000000006 7.2650000000000006 6.8450000000000006 0.40455000000000008 0.050000000000000273 0.42000000000000021 7.1750000000000007 0.56333333333333402 0.27185000000000004 4.7550000000000008 1.0000000180025095e-35 0.34855000000000008 19.500000000000004 1.0000000180025095e-35 5.0750000000000011 0.23285000000000003 3.5000000000000004 0.41974999999999996 0.16499999999999984 36.500000000000007 0.31785000000000008 1.5000000000000002 -0.49999999999999972 0.29355000000000003 1.5000000000000002
decision_type=2 2 2 2 2 2 2 2 2 2 2 2 2 2 2 2 2 2 2 2 2 2 2 2 2 2 2 2 2 2
left_child=1 -1 3 4 8 -5 -3 -4 13 -10 11 12 -11 18 15 19 21 -17 20 -15 -2 27 -23 24 -24 26 -26 -16 29 -29
right_child=2 6 7 5 -6 -7 -8 -9 9 10 -12 -13 -14 14 16 17 -18 -19 -20 -21 -22 22 23 -25 25 -27 -28 28 -30 -31
leaf_value=0.0059565598313665574 0.024078445680514617 0.00050784494521840119 -0.0038053824620387314 -0.017290507273880179 6.386986483322021e-05 0.085634041306012779 -0.049800266213013505 -0.019628591987931873 -0.025254375559172426 -0.0090964332944356244 -0.053337269419343206 0.094961633595394571 0.10193450173849919 -0.013362032144286485 -0.024543342489278627 0.045908846648867296 -0.013164780448837017 0.14777730032402198 -0.019255673580247504 0.084625398584645461 -0.006809041233203127 0.0072299148171042346 0.019634786599525909 0.00094650860932414039 0.023517356396129493 0.17952570857686323 0.1422870572941686 0.0077800413912894485 -0.00068100244987748639 0.11639651476808716
leaf_weight=1024.655670221895 31.445757824927568 6160.2675634250045 339.2781621213071 108.7370385476388 9837.9955346891657 2.2289180755615225 9.1135849431157094 115.94460434326902 99.900397896766663 16.368091620504867 5.7858948893845072 4.6831015422940245 2.8559072315692893 11.001991128548982 31.328365042805672 7.3923276066780073 112.53841725364327 4.0069020129740238 154.54235030803829 3.6941266339272252 144.59942420758307 57.323138061910868 5.9827314428985181 9.9245636500418168 4.8120495826005918 2.8539397194981566 3.1917001381516457 7.8404198661446554 74.623236447572708 4.2540086954832077
leaf_count=5613 276 31816 7243 1053 73440 11 47 3029 620 117 44 34 15 92 250 61 763 32 1848 32 1292 392 45 61 29 19 27 45 464 38
internal_value=-1.76446e-05 0.00122018 -0.000812366 -0.000514958 -0.00036155 -0.0152231 0.000433528 -0.00783553 -0.00558695 -0.0173202 0.00937377 0.0245508 0.00739826 -0.00332205 0.0028552 0.0420424 -0.000394536 0.0817163 -0.00968952 0.0112688 -0.00129182 0.00671531 0.019277 0.0450784 0.0710867 0.0994373 0.0708798 -0.00223278 0.00582732 0.045984
internal_weight=18399.2 7194.04 11205.1 10749.9 10638.9 110.966 6169.38 455.223 800.949 129.593 29.693 23.9071 19.224 671.355 340.768 26.0953 314.673 11.3992 330.588 14.6961 176.045 202.134 84.0881 26.765 16.8404 10.8577 8.00375 118.046 86.7177 12.0944
internal_count=128848 37476 91372 81100 80036 1064 31863 10272 6596 830 210 166 132 5766 2350 217 2133 93 3416 124 1568 1370 573 181 120 75 56 797 547 83
is_linear=0
shrinkage=0.05


Tree=101
num_leaves=31
num_cat=0
split_feature=8 31 34 14 27 24 34 40 15 35 31 3 4 0 11 11 23 33 35 34 34 36 23 27 0 36 15 35 9 34
split_gain=7.10907 7.31585 13.1143 43.6435 6.80517 7.02274 8.7782 8.64232 9.70893 8.56062 8.18547 9.97093 8.90946 8.08929 7.86641 8.14419 7.84248 9.81645 9.82077 11.9108 8.60271 8.51826 8.01772 7.62021 8.49525 9.03955 7.51829 10.7097 8.63857 17.3718
threshold=0.015750000000000004 4.5000000000000009 4.9150000000000009 0.021791666666666685 -0.31 0.043333333333333453 4.4050000000000011 4.5000000000000009 0.0016666666666666568 0.55625000000000013 1.5000000000000002 41.500000000000007 46.500000000000007 9.5000000000000018 0.37645000000000006 0.42890000000000006 6.7750000000000012 0.17500000000000002 0.27295000000000008 3.4850000000000008 3.7250000000000005 6.8550000000000013 6.7950000000000008 -0.10499999999999997 6.5000000000000009 6.9350000000000014 -0.034999999999999955 0.41725000000000001 5.8550000000000013 6.8950000000000005
decision_type=2 2 2 2 2 2 2 2 2 2 2 2 2 2 2 2 2 2 2 2 2 2 2 2 2 2 2 2 2 2
left_child=1 -1 3 -3 -2 7 14 26 -9 -10 11 12 -8 -11 16 -16 17 18 -7 -20 -21 22 -18 24 -23 -26 27 28 -6 -30
right_child=4 2 -4 -5 5 6 10 8 9 13 -12 -13 -14 -15 15 -17 21 -19 19 20 -22 23 -24 -25 25 -27 -28 -29 29 -31
leaf_value=-0.021680388206510602 -0.046978538240515066 -0.020245029342729592 -0.0050602678719174222 0.46655671824494505 -0.0048553125961044528 -0.027219264331950294 -0.0065374571307899813 -0.013518737927220024 -0.0014865420278027293 0.15641783040729146 0.00032401092395921091 -0.00054401282321457189 0.0097717393986432814 0.016277778976188647 -0.029009666711787108 -0.0015353172263996892 0.0085970949812248145 -0.01923381389665094 0.068528461199730481 -0.061907127562988211 0.011543023163485234 -0.0081413628764299053 0.079005776987001355 -0.0074291824736441754 0.009912302964831924 0.10813552115583372 0.00010899775288656276 -0.018811777370431507 0.001118891418346879 0.058292353692278503
leaf_weight=64.332288417033851 7.6905940845608702 1.4493643157184117 8.1681671030819398 0.67477950267493714 506.24205751251429 18.110907822847366 91.822051197290421 261.26636068429798 314.49608619557694 1.6466210540384043 1398.088063002564 453.58607852645218 951.22631511371583 2.7486269846558571 59.209071529097855 49.542981364764273 7.7522313678637174 77.481087135151029 8.7912587802857143 4.3093324191868296 53.210702346637845 7.2185465134680298 8.4512131027877313 40.604962230660021 4.2634178530424816 5.1985506080091 13785.27465688251 119.61036989558488 66.538314554840326 16.600786216557026
leaf_count=3305 44 43 287 23 4521 105 582 6192 4796 23 7963 2506 5595 38 328 287 43 449 48 25 301 37 50 244 26 27 89423 1033 396 108
internal_value=-1.73985e-05 -0.0154185 0.0237213 0.134398 4.53331e-05 6.50805e-05 0.00217742 -0.000388773 -0.00637275 -0.000518074 0.00307494 0.00564473 0.008336 0.0687794 -0.00537193 -0.0164935 -0.000233729 -0.00638243 0.00541232 0.0143246 0.00604023 0.0133125 0.0453201 0.00425898 0.0327112 0.0638776 -0.000149255 -0.00517058 -0.00240221 0.012535
internal_weight=18395.6 74.6246 10.2923 2.12414 18321 18313.3 3238.87 15074.4 580.158 318.891 2894.72 1496.63 1043.05 4.39525 344.144 108.752 235.392 161.903 84.4222 66.3113 57.52 73.4889 16.2034 57.2855 16.6805 9.46197 14494.3 708.992 589.381 83.1391
internal_count=128848 3658 353 66 125190 125146 18616 106530 11049 4857 16646 8683 6177 61 1970 615 1355 928 479 374 326 427 93 334 90 53 95481 6058 5025 504
is_linear=0
shrinkage=0.05


Tree=102
num_leaves=31
num_cat=0
split_feature=14 10 10 20 14 19 9 4 35 24 26 13 16 15 20 34 20 35 20 13 24 11 23 26 36 24 13 34 8 22
split_gain=7.00743 8.48591 15.332 13.5753 13.5168 12.5813 9.01842 9.82013 8.58875 9.18644 10.6319 9.3575 10.7133 8.64528 8.36186 7.91427 8.63553 7.90779 10.2947 7.88226 10.8802 7.59298 7.48095 7.36352 6.99915 6.97574 13.4607 8.52593 15.5177 8.00661
threshold=0.071633333333333368 0.061549999999999959 0.062850000000000017 2.1750000000000012 1.0000000180025095e-35 0.010000000000000004 4.1150000000000011 54.500000000000007 0.18540000000000004 0.043333333333332565 -0.064999999999999933 -0.26500000000000007 5.5000000000000009 -0.051666666666666645 0.26000000000000006 7.5550000000000006 0.81500000000000006 0.25325000000000003 2.225000000000001 -0.4233333333333324 0.016666666666667943 0.46515000000000001 7.2750000000000012 -0.23499999999999985 7.245000000000001 -0.028333333333332874 0.310000000000001 7.3350000000000009 0.24775000000000003 0.9600000000000003
decision_type=2 2 2 2 2 2 2 2 2 2 2 2 2 2 2 2 2 2 2 2 2 2 2 2 2 2 2 2 2 2
left_child=1 3 4 8 6 -6 7 14 9 -1 -11 12 -12 -10 19 22 -17 -5 -19 20 -3 -4 -2 -15 25 26 27 -25 -29 -28
right_child=15 2 21 17 5 -7 -8 -9 13 10 11 -13 -14 23 -16 16 -18 18 -20 -21 -22 -23 -24 24 -26 -27 29 28 -30 -31
leaf_value=-0.023646049816551915 0.0020076257396571024 0.032614621256333035 -2.9265051500018522e-05 0.052823398774362817 -0.04605068704829629 0.051830970388085665 -0.040377671713647811 -0.012485107851287744 -0.02674998474406369 -0.03058113185079608 -0.051459280837635513 0.083178626127063532 0.08009875107073082 0.084632046014779846 -0.012163772081859104 0.026378968779549091 -0.035385051691658995 0.095962482240985955 0.004644000799193056 0.15438080159813694 0.14192754882031003 -0.01641357954146459 -0.064432020386249719 -0.016751254256687484 0.092546609521442391 -0.0013410935869416036 0.023167487600194662 -0.028281715652855005 0.12505720732004047 -0.0079830279814702265
leaf_weight=103.08575960667804 2689.5848728390411 6.1318989740684664 13904.871529254131 12.868925791233776 7.9967783158645016 5.5693203285336494 2.0981858912855378 3.1102186143398276 39.671235200017691 8.7510388577356952 4.0711971260607243 6.4973276481032354 2.4963914398103952 2.3888079505413762 1.9595694802701462 55.182374906726182 6.3059432990849009 3.2642256170511237 56.616672655567527 4.3114031776785895 3.620243183337152 71.073825024068356 4.2435254976153365 249.37391270929947 1.904929338954388 1045.7402737285011 42.248940926045179 3.6765975141897789 2.9931050818413496 40.308878000825644
leaf_count=1255 17423 81 92509 75 73 46 17 32 895 92 29 33 32 23 17 339 41 19 338 31 29 444 27 3817 22 10482 294 68 32 233
internal_value=-1.71707e-05 -0.000426854 -3.00544e-05 -0.00384604 0.0331177 -0.00586711 0.0580275 0.0688188 -0.0048348 -0.017408 0.0120682 0.0406352 -0.00145305 -0.0037353 0.0846005 0.00230782 0.0200448 0.017264 0.00962195 0.0980834 0.0731944 -0.000112586 0.00190296 -0.00307781 -0.00322895 -0.00336074 -0.00959825 -0.0152591 0.0405309 0.00795824
internal_weight=18392 15636.7 14010.7 1625.96 34.7976 13.5661 21.2315 19.1333 1553.21 124.902 21.816 13.0649 6.56759 1428.31 16.0231 2755.32 61.4883 72.7498 59.8809 14.0635 9.75214 13975.9 2693.83 1388.64 1386.25 1384.34 338.601 256.044 6.6697 82.5578
internal_count=128848 111018 93279 17739 326 119 207 190 17307 1441 186 94 61 15866 158 17830 380 432 357 141 110 92953 17450 14971 14948 14926 4444 3917 100 527
is_linear=0
shrinkage=0.05


Tree=103
num_leaves=31
num_cat=0
split_feature=17 40 12 7 20 8 35 37 28 0 39 26 28 39 13 4 22 22 23 36 21 36 35 14 36 24 40 15 24 36
split_gain=6.80535 8.98867 11.4348 8.93768 11.4181 9.8579 9.00326 8.71387 11.8592 19.7164 17.6821 8.89919 9.29646 17.3378 11.0322 16.7266 17.5234 24.0182 13.0342 11.972 11.8624 15.5141 11.0885 17.0606 10.0948 9.52386 10.7483 11.8982 9.12391 10.9647
threshold=4.5000000000000009 2.5000000000000004 0.11324999999999992 6.8850000000000007 -0.56000000000000016 0.64835000000000009 0.33765000000000001 1.5000000000000002 1.5000000000000002 23.500000000000004 -2.4999999999999996 0.15499999999999983 4.5000000000000009 1.5000000000000002 -1.6441666666666666 46.500000000000007 -2.6749999999999994 -2.3549999999999991 6.8350000000000009 6.785000000000001 -0.044999999999999991 6.8350000000000009 0.30420000000000008 0.016166666666666694 6.5250000000000012 0.1266666666666674 1.0000000180025095e-35 -0.011666666666666678 -0.071666666666665865 7.0050000000000008
decision_type=2 2 2 2 2 2 2 2 2 2 2 2 2 2 2 2 2 2 2 2 2 2 2 2 2 2 2 2 2 2
left_child=7 -2 -3 6 -5 -6 -4 -1 9 10 -9 12 25 14 15 19 -17 -18 22 -14 -16 -22 23 -19 -15 -10 27 -27 29 -13
right_child=1 2 3 4 5 -7 -8 8 11 -11 -12 28 13 24 20 16 17 18 -20 -21 21 -23 -24 -25 -26 26 -28 -29 -30 -31
leaf_value=0.0017883578832190519 -0.00027945016913206013 -0.034185573601666519 -0.010783358922552179 0.10171722333894556 0.0078068459770152063 -0.050592706396190582 -0.0021740319070342076 -0.0046318137433547903 -0.0047109567467540723 0.032599362294196119 0.0059409930027953493 0.031756916707623491 0.06911360618131554 0.075695119462920554 0.038564578931781363 -0.019322402640383995 0.27004711275480231 -0.00085355088523357515 -0.05305409892480021 0.34495439767878106 0.011265186905933582 -0.01067610189050161 0.028649543079334195 0.26726553071817133 -0.0036296762477270698 -0.0050223596269293666 -0.014970975800984252 0.097500757359443233 -0.011078015706067361 -0.049799840282698606
leaf_weight=7099.7500119348988 4151.7872111648321 32.450104446616024 502.70433815009892 3.1127576157450667 151.60861182957888 7.5877785198390475 766.98132977541536 661.52962927892804 2539.824261075817 53.258029602468014 983.18529793247581 51.640602109022439 0.82134832069278008 4.0287998048588625 27.964879125356674 8.8940456407144701 1.3900025691837079 0.95824908372014261 2.3938175020739436 0.75489777885377407 275.57431588694453 113.84732403606176 3.6397659508511424 1.5578798018395899 892.89925661263987 4.4966153725981712 8.0665924083441478 7.6350897997617739 24.97916769888252 4.4785442361608139
leaf_count=49414 24306 383 5995 30 1107 43 9151 3050 16398 237 4278 473 24 47 159 253 28 23 66 23 2048 832 97 38 9991 25 46 36 205 42
internal_value=-1.68685e-05 -0.00146744 -0.00483548 -0.00417038 0.00687774 0.00502335 -0.00558271 0.000620915 -0.000839928 0.00265799 0.00168845 -0.00233379 -0.00267514 0.000707965 0.00886465 0.0447579 0.0316632 0.0772851 0.045946 0.20122 0.00710949 0.00485066 0.0844438 0.165154 -0.00327337 -0.00443899 0.0297589 0.0595006 0.0140594 0.0252483
internal_weight=18389.8 5616.23 1464.44 1431.99 162.309 159.196 1269.69 12773.6 5673.82 1697.97 1644.71 3975.85 3894.75 1334.72 437.797 20.41 18.8338 9.93971 8.54971 1.57625 417.387 389.422 6.15589 2.51613 896.928 2560.02 20.1983 12.1317 81.0983 56.1191
internal_count=128848 41015 16709 16326 1180 1150 15146 87833 38419 7565 7328 30854 30134 13629 3591 552 505 252 224 47 3039 2880 158 61 10038 16505 107 61 720 515
is_linear=0
shrinkage=0.05


Tree=104
num_leaves=31
num_cat=0
split_feature=4 1 23 22 12 40 9 15 3 7 35 36 11 11 4 27 24 3 10 0 28 15 6 35 7 21 1 23 7 35
split_gain=6.731 7.52786 8.24968 10.0371 12.5236 13.5065 9.01286 7.49939 10.5411 13.5464 8.30446 8.05189 7.89267 12.4881 11.0548 10.7991 13.89 11.8126 14.0928 9.75674 13.9448 13.9267 13.563 9.71201 9.49939 8.7785 7.96878 7.69066 11.009 12.0532
threshold=49.500000000000007 4.5000000000000009 6.8350000000000009 -3.484999999999999 0.35215000000000007 1.5000000000000002 1.635 0.0099999999999999898 42.500000000000007 5.4350000000000014 0.46905000000000002 6.6850000000000014 0.25940000000000002 0.35895000000000005 47.500000000000007 -0.010000000000000229 -0.011666666666666268 32.500000000000007 0.054300000000000008 21.500000000000004 3.5000000000000004 0.013333333333333324 0.15500000000000003 0.41390000000000005 6.6550000000000011 -1.0000000180025095e-35 1.5000000000000002 6.9050000000000011 4.955000000000001 0.46905000000000002
decision_type=2 2 2 2 2 2 2 2 2 2 2 2 2 2 2 2 2 2 2 2 2 2 2 2 2 2 2 2 2 2
left_child=1 7 3 4 5 -3 -7 27 12 11 -11 -10 14 -14 19 17 26 18 -15 20 -9 -22 -21 25 -20 -18 -17 -1 -29 -30
right_child=-2 2 -4 -5 -6 6 -8 8 9 10 -12 -13 13 15 -16 16 23 -19 24 22 21 -23 -24 -25 -26 -27 -28 28 29 -31
leaf_value=-0.0044477108433753276 0.00035026761593900274 0.29647737036279376 -0.017584390844577424 -0.0047035840778399144 -0.051464681051617826 -0.051035481912869309 0.1534889124360384 0.025379662820285934 0.10461918775586346 -0.0014390034297423716 0.069749078175052298 0.035710430602727113 -0.010844132873686461 0.070677328756178562 -0.011132356016086826 0.064665265712050723 0.018302632489468746 -0.018818517215061215 -0.0063640174456147574 -0.046809520209395529 0.0056552649265267443 0.14074189316998229 0.053476386572129268 0.094289752976409361 0.07095304582407716 0.084940429363145664 -0.010530554344167858 -0.0061566084810577258 0.026713462093066565 -0.04246426272898271
leaf_weight=1132.5419433582574 16025.574840432499 0.85575105063617174 151.35460075270385 389.03727446030825 1.4265538300387559 0.97416421724483404 1.2048962814733384 29.883393287658691 5.1311851665377644 45.489467591047287 4.5021893233060828 24.387859389185905 191.64994698017836 9.2047321088612062 26.152327040210366 3.9980795085430136 27.171375861391425 54.855255536735058 36.088982315734029 8.4917824417352659 2.8154736012220365 5.9190436936914921 5.5913526322692624 7.2523923441767684 4.4641031920909873 6.040971726179122 29.66648224554956 75.455692522227764 71.35844149440527 6.9060280583798876
leaf_count=7092 110895 16 2173 4761 75 64 26 152 28 208 20 129 1006 50 144 17 131 259 176 44 18 49 28 37 19 29 163 617 383 39
internal_value=-1.68541e-05 -0.00250993 -0.00766414 -0.00384844 0.0707216 0.128157 0.0620549 -0.000962677 0.00405011 0.020831 0.00497211 0.0476886 0.00108011 -0.00197776 0.0154436 0.00752889 0.0221288 -0.00281664 0.0148245 0.0286317 0.0416234 0.0971982 -0.00699354 0.04187 0.00214708 0.0304233 -0.00160013 -0.00302333 0.00747085 0.0206092
internal_weight=18385.4 2359.87 544.853 393.499 4.46137 3.03481 2.17906 1815.02 528.756 79.5107 49.9917 29.519 449.246 370.392 78.8534 178.742 74.1293 104.613 49.7578 52.701 38.6179 8.73452 14.0831 40.4647 40.5531 33.2123 33.6646 1286.26 153.72 78.2645
internal_count=128848 17953 7115 4942 181 106 90 10838 2707 385 228 157 2322 1887 435 881 377 504 245 291 219 67 72 197 195 160 180 8131 1039 422
is_linear=0
shrinkage=0.05


Tree=105
num_leaves=31
num_cat=0
split_feature=13 9 20 27 13 11 0 17 22 12 1 11 35 8 34 20 22 26 12 0 24 21 4 10 35 0 13 35 34 0
split_gain=6.67901 8.66885 6.8864 6.33305 6.32903 10.69 8.65386 8.63402 12.0725 9.54946 9.3801 11.7693 9.34461 11.4482 12.7816 18.2418 18.311 13.3112 12.7134 12.4381 11.3127 11.2552 9.15263 9.11533 8.89404 9.67791 9.25994 8.87399 10.4134 8.84571
threshold=-3.0291666666666668 5.3050000000000006 -5.1149999999999984 -0.31 1.5416666666666665 0.25785000000000008 5.5000000000000009 3.5000000000000004 2.4250000000000012 0.34625 5.5000000000000009 0.39960000000000007 0.42890000000000006 0.24685000000000004 5.8750000000000009 -1.2499999999999996 -1.1599999999999993 0.069999999999999854 0.48735000000000001 7.5000000000000009 0.1000000000000001 0.015000000000000001 47.500000000000007 0.16375000000000003 0.44010000000000005 2.5000000000000004 0.34333333333333244 0.50970000000000015 5.0050000000000008 16.500000000000004
decision_type=2 2 2 2 2 2 2 2 2 2 2 2 2 2 2 2 2 2 2 2 2 2 2 2 2 2 2 2 2 2
left_child=1 -1 -3 -2 7 6 -6 9 10 -5 -9 29 -11 14 22 17 21 -16 20 -18 24 -17 -14 -13 -15 -26 -27 28 -28 -12
right_child=3 2 -4 4 5 -7 -8 8 -10 12 11 23 13 18 15 16 19 -19 -20 -21 -22 -23 -24 -25 25 26 27 -29 -30 -31
leaf_value=-0.037661004477872413 -0.045568436448316749 -0.037442741768642887 0.07992113061677214 -0.0005101409417504649 0.031017095155462523 0.00098489620550311048 0.0079294224935742685 -0.00041988864856946527 -0.0097666009257019442 0.0037019303017869509 -0.0032246938547573177 0.16089529920654144 0.046442410570809813 -0.025858914529848304 -0.022039137759865129 0.0980058710400383 0.18568407286274596 0.081515882346906265 -0.04007603421566798 0.072131752832735554 0.056593413675034468 -0.017131885824007053 -0.011971102789313438 0.026826677080572011 -0.036612287037855677 -0.0095318618927448528 -0.010602660755107469 -0.014434951820629162 0.030462290066573496 -0.015462789083404847
leaf_weight=22.866485837846998 7.6146369073539963 2.0627651177346706 3.1715882718563071 5447.2094340100884 48.48732915520668 1076.7454662099481 249.10694552212954 6756.2476470852271 412.59384429082274 3255.5920223537832 440.0852478640154 1.6119616180658329 7.7230022167786947 51.831322427839041 16.185248220339421 2.9955177977681178 3.5875623188912851 3.8393557276576749 29.225738640874624 7.3570625390857458 7.1516785658895961 7.2833550376817584 50.920585153624415 5.9385115541517735 19.748480163514614 120.56559631228447 21.215505376458168 26.042322888970375 56.689722139388323 222.20731464214623
leaf_count=1991 46 19 30 37818 221 4831 1117 44789 2423 21902 6981 30 68 300 168 21 31 35 170 56 39 57 472 82 122 838 111 134 299 3647
internal_value=-1.65397e-05 -0.0243741 0.0336701 2.07492e-05 3.96691e-05 0.00330318 0.0116911 -0.000224571 -0.00144194 0.000820028 -0.000979424 -0.00662307 0.00278472 -0.00412163 0.0107215 0.0320473 0.0643453 -0.00218434 -0.0085813 0.109353 -0.00554594 0.0164221 -0.0042784 0.0554492 -0.00704682 -0.00305498 -0.000103229 0.0108328 0.0192793 -0.00733073
internal_weight=18383.9 28.1008 5.23435 18355.8 18348.2 1374.34 297.594 16973.8 7838.68 9135.16 7426.09 669.843 3687.95 432.362 99.8917 41.2481 21.2235 20.0246 332.47 10.9446 303.245 10.2789 58.6436 7.55047 296.093 244.262 224.513 103.948 77.9052 662.293
internal_count=128848 2040 49 126808 126762 6169 1338 120593 57952 62641 55529 10740 24823 2921 908 368 165 203 2013 87 1843 78 540 112 1804 1504 1382 544 410 10628
is_linear=0
shrinkage=0.05


Tree=106
num_leaves=31
num_cat=0
split_feature=13 39 11 23 14 24 34 15 35 12 7 8 35 12 34 25 13 22 34 11 24 5 14 20 27 23 21 8 14 36
split_gain=6.33491 8.52383 8.44843 8.29344 7.44133 7.83641 9.12522 9.0409 8.38265 9.85184 7.99734 14.6893 12.9663 11.2459 13.0473 13.0857 11.9981 9.73336 8.84594 12.2192 12.5827 11.8301 10.2882 8.68677 9.15926 8.3397 9.35873 8.83784 8.01698 13.1377
threshold=0.50500000000000023 4.5000000000000009 0.67265000000000008 6.8450000000000006 0.074500000000000052 0.090000000000001204 6.8350000000000009 -0.0066666666666666602 0.29040000000000005 0.39540000000000003 4.245000000000001 0.17874999999999999 0.31700000000000006 0.40045000000000003 6.8050000000000006 5.5000000000000009 -0.79666666666666652 -0.90999999999999992 6.4450000000000012 0.41125 -0.018333333333333975 1.0000000180025095e-35 0.10298333333333336 -2.2249999999999992 -0.12499999999999999 6.7350000000000012 0.010000000000000004 0.22484999999999997 0.21668333333333337 6.8550000000000013
decision_type=2 2 2 2 2 2 2 2 2 2 2 2 2 2 2 2 2 2 2 2 2 2 2 2 2 2 2 2 2 2
left_child=1 4 3 -3 -1 10 8 -8 9 -7 11 18 25 14 15 -14 -17 -16 23 20 -20 22 -22 -6 -25 26 27 -13 -26 -30
right_child=-2 2 -4 -5 5 6 7 -9 -10 -11 -12 12 13 -15 17 16 -18 -19 19 -21 21 -23 -24 24 28 -27 -28 -29 29 -31
leaf_value=-0.00099410650531215521 0.0011837280457876968 -0.0038245299712663253 0.13439718093808359 -0.019186086751096006 -0.023677653554840972 -0.03991450738625045 0.0069858229837249158 0.091908493569247851 0.025229687433691757 0.048491518948404123 5.1414027224275026e-05 0.033154577896120432 0.028751691215696446 -0.029713828574792198 0.05557606404680282 0.2167522116463852 0.039281553125265212 0.18466480927223689 -0.033233214956447418 0.0066433965750216503 0.078336871395224814 0.012067050428385236 0.23174296247921322 0.095740148377163881 -0.0047461240898855356 -0.0053911830979776199 0.00061424836283842366 0.1291462736757347 0.064412810693426623 -0.039866917261086952
leaf_weight=9391.6479982752353 6880.8673142492771 355.83111175801605 1.0495716081932176 116.67147039296106 44.957451537251472 12.816882727667691 5.2843409515917301 7.7018702253699285 32.183736933395267 4.1787758134305468 1218.6854060664773 7.3295536898076552 56.406335817649961 5.9998616594821206 3.3058707229793072 1.8306438103318217 1.9850407056510437 2.6155838891863814 2.0642670383676887 29.975062928628176 2.1707263085991126 2.1385098733007908 2.201234782114625 2.5501236841082564 107.53915218170732 50.427155420184135 12.054320108145474 3.5636700289323926 10.541304957121609 4.2333282344043246
leaf_count=71971 35071 7589 15 3130 767 81 28 38 197 24 7328 58 411 47 23 23 17 18 35 343 21 25 22 24 920 395 81 24 87 35
internal_value=-1.62804e-05 -0.000734293 -0.00730288 -0.00761764 -0.00045219 0.00266114 0.0200726 0.0573518 0.0102287 -0.0181778 0.00197285 0.00858967 0.0207795 0.0358315 0.0417771 0.0348137 0.124426 0.112596 7.67933e-05 0.0216994 0.0743314 0.108437 0.155575 -0.00483159 0.00195397 0.00598006 0.0309683 0.0645578 -1.38027e-06 0.0345339
internal_weight=18380.8 11499.9 473.552 472.503 11026.4 1634.74 62.1656 12.9862 49.1794 16.9957 1572.57 353.889 145.518 72.1433 66.1435 60.222 3.81568 5.92145 208.371 38.5498 8.57474 6.51047 4.37196 169.821 124.864 73.3747 22.9475 10.8932 122.314 14.7746
internal_count=128848 93777 10734 10719 83043 11072 368 66 302 105 10704 3376 1097 539 492 451 40 41 2279 446 103 68 43 1833 1066 558 163 82 1042 122
is_linear=0
shrinkage=0.05


Tree=107
num_leaves=31
num_cat=0
split_feature=15 22 22 5 13 25 34 16 26 14 1 14 10 7 24 20 3 9 13 27 23 37 12 35 34 0 23 23 11 7
split_gain=6.26712 8.73286 8.78504 8.67838 11.2747 14.2082 10.8867 9.86792 9.39641 9.92653 9.60988 11.0325 17.8728 13.4789 8.87736 8.79815 8.3153 7.9529 9.98185 8.93978 7.81473 12.3542 9.80756 13.1593 8.54682 8.06516 8.54796 7.81703 7.78766 7.54979
threshold=-0.018333333333333358 -2.944999999999999 4.8550000000000013 1.0000000180025095e-35 0.36249999999999988 1.5000000000000002 7.1750000000000007 2.5000000000000004 0.074999999999999747 -0.12356666666666667 4.5000000000000009 -0.032600000000000039 0.41160000000000002 4.5050000000000008 0.031666666666665851 1.7200000000000006 27.500000000000004 1.0000000180025095e-35 1.3316666666666677 -0.18000000000000013 6.8150000000000004 5.5000000000000009 0.48735000000000001 0.42260000000000003 7.8050000000000006 10.500000000000002 6.7350000000000012 6.9750000000000005 0.18984999999999999 4.1850000000000014
decision_type=2 2 2 2 2 2 2 2 2 2 2 2 2 2 2 2 2 2 2 2 2 2 2 2 2 2 2 2 2 2
left_child=1 -1 3 4 14 28 7 16 9 -9 11 12 -11 -13 20 -15 -7 18 -5 -19 22 24 -3 25 27 -24 -27 -22 -6 -21
right_child=-2 2 -4 17 5 6 -8 8 -10 10 -12 13 -14 15 -16 -17 -18 19 -20 29 21 -23 23 -25 -26 26 -28 -29 -30 -31
leaf_value=-0.017579600804699037 0.00037833459794576633 -0.013469350565670855 -0.034193498422660583 -0.015219276281604483 0.042210981851942733 -0.026541297025078382 -0.043254034851152971 -0.034533976784963234 -0.011189974896508765 0.09162123929742505 -0.0032143307006594168 -0.035318520564599151 -0.024939551631633 0.029715028283232095 0.0015490946595570979 0.1049027840996014 0.0061855675143012503 -0.036719066410999618 0.098617135425443841 0.012429261937663564 -0.0020162004468155209 0.060147151197212569 -0.035575171907250479 0.139982454708104 0.093285138607848109 0.11902001132090492 -0.0039538941574487323 -0.022223419882126241 -0.019763989246896402 0.0016167510940189201
leaf_weight=89.140422998461872 15541.51095644664 528.80145323090255 20.617009855806828 83.570860495790839 5.4388890191912642 21.768636476248503 10.085226114839314 6.2635357677936545 19.632342375814915 16.860033281147484 17.506833270192146 7.636456497013568 4.0856721997261038 48.246520631015301 287.34581326320767 4.2320722192525855 179.07784988731146 13.771106120198963 1.9711210131645192 203.39236261602491 329.7688316241838 7.5610860250890246 5.5220394190400821 2.2520878966897717 2.2270024847239247 2.4810621924698353 3.2829432841390371 55.984613948035985 74.514458633959293 782.78147944062948
leaf_count=1815 103920 5067 110 1076 27 115 56 37 120 91 139 42 21 238 2151 21 927 98 9 2676 3421 71 48 21 17 19 30 630 367 5468
internal_value=-1.60823e-05 -0.00217766 -0.0016778 -0.00143189 -0.00372664 0.00339246 0.00790762 0.00949373 0.020556 0.0265013 0.0303798 0.0376352 0.0688849 0.026747 -0.00614 0.0357785 0.00263848 0.00203634 -0.0125962 0.0032881 -0.00849576 -0.00315144 -0.0123935 0.029629 -0.00438502 0.00760835 0.0489791 -0.00494889 -0.0155481 0.00384677
internal_weight=18377.3 2835.82 2746.68 2726.06 1640.58 415.349 335.395 325.31 124.463 104.831 98.5676 81.0608 20.9457 60.115 1225.23 52.4786 200.846 1085.49 85.542 999.945 937.881 395.542 542.34 13.5381 387.98 11.286 5.76401 385.753 79.9533 986.174
internal_count=128848 24928 23113 23003 13676 2201 1807 1751 709 589 552 413 112 301 11475 259 1042 9327 1085 8242 9324 4139 5185 118 4068 97 49 4051 394 8144
is_linear=0
shrinkage=0.05


Tree=108
num_leaves=31
num_cat=0
split_feature=4 34 13 8 34 8 15 12 24 21 17 3 13 22 1 12 14 13 10 8 11 39 18 12 8 4 35 36 12 1
split_gain=6.09204 7.28722 11.6335 15.4154 9.4843 9.45997 8.87866 8.2387 8.28314 9.9035 9.55213 8.01996 9.93261 8.6244 7.93745 7.74544 8.02914 16.4565 9.33176 8.12083 9.11695 9.64658 7.7853 12.8329 14.2807 11.0849 11.0482 10.8951 8.46392 8.1143
threshold=49.500000000000007 5.6950000000000012 1.5416666666666665 0.43685000000000002 6.6150000000000011 0.50685000000000013 -0.059166666666666666 0.50335000000000008 0.090000000000001204 -0.074999999999999969 2.5000000000000004 46.500000000000007 -0.25666666666666654 3.0750000000000006 1.5000000000000002 0.39345000000000008 0.10298333333333336 0.52833333333333388 0.28620000000000007 0.24685000000000004 0.45075000000000004 1.5000000000000002 5.5000000000000009 0.40920000000000001 0.24775000000000003 53.500000000000007 0.32904999999999995 6.6550000000000011 0.43340000000000001 1.5000000000000002
decision_type=2 2 2 2 2 2 2 2 2 2 2 2 2 2 2 2 2 2 2 2 2 2 2 2 2 2 2 2 2 2
left_child=-1 6 5 4 -4 -3 -2 8 9 -5 -10 12 -7 14 -13 -8 22 18 19 -18 -21 -22 -17 24 29 26 -26 28 -25 -24
right_child=1 2 3 7 -6 11 15 -9 10 -11 -12 13 -14 -15 -16 16 17 -19 -20 20 21 -23 23 27 25 -27 -28 -29 -30 -31
leaf_value=-0.0023906086391780445 -0.0292497892875308 0.0013843234171080727 0.0252710716484012 0.046344999465694661 0.082444969431851797 -0.047218519797393485 -0.0016511425657053794 0.067275814426581509 -0.003825097361791532 0.0016357826637818278 0.067695386816933684 0.008911276243888459 -0.00089316060462002022 0.057487920688839483 -0.018459245330729134 0.00025067381320938978 -0.0027582680524918142 0.04022995514511632 -0.024767367502179383 0.095631708086523798 -0.052638110592652471 0.064223840415074437 0.10168330820902283 0.12861416294417247 0.054720046644881809 0.02180574010157571 0.17908606024276894 -0.0052321708705239962 0.0068857556111312284 -0.0066073860567262034
leaf_weight=2354.4941297648475 27.695470573846251 8286.3872128017247 40.414651796221733 12.846022352576254 8.840148523449896 11.729931904003022 5206.2853862019256 5.3765029758214942 8.1671431064605731 345.9569093734026 10.898142427206038 31.50218953192234 853.28424473106861 4.2981692552566519 166.42685224860907 825.03365566907451 21.409761966671795 42.416913140565157 23.827299743890762 5.57009134814143 3.2846580594778061 3.8191784061491489 2.0632076561450985 2.8683868972584596 3.1607473157346231 4.0562805887311697 4.1050885133445263 45.670902991201729 2.8437132379040122 10.706406705081461
leaf_count=17953 404 60187 176 54 38 90 35504 24 34 1549 47 131 4897 19 953 5440 201 203 151 32 20 28 11 28 20 32 30 430 28 134
internal_value=-1.5805e-05 0.000333204 0.00118437 0.00920146 0.0355325 0.000813669 -0.00100278 0.00581738 0.00494292 0.00323648 0.0370576 -0.00361707 -0.00152135 -0.0125814 -0.014103 -0.000876742 0.00315164 0.0165687 -0.000762064 0.0160196 0.0477406 0.0101894 0.00165681 0.0170277 0.0471375 0.0880198 0.124985 0.00291027 0.0680129 0.0108893
internal_weight=18375.4 16020.9 9786.13 432.5 49.2548 9353.63 6234.82 383.245 377.868 358.803 19.0653 1067.24 865.014 202.227 197.929 6207.12 1000.84 100.328 57.911 34.0837 12.6739 7.10384 900.508 75.4747 24.0917 11.3221 7.26584 51.383 5.7121 12.7696
internal_count=128848 110895 68199 1922 214 66277 42696 1708 1684 1603 81 6090 4987 1103 1084 42292 6788 635 432 281 80 48 6153 713 227 82 50 486 56 145
is_linear=0
shrinkage=0.05


Tree=109
num_leaves=31
num_cat=0
split_feature=14 28 34 18 23 17 14 4 35 23 16 15 35 20 7 9 26 7 35 4 20 22 0 20 13 3 0 13 35 14
split_gain=6.0807 12.1453 8.28379 7.66881 10.2355 8.26483 10.223 7.58373 11.6054 10.028 9.53334 8.15751 7.95523 10.398 11.9634 14.6046 9.86322 9.83035 9.53119 9.18143 11.9208 9.1195 8.59676 9.07271 9.56046 7.99269 7.65438 8.54158 7.90323 14.5748
threshold=-0.095266666666666638 1.5000000000000002 4.245000000000001 2.5000000000000004 6.8950000000000005 4.5000000000000009 -0.12756666666666663 55.500000000000007 0.27180000000000004 7.0150000000000006 2.5000000000000004 0.011666666666666646 0.40945000000000004 -0.079999999999999946 5.1750000000000007 4.955000000000001 -0.060000000000000046 6.7350000000000012 0.44195000000000001 56.500000000000007 -0.3050000000000001 -0.51000000000000034 6.5000000000000009 -1.0000000180025095e-35 -0.55333333333333334 40.500000000000007 1.5000000000000002 0.71666666666666712 0.36224999999999996 -0.09734166666666666
decision_type=2 2 2 2 2 2 2 2 2 2 2 2 2 2 2 2 2 2 2 2 2 2 2 2 2 2 2 2 2 2
left_child=1 2 -1 -4 5 -5 -7 26 10 12 11 -9 13 -10 15 -15 -14 18 19 20 -18 22 -20 24 -24 -16 27 -3 -28 -30
right_child=-2 7 3 4 -6 6 -8 8 9 -11 -12 -13 16 14 25 -17 17 -19 21 -21 -22 -23 23 -25 -26 -27 28 -29 29 -31
leaf_value=-0.0222557048713624 0.00025124423214620918 -0.002372678079025854 0.022055380174898578 0.03980374434127934 0.040264060296803732 -0.024220672141199134 0.0096882912733715632 0.03019675633450852 -0.034745332444925246 0.060036657044922198 0.012200023241876936 0.11376518863629764 0.066095428253005559 -0.0062239862814846419 0.010047352605013059 0.10572790097667673 0.1628810663095146 0.086648590751886162 -0.061303732181373284 -0.0053062712388233044 0.015794876688319203 -0.031696480157459288 0.035701283242445536 -0.038265918908661656 0.17743020526316225 -0.041062914661271918 -0.012350104042405476 0.038230346502817876 -0.0015824667853160765 -0.042690900823716162
leaf_weight=20.955708429217339 16919.718186002225 40.032038425095379 86.111003398895264 9.8847482055425626 15.376718848943709 47.581015907227993 41.713922742754221 6.9311754256486875 37.122891240753233 6.1674337517470113 28.340842571575195 5.0462735220789909 6.6709633506834498 6.4473309908062202 15.628209739923479 5.3144653961062431 2.4866921994835138 3.1814746037125579 2.1749164704233355 6.7490967158228159 3.0883525609970075 26.979214292950932 3.2614379907026882 1.9936952367424963 1.8733240924775603 14.98226737976074 479.93241671891883 19.148351609706879 486.18750813789666 22.562171783298254
leaf_count=98 118011 372 367 48 75 222 195 40 377 57 268 26 45 60 98 40 26 19 21 63 23 213 43 16 14 96 3819 96 3823 177
internal_value=-1.53948e-05 -0.00311834 0.00765759 0.0107814 0.00230691 -0.00357793 -0.00838018 -0.00505634 0.00429292 -0.00234081 0.0280059 0.0654054 -0.00512948 -0.0154259 0.00150017 0.0443605 0.00887197 0.00150087 -0.00407233 0.0339174 0.0814012 -0.0169763 0.0257112 0.0522597 0.0874085 -0.0149685 -0.00670195 0.0107648 -0.00774748 -0.00340556
internal_weight=18373.6 1453.93 221.623 200.667 114.556 99.1797 89.2949 1232.3 184.44 144.122 40.3183 11.9774 137.954 79.4952 42.3723 11.7618 58.4592 51.7882 48.6067 12.3241 5.57504 36.2826 9.30337 7.12846 5.13476 30.6105 1047.86 59.1804 988.682 508.75
internal_count=128848 10837 1005 907 540 465 417 9832 1545 1211 334 66 1154 671 294 100 483 438 419 112 49 307 94 73 57 194 8287 468 7819 4000
is_linear=0
shrinkage=0.05


Tree=110
num_leaves=31
num_cat=0
split_feature=13 34 17 10 15 11 35 26 3 26 12 27 16 26 35 16 3 19 22 13 7 23 9 23 12 11 14 21 9 14
split_gain=6.01926 8.1411 8.16271 7.28168 5.87652 8.11129 11.3904 12.0738 10.1017 9.0748 8.44193 7.85361 10.8516 16.696 9.333 7.66515 10.5921 8.92854 7.32931 8.05775 10.5974 11.1449 8.65868 8.08966 8.71211 11.5436 9.4905 7.53512 7.66029 7.28202
threshold=-3.0291666666666668 3.9650000000000003 1.5000000000000002 0.37230000000000002 0.026666666666666682 0.25060000000000004 0.24930000000000002 -0.055000000000000153 38.500000000000007 -0.060000000000000046 0.54230000000000012 -0.015000000000000123 4.5000000000000009 0.010000000000000233 0.22259999999999999 2.5000000000000004 43.500000000000007 -0.064999999999999988 4.5550000000000015 2.1041666666666674 7.0250000000000012 6.9450000000000012 5.5850000000000009 6.8950000000000005 0.34345000000000009 0.28445000000000004 0.019591666666666705 -0.039999999999999994 6.705000000000001 0.16974166666666676
decision_type=2 2 2 2 2 2 2 2 2 2 2 2 2 2 2 2 2 2 2 2 2 2 2 2 2 2 2 2 2 2
left_child=1 2 -1 -3 18 8 9 29 11 -7 -9 -6 -13 14 -14 16 17 -10 19 -2 22 23 -21 24 26 -26 -22 28 -24 -8
right_child=4 3 -4 -5 5 6 7 10 15 -11 -12 12 13 -15 -16 -17 -18 -19 -20 20 21 -23 27 -25 25 -27 -28 -29 -30 -31
leaf_value=0.26833064451295185 -0.00025698077512532571 -0.039879480405935162 0.0049224467404358138 0.038869348935927327 0.034803645509978019 -0.042932282398381497 0.01221935747475124 -0.0001781119797006624 -0.055651062103512866 -0.0069189576440346874 0.0717519932873531 0.0055224974203700854 0.19979811405347109 -0.022264465590484148 0.054912173832559509 -0.021135110678998689 0.023628018385926899 0.00072431398192940907 -0.011317691275463344 -0.0031150743806620373 -0.0036881688151425398 0.070971103195227564 -0.04410211299232742 -0.058151759609470277 0.025490491652217253 -0.03608570151421258 0.049509524122661026 0.039455668171041708 0.034042137271709592 0.081220287457499554
leaf_weight=0.45948835834861046 16581.213635949418 22.513815859332684 0.81718878168612719 3.3756520953029385 54.944233173504472 21.667229811660945 210.45267096534371 833.33362780511379 8.5100827440619451 90.7861393019557 4.0991292744874945 81.928008746355772 2.3080797083675852 3.0209745829924941 2.1439634999260306 30.691390516236424 50.044939197599888 40.200224902480841 148.04199608415365 24.724818125367165 23.00758883357048 4.902433678507804 6.0304082930088025 6.9722755849361411 10.610046580433844 26.929310962557793 13.190348491072653 54.958835795521736 6.5342364013195038 3.8944394718855611
leaf_count=14 117038 1956 45 25 273 117 1171 4835 42 525 18 465 42 91 37 209 240 199 716 109 100 22 25 31 45 116 57 237 27 21
internal_value=-1.5116e-05 -0.0235334 0.0997256 -0.0296117 1.97107e-05 0.00308818 0.00126712 0.00288425 0.0108317 -0.0138579 0.000173977 0.0199267 0.0107836 0.0684622 0.130026 0.000690008 0.00747287 -0.00912492 -0.000241276 -0.000143432 0.0104423 -0.00222673 0.0221999 -0.00667289 -0.00180527 -0.0186819 0.0156968 0.0314694 -0.00346324 0.013473
internal_weight=18372.3 27.1661 1.27668 25.8895 18345.1 1438.03 1164.23 1051.78 273.792 112.453 837.433 144.345 89.401 7.47302 4.45204 129.447 98.7552 48.7103 16907.1 16759.1 177.86 85.612 92.2483 80.7096 73.7373 37.5394 36.1979 67.5235 12.5646 214.347
internal_count=128848 2040 59 1981 126808 8285 6687 6045 1598 642 4853 908 635 170 79 690 481 241 118523 117807 769 371 398 349 318 161 157 289 52 1192
is_linear=0
shrinkage=0.05


Tree=111
num_leaves=31
num_cat=0
split_feature=27 24 13 20 40 3 12 4 34 7 20 0 24 8 17 15 11 27 34 8 35 3 15 21 26 36 10 12 6 13
split_gain=5.86931 5.90046 7.87152 7.56512 8.43815 8.65569 9.5254 8.13662 12.6125 10.5827 14.5414 8.70718 8.23469 8.2415 8.50442 9.75134 7.96108 7.84987 7.67195 13.3148 7.34403 7.2733 11.2805 9.3275 25.1981 10.7536 9.43108 7.61953 7.37639 8.4627
threshold=-0.31 -0.066666666666665972 -1.878333333333333 3.725000000000001 2.5000000000000004 59.500000000000007 0.28145000000000003 56.500000000000007 5.535000000000001 3.4750000000000005 -1.5199999999999998 1.5000000000000002 -0.073333333333332792 0.19745000000000004 5.5000000000000009 -0.0016666666666666911 0.30020000000000008 0.19499999999999987 5.7350000000000012 0.39350000000000007 0.19775000000000004 53.500000000000007 -0.036666666666666667 0.039999999999999994 0.15999999999999973 6.8850000000000007 0.29435000000000006 0.44010000000000005 0.17500000000000002 -0.48666666666666608
decision_type=2 2 2 2 2 2 2 2 2 2 2 2 2 2 2 2 2 2 2 2 2 2 2 2 2 2 2 2 2 2
left_child=-1 2 -2 4 7 -6 -7 11 17 10 -10 12 13 -4 20 -16 -5 -9 -14 -20 -15 22 -13 -24 25 -25 -26 28 -23 -30
right_child=1 -3 3 16 5 6 -8 8 9 -11 -12 21 18 14 15 -17 -18 -19 19 -21 -22 27 23 24 26 -27 -28 -29 29 -31
leaf_value=-0.044326812012736715 -0.035959016594561764 0.00024403282098638839 0.077734923503918016 0.068809236505445237 -0.010976947721305105 0.15064543920951509 0.0090479106248135856 -0.037534670360351262 0.17897381381392929 -0.0041635361218084008 -0.010296998293011539 -0.034272061625060822 -0.060762118676285219 0.063649512762248325 -0.010243662634107321 0.10105952474167035 0.002177422957761552 0.052791842945009437 0.08465926319777009 -0.037125085900290421 0.0036691036276370187 -0.017784246001078384 0.0014665718664851244 -0.0034122990601948575 0.056102545232142267 0.081890195701405169 0.18685457241155534 -0.058631135666200665 -0.021943280663505867 0.027961036889650168
leaf_weight=7.4697410911321631 18.215621252544224 17127.628693944309 6.5366232208907595 7.4479000791907337 338.35801985953003 1.6928147561848153 3.9805457647889853 45.141169834882021 1.920445345342159 64.086594585329294 2.1518901847302905 20.843661319464445 5.934077486395835 5.7677560225129119 2.9586120396852493 5.8762773908674699 11.260111417621372 2.5406929664313784 3.7596148923039419 5.5686288103461266 44.303006201982498 71.838482555001974 486.24183318205178 24.238341458141807 2.5774911530315867 4.3590635582804671 2.9662911593914032 8.1383015885949117 13.366157863289116 23.311142198741436
leaf_count=47 773 117501 62 39 4556 24 75 337 24 467 25 185 39 37 25 38 68 18 30 30 259 473 3126 179 22 31 19 59 124 156
internal_value=-1.47018e-05 3.32355e-06 -0.00333393 -0.00284567 -0.00333817 -0.00994999 0.0512977 -0.000675953 -0.0129963 0.000802897 0.07896 0.00125639 0.0167564 0.0244695 0.0185587 0.0637865 0.0287044 -0.0327217 -0.0163158 0.0119584 0.0105784 -0.000645051 0.0017957 0.00324037 0.028503 0.00959024 0.126064 -0.0119691 -0.00846961 0.00977461
internal_weight=18370.5 18363 1235.38 1217.17 1198.46 344.031 5.67336 854.426 115.841 68.1589 4.07234 738.585 80.7046 65.4423 58.9057 8.83489 18.708 47.6819 15.2623 9.32824 50.0708 657.881 541.227 520.383 34.1412 28.5974 5.54378 116.654 108.516 36.6773
internal_count=128848 128801 11300 10527 10420 4655 99 5765 871 516 49 4894 520 421 359 63 107 355 99 60 296 4374 3562 3377 251 210 41 812 753 280
is_linear=0
shrinkage=0.05


Tree=112
num_leaves=31
num_cat=0
split_feature=37 28 38 0 34 12 3 3 27 24 40 19 15 21 22 19 36 36 27 36 24 31 12 27 36 6 0 25 38 24
split_gain=5.83312 14.5815 15.7429 15.493 11.5864 10.5167 10.386 10.295 18.2078 10.1894 10.3346 10.1876 10.1164 9.79439 9.6475 9.54624 9.52897 9.27868 8.9976 11.6942 10.6294 11.7389 10.6262 10.06 9.69911 8.85791 8.98063 12.4806 10.447 10.2104
threshold=1.5000000000000002 1.5000000000000002 1.0000000180025095e-35 14.500000000000002 4.3150000000000004 0.30595000000000006 53.500000000000007 41.500000000000007 0.010000000000000233 -0.01666666666666616 2.5000000000000004 0.18500000000000003 0.023333333333333327 -0.15499999999999994 -2.7549999999999994 -0.050000000000000003 6.6450000000000005 6.6650000000000009 -0.10000000000000007 7.1050000000000013 0.10166666666666792 3.5000000000000004 0.42285000000000006 0.15499999999999983 6.6950000000000012 0.12500000000000003 4.5000000000000009 5.5000000000000009 1.0000000180025095e-35 -0.060000000000000046
decision_type=2 2 2 2 2 2 2 2 2 2 2 2 2 2 2 2 2 2 2 2 2 2 2 2 2 2 2 2 2 2
left_child=6 2 3 4 -2 9 11 -5 16 10 -3 -1 25 -11 -10 -14 -9 -12 -6 20 21 -20 23 -23 -24 -7 27 -27 29 -28
right_child=1 5 -4 7 18 12 -8 8 14 13 17 -13 15 -15 -16 -17 -18 -19 19 -21 -22 22 24 -25 -26 26 28 -29 -30 -31
leaf_value=0.0012590732878711281 -0.013997014403484581 -0.0079724293350566505 -0.0084614825253019523 0.0039259910553213614 -0.010726687670091146 -0.02409549519224962 -0.0042484902424746807 -0.026943030879895198 0.070224792247923218 0.087886559018438351 0.011689826155266101 0.07449254989189448 -0.0049311747300310443 -0.0028821056612460347 0.00046455004236343979 0.010394025655234285 0.026325910073223265 -0.033822062766221975 0.0084134434992302661 -0.048344727060778331 -0.043827961699942665 -0.0057498759904854885 -0.019831339187829915 0.061789679978527405 0.042203446658649106 0.00087225540546931747 -0.015502265694699219 0.020745318432759865 0.0052667492345702324 -0.0031133695940164332
leaf_weight=9202.8922753133811 129.38187875598669 618.0205356143415 307.2449855171144 492.53502525761724 129.27960182353854 44.21947593614459 929.60791138652712 8.7394279986619932 5.1081458926200858 2.9791987785138181 13.297610549721865 4.751368128694593 144.40860429825261 1225.9147466411814 166.48920095711946 342.91006518993527 213.22772338986397 70.958121803123504 655.3270513266325 10.881848305463789 11.612434968352316 370.11204413324594 8.6526525169610995 5.5967743992805472 23.182293057441711 545.07117506954819 180.83162996172905 92.395376288332045 342.33502004528418 2071.0363124692813
leaf_count=65154 597 5009 1399 2167 566 312 7020 39 31 42 224 47 1217 9053 746 1993 924 1199 2872 48 50 1738 40 28 109 4256 1911 880 2684 16493
internal_value=-1.45616e-05 -0.00100332 0.00214918 0.00361102 0.000227175 -0.00240806 0.000788343 0.0087436 0.0147727 -0.00540761 -0.010212 0.00129686 -0.000868773 -0.00266206 0.00254119 0.00585266 0.0242286 -0.0266392 0.00174231 0.00322751 0.00374981 0.00426963 -0.0023936 -0.00474377 0.0253426 -0.00186865 -0.00156452 0.00375269 -0.0028711 -0.00410823
internal_weight=18369 8231.75 2537.37 2230.13 1344.03 5694.38 10137.3 886.1 393.564 1931.17 702.276 9207.64 3763.21 1228.89 171.597 487.319 221.967 84.2557 1214.64 1085.37 1074.48 1062.87 407.544 375.709 31.8349 3275.89 3231.67 637.467 2594.2 2251.87
internal_count=128848 56627 11354 9955 6048 45273 72221 3907 1740 15527 6432 65201 29746 9095 777 3210 963 1423 5451 4885 4837 4787 1915 1766 149 26536 26224 5136 21088 18404
is_linear=0
shrinkage=0.05


Tree=113
num_leaves=31
num_cat=0
split_feature=14 28 34 4 35 23 13 15 3 23 34 35 20 7 9 25 26 7 13 10 27 32 3 0 13 35 14 34 10 22
split_gain=5.6287 10.6621 7.33617 6.92885 10.3687 8.84964 8.47584 9.09063 11.2783 7.67185 7.31216 7.21153 12.7757 9.25353 10.6772 9.35689 8.48559 8.36815 9.75174 10.4864 8.80325 12.7086 7.90751 6.96916 8.1975 7.43362 10.4199 8.40936 10.7522 10.4802
threshold=-0.095266666666666638 1.5000000000000002 4.245000000000001 55.500000000000007 0.27180000000000004 7.0150000000000006 0.0091666666666667691 0.001666666666666636 37.500000000000007 6.8550000000000013 7.4250000000000007 0.40945000000000004 -0.079999999999999946 5.1350000000000007 4.8550000000000013 3.5000000000000004 -0.055000000000000153 6.4850000000000012 -0.033333333333332764 0.37850000000000006 0.039999999999999598 2.5000000000000004 39.500000000000007 1.5000000000000002 0.71666666666666712 0.35445000000000004 -0.09734166666666666 6.9850000000000012 0.61165000000000014 1.5500000000000007
decision_type=2 2 2 2 2 2 2 2 2 2 2 2 2 2 2 2 2 2 2 2 2 2 2 2 2 2 2 2 2 2
left_child=1 2 -1 10 6 9 7 -5 -9 11 23 12 -6 14 -14 -15 -13 18 19 20 -18 -22 -17 24 -3 -25 27 -27 29 -29
right_child=-2 3 -4 4 5 -7 -8 8 -10 -11 -12 16 13 15 -16 22 17 -19 -20 -21 21 -23 -24 25 -26 26 -28 28 -30 -31
leaf_value=-0.021202189404574589 0.00024198921645923993 -0.0020978920778075643 0.010002586361661101 -0.024903210051284069 -0.034193786017503627 0.055351900613723193 0.047503084644270284 0.13940450845671137 0.003364089376882927 -0.023652002193855617 -0.029655185304637777 0.073957082477230068 -0.0029306975156336672 -0.043263877686808373 0.10443713022605397 0.065175039649913863 -0.028604576578086367 0.069724115421351374 -0.026587370956028169 0.11698731866784406 0.16556177483330012 -0.0043127219516728458 -0.016144043116291206 -0.011469878885601838 0.038278314191456615 -0.0031042256574310713 -0.035911717970364125 0.0044971116202391836 0.10872407507417588 0.090768968625587088
leaf_weight=20.780654259026051 16913.609507972375 37.554673109203577 201.17718502134085 11.851593246217819 26.702423224691302 6.3816852550953618 21.918307572603226 2.2424019174650303 4.7523274272680283 38.9846449829638 32.758976648561656 5.9041829220950595 4.3126710336655396 9.1237881183624285 5.0002071410417557 5.8990875184535962 6.5815362585708517 4.9201985336840144 16.503276489675045 2.7845889050513497 1.793816454708576 2.8505578115582466 6.0609984304755926 436.40698486566544 18.896382659673691 452.59043167158961 22.472082344815135 35.72584942728281 3.1679230984300366 3.9049951434135428
leaf_count=98 118011 349 907 138 258 57 131 20 45 367 276 40 37 54 34 37 76 32 105 23 20 30 41 3507 93 3537 177 303 23 22
internal_value=-1.43183e-05 -0.00300402 0.00708106 -0.00482681 0.0041033 -0.00220644 0.0263619 0.00177464 0.0469765 -0.00487937 -0.00640634 0.00255525 -0.00895976 0.0132074 0.0547165 -0.00512744 0.0184606 0.0092135 -0.000543539 0.0301341 0.0085901 0.0612986 0.0239651 -0.00565281 0.0114176 -0.00666264 -0.00261153 -0.00110095 0.0200834 0.0129978
internal_weight=18363.6 1450 221.958 1228.05 184.568 143.804 40.7646 18.8463 6.99473 137.422 1043.48 98.4373 57.0992 30.3968 9.31288 21.0839 41.3382 35.434 30.5138 14.0105 11.2259 4.64437 11.9601 1010.72 56.4511 954.268 517.861 495.389 42.7988 39.6308
internal_count=128848 10837 1005 9832 1545 1211 334 203 65 1154 8287 787 461 203 71 132 326 286 254 149 126 50 78 8011 442 7569 4062 3885 348 325
is_linear=0
shrinkage=0.05


Tree=114
num_leaves=31
num_cat=0
split_feature=9 13 8 2 11 11 7 15 17 26 11 34 35 22 22 24 27 27 3 3 36 11 7 14 36 6 20 13 26 15
split_gain=5.56004 10.4629 7.64651 14.2797 12.7021 10.1564 10.5804 10.1282 9.85061 11.0446 9.33647 10.6431 9.5777 10.1563 9.26392 9.25768 8.62516 8.44408 7.99822 9.57411 13.6444 9.9126 9.4735 9.20598 8.71216 13.2115 8.50481 10.4231 10.4687 8.88584
threshold=4.9350000000000014 -3.0291666666666668 0.35795000000000005 3.5000000000000004 0.25650000000000006 0.27465000000000006 6.2150000000000007 0.030833333333333327 4.5000000000000009 -0.13000000000000031 0.45290000000000002 4.4850000000000012 0.39665 0.86499999999999988 2.765000000000001 -0.028333333333332874 -0.13000000000000031 0.044999999999999936 38.500000000000007 44.500000000000007 6.6550000000000011 0.29795000000000005 6.3250000000000011 0.0032833333333333885 6.6950000000000012 0.16500000000000004 0.32999999999999946 0.3000000000000001 -0.010000000000000229 0.02166666666666665
decision_type=2 2 2 2 2 2 2 2 2 2 2 2 2 2 2 2 2 2 2 2 2 2 2 2 2 2 2 2 2 2
left_child=1 -1 3 14 8 -6 10 18 -4 -10 11 -7 13 -12 -3 -5 -11 -9 24 21 -21 -20 23 -23 25 -8 -26 28 -28 -29
right_child=-2 2 4 15 5 6 7 17 9 16 12 -13 -14 -15 -16 -17 -18 -19 19 20 -22 22 -24 -25 26 -27 27 29 -30 -31
leaf_value=-0.03640523179327982 0.00066089099548421711 -1.8161152764216327e-05 -0.0070039340820814621 0.11379717213806738 -0.023477627877397839 -0.029326147578333336 -0.038673875689636678 0.039410329187067689 0.10278003674584486 -0.067792209758293129 0.004287778766429752 -0.0085006210024347936 -0.020450175091472667 0.052493872324755921 -0.012763506840051675 0.025799216637389016 0.013470168384328646 -0.024829286938810466 0.081095507559420799 0.056913821604684105 -0.01783247531323132 0.12490295125980584 0.0067283297874501189 0.022821531862442668 -0.01708524733449918 0.040906045634215488 0.0086002876785719242 -0.0038274294503351501 0.13753703416914684 0.03745061397611079
leaf_weight=20.963671067263931 11463.031160641462 5347.3405362619087 92.140360396355391 3.593067346140745 82.950122622773051 69.043271735310555 36.067796420305967 27.966055665165186 3.4009856246411792 3.3397263437509528 32.491369597613811 550.61653631553054 20.160509403795004 16.462193459272385 146.4764460735023 17.771921390667558 146.60029624216259 6.2606645971536627 6.5037395358085623 7.1541807875037184 41.647173872217536 3.5751370713114721 46.878186164423823 5.7781298495829105 56.704926775768399 6.097002997994422 3.3449771404266357 79.269335944205523 2.973885189741849 15.604145102202891
leaf_count=1991 68907 48629 525 27 523 399 198 136 18 15 205 3446 118 81 1068 104 895 28 36 38 244 22 268 33 314 35 22 425 24 74
internal_value=-1.40958e-05 -0.00113559 -0.0010281 -0.00019932 -0.00438154 -0.00664374 -0.00529406 0.00184177 0.00591707 0.0136811 -0.00887688 -0.010821 0.00855389 0.0204986 -0.000357978 0.0405983 0.0116602 0.0276598 -0.000994145 0.00973445 -0.00687482 0.0226547 0.0158954 0.0618405 -0.00697544 -0.0271667 -0.00158358 0.00710305 0.0692826 0.0029617
internal_weight=18362.2 6899.18 6878.21 5515.18 1363.03 1117.55 1034.6 345.825 245.481 153.341 688.774 619.66 69.1141 48.9536 5493.82 21.365 149.94 34.2267 311.599 111.537 48.8014 62.7352 56.2315 9.35327 200.062 42.1648 157.897 101.192 6.31886 94.8735
internal_count=128848 59941 57950 49828 8122 6669 6146 1897 1453 928 4249 3845 404 286 49697 131 910 164 1733 641 282 359 323 55 1092 233 859 545 46 499
is_linear=0
shrinkage=0.05


Tree=115
num_leaves=31
num_cat=0
split_feature=4 13 22 13 7 22 3 8 9 12 7 12 14 8 15 11 26 9 26 20 27 7 8 22 31 35 26 12 12 15
split_gain=5.44895 7.00635 8.59751 12.1139 10.3197 8.86227 8.89629 14.9053 8.62356 8.31546 10.878 7.97769 7.90631 7.77092 7.54144 10.3717 11.7746 12.9411 17.6367 11.4561 10.2145 8.12721 15.0754 7.55898 7.85266 7.1689 8.19814 17.1739 12.9931 7.83918
threshold=49.500000000000007 0.40500000000000053 2.1550000000000007 0.71666666666666712 4.7950000000000008 0.27999999999999964 42.500000000000007 0.39350000000000007 1.2550000000000001 0.47080000000000005 5.8450000000000006 0.47495000000000004 -0.021083333333333367 0.38815000000000005 -0.01666666666666668 0.48160000000000008 0.044999999999999936 1.885 -0.010000000000000229 -1.1099999999999994 -0.034999999999999691 5.7150000000000007 0.37670000000000009 2.5250000000000008 5.5000000000000009 0.33805000000000002 -0.12499999999999999 0.21335000000000001 0.37315000000000004 -0.016666666666666646
decision_type=2 2 2 2 2 2 2 2 2 2 2 2 2 2 2 2 2 2 2 2 2 2 2 2 2 2 2 2 2 2
left_child=1 13 5 -4 12 9 8 -8 -7 -3 -11 -6 -5 14 21 23 17 18 -17 -19 -21 -1 -23 24 25 26 27 -16 -29 -27
right_child=-2 2 3 4 11 6 7 -9 -10 10 -12 -13 -14 -15 15 16 -18 19 -20 20 -22 22 -24 -25 -26 29 -28 28 -30 -31
leaf_value=-0.010517518908168905 0.00031616177377092729 -0.0054799289132799675 -0.038925790478819958 0.0053483933355368421 -0.0035660649422075384 -0.019825177089482986 0.041728447813286856 0.0033826665447334557 0.0062777636244435017 0.094532608609471214 -0.0028872933177942965 -0.054525360150718676 0.1070183179066176 -0.013302558293092721 0.17289560478931049 0.14594877075834101 0.096494603255839195 -0.040959297692674465 -0.025774941455052887 -0.015929865262246611 0.053979038852586703 -0.033963690659483452 0.11484714342303688 -0.040213629615879452 -0.027341089343930838 0.050201631302656251 -0.0065285476748135037 -0.026324327447193943 0.10224209347768753 0.0037709776732243803
leaf_weight=318.91997212497517 16010.914036495145 270.87449111789465 27.113321855664253 4.0365392789244652 195.30916062742472 34.667250096797943 45.819520801305771 56.705696813762188 362.4380254149437 4.8831692673265916 6.934775672852993 7.9945356398820868 3.6333772465586653 217.28182480391115 1.9164282446727146 3.8701203810051084 4.9024410881102076 10.695109577849506 2.4365290524438015 9.4911345914006251 11.624637126922609 3.2233155481517306 3.6057865079492331 12.522910464555023 27.311244463548064 9.336704957764594 337.45070600695908 7.1002417514100653 2.717205629684031 345.13427126640454
leaf_count=3711 110895 1746 174 23 923 172 219 274 1749 31 47 39 20 1552 21 45 40 94 21 49 87 27 27 109 224 93 3151 67 25 3193
internal_value=-1.38284e-05 -0.00226215 0.000854228 -0.00746522 -0.00342205 0.00338611 0.00738908 0.0205198 0.00399898 -0.00368873 0.0373666 -0.00556994 0.0535113 -0.00465394 -0.00296442 -0.000314795 0.0235548 0.0141737 0.0796045 0.00120179 0.0225563 -0.00936183 0.0446089 -0.00169594 -0.00103606 -1.50725e-05 -0.00509993 0.0359852 0.0092594 0.00499395
internal_weight=18360.9 2349.95 1020.41 238.087 210.974 782.323 499.63 102.525 397.105 282.692 11.8179 203.304 7.66992 1329.54 1112.26 786.51 43.02 38.1175 6.30665 31.8109 21.1158 325.749 6.8291 743.49 730.967 703.656 349.185 11.7339 9.81745 354.471
internal_count=128848 17953 5417 1179 1005 4238 2414 493 1921 1824 78 962 43 12536 10984 7219 336 296 66 230 136 3765 54 6883 6774 6550 3264 113 92 3286
is_linear=0
shrinkage=0.05


Tree=116
num_leaves=31
num_cat=0
split_feature=27 20 34 34 7 8 24 22 24 14 23 18 33 15 26 12 9 20 11 0 19 11 14 4 13 10 35 22 26 24
split_gain=5.40043 5.38518 18.5003 8.83619 8.23278 13.6264 10.934 10.8076 12.9193 9.79775 10.505 9.09143 9.91323 10.213 10.1302 10.7659 12.585 12.8506 9.71853 9.91718 9.41584 15.0461 9.32246 10.012 9.06936 9.95266 10.0889 14.729 8.94581 8.83499
threshold=-0.31 -2.2249999999999992 6.4150000000000009 4.0050000000000008 4.205000000000001 0.18930000000000005 0.0083333333333341936 2.2350000000000008 0.029999999999999808 0.07306666666666671 6.6350000000000007 5.5000000000000009 0.18500000000000003 0.014999999999999994 0.06000000000000006 0.34625 2.5350000000000006 -1.3599999999999994 0.3695 22.500000000000004 0.020000000000000014 0.40984999999999999 0.016858333333333312 52.500000000000007 -0.4233333333333324 0.24400000000000002 0.63765000000000016 -0.57999999999999974 -0.23499999999999985 0.012000000000000901
decision_type=2 2 2 2 2 2 2 2 2 2 2 2 2 2 2 2 2 2 2 2 2 2 2 2 2 2 2 2 2 2
left_child=-1 2 3 -2 5 28 11 9 -9 -8 -11 12 -7 14 15 16 -14 -18 19 -13 -20 -22 23 -16 25 -6 -27 -28 -3 -12
right_child=1 4 -4 -5 24 6 7 8 -10 10 29 18 13 -15 22 -17 17 -19 20 -21 21 -23 -24 -25 -26 26 27 -29 -30 -31
leaf_value=-0.042956594440175445 0.016056526849157565 0.10194104947134071 0.0049827425193471791 -0.0130285972082556 -0.0074504483313748791 -0.0035587857708632084 0.010523711105360328 0.13401565699036119 0.01213854601557829 -0.022794527183999203 0.13507736248488658 0.030565389987834774 -0.044860364250337417 -0.027558640652516231 -0.036927771577173647 -0.026070875204561902 0.1766269682658618 0.043238972257534314 -0.059761623086404481 0.12724282224621114 -0.044266320974977097 0.10087792174171872 0.1555847189602681 0.10712948334380196 0.00027981771938519049 -0.00072994911316838257 0.1364626153062278 -0.024235107258412294 0.00022601502312367337 0.038808473275680919
leaf_weight=7.3183290772140017 27.985936305485666 2.1654564421623936 313.53686442412436 390.2727533057332 843.43478950113058 239.52650946006179 200.73192014917731 4.2816809937357885 4.4179562106728554 6.7058340199291697 2.5336758233606806 28.432776214554909 2.9002524521201911 7.5408827010542145 2.1579745709896079 7.9958462491631499 2.3211049661040333 8.1305186022072977 5.7292632646858674 2.925580993294715 3.6739408038556576 3.4737411271780729 2.9957948513329029 2.7344066705554724 13706.349548650905 1246.7068856246769 3.2276556193828583 2.5543853361159554 1236.4297347245738 40.149035319685936
leaf_count=47 611 22 3639 7522 7835 2310 1515 29 31 45 25 309 23 67 19 69 22 67 61 31 41 41 27 29 80365 10707 25 27 13019 268
internal_value=-1.36845e-05 3.44006e-06 -0.00419936 -0.0110825 0.000177989 0.00336443 0.00969379 0.0173379 0.0721225 0.0154324 0.0353829 0.00352153 0.000152246 0.0243221 0.0377039 0.0198129 0.0472906 0.0728619 0.0245668 0.0395849 -0.0120058 0.0262731 0.0861221 0.0435874 -0.000188591 -0.00325176 -0.000424342 0.0654697 0.000403845 0.0445231
internal_weight=18359.3 18352 731.796 418.259 17620.2 1817.95 579.359 258.82 8.69964 250.12 49.3885 320.539 276.303 36.7768 29.2359 21.3477 13.3519 10.4516 44.2353 31.3584 12.8769 7.14768 7.88818 4.89238 15802.3 2095.92 1252.49 5.78204 1238.6 42.6827
internal_count=128848 128801 11772 8133 117029 18070 5029 1913 60 1853 338 3116 2633 323 256 181 112 89 483 340 143 82 75 48 98959 18594 10759 52 13041 293
is_linear=0
shrinkage=0.05


Tree=117
num_leaves=31
num_cat=0
split_feature=37 39 3 19 22 24 24 15 30 39 12 9 9 18 28 28 38 0 34 23 15 26 23 0 36 20 26 12 14 3
split_gain=5.32139 13.4241 9.41169 8.78626 8.57746 11.3456 8.4337 8.44022 8.36689 9.07596 8.4033 8.14713 12.225 20.5732 8.12949 14.99 14.2203 13.8885 10.3879 9.41406 9.80557 10.7659 11.9167 15.4266 11.9228 10.8297 12.339 16.9342 10.2264 9.09908
threshold=1.5000000000000002 2.5000000000000004 53.500000000000007 0.18500000000000003 0.9600000000000003 0.10833333333333385 0.043333333333334341 -0.054999999999999973 1.0000000180025095e-35 4.5000000000000009 0.52395000000000014 3.7150000000000003 4.2250000000000005 3.5000000000000004 1.5000000000000002 4.5000000000000009 1.0000000180025095e-35 14.500000000000002 4.3150000000000004 6.785000000000001 -0.038333333333333282 -0.044999999999999922 6.7150000000000007 6.5000000000000009 6.7350000000000012 -3.1349999999999993 1.0000000180025095e-35 0.33135000000000003 -0.055850000000000045 41.500000000000007
decision_type=2 2 2 2 2 2 2 2 2 2 2 2 2 2 2 2 2 2 2 2 2 2 2 2 2 2 2 2 2 2
left_child=2 14 3 6 5 -4 8 -8 9 -1 -10 -6 13 -13 16 -16 17 18 -2 20 21 22 24 -24 -17 26 -23 -28 -27 -19
right_child=1 -3 4 -5 11 -7 7 -9 10 -11 -12 12 -14 -15 15 19 -18 29 -20 -21 -22 25 23 -25 -26 28 27 -29 -30 -31
leaf_value=0.0013490030404057069 -0.013330590024480558 -0.0071384954744254494 -0.0071374495980550505 0.067704536756185527 -0.030240433061447986 0.070835715461889645 -0.045438768844880427 0.0048026402564031751 -0.0098872075115917779 -0.0047956312308785531 0.095193689514462498 0.11806819648903218 0.0045903298124955741 -0.019698157996646898 -0.0031014996079015908 0.13027507345386613 -0.0081999471290287226 0.003700647948651633 0.001602916201135446 -0.0011746790870013598 0.0063052977376204904 -0.0517379663234444 0.042164912925300807 0.26464329999917219 -0.037803976366642511 0.088885119327382925 0.027642947235215355 0.38806160551027846 -0.019131902972264386 0.013887985505963761
leaf_weight=6747.5461863172241 128.79693708568811 793.98408606322482 715.29043956752867 4.9691436868160954 15.268177088350056 4.695894379168748 8.4042067122645658 1564.512004006654 222.86009105667472 659.70801774319261 1.9189601391553868 6.2944165579974634 181.00070805475116 4.7586409635841846 3652.6780048739165 1.8579918527975703 301.00635349005461 492.86756152659655 1214.9251776449382 609.50531354313716 608.07002348871902 0.64739128993824557 1.4350857157260182 1.7047688802704213 2.4415818238630891 2.7003947235643908 0.62617188366129972 0.67963837645947933 11.620262523181728 394.73271410539746
leaf_count=42078 597 9889 5799 47 112 33 101 9163 2553 11241 18 46 987 43 24245 24 1372 2167 5451 5739 5078 27 17 24 34 36 26 20 141 1740
internal_value=-1.36995e-05 -0.000959048 0.000752884 0.00123631 -0.00404843 -0.00662889 0.00120043 0.0045342 0.000513356 0.000801747 -0.00899012 0.00491299 0.00770767 0.058756 -0.000298371 -0.00148837 0.00200141 0.00337757 0.000171527 0.00325852 0.0075354 0.0390784 0.0889066 0.162958 0.0348287 0.0163 0.126744 0.215231 0.00123648 0.00823115
internal_weight=18357.5 8220.28 10137.2 9209.92 927.308 719.986 9204.95 1572.92 7632.03 7407.25 224.779 207.322 192.054 11.0531 7426.3 4893.97 2532.33 2231.32 1343.72 1241.29 631.783 23.7133 7.43943 3.13985 4.29957 16.2739 1.9532 1.30581 14.3207 887.6
internal_count=128848 56627 72221 65201 7020 5832 65154 9264 55890 53319 2571 1188 1076 89 46738 35411 11327 9955 6048 11166 5427 349 99 41 58 250 73 46 177 3907
is_linear=0
shrinkage=0.05


Tree=118
num_leaves=31
num_cat=0
split_feature=17 26 35 36 35 25 22 14 14 40 39 28 36 37 26 27 11 36 12 8 24 14 4 23 8 25 0 23 36 9
split_gain=5.3049 8.17615 10.6904 13.0192 9.97481 7.87789 8.06938 9.24936 8.83819 7.45071 9.64649 8.54072 10.9988 10.2714 9.80017 9.28302 10.596 9.22722 9.16047 9.12114 8.50154 9.9111 8.32883 10.5844 8.20576 8.11955 11.2139 9.3357 22.5982 9.25657
threshold=4.5000000000000009 0.074999999999999747 0.30025000000000007 6.5750000000000011 0.30420000000000008 2.5000000000000004 0.17999999999999997 -0.083333333333333273 -0.077524999999999969 -2.4999999999999996 -3.4999999999999996 1.5000000000000002 6.6750000000000007 1.5000000000000002 0.14999999999999994 -0.044999999999999922 0.43885000000000007 7.1050000000000013 0.38025000000000003 0.33210000000000006 -0.038333333333333545 -0.034726666666666649 55.500000000000007 6.9050000000000011 0.10299999999999997 5.5000000000000009 4.5000000000000009 6.8150000000000004 6.745000000000001 6.6650000000000009
decision_type=2 2 2 2 2 2 2 2 2 2 2 2 2 2 2 2 2 2 2 2 2 2 2 2 2 2 2 2 2 2
left_child=9 -2 -3 5 -5 -4 7 -7 -8 10 20 12 19 -13 25 16 -14 24 -16 -11 21 -1 -22 -24 -17 -15 27 28 -27 -28
right_child=1 2 3 4 -6 6 8 -9 -10 11 -12 13 15 14 18 17 -18 -19 -20 -21 22 -23 23 -25 -26 26 29 -29 -30 -31
leaf_value=0.09627475541539296 -0.00052355654405622607 -0.017700424883195415 -0.0355027446953863 0.043534872406860631 -0.0054319265429686528 0.0012101190416350823 0.077671815362615179 0.10246574888142962 -0.020367755002615777 -0.018778703904537314 -0.0076900423918690591 0.0015914318489367689 0.0038301115023065498 -0.0012026154916039103 0.023874768926151826 0.047674095584225966 -0.024193368025997718 -0.050805014340699478 -0.013451035457737962 0.005843241735485824 0.0031577230491360423 0.015578012706300296 -0.026899468965893521 0.052689352932835942 0.010459134347633429 0.01576115015915236 -0.015539884345762365 -0.0039846584405085674 0.15759759445508351 0.0084611678665079647
leaf_weight=4.2168378457427016 4805.0205681556836 156.85905843647197 3.6707628443837192 10.585104653146116 595.34111308678985 3.1583996685221818 3.4376371428370476 7.8880122341215602 6.9390123039484006 79.839182142168283 586.0082753226161 7102.693738586735 213.5002348870039 3170.0969739253633 67.135600810404867 15.193296477198599 40.060905016958714 6.0223108530044547 21.767164426855743 71.118736758828163 281.58424396067858 38.955370271578431 43.754974553361535 4.6182977482676497 590.75108353048563 22.662795454729352 301.39664357341826 47.567395380232483 3.2054648716002694 46.35051130130887
leaf_count=24 34285 1379 18 86 5084 31 22 70 40 369 3119 49414 917 24254 605 102 169 26 192 291 1346 210 216 23 2532 208 3033 427 31 325
internal_value=-1.37053e-05 -0.00129768 -0.00601878 -0.00311496 -0.00457651 0.0321763 0.0437729 0.0735147 0.0121114 0.000549145 -0.00368882 0.000893638 0.00527496 0.000480617 -0.00166324 0.00744705 -0.000597404 0.0107802 0.0147358 -0.0071789 0.00259517 0.0234601 -0.000134822 -0.019301 0.0113923 -0.0020692 -0.00859167 0.00916211 0.0333368 -0.0123408
internal_weight=18351.4 5592.9 787.879 631.02 605.926 25.0938 21.4231 11.0464 10.3766 12758.5 959.138 11799.4 1016.49 10782.9 3680.18 865.528 253.561 611.967 88.9028 150.958 373.13 43.1722 329.958 48.3733 605.944 3591.28 421.183 73.4357 25.8683 347.747
internal_count=128848 41015 6730 5351 5170 181 163 101 62 87833 4938 82895 4406 78489 29075 3746 1086 2660 797 660 1819 234 1585 239 2634 28278 4024 666 239 3358
is_linear=0
shrinkage=0.05


Tree=119
num_leaves=31
num_cat=0
split_feature=15 35 35 20 22 26 26 34 11 34 13 22 11 34 12 23 15 27 19 20 11 36 12 14 27 12 25 21 14 20
split_gain=5.24843 8.97745 8.66433 13.8527 9.64513 8.08938 11.7341 11.2991 9.75027 7.96342 7.93136 7.54392 12.6011 7.00738 7.82007 8.81462 10.7148 7.74576 7.71012 8.08635 10.1489 9.02035 6.74082 6.70199 6.53381 7.86666 6.24562 6.16201 9.64696 10.2184
threshold=-0.033333333333333333 0.38815000000000005 0.38245000000000007 -0.089999999999999622 -1.2099999999999995 0.074999999999999747 0.064999999999999961 5.4250000000000007 0.56140000000000012 5.4050000000000011 -1.0566666666666662 0.27999999999999964 0.31040000000000006 4.745000000000001 0.32294999999999996 6.9350000000000014 -0.039999999999999994 -0.095000000000000182 0.16500000000000004 -1.0699999999999994 0.37475000000000008 6.8450000000000006 0.37185000000000001 -0.087999999999999967 -0.044999999999999922 0.30865000000000004 3.5000000000000004 0.015000000000000001 -0.091474999999999973 -0.41999999999999965
decision_type=2 2 2 2 2 2 2 2 2 2 2 2 2 2 2 2 2 2 2 2 2 2 2 2 2 2 2 2 2 2
left_child=1 2 5 4 9 6 7 8 13 -4 -8 12 -5 14 23 18 -17 -15 19 20 21 -16 -22 26 25 -7 -1 -2 29 -29
right_child=27 -3 3 11 -6 24 10 -9 -10 -11 -12 -13 -14 17 15 16 -18 -19 -20 -21 22 -23 -24 -25 -26 -27 -28 28 -30 -31
leaf_value=0.11785423452311115 -0.00031250457455835371 -0.012224730929295949 0.15578169112248821 0.12281761512906329 -0.036303983440149817 -0.039213193210184613 -0.020801018259643853 0.0037616578623552049 0.095876634833412189 -0.0032599599463939543 0.055328808352062643 0.12780173833448083 -0.031808982874987464 -0.065280896327826729 -0.027771853010559479 0.0053638116958186653 0.16428441969915053 -0.016951791253304229 0.097249133972850066 -0.012017199605434526 0.032512360023938154 0.11269780834773513 0.16866938999757816 -0.024810964376552676 -0.020308029350032265 0.071814064299162955 -0.026195385884783103 -0.019529371537908267 0.0027195225403426333 -0.00013118687087324257
leaf_weight=1.6593802631832653 13624.236267468426 230.49381274078041 1.4049611482769253 2.3759793844073993 7.8832980482839066 2.5354773737490168 4.4124089898541596 395.09712311113253 2.1079597123898557 1.7896799305453894 15.229514099657534 4.0158625766634941 2.9578475523740053 9.1304942434653622 5.3421744378283602 2.2641244269907475 1.9953368296846736 90.128064995631576 2.1409628205001345 33.178470922634006 1.6936032427474859 1.453916630707681 1.9622053913772104 36.140677862334996 78.542386702261865 4.3029828164726496 1.376811215188354 101.2534128841944 3475.0510825868696 206.0323703661561
leaf_count=20 93475 2345 22 16 95 27 89 3668 20 26 128 22 24 73 98 24 18 841 17 223 33 26 23 370 992 32 24 1025 23761 1291
internal_value=-1.35115e-05 -0.00364938 -0.000869873 0.0312223 -0.00660431 -0.00181902 0.000213224 -0.00106166 -0.0110613 0.0666845 0.0382268 0.0760411 0.0370702 -0.0122574 -0.00208756 0.0110124 0.0798099 -0.0213974 0.00461015 6.43096e-05 0.0384158 0.00227942 0.105593 -0.0188169 -0.0162267 0.0306488 0.0525326 0.000183172 0.00196863 -0.00652306
internal_weight=18348.2 941.616 711.122 20.4276 11.0779 690.694 605.313 585.671 190.574 3.19464 19.6419 9.34969 5.33383 188.466 89.2077 50.0308 4.25946 99.2586 45.7713 43.6304 10.4519 6.79609 3.65581 39.1769 85.3808 6.83846 3.03619 17406.6 3782.34 307.286
internal_count=128848 9296 6951 205 143 6746 5695 5478 1810 48 217 62 40 1790 876 462 42 914 420 403 180 124 56 414 1051 59 44 119552 26077 2316
is_linear=0
shrinkage=0.05


Tree=120
num_leaves=31
num_cat=0
split_feature=15 8 24 24 11 13 20 0 24 22 26 21 24 24 12 23 27 0 6 28 34 34 23 21 9 36 27 13 8 26
split_gain=5.26825 11.5715 9.38502 8.26204 8.60743 12.8243 8.54808 9.22235 12.3439 9.84048 11.1769 8.52668 10.1569 8.65178 9.51175 10.6172 10.9262 10.2978 19.2272 12.6854 8.28528 8.84547 8.27094 7.9025 9.12956 10.5651 9.08961 11.3176 16.3145 9.65965
threshold=-0.0079999999999999915 0.51835000000000009 0.10500000000000088 -0.058333333333333119 0.26990000000000008 1.4399999999999999 -2.1849999999999992 23.500000000000004 0.053333333333334128 -2.5949999999999993 1.0000000180025095e-35 0.015000000000000001 -0.066666666666665972 -0.068333333333333787 0.28605000000000008 7.0850000000000009 0.1000000000000001 3.5000000000000004 0.17500000000000002 3.5000000000000004 6.6650000000000009 6.9750000000000005 6.9050000000000011 0.010000000000000004 7.9050000000000011 6.8950000000000005 0.015000000000000126 -0.6383333333333322 0.13770000000000002 0.090000000000000316
decision_type=2 2 2 2 2 2 2 2 2 2 2 2 2 2 2 2 2 2 2 2 2 2 2 2 2 2 2 2 2 2
left_child=1 3 -3 4 5 -1 7 -5 9 10 -9 12 -6 14 15 16 -13 -18 -19 -20 -14 -22 -11 -2 26 -26 29 -28 -29 -25
right_child=23 2 -4 6 11 -7 -8 8 -10 22 -12 13 20 -15 -16 -17 17 18 19 -21 21 -23 -24 24 25 -27 27 28 -30 -31
leaf_value=-0.020033201334873477 1.1227855170304793e-05 -0.013267048374538676 0.05288970375732447 -0.0087711838662816802 -0.01840094606734986 0.064154813677198844 0.00043381636305478346 0.014692113216525757 0.14968732319804204 -0.014081853938812089 0.22867991743270935 0.011552847721484183 -0.0033583182332339919 -0.010614534463599105 0.003301719109235378 -0.058324576273784734 -0.00037729660980215474 -0.00024245218358939064 0.092449199156110065 0.22241373827420549 0.092181035728633468 0.0039432899309901062 0.1098050647730659 0.0073535644040401971 -0.030546708626278812 0.053260458116644739 -0.014323795724106546 0.099436824182533856 0.0015848667085871433 -0.016354454827333002
leaf_weight=137.12548363953829 10362.428977078293 242.74397899955511 5.4818265810608855 389.67803803319111 127.32466212566942 4.6777866184711447 4743.5617657369003 1.437780853360896 1.8433352168649424 13.46972956927493 1.0601607309654353 16.396390809677541 32.548644057009369 71.887844541110098 112.07291541155428 2.9440384320914736 4.1023076791316297 4.0281733609735957 6.2854125425219518 2.6773397205397487 5.4507718347012979 5.9303172910585999 1.4969627400860197 1199.6969559984282 33.202205866575241 4.240893989801406 122.81429377384484 4.288124553859233 641.8757612593472 44.560460425913334
leaf_count=1639 67669 1413 26 6195 1592 23 34907 30 18 196 23 158 361 679 1096 28 40 34 41 34 49 67 20 6866 171 22 1274 34 3842 301
internal_value=-1.33683e-05 -0.00123876 -0.011806 -0.000777439 -0.00670087 -0.017256 -0.000164176 -0.00709989 0.0266305 0.0136422 0.105511 -0.0028792 -0.0112485 0.00362408 0.0105166 0.0327101 0.0407129 0.0686841 0.0904925 0.131272 0.00948183 0.0462032 -0.00169073 0.000572444 0.00340836 -0.0210545 0.00386334 -0.000410261 0.00223424 0.00650451
internal_weight=18347.3 5934.23 248.226 5686 533.452 141.803 5152.55 408.986 19.308 17.4646 2.49794 391.649 171.254 220.394 148.507 36.4337 33.4896 17.0932 12.9909 8.96275 43.9297 11.3811 14.9667 12413.1 2050.68 37.4431 2013.24 768.978 646.164 1244.26
internal_count=128848 48669 1439 47230 5841 1662 41389 6482 287 269 53 4179 2069 2110 1431 335 307 149 109 75 477 116 216 80179 12510 193 12317 5150 3876 7167
is_linear=0
shrinkage=0.05


Tree=121
num_leaves=31
num_cat=0
split_feature=4 34 13 8 8 13 12 34 15 7 12 26 12 27 24 7 18 15 26 0 5 35 21 15 14 9 23 38 1 15
split_gain=5.09044 6.25455 10.2984 13.6075 8.85667 8.74374 8.4997 8.38882 7.83802 7.44052 7.40067 7.49068 6.79633 7.07602 6.90547 8.70226 6.9044 11.1844 10.2218 9.56336 9.27518 22.2469 9.10171 9.09051 8.99723 8.77963 12.9585 8.85769 8.20461 9.39954
threshold=49.500000000000007 5.6950000000000012 1.5416666666666665 0.43685000000000002 0.5615500000000001 -0.10166666666666722 0.60355000000000014 6.6150000000000011 -0.059166666666666666 6.535000000000001 0.50335000000000008 -0.090000000000000288 0.39345000000000008 0.090000000000000316 -0.050000000000001148 6.6650000000000009 3.5000000000000004 0.025000000000000019 0.084999999999999978 13.500000000000002 1.0000000180025095e-35 0.43490000000000001 -0.050000000000000003 0.014999999999999973 0.19699166666666668 6.1550000000000011 6.8350000000000009 1.0000000180025095e-35 1.5000000000000002 -0.01666666666666668
decision_type=2 2 2 2 2 2 2 2 2 2 2 2 2 2 2 2 2 2 2 2 2 2 2 2 2 2 2 2 2 2
left_child=-1 8 4 7 6 -6 -3 9 -2 -4 11 -5 -10 16 15 -15 17 18 22 24 -20 -22 23 -14 25 27 -27 -18 -21 -30
right_child=1 2 3 10 5 -7 -8 -9 12 -11 -12 -13 13 14 -16 -17 19 -19 20 28 21 -23 -24 -25 -26 26 -28 -29 29 -31
leaf_value=-0.0021890466817540335 -0.027915931203399569 0.0011333646538232295 0.013861358462185273 0.025891073231329022 0.070540073905085071 -0.0084455593922874057 -0.021858499410670817 0.077216346321376791 -0.0015441955971948692 0.07044375111062337 0.063398367224610605 0.0022843012439088257 0.017728832836725574 -0.0062234741373362601 -0.032167736713566847 0.078747287108244204 0.015422871453471236 0.015370310490590552 -0.03999033200151246 0.029870454125952184 -0.020641421078321065 0.14122571209961596 0.0017138561787319287 -0.052767319826271031 0.10118841913128483 0.02657212888193318 0.12290042581599309 -0.042755071063473177 -0.020681822498079858 0.0069368027684355953
leaf_weight=2344.7838239413686 26.79928842606023 8994.7678763028234 33.559765681624413 37.284687370061874 3.5441596359014502 307.80442165583372 40.377580508589745 8.9172531217336637 5193.5158786992542 7.0265325456857672 5.4312685579061499 340.38138638436794 6.5522477626800564 44.095240162685513 26.833907657302916 3.2342453747987738 128.35933998832479 111.83805097965524 31.2157296910882 21.563048869371414 11.760085375979541 2.5902602579444638 435.37413674406707 15.138360848650334 3.2454704875126472 15.991924263536932 4.4663949422538272 6.8938826024532309 49.244231437798589 82.279344800394028
leaf_count=17953 404 64281 146 160 22 1710 264 38 35504 30 24 1524 33 346 177 15 1061 675 220 99 87 18 2649 80 25 87 25 53 473 665
internal_value=-1.33423e-05 0.000305503 0.00109398 0.00863596 0.000744898 -0.00754645 0.00103062 0.033305 -0.000933939 0.0236572 0.00544824 0.00461486 -0.000817201 0.0029559 -0.0119051 -0.000417024 0.00414547 0.00106962 -0.00211236 0.0102024 -0.0246951 0.00857585 0.000138977 -0.031472 0.0187924 0.0170751 0.0476022 0.0124575 0.00128289 -0.00340399
internal_weight=18344.9 16000.1 9779.09 432.601 9346.49 311.349 9035.15 49.5036 6220.99 40.5863 383.097 377.666 6194.19 1000.68 74.1634 47.3295 926.513 614.469 502.631 312.044 45.5661 14.3503 457.065 21.6906 158.957 155.712 20.4583 135.253 153.087 131.524
internal_count=128848 110895 68199 1922 66277 1732 64545 214 42696 176 1708 1684 42292 6788 538 361 6250 3762 3087 2488 325 105 2762 113 1251 1226 112 1114 1237 1138
is_linear=0
shrinkage=0.05


Tree=122
num_leaves=31
num_cat=0
split_feature=27 16 7 34 14 14 27 14 10 20 2 18 14 8 3 13 40 34 10 20 26 36 11 27 12 12 3 13 34 12
split_gain=5.00768 5.03307 10.2112 10.1813 13.5175 10.4693 10.4694 9.50536 9.20822 10.0219 9.10188 13.1199 12.6767 10.6942 12.0304 9.45349 12.4 9.45061 9.37774 20.0054 9.29947 12.6505 10.2183 9.70351 8.85671 11.0475 13.9623 8.92765 8.68925 8.47731
threshold=-0.31 2.5000000000000004 5.7550000000000008 6.8050000000000006 -0.014183333333333296 0.021066666666666598 -0.060000000000000046 0.11446666666666665 0.34160000000000001 1.4700000000000006 3.5000000000000004 4.5000000000000009 0.16974166666666676 0.53255000000000008 47.500000000000007 2.4508333333333341 3.5000000000000004 2.6550000000000007 0.44865000000000005 2.0850000000000013 -1.0000000180025095e-35 6.6550000000000011 0.54230000000000012 0.039999999999999598 0.40375 0.41885000000000006 24.500000000000004 1.6191666666666669 3.7250000000000005 0.34855000000000008
decision_type=2 2 2 2 2 2 2 2 2 2 2 2 2 2 2 2 2 2 2 2 2 2 2 2 2 2 2 2 2 2
left_child=-1 2 3 -2 8 -6 -7 29 9 -5 11 17 -13 15 18 -12 -17 -4 19 -15 -20 -22 23 -23 -19 26 -26 28 -27 -8
right_child=1 -3 10 4 5 6 7 -9 -10 -11 13 12 -14 14 -16 16 -18 24 20 -21 21 22 -24 -25 25 27 -28 -29 -30 -31
leaf_value=-0.041782429410842668 0.0035141929398199824 -0.00066164207214293262 -0.051397229079875845 0.0019348322163880206 0.059558209086595197 -0.029144397019821012 0.070116644369760839 -0.032661126901752269 -0.029330222383942384 0.08608065951558741 0.0030387488526819294 -0.014897037757370347 0.074167252785952903 -0.001884535615001197 -0.016545454917194703 0.015676364616862736 0.096785834495153933 -0.0020762204862533624 -0.011479870670228638 0.0261777703732642 0.02779696237989181 0.0049128617639456413 -0.069658541027100382 -0.0171820763330594 0.098602576970736544 0.056639190953183108 0.018647505233143083 0.032755868269644627 -0.0066205574645453839 0.010994198857096193
leaf_weight=7.1728271953761569 1487.904477365315 11150.869401147589 9.3022279441356641 17.744399763643745 24.706440560519695 9.0603008791804296 14.116162035614257 4.726309146732091 18.130598280578852 4.4199432656168929 2425.5874183364213 240.82931266725063 4.0626107528805724 212.41239862889051 136.51818368211389 25.284705340862278 5.7914551049470893 1684.2391137741506 253.63579535111785 90.597789313644171 39.768109381198883 184.93778506293893 5.5417317226529113 67.949145440012217 6.0329984836280337 5.688815511763095 57.503229308873415 19.388454049825668 118.55829037353396 10.627913706004618
leaf_count=47 8196 91340 43 103 132 43 71 26 107 26 12317 1334 22 1097 649 105 27 8765 1293 419 198 960 26 355 35 28 302 87 640 55
internal_value=-1.30209e-05 3.31889e-06 0.00103531 0.00456913 0.0197301 0.0341519 0.0178611 0.0323123 -0.00290286 0.0187149 2.9901e-05 -0.00252691 -0.0134195 0.00162093 -0.00276251 0.00338982 0.0307922 -0.00112349 -0.000561374 0.00650588 -0.00444199 0.00154418 -0.00249571 -0.00102391 -0.000876233 0.00887927 0.0262395 0.00120008 -0.00372413 0.0447228
internal_weight=18343.1 18335.9 7185.07 1591.44 103.532 63.2371 38.5307 29.4704 40.2949 22.1643 5593.63 2145.61 244.892 3448.02 991.361 2456.66 31.0762 1900.71 854.843 303.01 551.833 298.197 258.429 252.887 1891.41 207.172 63.5362 143.636 124.247 24.7441
internal_count=128848 128801 37461 8759 563 327 195 152 236 129 28702 11256 1356 17446 4997 12449 132 9900 4348 1516 2832 1539 1341 1315 9857 1092 337 755 668 126
is_linear=0
shrinkage=0.05


Tree=123
num_leaves=31
num_cat=0
split_feature=8 34 0 39 6 15 11 35 26 3 26 7 34 40 8 3 33 27 37 10 36 7 10 12 21 14 14 22 12 10
split_gain=4.87249 6.66348 12.6763 8.42838 13.5972 4.7888 7.57487 10.0921 10.5651 9.01324 8.37729 7.42185 15.063 11.4232 13.4227 10.3366 10.2484 9.49757 9.74183 8.13918 17.4183 8.24766 7.60483 7.24627 6.93432 7.54278 9.21513 6.91883 6.93663 7.76148
threshold=0.015750000000000004 4.3150000000000004 2.5000000000000004 1.5000000000000002 0.16500000000000004 0.026666666666666682 0.25060000000000004 0.24930000000000002 -0.055000000000000153 38.500000000000007 -0.060000000000000046 5.3650000000000011 5.9450000000000012 1.0000000180025095e-35 0.34275 25.500000000000004 0.18500000000000003 -0.10999999999999986 3.5000000000000004 0.061549999999999959 6.7950000000000008 5.2350000000000012 0.34490000000000004 0.54230000000000012 -0.025000000000000005 -0.087999999999999967 -0.13198333333333329 4.5550000000000015 0.60355000000000014 0.44475000000000003
decision_type=2 2 2 2 2 2 2 2 2 2 2 2 2 2 2 2 2 2 2 2 2 2 2 2 2 2 2 2 2 2
left_child=1 2 -1 4 -4 27 9 10 -9 11 -8 12 16 -13 -15 -14 19 -16 24 20 -7 -21 -17 -10 25 26 -19 28 -2 -30
right_child=5 -3 3 -5 -6 6 7 8 23 -11 -12 13 15 14 17 22 -18 18 -20 21 -22 -23 -24 -25 -26 -27 -28 -29 29 -31
leaf_value=0.22418530002924211 -3.2910186365272723e-05 -0.019909564641355453 0.22037512685660549 -0.023437005031862593 0.0065579239911145327 0.19908109578553554 -0.041433066104858467 0.012468363433995017 -0.00030694417016603672 0.00068467770458880404 -0.0065887105049849239 -0.019934743676916555 -0.013956511680169493 -0.071898755261302613 0.08311421467158718 0.075851924265197199 0.064536725729375369 0.036411220455725486 0.08767262151795778 -0.039339516237175555 -0.062572155657388037 0.052054486672227673 0.1698429615550327 0.065796103069343734 -0.00981444847960046 0.043546909738219529 -0.025240362064240348 -0.01098131340695235 -0.0044449955703311514 -0.038443305188754384
leaf_weight=0.72556860046461125 16611.023048703559 58.884409514255822 1.0663739787414654 7.0446990164928138 2.4560333294793963 1.3617907715961401 21.329051794484258 214.37298786547035 829.83430659817532 128.93427266739309 90.187878178898245 21.975400134921074 2.2276600152254096 3.7597937360405913 6.4172699600458136 6.9162965007126314 7.4946959004737428 11.832470409572126 4.9340941160917273 11.554520071949808 1.1935084341093896 3.1391635686159125 3.1241933144629002 4.1666491180658332 20.120599742978811 26.130627527832985 12.426561079919336 147.46199021488428 54.588726425543427 24.2415118124336
leaf_count=39 115938 3151 16 400 52 29 113 1137 4650 685 506 97 47 23 28 49 51 57 25 90 31 18 21 18 125 119 59 716 414 144
internal_value=-1.27222e-05 -0.0131624 0.0220199 0.00813866 0.071289 3.77851e-05 0.00281208 0.00104697 0.00256809 0.0102966 -0.0132531 0.0188667 0.0381801 0.0122232 0.0204767 0.0834801 0.0157199 0.0247194 0.0197524 -0.00549106 0.0768702 -0.0198141 0.105098 2.33051e-05 0.0149995 0.0249077 0.00483052 -0.000198403 -0.000103131 -0.0149
internal_weight=18340.9 70.1771 11.2927 10.5671 3.52241 18270.7 1433.43 1159.89 1048.37 273.543 111.517 144.609 37.0118 107.597 85.6214 12.2681 24.7437 81.8616 75.4444 17.249 2.5553 14.6937 10.0405 834.001 70.5103 50.3897 24.259 16837.3 16689.9 78.8302
internal_count=128848 3658 507 468 68 125190 7978 6424 5805 1554 619 869 336 533 436 117 219 413 385 168 60 108 70 4668 360 235 116 117212 116496 558
is_linear=0
shrinkage=0.05


Tree=124
num_leaves=31
num_cat=0
split_feature=14 10 10 3 10 26 15 19 33 24 27 7 0 8 24 14 4 23 13 22 40 36 35 17 14 9 27 8 22 20
split_gain=4.92235 8.10972 20 11.2002 13.6171 9.21136 8.98894 8.85523 11.892 11.7972 9.52104 8.83142 11.9817 8.95111 9.58164 12.877 7.90913 7.43818 7.30352 7.11391 8.5128 9.01702 7.7569 11.0222 6.98307 6.95849 6.80379 6.71419 9.54009 12.2278
threshold=0.021791666666666685 0.061549999999999959 0.062850000000000017 19.500000000000004 0.14359999999999998 0.074999999999999747 0.0049999999999999845 0.045000000000000005 0.14500000000000005 -0.023333333333333869 -0.029999999999999801 6.4650000000000007 8.5000000000000018 0.40070000000000006 0.01166666666666716 -0.0070833333333333017 45.500000000000007 6.7350000000000012 -3.1841666666666666 -1.9149999999999994 -3.4999999999999996 6.5250000000000012 0.37655000000000005 3.5000000000000004 -0.023091666666666674 6.9750000000000005 0.039999999999999598 0.42600000000000005 0.26000000000000006 -0.57999999999999974
decision_type=2 2 2 2 2 2 2 2 2 2 2 2 2 2 2 2 2 2 2 2 2 2 2 2 2 2 2 2 2 2
left_child=1 5 6 4 -4 11 7 8 9 -3 -10 13 26 18 15 17 -14 -15 -1 20 22 -22 23 -5 -8 -23 -13 -21 -29 -30
right_child=-2 2 3 19 -6 -7 24 -9 10 -11 -12 12 16 14 -16 -17 -18 -19 -20 27 21 25 -24 -25 -26 -27 -28 28 29 -31
leaf_value=-0.050604265860603237 0.0010945879994365179 0.20871527048808158 0.0091305126273126831 -0.0061624394832280388 0.18123943599418368 -0.01608863357999555 0.047761849271779983 -0.025196894395652227 0.11887691610390222 0.064664981376764449 0.018568902704039134 -0.028400563680059134 -0.044866638168355295 0.048262339863451603 -0.033276816082285859 -0.036297026432446713 0.028589074061478561 -0.0004860770689537905 -0.0020813600421142019 0.00094474190532048679 0.093033755665013054 -0.0083831163215969152 -0.021615917050880649 0.098113358274654297 -0.061588978089291369 0.069452943414535812 0.03121848072692214 -0.0051159549816980985 0.018247324231972759 -0.00054147464232604469
leaf_weight=7.8254052684642366 6488.0256304321811 2.6099074985831976 2.9704061634838572 4.3356963470578176 1.8745159674435852 149.81600747350603 2.675698789767921 2.7830444183200589 3.1470060124993386 3.1209003757685521 9.5281903445720584 21.745200812816623 3.9054336100816718 10.651338525116442 51.891946543008089 20.449874375015497 59.405800186097622 29.489666795358062 861.30519683007151 6404.6127321990207 2.2231321427971116 465.15874950354919 4.8738233074545851 6.0990616008639336 3.2132188016548744 2.8892335705459109 6.1357017159461966 1332.0222724787891 90.005409937351942 2285.1595718711615
leaf_count=826 43031 26 35 27 20 2072 24 28 19 26 104 120 23 62 281 128 314 197 9723 46593 19 4304 34 35 34 20 31 9124 487 11081
internal_value=-1.25331e-05 -0.000618598 -0.000175017 -0.000284625 0.07572 -0.00447502 0.0427413 0.0579285 0.0704974 0.130268 0.0434734 -0.0028532 0.0120307 -0.00423591 -0.017508 -0.004003 0.0240579 0.0124492 -0.00251825 -0.000319373 -0.00623102 -0.00742548 0.0304619 0.0547862 -0.0119041 -0.00790264 -0.0152803 -3.5489e-05 -0.00172896 0.000170515
internal_weight=18339.9 11851.9 10629.3 10602.2 4.84492 1222.62 27.078 21.189 18.406 5.73081 12.6752 1072.81 91.1921 981.613 112.483 60.5909 63.3112 40.141 869.131 10597.4 485.58 470.271 15.3086 10.4348 5.88892 468.048 27.8809 10111.8 3707.19 2375.16
internal_count=128848 85817 72040 71779 55 13777 261 203 175 52 123 11705 488 11217 668 387 337 259 10549 71724 4439 4343 96 62 58 4324 151 67285 20692 11568
is_linear=0
shrinkage=0.05


Tree=125
num_leaves=31
num_cat=0
split_feature=40 0 13 19 34 38 16 35 37 9 3 31 36 26 24 34 12 22 15 20 24 11 14 23 31 2 25 7 11 9
split_gain=4.78365 10.1129 11.7822 8.86998 8.51108 8.23431 13.2907 13.786 10.2644 11.4546 12.5915 10.0868 9.20231 8.72974 12.0546 12.6439 9.3224 8.55652 8.45683 10.4921 9.05123 8.23187 10.8969 11.6204 14.6622 13.4904 11.4853 9.69169 12.6815 8.86806
threshold=2.5000000000000004 1.5000000000000002 -2.652499999999999 0.18500000000000003 3.3150000000000004 1.0000000180025095e-35 5.5000000000000009 0.26515000000000005 2.5000000000000004 5.4350000000000014 23.500000000000004 1.5000000000000002 6.535000000000001 -0.055000000000000153 -0.034999999999999691 6.5850000000000009 0.47495000000000004 3.6050000000000009 -0.010000000000000021 3.725000000000001 0.06083333333333308 0.28540000000000004 -0.081883333333333322 7.0150000000000006 2.5000000000000004 2.5000000000000004 2.5000000000000004 6.4750000000000005 0.29620000000000007 6.5650000000000004
decision_type=2 2 2 2 2 2 2 2 2 2 2 2 2 2 2 2 2 2 2 2 2 2 2 2 2 2 2 2 2 2
left_child=-1 -2 4 5 -3 11 17 -8 9 10 -9 13 -13 14 15 -4 -16 -7 19 -15 -20 -14 27 29 26 -26 -25 28 -23 -24
right_child=1 2 3 -5 -6 6 7 8 -10 -11 -12 12 21 18 16 -17 -18 -19 20 -21 -22 22 23 24 25 -27 -28 -29 -30 -31
leaf_value=0.00048092010433129195 -0.012440002331473202 0.19489518497986852 0.025721172593157794 0.064999032272571353 -0.036604443050129741 0.0037567188943676772 0.17847326956947526 0.16989312306577489 -0.052614354845751721 0.19768839081503337 -0.006522037822189965 0.064922632452202353 -0.017552193593879675 -0.0067872002787676359 0.0043480031926816992 0.16867912835884913 -0.026117774011320649 0.083950224182629513 0.00044510920354891363 0.037643905009285855 -0.024664429855260538 0.23849526728973977 -0.010033069679195178 0.14077573310469502 0.22250821427616355 0.028844976946926004 -0.0094499370190424259 -0.026224987211204892 0.033134656719708583 0.0079720692036619658
leaf_weight=13353.986469805241 196.88742643594742 0.40284316241741436 5.3502404401078811 5.1338170962408176 27.515989842824638 84.524958803318441 2.1470690416172138 1.3359025688841919 2.3419174272567034 1.3746134433895347 4.1646252255886793 4.4072272619232526 154.37041357345879 753.39089350961149 921.60865457542241 2.1756555587053299 25.813102656044066 3.4625401124358168 2288.3485408257693 13.525624286383389 36.461585564538836 1.3541440628468984 344.94810221344233 1.4653307087719429 1.8131971061229699 1.7839571498334406 9.6591884009540063 1.6420785784721372 1.6899102088063953 85.297972930595279
leaf_count=75780 2096 20 69 55 2497 825 38 27 55 17 70 49 2171 9833 7467 20 209 18 21413 85 267 18 4702 13 37 25 137 20 27 788
internal_value=-1.2447e-05 -0.00133426 -0.000877529 -0.000687556 -0.0332641 -0.000758483 0.0134848 0.064371 0.0377914 0.0685868 0.0363236 -0.00106247 -0.00706488 -0.000159988 0.00401863 0.0670488 0.00351794 0.00691254 -0.00145064 -0.0060036 5.12991e-05 -0.00759013 -0.00417006 -0.00496884 0.0387126 0.126464 0.0103379 0.071677 0.124489 -0.00646348
internal_weight=18338.4 4984.4 4787.51 4759.59 27.9188 4754.46 99.3516 11.3641 9.21706 6.87514 5.50053 4655.11 608.432 4046.67 954.948 7.5259 947.422 87.9875 3091.73 766.917 2324.81 604.024 449.654 444.968 14.7217 3.59715 11.1245 4.68613 3.04405 430.246
internal_count=128848 53068 50972 48455 2517 48400 1050 207 169 114 97 47350 7987 39363 7765 89 7676 843 31598 9918 21680 7938 5767 5702 212 62 150 65 45 5490
is_linear=0
shrinkage=0.05


Tree=126
num_leaves=31
num_cat=0
split_feature=40 40 28 38 40 37 24 37 26 25 1 26 10 4 3 4 27 3 36 9 15 20 8 20 12 35 32 3 34 11
split_gain=4.75696 17.3333 10.9745 13.6878 10.6466 17.5992 14.8557 12.9571 15.0079 18.7185 12.0536 11.6877 10.61 12.0006 14.4151 14.11 10.5177 10.3772 10.3381 10.3145 9.89799 13.4088 12.5853 18.4403 21.4181 13.2041 15.382 9.75079 9.93807 9.52693
threshold=-2.4999999999999996 -3.4999999999999996 1.5000000000000002 1.0000000180025095e-35 1.0000000180025095e-35 3.5000000000000004 0.083333333333334383 1.5000000000000002 0.050000000000000273 3.5000000000000004 4.5000000000000009 0.25499999999999995 1.0000000180025095e-35 54.500000000000007 32.500000000000007 49.500000000000007 -0.044999999999999922 37.500000000000007 7.1050000000000013 3.1450000000000005 -0.0033333333333333405 2.4350000000000009 0.24020000000000002 -0.70999999999999963 0.35725000000000001 0.40835000000000005 2.5000000000000004 53.500000000000007 3.4850000000000008 0.36045000000000005
decision_type=2 2 2 2 2 2 2 2 2 2 2 2 2 2 2 2 2 2 2 2 2 2 2 2 2 2 2 2 2 2
left_child=1 -1 3 16 6 7 19 -6 -9 -10 11 -11 13 14 15 -3 -2 20 -18 -4 22 -22 -12 24 -24 26 -25 28 -14 -17
right_child=2 12 4 -5 5 -7 -8 8 9 10 17 -13 27 -15 -16 29 18 -19 -20 -21 21 -23 23 25 -26 -27 -28 -29 -30 -31
leaf_value=0.0042871125859433546 -0.0017107012541972872 -0.0013770490872384421 -0.015261970863978836 -0.011589322224469961 0.00067760868674764151 0.0076354277661396259 0.016710086713708331 -0.0053288202799793502 0.025789598644412978 0.0052252761452912687 -0.012365982759906415 0.10418053998310683 0.024059494466458557 -0.026744444210152221 -0.0042601423717729802 0.044457991266717692 0.0087077108843525899 -0.019024530282332384 -0.049917226386625269 -0.0033003550035534575 -0.020256406026621813 0.051342508825383694 0.056149395997572071 0.093814430905539176 0.32058362540302715 0.15035816505165037 -0.04072362087536352 0.0061542893093133886 -0.011851755835130906 0.11624018943299624
leaf_weight=537.97727767378092 354.34527500718832 11.325208356603978 202.8465807819739 124.49472316354513 10134.102389831562 774.16368965338916 85.34480182826519 2011.0403306046501 82.924457165412605 307.13890243880451 9.865651922766121 3.0132282674312583 19.819978691637516 17.208772715181112 30.551066745072603 14.19125582650304 1022.0984020829201 116.838353340514 7.5757314413785926 1615.912334214896 38.927724715322256 7.8593200892209998 1.8075735904276382 3.2726685814559406 1.3285808060318229 1.9232954457402236 6.0557230263948441 95.729788031429052 688.68931270204484 6.855139981955289
leaf_count=2587 1518 77 1897 553 72221 6933 459 17338 628 2363 308 22 104 109 175 90 4466 1504 33 10452 549 60 29 31 19 21 73 547 3637 45
internal_value=-1.26367e-05 -0.00278977 0.000220916 0.00429097 -0.000177655 0.000316005 -0.00367774 -0.000129256 -0.00328391 0.00379477 0.000132531 0.00618666 -0.00709476 0.0102553 0.0203744 0.0436235 0.00571943 -0.00986168 0.00827638 -0.00463444 0.00520821 -0.00822917 0.0311301 0.060955 0.168173 0.0310705 0.0064762 -0.00882346 -0.0108472 0.0678386
internal_weight=18335.2 1422.35 16912.9 1508.51 15404.4 13500.3 1904.1 12726.1 2592 580.955 498.031 310.152 884.371 80.1314 62.9227 32.3716 1384.02 187.879 1029.67 1818.76 71.0405 46.787 24.2535 14.3878 3.13615 11.2517 9.32839 804.239 708.509 21.0464
internal_count=128848 7371 121477 6570 114907 102099 12808 95166 22945 5607 4979 2385 4784 496 387 212 6017 2594 4499 12349 1090 609 481 173 48 125 104 4288 3741 135
is_linear=0
shrinkage=0.05


Tree=127
num_leaves=31
num_cat=0
split_feature=27 17 33 25 11 20 9 27 3 10 36 37 27 35 3 24 21 11 20 12 27 11 15 24 15 12 21 4 14 40
split_gain=4.59154 4.63227 7.79435 8.42522 10.6638 9.1584 8.35306 8.02107 9.05589 14.715 9.97913 8.37125 7.88666 12.4857 16.9501 12.7354 10.9463 10.8144 12.1397 9.40958 9.9425 9.2729 8.28675 9.00659 8.52022 8.63961 8.35307 8.26524 8.08546 9.07981
threshold=-0.31 2.5000000000000004 0.16500000000000004 5.5000000000000009 0.44885000000000003 -0.86999999999999977 5.3250000000000011 0.064999999999999961 19.500000000000004 0.14359999999999998 6.6450000000000005 4.5000000000000009 0.044999999999999936 0.36380000000000007 24.500000000000004 -0.046666666666667293 0.050000000000000003 0.31205000000000005 -0.40000000000000019 0.30865000000000004 0.064999999999999961 0.32665 0.021666666666666678 -0.049999999999999371 0.026666666666666682 0.34395000000000003 -0.025000000000000005 58.500000000000007 -0.04972500000000004 3.5000000000000004
decision_type=2 2 2 2 2 2 2 2 2 2 2 2 2 2 2 2 2 2 2 2 2 2 2 2 2 2 2 2 2 2
left_child=-1 -2 3 7 5 -5 -6 8 9 10 -3 -12 13 28 15 -15 17 22 19 20 -19 -21 26 24 25 -24 -14 -20 29 -7
right_child=1 2 -4 4 6 12 -8 -9 -10 -11 11 -13 16 14 -16 -17 -18 18 27 21 -22 -23 23 -25 -26 -27 -28 -29 -30 -31
leaf_value=-0.040449310793823058 0.0010323811098314161 0.1727056296839391 -0.0025572379386313939 -0.012594592250612777 0.13933983041976072 0.0073201071762080449 0.016816897420615918 -0.0045683467312596111 0.0013639283299707566 0.24720486559410493 0.0023608818623086537 0.15810982870135645 -0.027632952433435273 0.17939371415251751 3.6397171929950546e-05 0.02183199118214485 -0.031754993592640217 0.0013239972386980717 0.0091907152744942454 0.092902217756764521 0.12294232217352404 0.011429512942870609 0.030170170042896696 -0.037075562204588568 0.01005825664905146 0.12014043120846774 -0.0020088249960815781 -0.049025615806799351 -0.023768347232176048 -0.037818376035158467
leaf_weight=7.0175237841904154 6843.7191043868661 1.1034277388825984 3552.6350507861935 248.5278718159534 2.2374374344944945 52.990248946473002 3.6774470470845699 607.2304778303951 6203.7423955071718 0.82467810437083322 10.446032286621627 0.94040875975042659 37.672115318477154 2.3123340141028166 142.90171209163964 2.8795893955975762 22.646523674950004 2.385360546410082 172.87913468107581 4.1888531334698227 5.687031663954258 21.00735348649323 6.7751627638936061 5.767127387225627 18.05772340297699 4.4019691869616508 204.19353857915848 6.3197321593761435 122.33925839979202 14.106873818673192
leaf_count=47 45786 35 25514 3267 24 371 27 4262 42808 10 298 20 254 30 1314 24 195 20 1141 37 53 175 38 33 104 26 1511 48 1127 249
internal_value=-1.27583e-05 2.72715e-06 -0.000611047 0.000261039 -0.00379148 -0.00415215 0.0631639 0.000916609 0.00145233 0.0426438 0.029137 0.0152242 -0.00168229 -0.00761568 0.00326068 0.0920055 0.00222937 0.00380218 0.0122873 0.0400255 0.0870046 0.0249743 -0.00270927 0.0200295 0.0312945 0.0656038 -0.00599995 0.00713762 -0.0161184 -0.00217006
internal_weight=18331.6 18324.6 11480.9 7928.24 1103.95 1098.04 5.91488 6824.29 6217.06 13.3145 12.4899 11.3864 849.512 337.53 148.094 5.19192 511.982 489.335 212.467 33.2686 8.07239 25.1962 276.868 35.002 29.2349 11.1771 241.866 179.199 189.436 67.0971
internal_count=128848 128801 83015 57501 10068 10017 51 47433 43171 363 353 318 6750 3115 1368 54 3635 3440 1474 285 73 212 1966 201 168 64 1765 1189 1747 620
is_linear=0
shrinkage=0.05


Tree=128
num_leaves=31
num_cat=0
split_feature=20 7 34 34 13 0 31 40 40 28 38 40 37 24 8 11 37 26 24 8 9 20 36 7 34 14 26 3 36 26
split_gain=4.5294 5.2015 11.2485 7.65518 6.86191 6.89513 5.0627 4.52037 15.8194 9.84059 12.3722 9.78817 16.0852 13.3706 11.4598 14.2126 11.3952 13.8575 16.6907 10.6143 10.2367 15.9836 13.5588 9.89116 10.2571 11.9819 10.386 9.83076 16.4949 11.5905
threshold=-5.1149999999999984 1.0000000180025095e-35 6.5050000000000008 3.3150000000000004 -3.0291666666666668 1.5000000000000002 3.5000000000000004 -2.4999999999999996 -3.4999999999999996 1.5000000000000002 1.0000000180025095e-35 1.0000000180025095e-35 3.5000000000000004 0.083333333333334383 0.027200000000000005 0.22870000000000004 1.5000000000000002 0.050000000000000273 -0.0099999999999984528 1.0000000180025095e-35 3.8950000000000005 -0.28999999999999976 6.8650000000000011 6.1250000000000009 6.3950000000000005 0.061299999999999945 0.079999999999999641 32.500000000000007 7.035000000000001 -0.044999999999999922
decision_type=2 2 2 2 2 2 2 2 2 2 2 2 2 2 2 2 2 2 2 2 2 2 2 2 2 2 2 2 2 2
left_child=-1 2 3 -2 5 -3 -5 8 -6 10 -9 13 16 27 15 19 -13 -18 -19 -14 -20 22 23 24 25 26 -22 28 -11 -30
right_child=1 4 -4 6 7 -7 -8 9 -10 11 -12 12 14 -15 -16 -17 17 18 20 -21 21 -23 -24 -25 -26 -27 -28 -29 29 -31
leaf_value=-0.039809080763213454 0.24386404631105224 0.14848526012444047 0.21009026945912598 -0.055546807704823654 0.0040581469414170766 -0.040256942150188671 0.081894298831393708 0.0054540468758412092 -0.006818366412629423 -0.012387382084169278 -0.011025443342217434 0.0006706565685439934 0.070192762737157424 0.015783542264752579 0.0066404972554577786 0.034484404001790918 -0.0050252035827060455 0.00022236304138073391 -0.01479076441861351 0.32727069156238436 -0.0021119167322593935 0.011428367278465168 -0.01814216228179447 0.1578251177453748 0.028002488800101779 0.17468847326591402 0.11184286564727471 -0.0023108110657933285 0.12895470729093658 0.015894094915239534
leaf_weight=7.1470211790874592 0.32456314563751165 0.50070365145802398 0.91884544817730773 2.0886446842923765 538.66934955865145 14.407716094516216 0.98647567536681879 1384.7345637194812 881.21522791869938 433.13864030502737 124.10102686285973 10125.48828257015 0.81797761190682539 85.867268640547991 761.65784391760826 8.6767009645700437 1999.9554348913953 494.59547754377127 14.111531472764907 0.78861963842064142 3.5262676682323306 41.034257870167494 4.7773296739906064 3.0685780867934218 11.153370212763546 3.3629166185855857 4.6181932352483273 1367.8081465549767 3.2694763466715813 7.3918088376522046
leaf_count=466 2 39 18 89 2585 1503 17 6009 4776 3192 552 71132 30 456 6209 304 16881 4852 134 22 32 249 47 17 72 25 35 9029 19 55
internal_value=-1.27441e-05 2.7787e-06 0.0548703 0.0129184 -1.0156e-05 -0.033918 -0.0114567 1.74619e-05 -0.00269208 0.000245326 0.00409862 -0.000132817 0.000340545 -0.00349507 0.00734837 0.0597784 -8.5219e-05 -0.0030515 0.00375131 0.196383 0.024129 0.031806 0.0592158 0.0735794 0.0621714 0.0952891 0.0625044 -0.00440885 -0.0108751 0.0505662
internal_weight=18330.2 18323.1 4.31853 3.39968 18318.7 14.9084 3.07512 18303.8 1419.88 16883.9 1508.84 15375.1 13477.6 1897.48 771.941 10.2833 12705.7 2580.2 580.248 1.6066 85.6524 71.5409 30.5067 25.7293 22.6607 11.5074 8.14446 1811.61 443.8 10.6613
internal_count=128848 128382 126 108 128256 1542 106 126714 7361 119353 6561 112792 100041 12751 6565 356 93476 22344 5463 52 611 477 228 181 164 92 67 12295 3266 74
is_linear=0
shrinkage=0.05


Tree=129
num_leaves=31
num_cat=0
split_feature=13 39 23 10 13 7 12 20 0 4 24 24 24 23 15 9 5 35 12 14 14 34 4 26 23 26 35 24 24 20
split_gain=4.55831 7.21031 7.32074 7.54984 9.41109 11.0267 26.137 8.52646 9.22707 8.25892 7.83318 7.00431 6.81397 6.34701 6.26698 9.46636 6.21444 11.8873 8.52011 12.209 12.6588 8.16173 10.9922 10.8048 14.5522 7.91463 13.4376 13.4173 10.5027 11.1226
threshold=0.50500000000000023 4.5000000000000009 6.8450000000000006 0.49640000000000006 -0.18333333333333332 4.2650000000000006 0.33695000000000003 0.7100000000000003 3.5000000000000004 57.500000000000007 0.021666666666667837 -0.15083333333333335 -0.10833333333333293 7.2550000000000008 0.14750000000000005 1.2550000000000001 1.0000000180025095e-35 0.58450000000000013 0.42890000000000006 0.016858333333333312 0.0032833333333333885 6.8550000000000013 55.500000000000007 -0.090000000000000288 6.6350000000000007 -0.060000000000000046 0.36025000000000007 -0.023333333333333869 -0.036666666666667506 -0.095000000000000182
decision_type=2 2 2 2 2 2 2 2 2 2 2 2 2 2 2 2 2 2 2 2 2 2 2 2 2 2 2 2 2 2
left_child=1 -1 14 4 10 6 -6 9 -9 12 11 -4 -7 -2 16 -16 18 21 -3 20 -20 -18 23 -23 -25 26 -26 28 -27 -30
right_child=13 2 3 -5 5 7 -8 8 -10 -11 -12 -13 -14 -15 15 -17 17 -19 19 -21 -22 22 -24 24 25 27 -28 -29 29 -31
leaf_value=-0.00036479797152757306 0.0010676862657799597 -0.011516226757266044 0.15335827365322952 -0.053747038039728905 -0.053472432051607816 0.12977086514270481 0.26837717415258783 0.06594746640180725 -0.046934531027101656 0.13515739695471937 0.019329790810665545 -0.037506905949974252 0.0025610198690852386 -0.035982689865017639 0.01014656908358858 0.30340552877407401 -0.0023789622273484869 0.16725790921607236 0.039144539578847129 -0.023988704495930064 0.21693775556840367 -0.056340919283313522 0.15243299069709723 0.17546113306565436 -0.013445403931716735 0.020935832516508001 0.21672555662670973 -0.027144687966616732 0.30331906382835017 0.053121362031219421
leaf_weight=10986.726422796026 6860.7278277389705 206.24674217076972 0.4858688130043437 12.912654915824531 1.2833358570933335 1.0959408171474958 1.2405746802687643 2.0835266783833495 13.80567482113838 1.3293401207774866 7.6142339776270083 44.972448749933392 26.672106146812443 11.578597903251646 0.81139611778780707 0.41640475206077099 101.69019800424576 1.1227827258408059 10.254264317918571 8.0471679079346341 1.1094754207879294 3.7929628510028186 1.7013176744803775 1.7050285786390329 1.2450119405984978 3.3281597224995494 1.2922893632203338 9.4668979961424888 0.84210232412442565 0.94008899107576194
leaf_count=83043 35010 4467 18 269 25 24 22 36 245 28 219 1739 508 61 53 6 2194 17 228 141 24 55 36 21 23 76 22 196 24 18
internal_value=-1.27733e-05 -0.000623574 -0.00670498 -0.0177552 -0.0131347 0.00303003 0.104726 -0.00267547 -0.0321325 0.0134101 -0.0276053 -0.0354669 0.0075817 0.00100526 -0.00316228 0.109604 -0.00355475 0.00528669 -0.00853567 0.0231336 0.056503 0.00384341 0.0298679 0.0206463 0.0361626 0.0222851 0.103784 0.00809935 0.0733888 0.171342
internal_weight=18326.5 11454.2 467.508 113.496 100.583 47.5105 2.52391 44.9866 15.8892 29.0974 53.0726 45.4583 27.768 6872.31 354.012 1.2278 352.784 127.127 225.658 19.4109 11.3637 126.004 24.3139 22.6125 18.8196 17.1146 2.5373 14.5772 5.11035 1.78219
internal_count=128848 93777 10734 3133 2864 888 47 841 281 560 1976 1757 532 35071 7601 59 7542 2682 4860 393 252 2665 471 435 380 359 45 314 118 42
is_linear=0
shrinkage=0.05


Tree=130
num_leaves=31
num_cat=0
split_feature=15 27 36 35 35 31 33 3 22 22 17 10 20 6 10 23 26 27 20 0 20 14 24 34 21 15 34 20 0 39
split_gain=4.4844 9.24883 7.97928 6.63094 8.33212 14.8214 8.20232 6.82458 5.70921 7.41208 9.43405 8.33511 8.98922 8.18289 10.5883 7.68816 7.58693 7.20815 6.58018 7.92872 9.63134 5.08229 7.01351 5.05975 4.72331 9.01663 11.7083 9.27318 9.23605 9.17158
threshold=-0.054999999999999973 0.13500000000000026 6.8250000000000011 0.39095000000000008 0.38145000000000007 1.5000000000000002 0.12500000000000003 43.500000000000007 1.5000000000000004 -0.79999999999999949 2.5000000000000004 0.19590000000000005 -1.2699999999999998 0.22500000000000003 0.24185000000000004 6.6650000000000009 -0.064999999999999933 0.055000000000000167 0.17999999999999985 10.500000000000002 -1.6999999999999993 -0.0044916666666666707 0.011666666666666272 6.1550000000000011 0.010000000000000004 0.0036666666666666657 4.8550000000000013 4.3650000000000011 12.500000000000002 4.5000000000000009
decision_type=2 2 2 2 2 2 2 2 2 2 2 2 2 2 2 2 2 2 2 2 2 2 2 2 2 2 2 2 2 2
left_child=1 3 -3 4 8 -6 7 -5 9 13 17 16 23 -1 15 -15 -12 18 19 20 -11 22 -14 -13 25 26 27 -2 -29 -28
right_child=24 2 -4 6 5 -7 -8 -9 -10 10 11 12 21 14 -16 -17 -18 -19 -20 -21 -22 -23 -24 -25 -26 -27 29 28 -30 -31
leaf_value=-0.036188890735418922 -0.0080875214260817171 0.010403911134388237 0.14818642225229922 -0.025612410968408994 -0.036990518791538279 0.13668178213729315 -0.04269233818932875 0.094801480695497209 -0.0408581362633944 0.17282310051811683 0.09206862240199358 0.019895747292296498 0.058665968737401875 0.11020050455779773 0.073931394975677397 -0.02162462614747887 -0.050225747008040181 0.13889734740772738 0.084140359435130693 -0.034138017548846537 0.0054378092283926156 -0.053603468152959757 -0.040476120113186076 0.12998176653288659 0.0012397978924607589 0.00061793650187941674 -0.00032102845859543035 0.00043636586536422052 0.091791767031063148 -0.0086942541594551784
leaf_weight=26.311562947928905 838.5119271860458 2.8229067474603644 1.6738621164113281 2.6060273083858219 2.2457366823218754 2.7120319493114948 25.976513037458062 2.1453973576426506 11.933920066803692 1.2834634687751534 1.0263196215964843 1.9016934372484673 4.3901035338640204 1.188201941549784 4.4630592055618754 15.992800964508204 10.735579491127284 1.7480012234300364 3.9909282103180876 5.082933465950191 2.6009869799017888 3.6683588586747637 3.0048171728849411 2.3136416468769312 5758.3011137871072 7396.4903962430544 3819.6879978422076 6.896381273865698 4.6201882511377335 357.66079025296494
leaf_count=248 6743 32 19 34 42 33 384 16 98 38 24 21 30 21 39 308 207 16 30 95 21 24 18 21 40032 46043 27105 34 25 7047
internal_value=-1.30098e-05 -0.00886963 0.0616916 -0.0111802 -0.00528112 0.0580129 -0.0316441 0.0287577 -0.00836856 -0.00404619 0.0113583 -0.00617053 0.018186 -0.0174562 0.00531611 -0.0125079 -0.0378094 0.0435884 0.0307318 0.0069624 0.0607437 -0.00548756 0.018381 0.0803179 5.60709e-05 -0.000492571 -0.0021264 -0.00747549 0.0370861 -0.00103794
internal_weight=18324 141.819 4.49677 137.322 106.594 4.95777 30.7279 4.75142 101.636 89.7025 41.7468 27.0405 15.2786 47.9556 21.6441 17.181 11.7619 14.7063 12.9583 8.96738 3.88445 11.0633 7.39492 4.21534 18182.2 12423.9 5027.38 850.028 11.5166 4177.35
internal_count=128848 1819 51 1768 1334 75 434 50 1259 1161 545 345 114 616 368 329 231 200 184 154 59 72 48 42 127029 86997 40954 6802 59 34152
is_linear=0
shrinkage=0.05


Tree=131
num_leaves=31
num_cat=0
split_feature=14 28 23 9 15 0 12 35 0 26 36 13 12 33 12 23 11 19 3 2 10 22 14 4 14 9 10 12 35 10
split_gain=4.44425 8.90841 12.1404 10.6528 10.925 9.7753 8.88892 9.7076 11.3528 10.2292 24.4965 12.9751 9.2317 8.83598 9.89605 8.5139 7.58289 7.72133 10.1033 7.1844 8.61385 6.82153 7.09197 6.80936 15.6433 9.33414 8.12347 7.78045 12.2589 7.44575
threshold=-0.095266666666666638 4.5000000000000009 6.8050000000000006 6.5050000000000008 0.0033333333333333344 6.5000000000000009 0.26840000000000003 0.43345 18.500000000000004 0.095000000000000209 6.7950000000000008 0.22 0.28605000000000008 0.16500000000000004 0.34585000000000005 7.0650000000000004 0.26990000000000008 -0.0099999999999999863 43.500000000000007 3.5000000000000004 0.43190000000000006 3.2550000000000012 -0.15040000000000001 54.500000000000007 -0.13198333333333329 4.2750000000000012 0.4169500000000001 0.45550000000000002 0.32845000000000008 0.28520000000000006
decision_type=2 2 2 2 2 2 2 2 2 2 2 2 2 2 2 2 2 2 2 2 2 2 2 2 2 2 2 2 2 2
left_child=1 2 21 6 -5 -6 -4 12 -9 10 11 -10 -8 14 -12 23 17 19 -19 -7 -21 -1 -23 27 25 -25 -26 -14 29 -29
right_child=-2 -3 3 4 5 16 7 8 9 -11 13 -13 15 -15 -16 -17 -18 18 -20 20 -22 22 -24 24 26 -27 -28 28 -30 -31
leaf_value=-0.0062187936903333792 0.00021456688484333965 -0.010328655236200298 -0.0031834368727526909 -0.031438390054543519 0.046302098475396881 -0.063876383632595915 0.040859127631111103 0.015423365004457613 0.20730424821294863 -0.02340011103311904 0.11265804921293182 0.066890530460009021 -0.0081219681524807227 -0.022442618109695171 0.011495015714919269 0.056502920827525421 -0.069563385322446505 0.052497854046694638 -0.024006085868502624 -0.075023151735291282 0.0075220897040681432 -0.017867382735234784 0.043729771663159063 -0.01420446376464253 -0.015342669174119647 0.070500869865091589 0.044774284624907769 -0.05265877230463531 0.077960237260261717 0.036850785494470413
leaf_weight=613.37772807572037 16882.03389593726 301.03933924855664 111.74332768749446 36.005197398364544 10.793422818183897 6.1174288764595977 19.356235478073359 52.076663358137012 3.9097348824143472 3.439806167036294 4.6831760890781862 2.8405858427286148 116.11029990762472 4.8156396225094786 4.99679796397686 7.6059668976813546 4.2878127694129935 12.088109634816648 6.711680904030799 3.6630616486072567 23.035252436995506 7.067881807684901 13.790204614400862 4.1044873930513885 27.214617388322949 15.664795555174349 7.0816047489643088 4.7827233746647853 7.1308672688901416 4.5180951803922653
leaf_count=3549 118011 4051 728 199 51 32 119 338 33 24 23 14 764 29 30 50 21 57 33 19 107 33 65 35 192 92 38 41 45 25
internal_value=-1.28687e-05 -0.00267914 -0.000657389 0.00512887 -0.00924309 0.00273869 0.00879989 0.013412 0.0286622 0.0565906 0.0695415 0.148217 0.00793076 0.0329038 0.0604377 0.00464896 -0.00567223 -0.000364654 0.0251853 -0.015002 -0.00380328 -0.00526257 0.0228572 0.00253544 0.0174901 0.0529144 -0.00292951 -0.00356473 0.0286378 -0.00917736
internal_weight=18322.1 1440.05 1139.01 504.777 102.702 66.6968 402.075 290.332 76.7624 24.6857 21.2459 6.75032 213.57 14.4956 9.67997 194.213 55.9033 51.6155 18.7998 32.8157 26.6983 634.236 20.8581 186.607 54.0655 19.7693 34.2962 132.542 16.4317 9.30082
internal_count=128848 10837 6786 3139 519 320 2620 1892 491 153 129 47 1401 82 53 1282 269 248 90 158 126 3647 98 1232 357 127 230 875 111 66
is_linear=0
shrinkage=0.05


Tree=132
num_leaves=31
num_cat=0
split_feature=4 1 23 22 12 20 13 8 33 22 26 13 7 7 13 12 12 22 13 40 15 14 0 27 35 27 35 34 21 3
split_gain=4.39467 5.93724 7.20628 9.72414 9.99604 7.86975 16.9556 10.6559 7.10311 8.32987 8.47174 8.66804 9.06809 7.79462 7.55904 7.28982 7.75435 8.06133 8.03267 7.91641 8.93759 7.94051 9.15188 8.5017 8.36645 8.26662 10.4972 7.81927 7.67894 9.52028
threshold=49.500000000000007 4.5000000000000009 6.8350000000000009 -3.484999999999999 0.35215000000000007 -3.6549999999999989 -3.1841666666666666 0.083800000000000013 0.13500000000000004 2.1950000000000007 0.11499999999999978 0.72999999999999987 4.1450000000000005 5.0250000000000012 1.9391666666666667 0.32544999999999996 0.35010000000000002 2.0350000000000006 1.5050000000000003 2.5000000000000004 -0.028166666666666656 0.020316666666666625 18.500000000000004 -0.034999999999999691 0.38720000000000004 0.024999999999999915 0.27600000000000008 4.5450000000000008 0.015000000000000001 35.500000000000007
decision_type=2 2 2 2 2 2 2 2 2 2 2 2 2 2 2 2 2 2 2 2 2 2 2 2 2 2 2 2 2 2
left_child=1 8 3 4 5 6 -3 -7 -1 14 11 12 -11 -13 15 -10 19 18 -18 21 -21 22 28 -24 25 27 -27 -23 -17 -30
right_child=-2 2 -4 -5 -6 7 -8 -9 9 10 -12 13 -14 -15 -16 16 17 -19 -20 20 -22 24 23 -25 -26 26 -28 -29 29 -31
leaf_value=-0.010698616969060049 0.00028347292085627751 0.034351505468553534 -0.016126447297589701 -0.0039538933204696135 -0.051329424467862032 -0.017536423105420394 0.43496427221573841 0.21694531369770309 -0.0026696274405677441 0.02762625599676485 -0.071510993790920532 0.04460872380601965 -0.043089480472263735 -0.0055895458164297853 0.031874797727805389 -0.011024367190813013 0.0012565861109059824 0.040221164747124526 -0.033893085737122325 0.07816727610522603 -0.018926290646155666 0.079323916429721919 0.069173181981568993 0.014256323878272312 -0.0020392586675589386 -0.012691734151486193 0.098146905460852529 0.019627965440393288 0.044556916513222834 -0.0088598277678425194
leaf_weight=160.71036352775991 15983.171249823179 0.5451583806425333 146.2336361524649 383.54851943999529 1.221341067459434 1.428547798655927 0.51234540017321684 0.73319480940699566 682.73555468535051 5.4443863928318015 5.4578794166445723 8.2582739293575269 27.093152243643999 121.61786308139563 20.223159983754158 59.544504746794701 505.58111666655168 12.844715919345616 16.793793439865112 2.5770486560650161 29.524962370749563 6.3367996141314498 9.8397962823510152 24.834653958678246 17.610906895250082 2.7450120300054541 9.630446130409835 40.832387593574822 17.3818653319031 16.037516668438911
leaf_count=998 110895 28 2173 4761 75 53 15 10 4266 41 32 40 168 537 85 328 3116 63 71 33 227 31 52 152 92 16 55 222 123 90
internal_value=-1.26946e-05 -0.00203748 -0.00666733 -0.00310218 0.0704636 0.11667 0.228443 0.0619924 -0.000666167 0.000315192 -0.0102383 -0.00817923 -0.0312569 -0.00239765 0.00151624 0.00109424 0.0044224 0.00108879 0.000126562 0.011954 -0.0111319 0.0155728 0.0079181 0.0298404 0.028236 0.0371902 0.0735617 0.0276476 -0.000258679 0.0189229
internal_weight=18321.1 2337.88 534.223 387.989 4.44059 3.21925 1.0575 2.16174 1803.66 1642.95 167.872 162.414 32.5375 129.876 1475.07 1454.85 772.116 535.22 522.375 236.896 32.102 204.794 127.638 34.6745 77.1556 59.5446 12.3755 47.1692 92.9639 33.4194
internal_count=128848 17953 7115 4942 181 106 43 63 10838 9840 818 786 209 577 9022 8937 4671 3250 3187 1421 260 1161 745 204 416 324 71 253 541 213
is_linear=0
shrinkage=0.05


Tree=133
num_leaves=31
num_cat=0
split_feature=22 22 14 19 26 7 19 5 36 13 22 15 27 27 24 25 8 28 21 21 11 14 40 18 27 21 12 0 35 8
split_gain=4.37459 9.66178 13.6195 13.8001 9.02907 9.84951 9.77494 8.8911 8.66521 10.091 17.0031 9.51573 9.25076 8.48558 9.7163 10.5357 13.8999 13.2063 17.3146 12.4911 11.141 16.3303 10.7259 10.0623 8.54763 11.1264 8.31554 8.38721 11.7671 8.89899
threshold=-2.2549999999999994 -2.1549999999999989 0.067566666666666705 -0.014999999999999998 0.044999999999999936 4.5850000000000009 0.050000000000000003 1.5000000000000002 6.6450000000000005 -1.4116666666666662 -2.944999999999999 0.016666666666666708 -0.11999999999999965 -0.16500000000000001 0.016666666666667055 2.5000000000000004 0.14465000000000003 4.5000000000000009 -1.0000000180025095e-35 0.010000000000000004 0.29620000000000007 0.034133333333333314 2.5000000000000004 5.5000000000000009 1.0000000180025095e-35 0.010000000000000004 0.40825000000000006 12.500000000000002 0.31215000000000004 0.20495000000000005
decision_type=2 2 2 2 2 2 2 2 2 2 2 2 2 2 2 2 2 2 2 2 2 2 2 2 2 2 2 2 2 2
left_child=4 2 3 26 5 6 8 -5 -1 10 -10 12 -11 -12 15 16 19 -17 22 -15 -20 23 -19 -22 -16 -26 27 29 -29 -2
right_child=1 -3 -4 7 -6 -7 -8 -9 9 11 13 -13 -14 14 24 17 -18 18 20 -21 21 -23 -24 -25 25 -27 -28 28 -30 -31
leaf_value=-0.017873585726617996 0.1052926128376469 4.3083765651868614e-05 0.054222484286500394 -0.0047054286956193124 -0.015417518415720028 -0.021789310158705642 -0.024619118189021225 0.076242459238772292 -0.00067772753472978772 -0.049529928633280804 0.13135837760413469 0.038913723608189288 -0.0014555155432083018 0.056256867372927302 -0.00059456997948282003 0.018342638246254341 0.013774265322819019 0.3626040586913446 -0.031195929804568995 0.23338699632610296 0.10571925056668102 -0.021427941262107356 0.095363059291817751 0.31108987720176606 0.17334622879155434 0.012624129570874233 -0.037621711012801734 0.024775487559807203 0.16890301152904971 -0.013971457646188352
leaf_weight=43.76442494802177 2.4475845224224013 17544.28896175744 18.272902619093657 76.624480939470232 137.30827494431287 51.467376826331019 33.920922627206892 3.5493560396134844 84.941719512920827 10.519581926986573 2.0659743892028919 13.878125317394732 205.22895969636738 1.7050850195810188 30.374762421939522 29.319576649926603 2.7154982313513756 0.8376828785985706 2.3669187775813034 2.3909913646057248 1.5731930229812863 1.5753139741718767 0.68045884277671576 0.9606295209378003 1.7160830469802011 2.8906705221161246 2.2355259321629992 2.3762238519266248 3.5051823798567057 4.3330613821744919
leaf_count=486 28 119659 145 669 2129 348 709 27 1713 78 24 100 1616 17 359 310 24 14 68 29 35 33 30 23 24 36 20 23 34 38
internal_value=-1.25344e-05 0.000137092 0.0146883 0.0070898 -0.00400231 -0.00101618 0.00124211 -0.0011218 0.00323808 0.00557278 0.01496 -0.00121806 -0.00379955 0.0313239 0.0287113 0.0443136 0.101497 0.0338749 0.0908412 0.159653 0.0552134 0.104986 0.242822 0.18358 0.00903074 0.0724955 0.051282 0.0669782 0.110672 0.0290789
internal_weight=18319.8 17657.6 113.344 95.0714 662.202 524.894 473.427 80.1738 439.506 395.741 166.115 229.627 215.749 81.1728 79.1069 44.1253 6.81157 37.3138 7.9942 4.09608 6.47606 4.10914 1.51814 2.53382 34.9815 4.60675 14.8976 12.6621 5.88141 6.78065
internal_count=128848 120643 984 839 8205 6076 5728 696 5019 4533 2739 1794 1694 1026 1002 583 70 513 203 46 159 91 44 58 419 60 143 123 57 66
is_linear=0
shrinkage=0.05


Tree=134
num_leaves=31
num_cat=0
split_feature=16 36 8 36 34 8 15 24 2 12 22 7 22 4 24 7 7 22 25 7 20 8 11 27 8 13 2 27 35 7
split_gain=4.26872 12.5792 9.59772 10.8335 7.65272 10.1089 8.89748 13.1073 8.69144 9.72783 11.5706 11.4845 9.61761 9.30147 12.0827 8.17655 7.65049 8.64516 7.51522 12.7745 14.4514 10.2046 11.3897 13.7766 9.77639 9.76115 9.66416 10.5068 9.25621 9.20631
threshold=1.5000000000000002 6.495000000000001 0.3674 6.9650000000000007 5.7750000000000012 0.43405000000000005 0.023333333333333341 -0.05666666666666708 3.5000000000000004 0.41715000000000008 2.0350000000000006 5.8750000000000009 0.65499999999999992 50.500000000000007 0.043333333333334341 6.245000000000001 4.7950000000000008 3.6050000000000009 2.5000000000000004 4.245000000000001 -2.2249999999999992 0.18675000000000003 0.46515000000000001 -0.060000000000000046 0.14760000000000004 -0.43250000000000005 1.5000000000000002 -0.055000000000000153 0.53710000000000013 3.9950000000000006
decision_type=2 2 2 2 2 2 2 2 2 2 2 2 2 2 2 2 2 2 2 2 2 2 2 2 2 2 2 2 2 2
left_child=1 -1 3 16 5 8 -7 -8 18 10 13 -11 -13 14 15 -10 -3 -18 19 20 28 24 26 -24 -22 -21 27 -23 -2 -28
right_child=4 2 -4 -5 -6 6 7 -9 9 11 -12 12 -14 -15 -16 -17 17 -19 -20 25 21 22 23 -25 -26 -27 29 -29 -30 -31
leaf_value=0.07603708802745178 -0.015008701470083104 -0.016777127569229274 0.00064881179407054066 0.051680011640019209 0.00051762322292159865 -0.011487730928019555 0.070119429446140635 -3.5106893305616672e-05 0.038182166653938476 0.081427454082498685 -0.02750290287622667 -0.037283313296486154 0.057396046924014947 0.0049110399244089824 -0.048267989823449056 0.12069244447987743 0.013021926753064586 -0.027270439753115355 -0.0030792010379159232 -0.011701089820820621 0.014321394116087474 0.14841851414127638 0.14586731066914144 0.02947606850085048 -0.0046807024475251377 0.00018646269757573435 0.032306581340589925 0.030344827683396636 0.13303002121635824 0.0049494024136492037
leaf_weight=5.6581372320651999 71.619840576313436 28.197515767067671 3253.0175230279565 14.892636302858589 9053.3538072500378 434.36079762689769 7.1468807756900778 97.329672630876303 18.220289360731847 9.623649228364231 23.408968098461628 5.8255336768925172 4.9710275679826736 134.896639123559 3.5023242160677901 3.5950055643916121 232.54663977399468 14.12114606797695 3081.0106055121869 201.93287688307464 145.06519778585061 2.8168311901390553 3.9069167375564575 7.2793872542679292 126.90210860781372 1192.2758059091866 47.246648447588086 5.6900343447923643 1.0716995140537608 88.090474022552371
leaf_count=25 1420 157 16019 79 66982 2383 44 489 108 55 115 37 23 755 18 22 1188 67 27113 1529 1381 22 21 51 937 6795 337 43 28 605
internal_value=-1.27307e-05 0.00154449 0.00142552 0.0101453 -0.000386818 -0.00181888 -0.00833666 0.00476392 -0.00114075 0.00897333 0.00533265 0.0417112 0.00630961 0.0101303 0.0379392 0.0517793 0.00789493 0.0107153 -0.00155557 0.00092309 0.00778235 0.0112907 0.0215285 0.0701268 0.00545486 -0.00153529 0.0177491 0.0694419 -0.0128262 0.0144999
internal_weight=18319.6 3548.43 3542.78 289.758 14771.1 5717.79 538.837 104.477 5178.95 204.043 183.623 20.4202 10.7966 160.214 25.3176 21.8153 274.865 246.668 4974.91 1893.9 499.689 426.998 155.03 11.1863 271.967 1394.21 143.844 8.50687 72.6915 135.337
internal_count=128848 17535 17510 1491 111313 44331 2916 533 41415 1133 1018 115 60 903 148 130 1412 1255 40282 13169 4845 3397 1079 72 2318 8324 1007 65 1448 942
is_linear=0
shrinkage=0.05


Tree=135
num_leaves=31
num_cat=0
split_feature=27 4 35 20 4 3 26 26 23 11 31 10 24 25 37 27 15 23 15 13 13 5 22 35 9 32 10 13 14 24
split_gain=4.20938 4.22292 9.40695 12.5845 10.3645 10.0279 9.53419 8.24071 10.6191 9.10503 8.95832 8.28583 8.44549 8.3841 8.0079 8.96458 7.75463 8.98921 7.70784 7.02501 14.1764 7.48944 7.16115 11.558 7.13352 7.02015 12.4043 8.82473 6.70414 9.65141
threshold=-0.31 57.500000000000007 0.23104999999999992 -1.4949999999999994 61.500000000000007 52.500000000000007 0.105 0.015000000000000126 7.0950000000000006 0.28955000000000003 1.5000000000000002 0.32670000000000005 0.048333333333333346 5.5000000000000009 1.5000000000000002 0.039999999999999598 -0.0050000000000000175 6.8250000000000011 -0.051666666666666645 -0.79666666666666652 0.0091666666666667691 1.0000000180025095e-35 -0.98999999999999944 0.38605000000000006 4.1550000000000011 2.5000000000000004 0.19249999999999998 -0.22833333333333325 -0.15040000000000001 -0.043333333333333439
decision_type=2 2 2 2 2 2 2 2 2 2 2 2 2 2 2 2 2 2 2 2 2 2 2 2 2 2 2 2 2 2
left_child=-1 -2 3 4 -3 6 14 9 11 19 -10 12 28 -13 -5 16 -16 -18 -11 22 25 -22 23 24 -4 26 -21 -27 29 -9
right_child=1 2 7 5 -6 -7 -8 8 10 18 -12 13 -14 -15 15 -17 17 -19 -20 20 21 -23 -24 -25 -26 27 -28 -29 -30 -31
leaf_value=-0.039155327098803872 0.00016058685345233582 -0.040777870759767555 0.02387189354328452 0.048040300392457644 0.088290106266496193 -0.022346471842443448 -0.036167855389262912 0.12434283725228273 -0.0051699239944985615 0.070536778234262396 0.11099142714283135 0.0069889626469508033 0.082848732131160285 -0.021831503653987797 0.071360922113426387 -0.027192456199183642 0.039759904412868349 -0.04385521947036073 -0.0061004052900273846 0.1015835687092098 -0.0036022954944363731 0.063610000018261753 -0.047784347591341404 0.093428999601957913 -0.061699048200498409 0.045387865106795419 -0.020994487163340222 0.12727344218566206 -0.022621867458097914 -0.033313342022587407
leaf_weight=6.8658163007348767 17546.574820819311 15.738654668908568 5.2954235570505279 34.242637377232313 1.7260067416355003 12.658371662721036 5.6793664079159489 1.8999475399032237 3.4613859932869664 3.3207310121506444 3.1887984201312065 74.718421205878258 1.9729768037796009 38.10290184430778 7.639347761869435 9.5965450890362245 8.6027582027018052 5.1317849308252343 273.57571286289021 3.0498229414224642 37.13834461197257 4.665348056703805 8.3229843820445222 3.2410669755190602 4.5096194986253977 9.3903052099049074 6.3843231350183487 5.0649037957191458 173.97788318945095 1.9849256016314019
leaf_count=47 122605 215 52 241 25 88 52 22 38 29 32 512 12 316 55 63 55 33 1840 26 200 25 107 34 38 73 43 31 1916 23
internal_value=-1.2562e-05 2.11491e-06 -0.00363613 0.0105779 -0.0280223 0.0186465 0.0259661 -0.00580093 -0.0119467 -0.000746859 0.0505301 -0.0133664 -0.0200301 -0.00274451 0.0313773 0.0129539 0.0309789 0.00851789 -0.00518132 0.0133567 0.0214572 0.00389869 -0.0115459 0.011573 -0.0154846 0.0521827 0.0186319 0.0740794 -0.0211713 0.0437905
internal_weight=18317.7 18310.9 764.281 101.015 17.4647 83.5508 70.8924 663.266 299.307 363.959 6.65018 292.657 179.836 112.821 65.2131 30.9704 21.3739 13.7345 276.896 87.0621 65.693 41.8037 21.3691 13.0461 9.80504 23.8894 9.43415 14.4552 177.863 3.88487
internal_count=128848 128801 6196 827 240 587 499 5369 2871 2498 70 2801 1973 828 447 206 143 88 1869 629 398 225 231 124 90 173 69 104 1961 45
is_linear=0
shrinkage=0.05


Tree=136
num_leaves=31
num_cat=0
split_feature=20 7 34 13 0 34 31 40 40 10 4 17 3 22 0 19 22 34 12 12 7 3 34 13 8 28 38 27 36 40
split_gain=4.17791 4.44695 8.43533 6.31138 5.41812 5.27009 4.5829 4.1778 14.227 9.7557 10.8151 13.3467 11.3616 10.1189 9.24242 11.7652 19.7924 10.4607 11.0694 10.0619 9.06534 9.00931 9.12914 8.89813 8.89302 8.57908 11.1628 9.64716 9.38295 9.00646
threshold=-5.1149999999999984 1.0000000180025095e-35 6.5050000000000008 -3.0291666666666668 1.5000000000000002 3.3150000000000004 3.5000000000000004 -2.4999999999999996 -3.4999999999999996 1.0000000180025095e-35 54.500000000000007 3.5000000000000004 45.500000000000007 0.78499999999999981 17.500000000000004 -0.025000000000000005 -0.1350000000000002 7.1350000000000007 0.35075000000000006 0.31725000000000009 5.4150000000000009 53.500000000000007 3.4850000000000008 -0.13666666666666646 0.37220000000000003 1.5000000000000002 1.0000000180025095e-35 -0.044999999999999922 7.1050000000000013 1.0000000180025095e-35
decision_type=2 2 2 2 2 2 2 2 2 2 2 2 2 2 2 2 2 2 2 2 2 2 2 2 2 2 2 2 2 2
left_child=-1 2 5 4 -3 -2 -7 8 14 10 11 12 -10 -13 15 16 -5 -17 19 -19 -12 22 -11 -23 -20 26 27 -9 -29 -27
right_child=1 3 -4 7 -6 6 -8 25 9 21 20 13 -14 -15 -16 17 -18 18 24 -21 -22 23 -24 -25 -26 29 -28 28 -30 -31
leaf_value=-0.039053725921013457 0.18319503069847837 0.11325149201860957 0.17400475827113829 0.14137057078260487 -0.039684859996998251 -0.055240145069956184 0.075046440640518894 -0.00199876273484954 0.059395733372421246 0.023216125072163071 -0.047767812535836701 0.014001357646269461 -0.014974676308325205 -0.049137611056817625 0.015464185287025412 -0.0037370035688326858 0.00704118550791846 0.029461496365582013 0.1036439484405165 -0.051646425772064741 0.034721611462905359 -0.011300520242428332 -0.011117348116712888 0.019494292977138877 0.022713860359183005 -0.0033477331698645654 -0.0105542157979819 0.0079701804533533066 -0.048158799756807702 0.00033542738460555217
leaf_weight=6.8499626833945504 0.39608715474605505 0.60469163814559479 1.0480808042921124 3.8849098533391961 13.693154044914989 1.9804985295049848 1.0239238096401093 354.53607531264424 23.922624133527282 19.926280662417412 12.31250596791506 24.25736584328115 6.5392578803002825 8.5937967970967275 129.1852302365005 366.98186098784208 9.3225627094507182 10.255750164389616 6.3245895579457265 6.0970245599746695 4.5657025277614585 41.245890978723764 682.85181790217757 54.391346253454685 7.3267772048711777 1893.0469872709364 123.79323872923851 1023.9591780602932 7.5002272129058829 13470.271772289183
leaf_count=466 2 39 18 25 1503 89 17 1517 144 104 85 156 40 45 607 1767 46 49 30 28 22 281 3633 266 33 12751 552 4459 33 100041
internal_value=-1.24479e-05 2.15796e-06 0.0499869 -9.98937e-06 -0.0332168 0.0117629 -0.0108378 1.59679e-05 -0.0025907 -0.0065148 0.0101099 0.0195905 0.0434306 -0.00251567 0.00380136 0.000128296 0.0465535 -0.00141624 0.0269691 -0.000779059 -0.0254537 -0.00818455 -0.0101439 0.00621328 0.0602082 0.000235028 0.00383151 0.0051164 0.00756204 -0.000118407
internal_weight=18316.7 18309.8 4.44859 18305.4 14.2978 3.40051 3.00442 18291.1 1417.99 878.607 80.1913 63.313 30.4619 32.8512 539.379 410.193 13.2075 396.986 30.0041 16.3528 16.8782 798.415 702.778 95.6372 13.6514 16873.1 1509.79 1386 1031.46 15363.3
internal_count=128848 128382 126 128256 1542 108 106 126714 7361 4776 492 385 184 201 2585 1978 71 1907 140 77 107 4284 3737 547 63 119353 6561 6009 4492 112792
is_linear=0
shrinkage=0.05


Tree=137
num_leaves=31
num_cat=0
split_feature=14 28 36 18 34 14 15 31 34 14 13 35 4 6 15 7 8 5 16 35 11 24 14 1 14 7 34 0 15 12
split_gain=4.14432 8.15617 6.74032 8.57304 11.0883 9.41824 6.87808 8.18173 6.50693 6.41536 7.51 6.94067 12.6954 9.84264 9.85312 8.85786 6.87364 6.60681 13.4067 10.7385 6.5251 8.46048 8.29249 9.39928 9.69806 8.47705 13.7746 8.21689 13.834 13.9666
threshold=-0.095266666666666638 1.5000000000000002 6.8450000000000006 2.5000000000000004 5.6350000000000007 -0.10715833333333331 -0.032666666666666642 5.5000000000000009 4.2150000000000007 -0.09734166666666666 2.0175000000000005 0.38425000000000004 51.500000000000007 0.13500000000000004 0.028333333333333332 5.2350000000000012 0.5615500000000001 1.5000000000000002 4.5000000000000009 0.29695000000000005 0.31905000000000006 -0.009999999999999341 -0.12356666666666667 4.5000000000000009 -0.13644999999999996 6.8850000000000007 6.995000000000001 14.500000000000002 0.009166666666666658 0.31215000000000004
decision_type=2 2 2 2 2 2 2 2 2 2 2 2 2 2 2 2 2 2 2 2 2 2 2 2 2 2 2 2 2 2
left_child=1 2 3 8 -5 6 -6 -8 -1 10 11 13 -13 -3 17 -16 20 -15 19 -19 22 -22 23 -14 -25 -24 -27 28 29 -26
right_child=-2 9 -4 4 5 -7 7 -9 -10 -11 -12 12 16 14 15 -17 -18 18 -20 -21 21 -23 25 24 27 26 -28 -29 -30 -31
leaf_value=-0.03367638802152971 0.00020726091992745709 -0.024054838238927109 0.022108258498667013 -0.029767169514172499 0.046033051911113593 0.041704247812169457 -0.019922332113993736 0.05309180094520545 0.019119012719155792 -0.021222063198766093 0.019207255250352072 -0.013625521353023654 0.018414704753599864 -0.0069706641716264246 0.10774765203516468 0.010215056536934173 -0.03239128992437991 0.14424002058301397 -0.037082070097820267 0.022894856748527728 0.11673493544451458 0.0021174889433996911 -0.0070431100201998956 -0.019080487858536079 0.23758576650317581 -0.0023516576283280615 0.12001780825245555 -0.0087901039680574281 -0.012477370369759648 0.049600204919118686
leaf_weight=6.3996155858039847 16876.651821767678 79.255583525635302 51.311103072017431 37.058147840201855 5.693186715245246 13.528993427753447 37.849592067301273 4.2696310430765143 66.279773414134979 52.947196204680949 35.531697146594524 121.66391761414707 147.92429454578087 537.90840463433415 3.4987885653972608 6.9563530348241329 11.874824382364748 3.0159646049141866 4.6155660273507237 4.610210657119751 3.0416218359023333 3.4207349345087996 135.27856453321874 38.830826060380787 1.6868031341582517 6.5813599862158281 3.534894336014986 7.1970649696886539 3.1178657216951251 2.3852122686803341
leaf_count=29 118011 568 231 177 27 63 177 20 281 443 159 1044 947 4549 30 37 66 18 61 33 26 21 1083 495 18 39 27 102 31 35
internal_value=-1.22376e-05 -0.00258963 0.00621382 0.00144666 -0.00817275 0.00487308 -0.00554866 -0.0125209 0.0144702 -0.00420115 -0.00342553 -0.00413947 0.000361525 -0.00756195 -0.00523027 0.0428541 0.00502538 -0.00614407 0.0301769 0.0708839 0.00628407 0.0560642 0.00535575 0.0119317 -0.00608837 -0.0037416 0.0404076 0.0289778 0.0667834 0.127472
internal_weight=18313.9 1437.27 222.39 171.079 98.3996 61.3414 47.8124 42.1192 72.6794 1214.88 1161.93 1126.4 486.538 639.861 560.605 10.4551 364.874 550.15 12.2417 7.62618 352.999 6.46236 346.537 201.142 53.2178 145.395 10.1163 14.3869 7.18988 4.07202
internal_count=128848 10837 1005 774 464 287 224 197 310 9832 9389 9230 3934 5296 4728 67 2890 4661 112 51 2824 47 2777 1628 681 1149 66 186 84 53
is_linear=0
shrinkage=0.05


Tree=138
num_leaves=31
num_cat=0
split_feature=15 4 4 14 21 27 28 18 26 22 15 12 9 16 27 12 34 24 22 33 31 34 5 27 8 36 3 3 3 36
split_gain=4.08938 8.90529 10.6775 8.36961 10.4008 11.5807 12.453 7.87105 7.42986 9.60712 8.16123 12.9759 9.00265 8.80999 8.71617 8.08598 7.99697 7.8888 7.17648 8.721 7.96793 9.27949 13.2647 14.1037 13.9478 18.5742 14.8154 13.7151 13.3732 13.0424
threshold=-0.018333333333333358 53.500000000000007 49.500000000000007 0.16974166666666676 0.045000000000000005 0.015000000000000126 3.5000000000000004 4.5000000000000009 0.074999999999999747 0.44000000000000022 -0.02633333333333333 0.26330000000000003 4.1750000000000007 3.5000000000000004 1.0000000180025095e-35 0.37940000000000002 3.3150000000000004 -0.050000000000001148 -2.944999999999999 0.115 4.5000000000000009 6.4450000000000012 1.0000000180025095e-35 0.024999999999999915 0.18675000000000003 6.6450000000000005 53.500000000000007 45.500000000000007 24.500000000000004 6.8650000000000011
decision_type=2 2 2 2 2 2 2 2 2 2 2 2 2 2 2 2 2 2 2 2 2 2 2 2 2 2 2 2 2 2
left_child=1 2 -1 -3 5 7 -7 -5 9 16 -11 13 -13 14 -12 -10 -4 -17 -18 -20 21 -21 24 28 25 -23 27 -27 29 -24
right_child=-2 3 8 4 -6 6 -8 -9 15 10 11 12 -14 -15 -16 17 18 -19 19 20 -22 22 23 -25 -26 26 -28 -29 -30 -31
leaf_value=-0.0062326712863582032 0.00030600813816235051 -0.0065202392763098419 0.055132215237958353 0.071701854364647696 -0.040410380536091577 0.036038948595914465 0.16565825348091665 -0.0066629877543793476 -0.013573954694701743 -0.010377792303284214 -0.00060325265066661139 -0.032735844785288203 0.0048488028790735771 0.099641602525685255 0.073761947345369686 0.037516874073023336 -0.017552170531297703 -0.0095517104991971712 -0.032769691668740872 0.0055677735575516583 -0.0065928850196448662 -0.062902947030023248 0.095265373805522913 0.062070590654263694 -0.0013813575296052938 0.065826235784773576 -0.0067791472439490894 0.19456924484944588 0.011929390110446312 -0.064102446077873285
leaf_weight=470.07139519276097 15502.760621271562 934.27472914196551 8.3923292839899641 4.1312015056610152 5.9471751381643108 5.1276881843805295 2.9015373773872852 14.281115281395614 125.28020846750587 185.56427890993655 11.974355638027196 18.880636047571898 102.04414635896683 4.8861273713409892 5.8727556839585295 17.389277514070272 30.960132106207311 18.239060257095844 13.591204386670141 513.22377628693357 88.260377251543105 3.5321973692625788 9.0056700003333372 26.746395252645016 100.79452561400831 10.712128377053888 5.5198591332882634 2.5637732287868849 68.055844833143055 1.4972400544211257
leaf_count=4528 103920 8286 77 22 52 30 28 128 1336 1142 61 128 549 35 33 186 684 156 107 4653 711 34 156 198 797 163 58 31 530 29
internal_value=-1.20836e-05 -0.00176717 0.000271424 -0.00565399 0.0193337 0.0327712 0.0828797 0.0109199 0.00249824 0.00383839 -0.00345118 0.00549598 -0.00101949 0.0401537 0.0238673 -0.00759668 0.00655671 0.0134213 0.00609052 0.00695831 0.00760892 0.00929901 0.0176822 0.0307106 0.00653927 0.0422952 0.0620646 0.0906884 0.0200336 0.0725467
internal_weight=18312.5 2809.72 1843.06 966.663 32.3887 26.4415 8.02923 18.4123 1372.99 1212.08 329.222 143.658 120.925 22.7332 17.8471 160.909 882.855 35.6283 874.463 843.503 829.912 741.651 228.428 105.305 123.122 22.328 18.7958 13.2759 78.5588 10.5029
internal_count=128848 24928 16382 8546 260 208 58 150 11854 10176 1948 806 677 129 94 1678 8228 342 8151 7467 7360 6649 1996 913 1083 286 252 194 715 185
is_linear=0
shrinkage=0.05


Tree=139
num_leaves=31
num_cat=0
split_feature=13 8 34 18 20 3 12 20 35 27 20 13 13 20 21 15 7 4 26 35 15 24 9 31 31 27 23 12 14 24
split_gain=4.0482 7.05058 9.50931 9.71159 13.4316 14.0687 18.3 11.2385 10.0145 10.5285 8.97622 8.34164 7.48774 8.28241 14.0612 15.4199 12.0733 8.27164 9.5297 11.8562 10.8904 10.0159 9.59085 8.73969 8.87464 10.6359 13.8818 9.147 10.404 8.2021
threshold=0.50500000000000023 0.40070000000000006 7.0250000000000012 3.5000000000000004 -2.524999999999999 33.500000000000007 0.47080000000000005 -0.755 0.31545000000000006 0.069999999999999854 -1.845 -0.31166666666666715 -0.008333333333333524 -0.71999999999999986 -0.025000000000000005 0.024999999999999977 5.8750000000000009 49.500000000000007 -0.029999999999999801 0.56705000000000017 -0.025000000000000012 0.03666666666666752 6.3750000000000009 4.5000000000000009 2.5000000000000004 -0.010000000000000229 6.8250000000000011 0.39625000000000005 0.039150000000000053 0.0083333333333341936
decision_type=2 2 2 2 2 2 2 2 2 2 2 2 2 2 2 2 2 2 2 2 2 2 2 2 2 2 2 2 2 2
left_child=1 2 -1 4 8 -6 -7 -8 11 -10 -3 -4 17 14 15 16 -14 -12 19 20 21 22 -19 24 -22 27 -27 28 -26 -15
right_child=-2 10 3 -5 5 6 7 -9 9 -11 12 -13 13 29 -16 -17 -18 18 -20 -21 23 -23 -24 -25 25 26 -28 -29 -30 -31
leaf_value=-0.00040885973733178034 0.00094715426971356232 -0.067399099243898225 -0.013087381376598409 -6.1240775268789084e-05 -0.0089435344337401388 0.012848975114462228 0.021074688925747025 0.16689475801464124 0.054110378398944559 0.17274156805673976 -0.022857280202105139 0.0935223805517022 0.011898903370838718 0.0015806638348153743 0.0034056388652042818 -0.017278370387549809 0.10799986685150793 0.022449189416132821 -0.0084364032042637191 0.092342121250545001 -0.0025187045151172072 0.0049532577319294658 0.14580724301177797 -0.041364037030494127 0.039348641113130703 -0.046413298438462126 0.06858787641738763 -0.01564637118149817 0.13008571125078194 -0.0058404529757117539
leaf_weight=8222.3606215405744 6871.0661661885679 5.3875050097703925 9.0699778157286328 364.00488461460918 83.178135752677917 227.03401574864984 2.2752929031848907 3.1515183337032786 14.675468042492868 2.1434687646105877 70.812405344098806 2.3001542538404491 4.8295035585761097 851.59854913316667 76.48166586086154 6.1236625835299483 10.109626285731791 2.831453684717415 589.70405631512403 3.6952056344598523 174.05682379379869 7.1575262024998665 3.5526513904333115 12.427618294954298 9.3761541992425972 8.1906811930239183 3.8611269704997531 4.0085653141140929 4.7644798383116713 661.57850617542863
leaf_count=71363 35071 42 96 3350 641 1656 16 25 148 20 552 11 27 5751 451 32 54 20 4209 25 1194 43 26 91 65 82 35 24 26 3702
internal_value=-1.21367e-05 -0.000588266 6.98598e-05 0.00563078 0.0116568 0.00870352 0.0150179 0.105757 0.0447257 0.0692292 -0.00292927 0.00847955 -0.00279062 -0.000753613 0.0133679 0.0495422 0.0769325 -0.0064589 -0.00504903 0.00349034 0.00206425 0.0455646 0.091096 -0.000654285 0.00182261 0.0268428 -0.00956952 0.0510221 0.0699212 -0.00166393
internal_weight=18311.8 11440.7 8930.19 707.833 343.828 315.639 232.461 5.42681 28.1891 16.8189 2510.55 11.3701 2505.16 1610.72 97.5445 21.0628 14.9391 894.439 823.626 233.922 230.227 13.5416 6.38411 216.685 204.258 30.201 12.0518 18.1492 14.1406 1513.18
internal_count=128848 93777 77326 5963 2613 2338 1697 41 275 168 16451 107 16409 10017 564 113 81 6392 5840 1631 1606 89 46 1517 1426 232 117 115 91 9453
is_linear=0
shrinkage=0.05


Tree=140
num_leaves=31
num_cat=0
split_feature=14 10 18 23 36 4 11 10 21 10 23 35 9 34 34 27 12 12 38 34 13 24 13 26 14 11 36 17 20 3
split_gain=4.00249 7.62012 9.50579 6.31881 6.87356 6.25906 5.8818 5.79169 13.5571 8.91192 7.00003 6.05147 5.44004 12.1517 14.7288 8.45228 7.7968 7.94754 9.80324 7.86878 10.2852 8.48186 8.56111 8.15781 9.64613 7.51654 7.18526 12.3636 10.105 11.1858
threshold=0.071633333333333368 0.78175000000000006 2.5000000000000004 7.2750000000000012 7.205000000000001 42.500000000000007 0.46515000000000001 0.50125000000000008 -0.019999999999999993 0.55935000000000012 6.785000000000001 0.28185000000000004 2.1450000000000005 5.4650000000000007 5.495000000000001 -0.16500000000000001 0.35489999999999999 0.34975000000000001 1.0000000180025095e-35 5.8250000000000011 -0.35000000000000026 -0.068333333333332011 0.56333333333333402 -0.07499999999999972 0.093516666666666678 0.44419999999999998 6.8350000000000009 1.5000000000000002 -1.5499999999999994 32.500000000000007
decision_type=2 2 2 2 2 2 2 2 2 2 2 2 2 2 2 2 2 2 2 2 2 2 2 2 2 2 2 2 2 2
left_child=5 3 -3 4 12 -1 -7 10 -9 -10 11 -8 13 26 -15 -16 17 18 19 20 -17 25 23 24 -23 -21 27 -2 -29 -30
right_child=1 2 -4 -5 -6 6 7 8 9 -11 -12 -13 -14 14 15 16 -18 -19 -20 21 -22 22 -24 -25 -26 -27 -28 28 29 -31
leaf_value=-0.057929767261301814 -0.0092047837746729796 0.073323669258284332 -0.018159195247552731 -0.061503284603510733 0.069387796886638223 -0.00023816793094409087 0.065153917795984853 -0.049609493816132451 0.10816272514625465 0.013738335295202426 -0.046752857514190796 -0.015025374450121318 0.00088427614041798781 0.15133611473698305 0.09081817107487837 0.0043386745797055768 -0.00097044987965984515 0.092115228661112908 0.099298227145832862 0.15257372437281524 0.086865046178028191 -0.037917079197467847 -0.043634927163296776 0.0024090271586654079 0.09023740419495882 0.017550602249989163 -0.028204909202314166 -0.038360496229258995 0.10992689703501562 0.015307294579204496
leaf_weight=4.7138594160787752 48.438288926146924 7.9990505129098874 4.402293648570776 3.9655687585473052 3.7408099854364982 15471.639356930973 2.5238196328282347 6.3180295005440739 3.486908007413148 8.8187733218073827 19.20466017909348 34.829696408007294 2504.8630731301382 2.0364764104597262 3.6690187035128465 7.0671108602546147 53.76825411291793 4.00455039134249 3.7147754328325382 1.8423015703447081 8.1056767180562002 1.9603215102106251 8.3206979185342771 41.826427998486921 5.8506147721782327 2.3397628287784755 25.286505972035229 3.1324665206484488 6.1757552810013276 6.3200407773256302
leaf_count=81 570 40 27 26 22 110440 15 29 20 51 142 240 15331 23 28 123 499 34 40 23 46 25 40 429 63 21 257 77 45 41
internal_value=-1.20689e-05 0.00174307 0.0408486 0.00156649 0.00165769 -0.000323429 -0.000305962 -0.0142573 0.00992683 0.0404942 -0.0222208 -0.009608 0.00156517 0.00885827 0.0178207 0.0159122 0.0139321 0.0233554 0.0199572 0.016145 0.0484263 0.00826284 0.00330071 0.0111685 0.0580743 0.0770316 -0.00563614 0.00327156 0.0419408 0.0620708
internal_weight=18310.4 2758.83 12.4013 2746.43 2742.46 15551.5 15546.8 75.1819 18.6237 12.3057 56.5582 37.3535 2738.72 233.859 144.506 142.47 138.8 85.0322 81.0277 77.3129 15.1728 62.1401 57.9581 49.6374 7.81094 4.18206 89.3531 64.0666 15.6283 12.4958
internal_count=128848 17830 67 17763 17737 111018 110937 497 100 71 397 255 17715 2384 1394 1371 1343 844 810 770 169 601 557 517 88 44 990 733 163 86
is_linear=0
shrinkage=0.05


Tree=141
num_leaves=31
num_cat=0
split_feature=12 7 8 27 9 27 15 15 12 34 18 10 6 34 19 0 31 20 26 20 14 24 19 36 24 24 12 15 11 35
split_gain=3.94415 7.15843 7.10991 7.92108 10.8577 6.99768 10.3476 9.03723 10.357 8.91661 7.6089 10.8326 7.06382 6.63554 8.37306 8.79977 8.24998 8.22254 8.15702 12.3897 10.6459 9.3909 9.11307 9.20443 12.4631 10.1962 8.874 12.0352 15.1415 9.48802
threshold=0.39345000000000008 7.8450000000000006 0.51070000000000015 0.090000000000000316 7.5950000000000006 -0.07499999999999972 0.0016666666666666568 0.0066666666666666688 0.39894999999999997 7.0150000000000006 1.5000000000000002 0.38865000000000011 0.12500000000000003 5.9750000000000005 0.14500000000000005 19.500000000000004 1.5000000000000002 0.8300000000000004 -0.069999999999999826 0.93500000000000016 0.0071750000000000156 0.036666666666666632 1.0000000180025095e-35 6.7150000000000007 -0.10833333333333293 0.056666666666667094 0.37255000000000005 -0.022666666666666651 0.35010000000000002 0.32845000000000008
decision_type=2 2 2 2 2 2 2 2 2 2 2 2 2 2 2 2 2 2 2 2 2 2 2 2 2 2 2 2 2 2
left_child=1 13 3 -2 -5 6 9 -7 -9 -4 11 -8 -10 14 -1 -16 -17 -15 19 20 -19 -22 23 24 -20 -26 -24 -28 -29 -30
right_child=2 -3 5 4 -6 7 10 8 12 -11 -12 -13 -14 17 15 16 -18 18 22 -21 21 -23 26 -25 25 -27 27 28 29 -31
leaf_value=-0.001423001065840103 0.0032292517302312225 -0.019401008541845077 0.018060441335232894 -0.0092800207500821127 0.064047618865039735 -0.017808037852853596 0.0810085420604051 -0.038003248353257253 -0.014540677942348446 0.091933118922625817 -0.029018870585464304 -0.0046901913989742718 0.0098236324558748627 -4.9782589008966227e-05 0.011840986896739437 0.13185368327296743 0.01233961584799961 0.0070319266287028493 0.092228420753707824 0.0088966166846925956 0.13204192795692524 0.041795780535540984 -0.0098293815360093757 0.0012736804641665072 0.011999089781651777 -0.045372656490835363 -0.041434837749118936 0.07129465081381825 0.038625065642347425 -0.047701600844474022
leaf_weight=7693.5066849580035 2537.0626441608183 49.110499996691942 12.940354883670809 186.95858033653349 5.1883650273084632 131.97689430788159 4.931880526244643 16.573993559926748 40.022152207791805 5.9690220467746249 16.709253244102001 14.613848350942133 115.8949560560286 5940.6598987411708 32.754667903296649 3.2317783385515204 2.6101944781839848 8.5620903745293635 4.7356638833880416 251.1685692332685 5.0268527902662736 6.7579932659864426 216.80208699032664 673.65327569097281 291.87915278039873 7.955405604094266 6.7261694092303506 13.139484517276289 6.267907362431286 6.46687937900424
leaf_count=53943 18186 246 60 1423 31 780 23 87 219 30 76 65 572 43519 244 25 21 58 33 1407 32 35 1462 4212 1808 40 53 82 35 41
internal_value=-1.18702e-05 -0.000342453 0.00161716 0.00248795 -0.00730002 -0.0049912 0.0113943 -0.00795997 -0.000424981 0.0413794 -0.00424496 0.0169338 0.00356959 -0.000280762 -0.00130646 0.0219236 0.0784548 0.000785236 0.00409417 0.0119366 0.0494629 0.0802905 0.00235965 0.00453486 0.011748 0.0104769 -0.00617209 0.0181499 0.0336393 -0.00521266
internal_weight=18309.9 15221 3088.84 2729.21 192.147 359.632 55.1644 304.468 172.491 18.9094 36.255 19.5457 155.917 15171.9 7732.1 38.5966 5.84197 7439.8 1499.14 271.516 20.3469 11.7848 1227.63 978.223 304.57 299.835 249.403 32.6004 25.8743 12.7348
internal_count=128848 107296 21552 19640 1454 1912 254 1658 878 90 164 88 791 107050 54233 290 46 52817 9298 1532 125 67 7766 6093 1881 1848 1673 211 158 76
is_linear=0
shrinkage=0.05


Tree=142
num_leaves=31
num_cat=0
split_feature=40 0 13 25 26 12 24 11 8 13 23 34 38 20 24 9 27 16 35 13 13 9 28 22 4 12 17 29 3 19
split_gain=3.97681 9.33893 10.2091 7.29019 16.2453 11.5235 9.67722 15.2255 10.8554 16.6071 9.28425 12.8481 9.11877 16.7966 12.7769 12.1902 9.73085 8.43438 8.86255 8.38809 12.9938 7.61803 10.4047 7.38937 12.1085 8.69464 6.92972 9.48632 9.42754 10.3759
threshold=2.5000000000000004 1.5000000000000002 -2.652499999999999 5.5000000000000009 0.11999999999999968 0.48735000000000001 -0.058333333333333119 0.32475000000000004 0.22264999999999999 -0.29333333333333361 6.9150000000000009 5.0050000000000008 1.0000000180025095e-35 -3.0449999999999986 -0.03666666666666573 5.5550000000000006 0.039999999999999598 5.5000000000000009 0.25720000000000004 -0.90166666666666606 -1.0566666666666662 4.4150000000000009 5.5000000000000009 0.65499999999999992 52.500000000000007 0.33185000000000003 1.5000000000000002 1.0000000180025095e-35 58.500000000000007 0.045000000000000005
decision_type=2 2 2 2 2 2 2 2 2 2 2 2 2 2 2 2 2 2 2 2 2 2 2 2 2 2 2 2 2 2
left_child=-1 -2 -3 4 12 6 23 8 -8 -10 11 -11 -4 -14 15 16 -15 -16 -19 20 -9 -20 -23 -6 -25 -26 27 28 29 -5
right_child=1 2 3 26 5 -7 7 19 9 10 -12 -13 13 14 17 -17 -18 18 21 -21 -22 22 -24 24 25 -27 -28 -29 -30 -31
leaf_value=0.00043809076362386697 -0.011939138620626268 -0.032062017382534135 -0.00061271252749527073 0.0050336730014369493 -0.025967583125765206 0.15466966250848579 -0.019533535875453874 0.0061737315788584889 0.2108501645836518 0.14128904560506006 0.15480128461246745 0.015745930992449034 0.18343233016478636 -0.055198615897268044 0.0012008573330951904 0.13887941925580113 0.10985472701424742 0.15794984502520837 -0.017074577746208835 -0.00029127157637860512 0.22970870380198766 0.16678194905005048 -0.016495753945004948 -0.046971137257196059 0.12424761139793897 0.0066122456062638743 -0.0080182074910358017 -0.03764729944860859 0.13060968458711802 0.080785352261949855
leaf_weight=13339.740469511133 195.17856118036434 25.941381311742589 3956.8707809634507 93.007036338560283 15.171447189524772 1.6454441472887982 2.9264506055042174 1.6890472033992412 2.2580042313784388 2.6725231818854764 2.3510512150824061 8.5828082449734193 1.4662474989891041 2.2225897712633009 70.881327057257295 3.7527536191046238 1.4927180428057907 1.6412831414490918 3.9636700917035341 22.79446267709136 1.0569055080413843 1.7807939164340496 1.3701979387551546 3.3473383598029596 3.4445894472301006 2.8875432051718235 521.77532291039824 11.303154284134505 1.6124155372381199 4.7513794722035518
leaf_count=75780 2096 2517 38334 1070 237 18 63 43 39 20 25 77 25 34 642 31 17 25 69 196 17 18 28 26 25 23 7122 123 25 83
internal_value=-1.16846e-05 -0.00121894 -0.000780724 -0.00060984 0.000158072 0.0238971 0.0207868 0.034788 0.0689498 0.0852721 0.0644321 0.0455555 -0.000257551 0.0156091 0.0127841 0.0753179 0.0111157 0.00691991 0.0532169 0.00965406 0.0922114 0.029056 0.0870843 -0.00418974 0.0299445 0.0706042 -0.00560777 0.0057563 0.0106933 0.00871545
internal_weight=18309.6 4969.84 4774.66 4748.72 4116.27 70.8276 69.1822 44.3313 18.7908 15.8644 13.6064 11.2553 4045.44 88.5716 87.1053 7.46806 3.71531 79.6373 8.75595 25.5404 2.74595 7.11466 3.15099 24.8509 9.67947 6.33213 632.449 110.674 99.3708 97.7584
internal_count=128848 53068 50972 48455 40032 809 791 480 224 161 122 97 39223 889 864 82 51 782 140 256 60 115 46 311 74 48 8423 1301 1178 1153
is_linear=0
shrinkage=0.05


Tree=143
num_leaves=31
num_cat=0
split_feature=2 7 9 9 26 9 7 20 35 34 26 20 34 21 20 34 22 11 15 18 39 24 27 17 25 14 7 33 4 6
split_gain=3.91315 11.3163 10.647 12.9597 12.158 10.5679 9.12317 9.36767 10.8196 10.5658 12.7796 8.98722 15.2744 8.9833 10.8447 8.73657 14.7171 11.4334 11.5942 11.1282 10.8097 10.2567 10.0784 9.50531 9.63598 8.72689 11.278 10.1523 9.59175 8.9974
threshold=3.5000000000000004 5.9150000000000009 6.9750000000000005 6.6450000000000005 0.095000000000000209 7.9850000000000012 5.8550000000000013 -0.089999999999999622 0.39875000000000005 6.5850000000000009 -0.23499999999999985 -0.83999999999999952 6.3250000000000011 0.025000000000000012 -2.9549999999999987 5.4450000000000012 0.24499999999999991 0.37885000000000008 0.024999999999999977 4.5000000000000009 4.5000000000000009 0.063333333333333033 -0.090000000000000288 2.5000000000000004 3.5000000000000004 -0.012866666666666608 5.8450000000000006 0.21500000000000002 57.500000000000007 0.22500000000000003
decision_type=2 2 2 2 2 2 2 2 2 2 2 2 2 2 2 2 2 2 2 2 2 2 2 2 2 2 2 2 2 2
left_child=6 2 3 -2 -5 11 7 8 25 10 -9 -4 -13 -10 -15 17 -17 -8 20 -18 -19 -21 -20 24 -22 -1 27 28 29 -27
right_child=1 -3 5 4 -6 -7 15 9 13 -11 -12 12 -14 14 -16 16 19 18 22 21 23 -23 -24 -25 -26 26 -28 -29 -30 -31
leaf_value=-0.0055224591657055608 0.010322645873384852 0.00053343347483230188 0.10232657966051165 -0.033890562344324297 0.050859141285519417 -0.016990697495210396 -0.010539040328608813 0.068836388494556519 0.0054153349130621302 0.006725007841308939 0.00058506250683318264 0.055946408310003026 -0.02096077360102945 -0.047538981605070342 -0.0027738825255045974 -0.0069307934749149747 0.0043806454918233172 -0.0051722125333160266 -0.041468484376649441 -0.014797500356504992 0.1294402076555082 0.027050068686167252 0.039781253738642164 -0.039873321232125336 0.017918088240311332 -0.00022440266328480863 0.066592338750265115 -0.042467140642762413 -0.012626278659419402 0.030956323546321076
leaf_weight=1491.9521404833067 260.938910510391 4749.933225562796 5.6191908828914157 30.218472288921475 4.920939862728118 8.7566610649228078 648.4093664009124 6.869430072605609 882.97386548807845 870.73755082022399 4355.5865894090384 22.282596912235025 9.089760182425378 14.368524256628005 231.66316602239385 673.58689890429378 970.98703680559993 175.46044310554862 4.3761686384677878 134.11876108497381 3.9494987800717336 16.436616994440556 29.854684926569462 2.359381802380085 3.8010612986981869 2495.9693661602214 6.2016202807426444 14.618224883452056 158.2370886025019 23.35227346746251
leaf_count=15818 1556 26198 40 186 31 49 3453 38 8785 5741 27661 119 60 325 2220 4681 4828 864 19 736 32 79 141 20 36 22836 39 159 1598 500
internal_value=-1.19201e-05 0.00116577 0.00995256 0.00648387 -0.0220222 0.0324016 -0.000465656 0.000194323 -0.0012833 0.00169626 0.000692536 0.0440937 0.0336635 0.00306104 -0.00538821 -0.00308058 -0.00108903 -0.00719836 0.00265658 0.00241947 -0.00227549 -0.0102289 0.0293941 0.0479978 0.0747471 -0.00245379 -0.000757107 -0.000912251 -0.000685381 6.46199e-05
internal_weight=18307.6 5091.76 341.827 296.078 35.1394 45.7482 13215.9 10552.5 5319.34 5233.19 4362.46 36.9915 31.3724 1129.01 246.032 2663.34 1795.13 868.211 219.801 1121.54 185.57 150.555 34.2309 10.1099 7.75056 4190.33 2698.38 2692.18 2677.56 2519.32
internal_count=128848 28239 2041 1773 217 268 100609 85720 52280 33440 27699 219 179 11330 2545 14889 10324 4565 1112 5643 952 815 160 88 68 40950 25132 25093 24934 23336
is_linear=0
shrinkage=0.05


Tree=144
num_leaves=31
num_cat=0
split_feature=21 15 34 20 24 18 36 21 24 35 38 7 36 36 23 1 15 13 22 7 27 31 19 10 15 39 19 24 24 11
split_gain=4.04714 7.77434 7.91984 8.39408 7.28157 7.26334 8.47219 7.9865 7.24649 7.08945 13.7541 14.699 11.1613 7.22119 9.85561 12.4415 8.16006 6.94692 7.2526 10.9533 6.93299 10.0737 8.65255 7.6732 9.92536 13.294 9.33507 11.7978 17.1129 15.453
threshold=0.010000000000000004 -0.0049999999999999897 3.9650000000000003 -1.8149999999999993 -0.038333333333332657 4.5000000000000009 6.8150000000000004 -0.025000000000000005 -0.15083333333333335 0.20074999999999998 1.0000000180025095e-35 5.9750000000000005 6.7950000000000008 6.8650000000000011 6.8950000000000005 5.5000000000000009 -0.010000000000000021 1.8700000000000006 3.7550000000000012 6.2250000000000005 -0.029999999999999801 1.5000000000000002 0.010000000000000004 0.32160000000000005 -0.038333333333333344 3.5000000000000004 0.025000000000000012 -0.045000000000000366 0.016666666666666167 0.16025000000000003
decision_type=2 2 2 2 2 2 2 2 2 2 2 2 2 2 2 2 2 2 2 2 2 2 2 2 2 2 2 2 2 2
left_child=1 2 -1 4 8 -3 -7 -8 -4 10 13 12 -12 14 20 16 -16 -11 19 -19 21 -5 -22 24 25 -24 27 -25 29 -29
right_child=-2 5 3 9 -6 6 7 -9 -10 17 11 -13 -14 -15 15 -17 -18 18 -20 -21 22 -23 23 26 -26 -27 -28 28 -30 -31
leaf_value=-0.015590280694737658 0.001069157910050352 0.00020283973873142086 0.11456971617006138 0.0048959393632335294 -0.0065869956254497614 -0.040151233164838852 0.080572443592326848 -0.013336232728815487 -0.029586502982899193 -0.0027117733592211491 0.13733297399639657 -0.040245373466458088 0.027438699859786697 -0.013134589487536839 0.042949632134931762 -0.054445997398084395 0.14658815089186902 0.082412802327580942 -0.042095131759301178 0.012285322626953586 -0.018515282268184528 0.053703616425862036 -0.025471462823254989 -0.038962502291864647 -0.019633737005776745 0.1866058653480723 0.0030266133632417549 0.059265843759455011 -0.025008457052373031 0.20600730651724147
leaf_weight=118.251998340711 5877.9853809420019 9780.0451760366559 0.88642852613702316 30.353769227862358 213.25543041480705 23.118835899047554 3.1306695081293574 8.1788145294412953 52.712335445918143 1971.6437629400752 5.2683992311358434 2.8655250221490851 4.1152902171015739 45.708258687518537 4.5223419852554789 1.9599571358412502 3.2745177075266829 6.5032385587692252 4.8289523869752875 38.722710840404034 41.990929871797562 16.221718490123749 1.5134554076939812 2.276998743414878 21.453780239447955 1.4439351665787399 13.614085998386143 3.9141137432307023 2.5102715641260147 3.3123781681060791
leaf_count=1019 41404 63184 21 168 3468 183 25 71 1140 16439 43 14 31 383 32 47 23 28 21 172 336 92 17 24 250 24 111 29 20 29
internal_value=-1.18568e-05 -0.000523153 -0.00294676 -0.00234748 -0.0107277 0.000122136 -0.0228033 0.0126594 -0.0272024 -0.00134376 0.0074851 0.0588706 0.089138 0.00424178 0.00959518 0.0581672 0.0864756 -0.00224477 0.0161502 0.0223693 0.00617607 0.0218951 -0.00177919 0.0122651 -0.00779647 0.0780745 0.0313743 0.0634982 0.0874592 0.126527
internal_weight=18305.6 12427.6 2613.12 2494.87 266.854 9814.47 34.4283 11.3095 53.5988 2228.02 206.32 12.2492 9.38369 194.071 148.362 9.75682 7.79686 2021.7 50.0549 45.2259 138.605 46.5755 92.0299 50.039 24.4112 2.95739 25.6278 12.0138 9.73676 7.22649
internal_count=128848 87444 23981 22962 4629 63463 279 96 1161 18333 1673 88 74 1585 1202 102 55 16660 221 200 1100 260 840 504 291 41 213 102 78 58
is_linear=0
shrinkage=0.05


Tree=145
num_leaves=31
num_cat=0
split_feature=15 27 36 35 33 35 31 40 24 6 9 3 24 15 22 22 15 2 7 13 0 13 26 23 21 22 23 12 34 4
split_gain=3.94998 8.19236 7.24806 6.04061 7.58822 7.25478 11.947 6.03811 5.55153 7.19807 9.96607 9.72926 9.70053 9.06434 6.22418 8.93625 7.71617 6.38321 8.23897 9.3192 8.8899 5.73297 5.19995 4.44383 4.40986 6.97489 9.86138 9.26159 9.2399 10.8312
threshold=-0.054999999999999973 0.13500000000000026 6.8350000000000009 0.39095000000000008 0.12500000000000003 0.38145000000000007 1.5000000000000002 -1.0000000180025095e-35 -0.046666666666666405 0.22500000000000003 4.5750000000000011 43.500000000000007 -0.026666666666666835 -0.059166666666666666 -0.79999999999999949 1.53 -0.056666666666666657 2.5000000000000004 4.6350000000000007 -0.48666666666666608 10.500000000000002 -1.3524999999999998 -0.10999999999999986 6.6550000000000011 0.010000000000000004 0.26000000000000006 7.2650000000000006 0.23025000000000004 5.3250000000000011 56.500000000000007
decision_type=2 2 2 2 2 2 2 2 2 2 2 2 2 2 2 2 2 2 2 2 2 2 2 2 2 2 2 2 2 2
left_child=1 3 -3 5 7 8 -7 -5 -1 14 12 -12 13 21 -10 16 17 18 19 20 -16 -11 -14 -24 25 27 28 -2 -27 -30
right_child=24 2 -4 4 -6 6 -8 -9 9 10 11 -13 22 -15 15 -17 -18 -19 -20 -21 -22 -23 23 -25 -26 26 -28 -29 29 -31
leaf_value=-0.036799306818099502 -0.0076561535866358325 0.0083978335158748467 0.13713074802677522 0.088663873044076233 -0.041606739171672846 -0.035872014144935578 0.11887306554601712 -0.023925414103911035 -0.035028268881725062 -0.053319458438066063 0.13790395451599216 0.016984073053195138 0.095313337991176861 0.16034286705082779 0.18540551114986095 -0.041290214983607326 -0.043205468388821291 -0.030077773216175469 0.095613031844962823 -0.006079993385729148 0.0094708076048152755 0.076349365409304745 0.074022427858560474 -0.02897683527115192 0.001196691925295056 -0.0019948630783866469 -0.050866083739763562 -0.0010576982205871997 0.0027087986637251444 -0.007378403714235292
leaf_weight=14.318255589110775 590.29168059350923 2.906673594377934 1.7527399081736801 2.1743832640349865 24.933042320422828 2.1684395999182007 2.9361815792508423 2.6325813280418542 21.310681564733386 1.5822211541235445 2.964865354821085 3.7899373397231102 0.99408513586968794 1.6101845847442771 1.4332158043980645 9.8232721537351591 4.6682354724034694 3.8574607297778121 4.9277177527546874 9.0711778923869133 1.4388560494408009 1.8480135276913645 1.1198939722962702 16.132389273028821 5755.3774547069333 2092.5380767267197 9.2721289303153736 5365.9519800306298 4065.5812935093418 284.75851637683809
leaf_count=246 5349 33 18 15 384 42 33 35 198 58 23 30 23 21 18 77 50 22 28 59 22 20 19 345 40032 10758 54 47868 21366 1602
internal_value=-1.18158e-05 -0.00836631 0.0568235 -0.0106041 -0.0305171 -0.00501693 0.0531375 0.0270032 -0.00795929 -0.00318941 0.016588 0.0700591 0.00107762 0.0624776 -0.0136995 -0.000794084 0.0148696 0.0279486 0.041216 0.0187722 0.0972654 0.0165387 -0.0158836 -0.0222909 5.27592e-05 -0.00047783 0.000661146 -0.00171164 0.0007353 0.00204852
internal_weight=18304.2 140.395 4.65941 135.735 29.74 105.995 5.10462 4.80696 100.89 86.5722 30.0416 6.7548 23.2868 5.04042 56.5306 35.2199 25.3967 20.7284 16.871 11.9432 2.87207 3.43023 18.2464 17.2523 18163.8 12408.4 6452.15 5956.24 6442.88 4350.34
internal_count=128848 1819 51 1768 434 1334 75 50 1259 1013 539 53 486 99 474 276 199 149 127 99 40 78 387 364 127029 86997 33780 53217 33726 22968
is_linear=0
shrinkage=0.05


Tree=146
num_leaves=31
num_cat=0
split_feature=27 22 22 14 15 36 7 9 15 26 7 19 26 23 10 36 13 22 15 27 27 0 27 13 35 33 28 35 7 23
split_gain=3.88332 3.87158 8.51265 11.5087 12.0492 9.88423 9.52839 9.08332 9.03027 7.82498 9.22505 8.58158 7.92711 11.7054 9.57485 7.78931 9.2414 14.1605 8.3676 8.5799 8.24558 11.3844 10.9064 15.7561 9.51663 14.1172 8.20092 7.91287 22.7192 16.3672
threshold=-0.31 -2.2549999999999994 -2.1549999999999989 0.067566666666666705 0.0036666666666666657 6.6850000000000014 4.5050000000000008 5.4350000000000014 0.0083333333333333193 0.044999999999999936 4.5850000000000009 0.050000000000000003 0.16500000000000006 6.9250000000000007 0.30750000000000005 6.6450000000000005 -1.4116666666666662 -2.944999999999999 0.016666666666666708 -0.10499999999999997 -0.069999999999999826 22.500000000000004 -0.084999999999999951 -1.9583333333333335 0.36145000000000005 0.17500000000000002 2.5000000000000004 0.29525000000000007 1.8650000000000004 6.8450000000000006
decision_type=2 2 2 2 2 2 2 2 2 2 2 2 2 2 2 2 2 2 2 2 2 2 2 2 2 2 2 2 2 2
left_child=-1 9 3 4 7 -6 8 -3 -7 10 11 15 -11 14 -14 26 17 20 19 -18 21 22 24 -24 -17 -26 -2 28 29 -19
right_child=1 2 -4 -5 5 6 -8 -9 -10 12 -12 -13 13 -15 -16 16 18 27 -20 -21 -22 -23 23 -25 25 -27 -28 -29 -30 -31
leaf_value=-0.037976323156414971 -0.037467057930054344 -0.0093226576333762679 5.4108880449551107e-05 0.049407795428822815 -0.029911932879895201 0.15848411274578336 0.0082213015182571146 0.047138615059629463 0.056566824354482063 -0.017664376693716052 -0.021217449319973897 -0.023479784811991689 0.034991849420599588 -0.055065272132475897 0.18317133667795091 -0.04781460429248946 -0.0433189991552064 0.064055279981342056 0.035865800958807134 -0.0012408415538054287 -0.0076014441231318959 0.17456260597534654 0.016045755025584325 0.22181638363456213 -0.0010217314242859351 0.22824852484137517 0.0062374118635749494 0.018112430665504033 0.03869687451811224 0.36431082616729088
leaf_weight=6.7332504708319894 23.099180746823549 65.073949923738837 17522.64968568855 18.883069653995335 4.2408253927715149 2.9367733150720623 6.8212436214089385 7.9989379663020364 8.3616928048431856 126.10315237333998 50.934983920305967 32.837110783904791 4.4004840059205872 2.6441331342794001 1.4491985067725179 6.005776856094597 12.885737003758548 0.8647276922129119 14.201896924525498 202.43271311745048 69.224538724403828 1.301690685097127 2.6457872558385134 1.4347852692008007 2.7740607825107877 0.88581981137394894 20.051070837769657 56.339643092826009 25.085173443891108 0.95525796990841627
leaf_count=47 156 608 119615 145 33 22 43 60 73 1999 348 709 69 47 14 112 99 38 100 1594 1432 23 48 16 62 19 330 686 275 26
internal_value=-1.16868e-05 2.28518e-06 0.000142834 0.0137427 0.00668583 0.0388029 0.0548853 -0.00314211 0.0830579 -0.00376178 -0.000999396 0.00117767 -0.0145152 0.0322391 0.0717018 0.00301706 0.00520975 0.0141388 -0.00130717 -0.00375901 -0.000309455 0.0332357 0.0198528 0.0883975 -0.00908486 0.0544697 -0.0171585 0.0287654 0.0510727 0.221651
internal_weight=18302.3 18295.5 17637 114.316 95.4334 22.3605 18.1197 73.0729 11.2985 658.557 523.96 473.025 134.597 8.49382 5.84968 440.188 397.038 167.517 229.52 215.318 84.2725 15.0479 13.7462 4.08057 9.66566 3.65988 43.1503 83.2448 26.9052 1.81999
internal_count=128848 128801 120599 984 839 171 138 668 95 8202 6073 5725 2129 130 83 5016 4530 2737 1793 1693 1712 280 257 64 193 81 486 1025 339 64
is_linear=0
shrinkage=0.05


Tree=147
num_leaves=31
num_cat=0
split_feature=4 28 23 13 7 13 36 26 15 15 22 13 40 14 22 13 7 11 7 40 23 12 23 13 35 3 8 14 31 13
split_gain=3.85389 7.12401 11.6021 9.89015 10.3178 15.6045 9.02694 13.261 7.93892 10.3134 7.88429 7.64856 8.00464 7.75687 7.41877 9.24816 10.691 11.3199 9.24623 9.79132 8.04414 7.41793 16.0394 13.715 10.1701 12.5887 8.1951 9.14242 7.60121 7.67612
threshold=51.500000000000007 4.5000000000000009 6.8550000000000013 -1.9583333333333335 4.205000000000001 0.21000000000000021 6.8250000000000011 0.079999999999999641 -0.048333333333333291 -0.044999999999999998 0.34000000000000002 1.8700000000000006 3.5000000000000004 -0.039816666666666688 2.1950000000000007 1.1066666666666671 4.7950000000000008 0.35575000000000007 6.7650000000000006 2.5000000000000004 6.9150000000000009 0.43770000000000003 6.9050000000000011 -0.32166666666666605 0.30225000000000002 34.500000000000007 0.40575000000000006 0.054524999999999997 1.5000000000000002 -0.75449999999999939
decision_type=2 2 2 2 2 2 2 2 2 2 2 2 2 2 2 2 2 2 2 2 2 2 2 2 2 2 2 2 2 2
left_child=1 3 6 -1 8 21 -3 -8 10 -10 -5 13 -13 -4 20 16 17 -16 19 -18 -7 -6 24 -24 25 -23 27 -27 29 -26
right_child=-2 2 11 4 5 14 7 -9 9 -11 -12 12 -14 -15 15 -17 18 -19 -20 -21 -22 22 23 -25 28 26 -28 -29 -30 -31
leaf_value=-0.026894434835216963 0.00040926697533360938 -0.0042569834765200576 -0.033090898259881485 -0.028310419121248001 -0.0064320567729651591 0.0022464925933890845 0.0079550751050005055 0.11781711699165563 0.088273153637841287 0.0076465489178265669 0.051830841565115499 -0.028162329258110935 0.05293185319691858 -0.011470952199267579 -0.0080683309683340487 0.00068450214968210159 -0.036236507666206147 0.090740738680459176 0.044536675839845878 0.0068663489087640783 0.01491489893862928 -0.02237072630669043 0.14305614955016044 0.02100745287847278 0.075739367740256691 0.04153980730507964 -0.0096607284728481499 0.13152895441272655 -0.037484679490093459 -0.0061310801619169197
leaf_weight=34.344902870245278 13689.871717452072 695.05269683850929 55.11473310762085 25.454770905897025 1139.3679682798684 1342.5579521656036 119.26081433473155 2.8115238584578028 4.0006508454680434 461.97503530234098 3.4896855540573588 4.8580284044146529 8.1447844579815847 167.79464831203222 8.7566768527030927 229.01923054456711 66.352250695228577 4.3328540697693816 4.6833425462245932 16.440063767135143 138.20645486563444 8.821432940661909 3.8465922847390175 5.731651268899439 3.2792200222611454 8.5921884812414664 4.1632518097758284 4.2030639052391043 18.868955191224813 22.558939307928085
leaf_count=669 94952 8752 913 246 6937 6287 1341 32 39 3528 30 26 44 2400 54 984 319 23 21 95 672 56 27 39 24 51 20 23 121 123
internal_value=-1.18667e-05 -0.0012619 -0.00487457 -0.000192998 6.71827e-05 -0.00102618 -0.00205459 0.0104854 0.00676049 0.00833877 -0.0186482 -0.0146421 0.022634 -0.0168165 0.00191883 -0.00486562 -0.017505 0.0246391 -0.0238113 -0.0276776 0.00342889 -0.00539829 0.00931271 0.0700218 0.00106316 0.0260738 0.0512735 0.0711 -0.013359 0.00425941
internal_weight=18302 4612.08 1053.04 3559.05 3524.7 3029.78 817.125 122.072 494.92 465.976 28.9445 235.912 13.0028 222.909 1810.35 329.584 100.565 13.0895 87.4757 82.7923 1480.76 1219.43 80.0653 9.57824 70.4871 25.7799 16.9585 12.7953 44.7071 25.8382
internal_count=128848 33896 13508 20388 19719 15876 10125 1373 3843 3567 276 3383 70 3313 8455 1496 512 77 435 414 6959 7421 484 66 418 150 94 74 268 147
is_linear=0
shrinkage=0.05


Tree=148
num_leaves=31
num_cat=0
split_feature=40 40 10 26 11 3 14 0 19 22 34 12 15 25 12 10 36 27 27 35 12 7 8 36 28 38 27 24 15 36
split_gain=3.86098 12.5887 8.61259 10.0246 8.36944 8.89594 9.97565 8.34262 10.1863 16.1313 9.14077 9.72643 8.10417 9.53991 8.97314 8.2235 11.9714 11.0534 8.02477 7.96178 10.8894 7.94593 7.83779 7.51798 7.35981 10.1315 8.65479 11.4159 10.0369 10.398
threshold=-2.4999999999999996 -3.4999999999999996 1.0000000180025095e-35 -0.060000000000000046 0.58385000000000009 53.500000000000007 0.001333333333333381 17.500000000000004 -0.025000000000000005 -0.1350000000000002 7.1350000000000007 0.35725000000000001 0.009166666666666658 2.5000000000000004 0.42890000000000006 0.47045000000000009 6.6250000000000009 -0.015000000000000123 1.0000000180025095e-35 0.24635000000000004 0.33525000000000005 5.8850000000000007 0.37220000000000003 6.6750000000000007 1.5000000000000002 1.0000000180025095e-35 -0.090000000000000288 0.034999999999999705 0.0099999999999999898 7.035000000000001
decision_type=2 2 2 2 2 2 2 2 2 2 2 2 2 2 2 2 2 2 2 2 2 2 2 2 2 2 2 2 2 2
left_child=1 7 3 -3 5 12 -7 8 9 -1 -10 23 -4 14 -14 17 -17 -15 21 -9 -21 -19 -13 -12 25 26 27 -2 29 -29
right_child=24 2 4 -5 -6 6 -8 19 10 -11 11 22 13 15 -16 16 -18 18 -20 20 -22 -23 -24 -25 -26 -27 -28 28 -30 -31
leaf_value=0.12408248451862476 -0.042910984459168716 0.072582048677051744 -0.013069604590441028 0.0044383569223701205 -0.061352634180545512 -0.0085525366628749159 0.02400687763284293 0.044026535817400896 -0.0036456137144091705 0.0061393407441104435 0.060085966430853399 0.099057921127687687 0.005514669442190933 -0.032921796639541277 0.061037991805916986 0.037718639629955704 -0.041639622903647644 0.078787092251336718 -6.2785257242799466e-05 0.026137258767127244 -0.0053573754080845776 -0.0079063980876979533 0.021202858386151196 -0.017813751832295218 -0.00012870405397004444 -0.01019189408449829 0.00600628830089521 0.0036807289231530296 -0.025320005368851026 0.080466702811927124
leaf_weight=4.1950454115867624 19.465813152492046 5.8167102430015794 463.83379261568189 74.807396261021495 7.2281855568289748 48.898369148373604 45.335946783423424 19.456791646778584 366.60401787981391 9.3846184313297236 4.0414521396160188 6.0774082541465742 94.332335840910673 22.382981687784195 7.8849166557192794 5.5608213245868674 32.683489389717579 7.0198463052511197 56.77385014295578 51.444305166602135 58.832075599581003 4.2392281591892242 6.9061273783445358 13.256242133677004 15371.59112129244 123.54942839220166 1259.9417660832405 72.279635734856129 31.02935828268528 4.6952576786279669
leaf_count=25 85 39 2594 457 38 297 243 92 1769 46 19 28 430 114 35 25 153 39 300 244 271 20 31 62 114907 553 5468 316 128 20
internal_value=-1.18086e-05 -0.00251869 -0.00621785 0.00935465 -0.00779479 -0.00730411 0.00711173 0.00348544 -7.82866e-06 0.0425745 -0.00146481 0.0249374 -0.00925955 -0.00160512 0.00979767 -0.0106644 -0.0301007 -0.00244311 0.00758444 0.0145379 0.00933498 0.0461456 0.0576457 0.000386823 0.0001986 0.00352839 0.00475019 -0.00766538 -0.001313 0.00836446
internal_weight=18299.5 1417 876.798 80.6241 796.174 788.946 94.2343 540.198 410.465 13.5797 396.885 30.2812 694.711 230.877 102.217 128.66 38.2443 90.4159 68.0329 129.733 110.276 11.2591 12.9835 17.2977 16882.6 1510.96 1387.41 127.47 108.004 76.9749
internal_count=128848 7371 4784 496 4288 4250 540 2587 1980 71 1909 140 3710 1116 465 651 178 473 359 607 515 59 59 81 121477 6570 6017 549 464 336
is_linear=0
shrinkage=0.05


Tree=149
num_leaves=31
num_cat=0
split_feature=37 39 28 3 37 20 31 20 28 37 15 0 7 10 3 21 22 4 7 15 17 24 40 27 27 12 27 21 6 19
split_gain=3.81576 9.44423 10.0609 11.7506 10.8022 10.6501 10.4107 10.349 10.106 9.81768 8.98482 9.22929 8.95461 9.35624 9.12859 14.9888 20.0105 23.9659 11.7429 9.09571 11.9839 8.76301 12.1371 10.3183 8.62531 12.0467 14.2115 8.56419 8.52411 8.49105
threshold=1.5000000000000002 1.5000000000000002 4.5000000000000009 32.500000000000007 5.5000000000000009 -3.1349999999999993 2.5000000000000004 1.0000000180025095e-35 5.5000000000000009 2.5000000000000004 -0.043333333333333321 1.5000000000000002 7.6450000000000005 0.53590000000000015 31.500000000000004 0.035000000000000003 -1.9499999999999997 51.500000000000007 3.7050000000000005 -0.023333333333333334 1.5000000000000002 -0.079999999999998725 1.0000000180025095e-35 0.095000000000000209 -0.044999999999999922 0.29325000000000007 -0.064999999999999933 0.075000000000000025 0.22500000000000003 -0.019999999999999993
decision_type=2 2 2 2 2 2 2 2 2 2 2 2 2 2 2 2 2 2 2 2 2 2 2 2 2 2 2 2 2 2
left_child=-1 2 3 21 5 24 7 -5 10 -3 -7 -12 13 14 15 18 -17 -18 -11 20 -20 22 -2 -24 25 -4 -27 -19 -26 -15
right_child=1 9 4 6 -6 8 -8 -9 -10 12 11 -13 -14 29 -16 16 17 27 19 -21 -22 -23 23 -25 28 26 -28 -29 -30 -31
leaf_value=0.00063737044050510934 0.0031462833818246996 -0.0074934432172603094 0.22405846068138444 0.0075767764926238908 -0.014214197752339619 -0.044636681973375045 -0.00060541384709702356 -0.0061325672142653435 -0.0037309594734362172 -0.024549787049373193 0.042503534163792836 0.01007226549998206 -0.048227476919402323 -0.0019170499465361462 -0.0049248820218468188 -0.02945693485301934 0.020844845742633657 0.26220689789047225 0.14317922649371409 0.005869914211738339 0.024011656451820559 -0.0050675642211090999 0.0054466931108634667 0.11495918048790331 0.0159681908523512 -0.031323644144997873 0.18318534899904615 0.12002073843077728 0.1539892442927806 0.026063540412128623
leaf_weight=10122.155992168002 26.58421126473695 952.48312877700664 1.4203686742112065 817.51556997001171 60.062158513814211 7.1356911724433294 3243.2850749418139 165.53243941813707 164.16603144071996 30.626014939509332 23.300040366128087 375.04072942398489 9.5993378683924657 47.842311033979058 564.1548440977931 4.2138712033629409 4.3296954585239273 2.0303872786462307 2.7271757889538994 153.40141612291336 9.3179165180772525 1416.6516909170896 3.6184667367488128 5.3032905356958508 15.656952660530807 2.0423022303730249 1.2414894877001645 2.213680561631918 1.2047376804985095 62.578985784202814
leaf_count=72221 212 9553 19 4015 472 74 18621 821 1743 1221 146 2435 58 294 5471 134 43 21 27 1480 124 8514 29 40 450 37 21 20 47 485
internal_value=-1.1533e-05 -0.000814968 0.000102662 -0.000572423 0.00598879 0.00804126 0.000760817 0.0052683 0.00673551 -0.00396225 0.0109731 0.0119693 -0.000196001 0.000325904 -0.00161885 0.0073111 0.0597603 0.103609 0.00389042 0.00915502 0.0509928 -0.00445266 0.0200815 0.0705433 0.0425314 0.102398 0.0497749 0.188043 0.0258295 0.0139404
internal_weight=18297.4 8175.28 6329.76 5678.49 651.271 591.208 4226.33 983.048 569.642 1845.52 405.476 398.341 893.036 883.436 773.015 208.86 12.7876 8.57376 196.073 165.447 12.0451 1452.16 35.506 8.92176 21.5659 4.70416 3.28379 4.24407 16.8617 110.421
internal_count=128848 56627 37696 32252 5444 4972 23457 4836 4398 18931 2655 2581 9378 9320 8541 3070 218 84 2852 1631 151 8795 281 69 574 77 58 41 497 779
is_linear=0
shrinkage=0.05


Tree=150
num_leaves=31
num_cat=0
split_feature=27 23 7 24 11 10 13 9 35 26 0 22 13 34 40 11 27 3 4 13 26 35 13 6 15 24 13 24 22 36
split_gain=3.86875 8.24661 11.7851 10.8721 9.97334 12.5802 13.3305 10.546 10.4061 8.70445 8.45472 8.2093 9.40614 7.59298 9.51113 8.78937 9.94579 7.8347 11.527 12.5907 9.2098 9.19046 10.5284 10.3632 9.41901 7.30891 7.15643 9.65901 11.8943 9.3754
threshold=0.050000000000000273 6.7250000000000005 7.2250000000000005 0.0050000000000003384 0.32150000000000001 0.47844999999999999 1.5783333333333336 4.6950000000000012 0.40355000000000008 0.024999999999999915 10.500000000000002 -1.0000000180025095e-35 0.80166666666666708 6.0450000000000008 3.5000000000000004 0.44419999999999998 0.095000000000000209 25.500000000000004 48.500000000000007 1.4708333333333334 0.105 0.35254999999999997 0.4155000000000007 0.18500000000000003 -0.0016666666666666355 -0.060000000000000046 1.2133333333333338 -0.079999999999998725 3.1650000000000009 7.0050000000000008
decision_type=2 2 2 2 2 2 2 2 2 2 2 2 2 2 2 2 2 2 2 2 2 2 2 2 2 2 2 2 2 2
left_child=25 2 3 -2 5 6 -3 -8 13 -10 -9 12 -7 14 17 -16 -17 -6 19 20 21 23 -23 24 -19 -1 29 -28 -29 -20
right_child=1 4 -4 -5 8 11 7 10 9 -11 -12 -13 -14 -15 15 16 -18 18 26 -21 -22 22 -24 -25 -26 -27 27 28 -30 -31
leaf_value=-0.0054878093306766082 -0.0061385177957189027 -0.0027193002297391184 0.036435879385146419 -0.028288966163678264 -0.0196778570810658 -0.0057840122180333317 -0.0330476744589209 0.060595220141668786 -0.015478584858303441 0.0016643899511518971 0.012428000372280652 -0.020102230872891601 0.055831807131687311 0.0087331673492222414 -0.029383002176080295 -0.022188414509785391 0.097096019509235409 0.085710815722445446 0.000614415880467133 -0.039274887697705874 0.11485435633835646 0.033489983515014914 0.14036227590872064 -0.040676740009051179 0.0083539205355646576 0.00051761804506295691 0.053618808327294314 0.018890245002470697 -0.039183435735028242 -0.038014411458691277
leaf_weight=524.6628190765623 290.8051361409016 979.29306634701788 13.978875167667864 68.433429170399904 37.094917925540358 53.589683525264263 6.4758552908897391 17.984748214483261 134.02747441828251 165.46082687191665 18.463029995560646 169.669214066118 7.0034015178680411 539.37943316670135 41.815208553802222 3.9283945914357892 3.1476614158600569 5.8797994665801552 337.99010127410293 5.9024078398942939 3.6398244388401499 6.5199147425591928 3.5642860904335976 6.303210422396659 11.897061936557295 14754.055523344781 13.952513992786406 42.880738884210587 11.099110156297682 16.473051374778152
leaf_count=5998 2013 8049 68 399 346 385 29 78 883 1263 81 942 35 3717 517 40 31 40 2269 26 27 48 20 49 66 101018 63 187 48 113
internal_value=-1.16806e-05 -0.00164799 -0.00860541 -0.0103581 -0.000665696 -0.00390221 -0.0015239 0.0257489 0.00224861 -0.00600746 0.0361956 -0.0144604 0.0013376 0.00451399 0.000391938 -0.0206621 0.0308732 0.00243757 0.00419764 0.0286418 0.0392457 0.0311904 0.0712643 0.0144084 0.0339402 0.000311395 0.00166833 0.0165347 0.00694938 -0.00118079
internal_weight=18295.4 3016.65 373.217 359.239 2643.43 1252.48 1022.22 42.9236 1390.96 299.488 36.4478 230.262 60.5931 1091.47 552.088 48.8913 7.07606 503.197 466.102 43.7065 37.8041 34.1643 10.0842 24.0801 17.7769 15278.7 422.396 67.9324 53.9798 354.463
internal_count=128848 21832 2480 2412 19352 9599 8237 188 9753 2146 159 1362 420 7607 3890 588 71 3302 2956 276 250 223 68 155 106 107016 2680 298 235 2382
is_linear=0
shrinkage=0.05


Tree=151
num_leaves=31
num_cat=0
split_feature=21 14 10 18 19 34 26 1 36 35 15 24 11 15 14 4 12 9 20 15 7 24 14 21 13 3 26 25 12 20
split_gain=3.83875 6.36538 8.58416 6.02153 6.19615 6.82276 5.87969 9.33984 7.61139 7.24264 7.00902 5.75872 5.24677 4.9231 4.86646 6.43216 4.94272 5.48062 4.9972 4.7947 5.07999 7.81008 5.09241 4.7543 8.05223 9.47562 8.45064 16.0603 11.4239 7.3016
threshold=0.11500000000000002 0.14520833333333336 0.35730000000000001 3.5000000000000004 -0.025000000000000005 4.5450000000000008 0.015000000000000126 4.5000000000000009 6.7650000000000006 0.36595000000000005 -0.010000000000000021 0.092666666666666245 0.26685000000000009 -0.013333333333333348 -0.031216666666666639 54.500000000000007 0.33085000000000003 4.9150000000000009 1.5550000000000004 -0.015000000000000005 4.3650000000000011 0.023333333333332987 -0.016016666666666648 0.015000000000000001 -1.5183333333333326 19.500000000000004 -0.029999999999999801 2.5000000000000004 0.32895000000000002 -0.064999999999999933
decision_type=2 2 2 2 2 2 2 2 2 2 2 2 2 2 2 2 2 2 2 2 2 2 2 2 2 2 2 2 2 2
left_child=23 3 -3 4 14 12 10 -8 9 -9 19 -5 -6 -14 -2 16 17 -16 -19 20 -7 -22 -23 24 -1 26 27 -26 -28 -30
right_child=1 2 -4 11 5 6 7 8 -10 -11 -12 -13 13 -15 15 -17 -18 18 -20 -21 21 22 -24 -25 25 -27 28 -29 29 -31
leaf_value=-0.0093480400439785796 -0.042117789303723945 -0.017255026012223493 0.079878401737506335 -0.019545300805184945 0.029628207244147817 0.060546996274413213 0.091473960574183513 -0.046263369764151629 0.071838174486086703 0.050507618600663176 -0.037519331419953006 0.058946481716134806 -0.06524771271557471 0.010201654571490641 -0.050145963915489526 0.042889045052124229 -0.037514021123167846 0.071735932860162735 -0.0018221043823923489 0.053097889601433225 -0.04264445237434851 -0.016269890570495962 0.063267107032854361 0.0015209052313329991 0.030879499640596997 -0.00027102107857549196 -0.048297016620228145 0.18801103659336879 0.015474491337292277 0.14084336635984665
leaf_weight=246.09973593358882 12.006277352571486 4.2937865983694774 4.8368126377463341 93.84836714528501 3.5638691037893286 3.344826843589547 5.9892959408462056 5.3996994420886022 4.0470829047262677 3.012063879519701 7.5138818100094822 2.3964486904442301 6.7525625824928275 3.1803524177521458 3.2891917489469078 5.7934612818062297 12.823251344263552 3.5698128566145879 6.5368499755859375 6.8817976601421824 7.8865720145404365 3.6810426488518715 4.4396225735545141 4290.9832692309283 6.0564227215945738 13523.017953883857 5.06722519174218 2.2230807933956385 3.5086815394461155 1.7360239792615173
leaf_count=6905 67 38 24 886 21 34 39 37 31 23 40 15 49 19 21 37 68 21 30 38 49 20 24 31096 55 89008 60 26 48 19
internal_value=-1.15378e-05 -0.00665186 0.0342001 -0.00846294 -0.000455415 0.00927129 0.0174652 0.0401625 0.0154957 -0.0116118 0.00505769 -0.0175909 -0.0224167 -0.0410901 -0.0149713 -0.00479007 -0.0153254 0.00591477 0.0241596 0.0172526 0.0045056 -0.00720466 0.0272135 6.74639e-05 -0.000384873 -0.00022198 0.0354493 0.07307 0.00524351 0.0569722
internal_weight=18293.8 215.087 9.1306 205.956 109.712 65.6927 52.1959 18.4481 12.4588 8.41176 33.7477 96.2448 13.4968 9.93292 44.0188 32.0126 26.2191 13.3959 10.1067 26.2339 19.3521 16.0072 8.12067 18078.7 13787.7 13541.6 18.5914 8.2795 10.3119 5.24471
internal_count=128848 1631 62 1569 668 424 335 130 91 60 205 901 89 68 244 177 140 72 51 165 127 93 44 127217 96121 89216 208 81 127 67
is_linear=0
shrinkage=0.05


Tree=152
num_leaves=31
num_cat=0
split_feature=13 11 0 8 20 22 13 11 11 27 4 18 34 7 8 20 27 36 12 8 36 12 8 2 22 34 3 14 5 14
split_gain=3.7533 9.41024 7.3423 7.95165 6.89424 6.58701 7.83905 12.3186 12.2357 12.9666 11.1175 9.80245 9.87419 17.7036 18.4842 9.24336 8.26751 8.21461 8.17319 7.90673 8.08872 8.04597 7.67261 12.5102 10.7504 10.362 12.1915 11.8011 11.6831 9.75054
threshold=1.5416666666666665 0.25785000000000008 5.5000000000000009 0.59275000000000011 -0.6100000000000001 2.1150000000000007 0.84749999999999981 0.35895000000000005 0.41390000000000005 -0.05000000000000026 51.500000000000007 3.5000000000000004 6.7950000000000008 4.7750000000000012 0.27185000000000004 1.27 0.105 6.7250000000000005 0.30595000000000006 0.30240000000000006 6.7650000000000006 0.18234999999999998 0.44180000000000003 3.5000000000000004 -0.1350000000000002 5.4450000000000012 56.500000000000007 0.056583333333333298 1.0000000180025095e-35 0.070241666666666633
decision_type=2 2 2 2 2 2 2 2 2 2 2 2 2 2 2 2 2 2 2 2 2 2 2 2 2 2 2 2 2 2
left_child=5 2 3 -2 -3 22 7 10 9 18 -7 12 13 14 17 -15 -10 -11 -9 -8 21 -21 23 -1 -24 27 -27 -26 -29 -30
right_child=1 4 -4 -5 -6 6 19 8 16 11 -12 -13 -14 15 -16 -17 -18 -19 -20 20 -22 -23 24 -25 25 26 -28 28 29 -31
leaf_value=0.00012365494673185186 0.034714008595491806 0.057466240131775072 0.0068749063913161896 -0.032334522284105459 4.3915634460142629e-05 -0.030168738350297982 0.022815094362469316 -0.061826059363060286 -0.016477870221660754 0.11703164293745623 -0.0089429617142513362 0.00072411352383362879 0.091434554165126178 -0.0072607721223630142 0.18196486910783849 0.077097832032951022 0.060775964001202526 0.018987681073213962 -0.00035512125822579211 0.038197214444868066 -0.007101381606869038 0.0020120785285501646 -0.0081133467561625983 0.0054495482021400645 -0.010596217808348574 0.0011652368515000626 -0.023381479505722461 0.021632570262890127 0.029223874638657006 -0.029986682191520266
leaf_weight=10884.293544454034 44.269052647054195 5.2527868598699561 248.89823891222477 4.9127260670065871 1071.032954916358 82.619157236069441 34.914934583008289 7.3478629812598255 76.803131964057684 2.8414837121963492 243.53529449552298 30.373705752193928 7.0901175364851943 23.899130269885067 3.0425311550498 3.7577911168336859 3.6267119459807864 8.6098816879093629 20.476530227810144 16.066817462444305 340.97315130382776 350.37567908316851 594.74739180970937 1226.8848532717675 434.56554897874594 2372.089316951111 51.685712687671185 62.4783885627985 9.4705112650990468 26.155718199908733
leaf_count=87476 201 22 1117 22 4811 647 185 45 479 25 1727 233 40 143 21 21 27 65 123 74 1614 1660 3413 7390 2339 14145 278 319 51 135
internal_value=-1.13636e-05 0.00250148 0.0103632 0.0280166 0.000324164 -0.000215491 -0.00369889 -0.00844517 0.00175351 0.0127939 -0.0143197 0.0230627 0.036842 0.027659 0.0724208 0.00420117 -0.0129944 0.0433158 -0.0165884 -0.000412353 -0.00155876 0.00359863 6.39296e-05 0.000663178 -0.00197978 -0.00074589 0.000641791 -0.00706017 0.00860316 -0.0142468
internal_weight=18293.1 1374.37 298.08 49.1818 1076.29 16918.7 1256.35 514.023 187.869 107.439 326.154 79.6146 49.2409 42.1508 14.4939 27.6569 80.4298 11.4514 27.8244 742.331 707.416 366.442 15662.4 12111.2 3551.19 2956.45 2423.78 532.67 98.1046 35.6262
internal_count=128848 6173 1340 223 4833 122675 7129 3596 1222 716 2374 548 315 275 111 164 506 90 168 3533 3348 1734 115546 94866 20680 17267 14423 2844 505 186
is_linear=0
shrinkage=0.05


Tree=153
num_leaves=31
num_cat=0
split_feature=20 7 27 13 34 34 31 27 24 34 19 11 37 11 31 13 19 9 35 34 35 40 12 7 15 27 21 27 14 36
split_gain=3.69418 4.21405 6.61658 5.48229 4.67597 4.01506 5.28415 3.66298 3.74768 7.07767 8.38891 7.6843 7.64913 7.1821 7.0598 6.58452 8.20365 13.6315 13.5707 11.6474 11.4577 7.95403 7.43702 9.4728 11.2342 10.6327 9.92399 11.3368 16.597 13.9727
threshold=-5.1149999999999984 1.0000000180025095e-35 -0.044999999999999922 -3.1841666666666666 3.9650000000000003 3.3150000000000004 3.5000000000000004 -0.31 0.043333333333333453 4.4050000000000011 0.17500000000000002 0.37645000000000006 5.5000000000000009 0.42890000000000006 3.5000000000000004 1.3833333333333342 -0.0099999999999999863 6.8550000000000013 0.29135000000000005 6.4150000000000009 0.33154999999999996 3.5000000000000004 0.39345000000000008 5.2750000000000012 -0.028333333333333339 0.010000000000000233 1.0000000180025095e-35 -0.10499999999999997 -0.0064416666666667058 7.0550000000000006
decision_type=2 2 2 2 2 2 2 2 2 2 2 2 2 2 2 2 2 2 2 2 2 2 2 2 2 2 2 2 2 2
left_child=-1 2 -2 4 -3 -4 -7 -5 -9 11 12 -10 15 -13 -15 22 19 21 -19 -17 -20 -18 23 25 -25 26 -11 28 29 -28
right_child=1 3 5 7 -6 6 -8 8 9 10 -12 13 -14 14 -16 16 17 18 20 -21 -22 -23 -24 24 -26 -27 27 -29 -30 -31
leaf_value=-0.037908386464126274 0.17879646928827994 0.19999753835787512 0.16529441727762484 -0.037224624033306529 -0.044805164382507839 -0.054403480489682632 0.075167890136370624 -0.00031019367781078 -0.00014652595449968664 0.00035973588501544393 0.081537227110076438 -0.028095439182767596 -0.01571206610032503 -0.011976144249641713 0.034249253269111817 -0.0034238799792150098 0.013668817476132767 0.088199495806859096 -0.027518948200238043 0.031578154009259632 0.044387332184053253 -0.032588809681835189 0.0078021971943224777 -0.027940073246157066 -0.0013811499988511525 -0.022454264804228921 0.016182947557377425 0.017034805447824798 -0.01347518230005006 0.13407619074210791
leaf_weight=6.4282436461653552 0.80117616476491083 0.19955219607800145 0.42078936100006048 6.6029622219502917 8.6744053324218822 1.8386616245843472 1.3755138982087372 15018.902571540326 235.32657125964761 436.74273964483291 3.3420823179185382 58.621928442269564 57.922935469076037 39.347803736105561 10.454398695379494 143.92553921043873 84.02795572578907 11.889769300818442 7.6926254779100445 28.46857862174511 19.796548023819923 10.448673859238623 429.44800141826272 41.210255306214094 1177.1833220683038 35.108832809142768 48.268932644277811 275.73576830793172 88.935852528549731 2.6513411700725547
leaf_count=466 7 22 2 47 1057 97 20 108250 1387 3311 25 334 309 237 60 625 350 50 33 122 84 53 2563 227 6130 221 355 1778 610 16
internal_value=-1.12464e-05 2.07638e-06 0.0487285 -9.74781e-06 -0.0393002 0.0200604 0.00104689 9.33388e-06 2.2794e-05 0.00156323 0.00236661 -0.00522085 0.00227535 -0.0162343 -0.00227258 0.00264201 0.00956719 0.0188543 0.0435688 0.00235624 0.0242649 0.00855294 0.00180548 0.000582561 -0.00227946 0.00451191 0.00562268 0.0111535 -0.000441965 0.0223215
internal_weight=18291.8 18285.4 4.43614 18280.9 8.87396 3.63496 3.21418 18272.1 18265.5 3246.55 2902.8 343.751 2899.46 108.424 49.8022 2841.53 306.25 133.856 39.3789 172.394 27.4892 94.4766 2535.29 2105.84 1218.39 887.443 852.335 415.592 139.856 50.9203
internal_count=128848 128382 126 128256 1079 119 117 127177 127130 18880 16862 2018 16837 631 297 16528 1317 570 167 747 117 403 15211 12648 6357 6291 6070 2759 981 371
is_linear=0
shrinkage=0.05


Tree=154
num_leaves=31
num_cat=0
split_feature=13 8 20 34 12 12 20 15 14 35 21 8 6 16 31 20 11 15 12 12 7 22 22 15 34 35 22 6 25 34
split_gain=3.66218 6.26795 8.41711 7.87386 11.1678 13.0138 9.2279 12.4186 12.9818 10.0158 7.91157 10.8678 10.0635 12.3302 8.80271 8.25828 7.7967 7.52812 8.11579 9.04094 10.5172 9.10766 11.1483 9.0724 8.65939 11.8327 8.21211 8.465 9.42239 8.82614
threshold=0.50500000000000023 0.40070000000000006 -1.845 7.245000000000001 0.32544999999999996 0.32294999999999996 -1.9149999999999998 0.0099999999999999898 0.0052416666666666731 0.20605000000000004 0.020000000000000014 0.20090000000000005 0.17500000000000002 5.5000000000000009 4.5000000000000009 0.069999999999999632 0.32075000000000004 -0.018333333333333295 0.30514999999999998 0.27555000000000007 6.0550000000000006 1.5500000000000007 0.30999999999999989 -0.013333333333333348 6.9350000000000014 0.34975000000000001 0.69000000000000039 0.18500000000000003 4.5000000000000009 7.0150000000000006
decision_type=2 2 2 2 2 2 2 2 2 2 2 2 2 2 2 2 2 2 2 2 2 2 2 2 2 2 2 2 2 2
left_child=1 3 -3 17 5 6 7 9 -9 -5 -6 -12 14 15 -13 16 -14 -1 19 20 21 22 -19 -21 -24 -26 -20 29 -29 -28
right_child=-2 2 -4 4 10 -7 -8 8 -10 -11 11 12 13 -15 -16 -17 -18 18 26 23 -22 -23 24 -25 25 -27 27 28 -30 -31
leaf_value=-0.0028247010252769756 0.00090170854131627152 -0.066403864332166357 -0.0026376688998777627 -0.062070115999175557 -0.0058002860661054492 0.098641326183248071 0.0080481970712990847 0.18775947675531207 0.034156089245237463 0.034452358044941442 -0.024542466707862438 -0.0077177436600466406 -0.053983929677316682 0.12953312518716628 0.079179515888763263 0.084764999982119171 0.037039977643564974 -0.0013474471908235923 0.0028748751054056615 0.011719018294660412 0.037298323018898676 -0.017045132906703904 0.008113743577054874 -0.007205148361261857 0.016726534150828639 0.11612962312815707 -0.0055171331854899702 0.033956759719811526 -0.018712576185161343 0.022286457211462867
leaf_weight=2128.2444300143979 6865.2422568276525 5.1858788644894949 2499.2553201876581 2.9972989102825549 159.51287980331108 4.7925685849040738 113.63341835234314 2.5932556171901515 2.9293513461016119 26.012822033837438 12.789934947155414 19.626961775124077 3.4033313784748369 4.2165305707603684 3.4225796908140174 5.3251687586307517 7.6196267604827881 919.18380270386115 3524.0317320695613 68.617659473791718 19.447192272171378 71.822469018399715 259.53593671321869 822.30653937952593 9.2351298928260785 4.4298418536782256 653.3923425078392 29.745147865265608 11.884160645306109 29.847530398517847
leaf_count=21435 35071 42 16409 32 1346 39 935 20 25 264 149 126 25 39 23 38 44 8305 30077 616 121 502 1580 6810 56 31 4196 196 105 191
internal_value=-1.09974e-05 -0.000559437 -0.00276971 6.1092e-05 0.00721352 0.0175499 0.0149269 0.0375622 0.106284 0.0244797 -0.000108934 0.0159864 0.0278716 0.0532989 0.00518545 0.0336365 0.0089364 -0.000247426 0.000606484 -0.0018778 0.000808074 0.000246748 0.00128831 -0.00574764 0.0101563 0.0489505 0.00187794 -0.0029688 0.0189209 -0.00430253
internal_weight=18290.3 11425 2504.44 8920.6 368.876 152.959 148.166 34.5327 5.52261 29.0101 215.917 56.4041 43.6142 20.5647 23.0495 16.3481 11.023 8551.72 6423.48 2174.58 1283.65 1264.21 1192.38 890.924 273.201 13.665 4248.9 724.869 41.6293 683.24
internal_count=128848 93777 16451 77326 3105 1315 1276 341 45 296 1790 444 295 146 149 107 69 74221 52786 18021 10595 10474 9972 7426 1667 87 34765 4688 301 4387
is_linear=0
shrinkage=0.05


end of trees

feature_importances:
win_dev=468
tenji_dev=303
course_in=251
motor_dev=225
w1_n_win=211
st_dev=190
n_win_diff_in=173
w1_course_in=163
n_2ren=162
tenji_diff_in=151
n_win=146
tenji_diff_out=142
b_2ren=135
l_win=130
w1_course_diff=130
m_2ren=125
n_win_diff_out=125
age=124
w1_m_2ren=117
w1_tenji=108
tenji=96
weight=94
jcd=89
l_2ren=87
lane=86
w1_lane=84
win_rank=65
tenji_rank=65
avg_st_diff_out=61
w1_lane_diff=60
motor_rank=50
cls_val=49
avg_st_diff_in=45
st_rank=30
w1_avg_st=29
avg_st=28
w1_maezuke=22
f_count=16
w1_cls_val=10
maezuke=3
course_diff=2

parameters:
[boosting: gbdt]
[objective: binary]
[metric: binary_logloss]
[tree_learner: serial]
[device_type: cpu]
[data_sample_strategy: bagging]
[data: ]
[valid: ]
[num_iterations: 800]
[learning_rate: 0.05]
[num_leaves: 31]
[num_threads: 0]
[seed: 0]
[deterministic: 0]
[force_col_wise: 0]
[force_row_wise: 0]
[histogram_pool_size: -1]
[max_depth: -1]
[min_data_in_leaf: 20]
[min_sum_hessian_in_leaf: 0.001]
[bagging_fraction: 1]
[pos_bagging_fraction: 1]
[neg_bagging_fraction: 1]
[bagging_freq: 0]
[bagging_seed: 3]
[bagging_by_query: 0]
[feature_fraction: 1]
[feature_fraction_bynode: 1]
[feature_fraction_seed: 2]
[extra_trees: 0]
[extra_seed: 6]
[early_stopping_round: 0]
[early_stopping_min_delta: 0]
[first_metric_only: 0]
[max_delta_step: 0]
[lambda_l1: 0]
[lambda_l2: 0]
[linear_lambda: 0]
[min_gain_to_split: 0]
[drop_rate: 0.1]
[max_drop: 50]
[skip_drop: 0.5]
[xgboost_dart_mode: 0]
[uniform_drop: 0]
[drop_seed: 4]
[top_rate: 0.2]
[other_rate: 0.1]
[min_data_per_group: 100]
[max_cat_threshold: 32]
[cat_l2: 10]
[cat_smooth: 10]
[max_cat_to_onehot: 4]
[top_k: 20]
[monotone_constraints: ]
[monotone_constraints_method: basic]
[monotone_penalty: 0]
[feature_contri: ]
[forcedsplits_filename: ]
[refit_decay_rate: 0.9]
[cegb_tradeoff: 1]
[cegb_penalty_split: 0]
[cegb_penalty_feature_lazy: ]
[cegb_penalty_feature_coupled: ]
[path_smooth: 0]
[interaction_constraints: ]
[verbosity: -1]
[saved_feature_importance_type: 0]
[use_quantized_grad: 0]
[num_grad_quant_bins: 4]
[quant_train_renew_leaf: 0]
[stochastic_rounding: 1]
[linear_tree: 0]
[max_bin: 255]
[max_bin_by_feature: ]
[min_data_in_bin: 3]
[bin_construct_sample_cnt: 200000]
[data_random_seed: 1]
[is_enable_sparse: 1]
[enable_bundle: 1]
[use_missing: 1]
[zero_as_missing: 0]
[feature_pre_filter: 0]
[pre_partition: 0]
[two_round: 0]
[header: 0]
[label_column: ]
[weight_column: ]
[group_column: ]
[ignore_column: ]
[categorical_feature: ]
[forcedbins_filename: ]
[precise_float_parser: 0]
[parser_config_file: ]
[objective_seed: 5]
[num_class: 1]
[is_unbalance: 0]
[scale_pos_weight: 1]
[sigmoid: 1]
[boost_from_average: 1]
[reg_sqrt: 0]
[alpha: 0.9]
[fair_c: 1]
[poisson_max_delta_step: 0.7]
[tweedie_variance_power: 1.5]
[lambdarank_truncation_level: 30]
[lambdarank_norm: 1]
[label_gain: ]
[lambdarank_position_bias_regularization: 0]
[eval_at: ]
[multi_error_top_k: 1]
[auc_mu_weights: ]
[num_machines: 1]
[local_listen_port: 12400]
[time_out: 120]
[machine_list_filename: ]
[machines: ]
[gpu_platform_id: -1]
[gpu_device_id: -1]
[gpu_use_dp: 0]
[num_gpu: 1]

end of parameters

pandas_categorical:[]
