tree
version=v4
num_class=1
num_tree_per_iteration=1
label_index=0
max_feature_idx=48
objective=binary sigmoid:1
feature_names=jcd lane cls_val age weight f_count avg_st n_win n_2ren l_win l_2ren m_2ren b_2ren win_dev motor_dev st_dev win_rank motor_rank st_rank avg_st_diff_in n_win_diff_in avg_st_diff_out n_win_diff_out tenji tenji_dev tenji_rank tenji_diff_in tenji_diff_out course_in maezuke course_diff w1_lane w1_cls_val w1_avg_st w1_n_win w1_m_2ren w1_tenji w1_course_in w1_maezuke w1_lane_diff w1_course_diff w2_lane w2_cls_val w2_avg_st w2_n_win w2_m_2ren w2_tenji w2_course_in w2_lane_diff
feature_infos=[1:24] [1:6] [1:4] [17:76] [40:69] [0:3] [0:0.31] [0:8.8699999999999992] [0:1] [0:10.289999999999999] [0:1] [0:1] [0:1] [-5.3166666666666664:4.2016666666666662] [-0.53054999999999997:0.7393333333333334] [-0.15666666666666665:0.18166666666666667] [1:6] [1:6] [1:6] [-0.28999999999999998:0.26000000000000001] [-8.4499999999999993:8.4499999999999993] [-0.31:0.28999999999999998] [-7.29:8.4499999999999993] [6.3600000000000003:8.6699999999999999] [-0.99999999999999911:0.45500000000000007] [1:6] [-0.83999999999999986:1.160000000000001] [-1.1799999999999997:1.2199999999999998] [1:6] [0:1] [-5:5] [1:6] [1:4] [0:0.31] [0:8.8699999999999992] [0:1] [6.4000000000000004:8.1099999999999994] [1:6] [0:1] [-5:5] [-5:5] [1:6] [1:4] [0:0.31] [0:8.8300000000000001] [0:1] [6.3099999999999996:8.6500000000000004] [1:6] [-5:5]
tree_sizes=3432 3543 3532 3546 3528 3528 3552 3535 3534 3538 3551 3523 3548 3560 3560 3548 3556 3532 3559 3554 3552 3562 3561 3559 3530 3558 3563 3557 3555 3562 3576 3566 3571 3555 3583 3553 3565 3553 3575 3569 3543 3562 3541 3571 3539 3536 3558 3561 3559 3546 3537 3548 3547 3551 3557 3546 3548 3558 3533 3535 3555 3562 3547 3542 3548 3549 3524 3539 3559 3540 3574 3554 3542 3551 3546 3546 3540 3528 3570 3544 3560 3518 3510 3569 3554 3562 3511 3557 3526 3533 3525 3506 3530 3496 3524 3495 3499 3516 3501 3517 3539 3512 3541 3523 3503 3550 3525 3518 3505 3493 3548 3526 3497 3513 3525 3475 3509 3510 3545 3477 3533 3462 3559 3507 3480 3494 3523 3524 3480 3442 3461 3545 3518 3517 3488 3507 3453 3510 3531 3480 3454 3458 3504 3447 3457 3517 3497 3435 3448 3495 3473 3459 3463 3494 3461 3481 3456 3457 3477 3490 3487 3454 3465 3397 3467 3495 3449 3524 3445 3520 3453 3468 3421 3472 3446 3441 3462 3457 3449 3458 3452 3456 3529 3494 3466 3528 3455 3546 3451 3443 3460 3501 3499 3434 3471 3492 3420 3466 3428 3414 3512 3432 3473 3447 3448 3475 3453 3481 3424 3466

Tree=0
num_leaves=31
num_cat=0
split_feature=13 13 13 28 28 13 13 40 40 24 40 40 25 28 37 13 37 37 37 13 47 28 27 24 24 31 24 24 22 28
split_gain=7226.3 1667.16 1384.01 857.233 809.321 421.262 342.782 210.098 199.531 175.97 163.649 135.191 113.327 104.363 95.14 87.768 70.8697 70.265 67.5831 61.3232 57.487 50.8505 46.3636 45.247 44.7549 44.6011 42.8611 42.6741 42.7363 42.2859
threshold=-0.093333333333333476 -1.1749999999999994 0.65999999999999981 4.5000000000000009 4.5000000000000009 1.4800000000000002 -2.0008333333333326 3.5000000000000004 4.5000000000000009 -0.0083333333333324138 2.5000000000000004 2.5000000000000004 4.5000000000000009 5.5000000000000009 1.5000000000000002 -0.58499999999999963 2.5000000000000004 2.5000000000000004 3.5000000000000004 -0.85250000000000037 4.5000000000000009 3.5000000000000004 -0.024999999999999908 -0.0033333333333334099 -1.3322676295501877e-15 2.5000000000000004 -0.021666666666665165 -0.036666666666667506 0.48499999999999993 3.5000000000000004
decision_type=2 2 2 2 2 2 2 2 2 2 2 2 2 2 2 2 2 2 2 2 2 2 2 2 2 2 2 2 2 2
left_child=1 6 4 9 12 7 -1 14 18 17 -6 26 16 24 20 -11 29 21 19 -5 -4 -3 -16 -7 -12 -17 -8 -9 -29 -2
right_child=2 3 5 8 10 23 11 27 -10 15 13 -13 -14 -15 22 25 -18 -19 -20 -21 -22 -23 -24 -25 -26 -27 -28 28 -30 -31
leaf_value=-1.1495934040234985 -1.0586806084067819 -1.0926143458719715 -1.0427693534374485 -1.1297970604587646 -1.0805701842436095 -1.0429737990048138 -1.1266628825357121 -1.0959049383588735 -1.1341354701290578 -1.0960680485664711 -1.1030985492648875 -1.1364551289947078 -1.0816903946514675 -1.1135425102065903 -1.0527721322871157 -1.0767731848102906 -1.0762973440490677 -1.1115656132088907 -1.1013096323323657 -1.1135940991636455 -1.0636483270622796 -1.1063946742715054 -1.0672504939149023 -1.0267682297031941 -1.086669364519343 -1.0910054683567105 -1.1117020649780394 -1.0816807223325502 -1.061205903950865 -1.0712167968118089
leaf_weight=2670.6334185600281 1894.9003629684448 1742.1585431098938 1392.7123131752014 747.92765665054321 861.59161853790283 762.3939790725708 774.04218673706055 287.25983095169067 1736.1465649604797 1938.4872045516968 975.06770610809326 1723.1832370758057 2137.8218550682068 1740.2797999382019 809.55043268203735 1564.2415647506714 1567.2475538253784 1412.0633678436279 839.42244911193848 2663.4941945075989 431.92305517196655 1087.2286734580994 1744.4130349159241 990.09765148162842 721.06162929534912 849.37978792190552 1254.8125643730164 704.15294075012207 399.42079830169678 1042.8903346061707
leaf_count=14215 10086 9273 7413 3981 4586 4058 4120 1529 9241 10318 5190 9172 11379 9263 4309 8326 8342 7516 4468 14177 2299 5787 9285 5270 3838 4521 6679 3748 2126 5551
internal_value=-1.09462 -1.11468 -1.0718 -1.10533 -1.08315 -1.05529 -1.1359 -1.06181 -1.11985 -1.09521 -1.10005 -1.12616 -1.07221 -1.10494 -1.05643 -1.08815 -1.06771 -1.10246 -1.11402 -1.11715 -1.04771 -1.09791 -1.06266 -1.03382 -1.09611 -1.08178 -1.11741 -1.07874 -1.07427 -1.06313
internal_weight=39466 21003.2 18462.8 14580.6 10940.9 7521.92 6422.67 5769.43 5986.99 8593.56 4298 3752.04 6642.86 3436.41 4378.6 4352.11 4505.04 4241.45 4250.84 3411.42 1824.64 2829.39 2553.96 1752.49 1696.13 2413.62 2028.85 1390.83 1103.57 2937.79
internal_count=210066 111794 98272 77608 58235 40037 34186 30709 31867 45741 22877 19971 35358 18291 23306 23165 23979 22576 22626 18158 9712 15060 13594 9328 9028 12847 10799 7403 5874 15637
is_linear=0
shrinkage=1


Tree=1
num_leaves=31
num_cat=0
split_feature=13 13 13 28 28 13 13 28 40 24 40 40 24 28 37 31 24 40 37 37 13 28 37 13 47 40 9 14 24 24
split_gain=6513.47 1458.68 1321.22 745.383 705.873 401.05 330.825 231.956 183.449 144.151 143.059 128.301 95.9496 93.8526 86.3527 70.0854 68.3227 63.5687 62.778 62.6899 54.9668 54.3431 49.5478 48.6437 46.1599 45.8397 42.702 42.4182 41.1921 40.1623
threshold=-0.14633333333333273 -1.1749999999999994 0.57499999999999962 4.5000000000000009 4.5000000000000009 1.4416666666666669 -2.0008333333333326 4.5000000000000009 4.5000000000000009 -0.0049999999999994485 2.5000000000000004 2.5000000000000004 -0.010000000000001117 5.5000000000000009 2.5000000000000004 2.5000000000000004 -0.031666666666666725 4.5000000000000009 2.5000000000000004 3.5000000000000004 -0.85250000000000037 3.5000000000000004 2.5000000000000004 1.9291666666666669 3.5000000000000004 1.0000000180025095e-35 2.0350000000000006 0.039616666666666668 0.0049999999999994502 -0.021666666666665165
decision_type=2 2 2 2 2 2 2 2 2 2 2 2 2 2 2 2 2 2 2 2 2 2 2 2 2 2 2 2 2 2
left_child=1 6 3 12 9 7 26 14 19 18 -5 29 25 28 16 21 -4 27 -3 20 -6 -11 -14 -7 -18 -2 -1 -9 -12 -8
right_child=2 4 5 10 8 23 11 17 -10 15 13 -13 22 -15 -16 -17 24 -19 -20 -21 -22 -23 -24 -25 -26 -27 -28 -29 -30 -31
leaf_value=-0.056594852828288827 0.0030336508667406165 -0.0035758427077220989 0.02732545717356584 0.010973802217746263 -0.034035425059872823 0.049788036923704988 -0.030952281225174239 0.017820473120539384 -0.039003201244193764 0.015977187858771082 -0.0095378739859838593 -0.040618967048478283 0.028826437670355216 -0.020067710615977435 0.026813884812639174 -0.0034026701297360227 0.052593606055308689 0.0040576183092189402 -0.016542876087471844 -0.0063212967618352048 -0.018433123156486455 0.00020119173967119583 0.016816635253330558 0.066897723526953431 0.037314918374247059 0.016699346880768778 -0.039311288525300483 0.035268942975122591 0.0066034666368677292 -0.016373691451880844
leaf_weight=2169.1096206754446 881.69347940385342 2812.3473319858313 612.8089415282011 853.53567461669445 734.7557277828455 1356.4121058434248 761.62924110889435 1424.9064711779356 1591.4742256700993 1612.965653643012 1059.411172375083 1687.0656377077103 2460.6760105639696 1736.4301968663931 1453.1847369074821 1398.5804925858974 1211.0509462207556 660.12123854458332 1397.0742046386003 791.86772322654724 2436.1419359147549 825.1131109893322 1319.2240420728922 598.80555322766304 835.3250008225441 2018.4872191250324 427.86614432930946 461.01399280130863 630.47427743673325 1244.1030927598476
leaf_count=11873 4664 14989 3200 4516 3981 7020 4120 7505 8642 8548 5662 9172 12905 9337 7619 7440 6305 3503 7496 4229 13091 4373 6963 3094 4365 10660 2342 2427 3346 6679
internal_value=-1.16189e-05 -0.0201625 0.0204651 0.00894885 -0.0109543 0.0351184 -0.0400733 0.029272 -0.0246643 -0.00149021 -0.00734158 -0.030457 0.0193859 -0.0119042 0.036615 0.00551984 0.0419711 0.0174115 -0.0078795 -0.0189058 -0.0220485 0.0106382 0.0246349 0.0550281 0.0463569 0.0125448 -0.0537473 0.0220858 -0.00351575 -0.0219096
internal_weight=39463.7 19890.1 19573.6 10959.9 13600.3 8613.63 6289.77 6658.41 5554.24 8046.08 4279.85 3692.8 6680.08 3426.32 4112.37 3836.66 2659.18 2546.04 4209.42 3962.77 3170.9 2438.08 3779.9 1955.22 2046.38 2900.18 2596.98 1885.92 1689.89 2005.73
internal_count=210066 106975 103091 58053 72789 45038 34186 34924 29943 42846 22861 19971 35192 18345 21489 20361 13870 13435 22485 21301 17072 12921 19868 10114 10670 15324 14215 9932 9008 10799
is_linear=0
shrinkage=0.05


Tree=2
num_leaves=31
num_cat=0
split_feature=13 13 13 28 40 7 13 40 40 24 37 40 28 13 37 24 37 40 1 48 13 47 1 40 24 24 27 24 44 27
split_gain=5886.1 1462.06 1053.51 725.508 652.477 321.661 302.187 177.303 159.357 144.558 141.286 138.572 79.3236 76.5991 69.4896 65.6203 59.6083 59.006 56.3806 66.0799 50.4627 44.8 44.6801 41.3077 47.0674 39.6881 38.2562 37.4408 36.0925 35.2479
threshold=-0.093333333333333476 -1.1749999999999994 0.65999999999999981 4.5000000000000009 3.5000000000000004 2.4950000000000006 1.4800000000000002 4.5000000000000009 3.5000000000000004 -0.0083333333333324138 1.5000000000000002 2.5000000000000004 5.5000000000000009 -0.58499999999999963 1.5000000000000002 -0.011666666666667156 3.5000000000000004 2.5000000000000004 3.5000000000000004 1.0000000180025095e-35 -0.85250000000000037 4.5000000000000009 1.5000000000000002 3.5000000000000004 -0.046666666666665517 -0.021666666666665165 -0.024999999999999908 -0.036666666666667506 4.3750000000000009 0.055000000000000167
decision_type=2 2 2 2 2 2 2 2 2 2 2 2 2 2 2 2 2 2 2 2 2 2 2 2 2 2 2 2 2 2
left_child=1 5 4 9 10 -1 8 17 14 16 18 25 -6 -11 21 -12 -3 -5 19 -2 -19 29 -17 24 -8 -7 -16 -10 -26 -4
right_child=2 3 6 7 12 11 23 -9 27 13 15 -13 -14 -15 26 22 -18 20 -20 -21 -22 -23 -24 -25 28 -27 -28 -29 -30 -31
leaf_value=-0.053920345710175038 0.024498247156455627 -0.004090652967354595 0.048345582882220878 -0.0085712913442030966 -0.0018966878550251282 -0.030381803582934838 0.031836733524057768 -0.037173138629948373 -0.0019690767265701297 -0.0016067708088167325 0.0044634512984642492 -0.040459160803130355 -0.01863373276547613 0.011704453818455141 0.036855236208310292 0.028830218002579639 -0.018657265529263199 -0.034087533482924086 0.016521656138435908 0.043940493590921559 -0.018252279531243459 0.026714289874993725 0.01314191587872611 0.038846871267234538 0.045747511274037513 -0.016235805667467015 0.023915140674687856 0.018204005243912517 0.064953895501102726 0.02767656475283424
leaf_weight=2257.8167147934437 1738.2308803200722 3320.006416156888 1209.7090551257133 1207.421164765954 1383.6705271303654 793.82183642685413 174.19861175119877 1668.6721390932798 289.23340976238251 1941.5199613124132 1923.5756552666426 1786.8106668591499 1449.546976685524 2437.7272021025419 838.3903349339962 582.59269946813583 890.73688454926014 642.31021749973297 1344.9115968346596 583.82322661578655 2321.4325895309448 446.09820672869682 2053.5768444389105 458.46093954145908 338.62933421134949 1320.8428235203028 1792.0345522612333 1123.2389896512032 880.94924685359001 248.67015853524208
leaf_count=12694 9012 17757 6143 6497 7376 4372 881 9241 1529 10318 10148 9938 7860 12847 4309 3037 4819 3542 7004 3028 12587 2299 10770 2309 1704 7182 9285 5874 4434 1270
internal_value=-2.15972e-05 -0.0185064 0.0201584 -0.00980138 0.0102345 -0.0389002 0.0342306 -0.0233988 0.0287383 -0.000557279 0.0173614 -0.0302079 -0.0104598 0.00580298 0.033306 0.0114853 -0.00717206 -0.0178884 0.0246681 0.0293865 -0.0216841 0.04058 0.016609 0.051866 0.0561485 -0.0215461 0.0280395 0.0140731 0.059621 0.0448213
internal_weight=39448.7 20589.1 18859.5 14429.8 11059.9 6159.29 7799.61 5839.84 5947.37 8589.99 8226.71 3901.48 2833.22 4379.25 4534.9 4559.75 4210.74 4171.16 3666.97 2322.05 2963.74 1904.48 2636.17 1852.24 1393.78 2114.66 2630.42 1412.47 1219.58 1458.38
internal_count=210066 111794 98272 77608 58235 34186 40037 31867 30709 45741 42999 21492 15236 23165 23306 23955 22576 22626 19044 12040 16129 9712 13807 9328 7019 11554 13594 7403 6138 7413
is_linear=0
shrinkage=0.05


Tree=3
num_leaves=31
num_cat=0
split_feature=13 13 13 28 28 13 40 40 13 7 40 25 13 24 24 24 24 37 28 37 40 37 40 28 11 34 40 40 14 44
split_gain=5342.82 1186.63 1177.29 634.751 611.823 314.816 217.756 156.977 144.286 140.934 113.288 90.2419 82.0443 72.6394 72.226 60.5494 56.8487 52.377 70.4051 47.9294 47.1837 43.5124 40.2351 39.2774 39.2258 37.3904 37.2716 66.0704 35.5824 35.4936
threshold=-0.23500000000000007 -1.5483333333333333 0.52333333333333287 4.5000000000000009 4.5000000000000009 1.4416666666666669 3.5000000000000004 4.5000000000000009 -0.82499999999999984 2.4950000000000006 4.5000000000000009 4.5000000000000009 -0.85250000000000037 1.0000000180025095e-35 -0.01666666666666616 0.021666666666666948 -1.0000000180025095e-35 3.5000000000000004 1.5000000000000002 1.5000000000000002 3.5000000000000004 2.5000000000000004 2.5000000000000004 5.5000000000000009 0.31195000000000006 5.205000000000001 1.0000000180025095e-35 2.5000000000000004 -0.022266666666666626 5.0750000000000011
decision_type=2 2 2 2 2 2 2 2 2 2 2 2 2 2 2 2 2 2 2 2 2 2 2 2 2 2 2 2 2 2
left_child=1 9 4 8 11 6 13 12 15 -1 16 17 -5 26 -10 -3 22 28 -19 29 -11 -16 -6 -8 -7 -13 -4 -28 -2 -15
right_child=2 3 5 7 10 24 23 -9 14 20 -12 25 -14 19 21 -17 -18 18 -20 -21 -22 -23 -24 -25 -26 -27 27 -29 -30 -31
leaf_value=-0.05344019088082054 0.015690640916010353 -0.016688464431589074 0.014849335182630886 -0.029997499029923592 0.0028772116170064188 0.039347141542583203 0.017589500107913603 -0.039387089993946661 -0.0066513804086009397 -0.028415172297445321 -0.020398114674240263 -0.0037040485532039724 -0.015515140918557073 0.031909360700289581 0.0097738554609317733 -0.00093934636770490318 0.0046519946449482255 0.028967395113154278 0.0011848826511455873 0.030182984659896023 -0.046650068452694593 -0.002785156595509348 -0.013161862424761424 0.0026570866783517388 0.053317402177846168 0.010944360003220773 0.033854929456815668 0.015295174684500163 0.025661094950646238 0.050122954770129305
leaf_weight=2131.9893054664135 1416.9432057589293 2512.0537546575069 749.43826675415039 1586.738837659359 547.50911483168602 880.27665339410305 849.77777409553528 1631.4027143567801 2086.1088267713785 1152.651010453701 1295.520533233881 577.56036731600761 2548.8145251870155 419.44079118967056 1991.4412276595831 806.13910050690174 1409.7412810176611 326.17093367874622 757.91022200882435 1608.3425299227238 512.47907648980618 1055.0564889609814 1367.9199918657541 914.06337587535381 1170.6927705556154 1772.748816087842 1464.2896682918072 713.00529956817627 2428.5238280892372 738.33263619244099
leaf_count=12353 7301 13660 3850 8863 2886 4342 4421 9228 11234 6442 7142 3030 13902 2100 10488 4341 7506 1694 3963 8208 2919 5620 7394 4826 5772 9295 7448 3626 12510 3702
internal_value=-3.0081e-05 -0.0200958 0.0168551 -0.0134641 0.00637473 0.0299731 0.0252015 -0.026253 -0.00473677 -0.0449272 -0.00785535 0.0154069 -0.0210718 0.0299575 0.000516318 -0.0128623 -0.00296856 0.0192508 0.0095439 0.0357671 -0.0340273 0.00542445 -0.00857723 0.00985118 0.0473214 0.00734469 0.0244667 0.0277771 0.0219873 0.0435245
internal_weight=39423.1 18014.9 21408.2 14217.8 11900.5 9507.66 7456.69 5766.96 8450.8 3797.12 4620.69 7279.86 4135.55 5692.85 5132.61 3318.19 3325.17 4929.55 1084.08 2766.12 1665.13 3046.5 1915.43 1763.84 2050.97 2350.31 2926.73 2177.29 3845.47 1157.77
internal_count=210066 99050 111016 77336 62721 48295 38181 31993 45343 21714 24928 37793 22765 28934 27342 18001 17786 25468 5657 14010 9361 16108 10280 9247 10114 12325 14924 11074 19811 5802
is_linear=0
shrinkage=0.05


Tree=4
num_leaves=31
num_cat=0
split_feature=13 13 13 40 28 13 13 28 40 7 28 24 37 27 28 37 40 24 13 40 28 37 24 13 47 24 24 32 28 28
split_gain=4835.1 1121.44 1037.4 614.885 582.992 257.024 187.417 161.945 115.957 104.411 96.7955 84.1613 81.0579 72.9341 63.8337 61.7487 56.2318 52.8106 52.2878 47.7337 45.784 45.2549 43.8644 38.1378 37.5544 36.2744 35.5692 35.5008 34.5986 34.1042
threshold=-0.23500000000000007 -1.6633333333333327 0.56166666666666687 3.5000000000000004 4.5000000000000009 1.4416666666666669 -0.82499999999999984 4.5000000000000009 4.5000000000000009 2.4950000000000006 5.5000000000000009 -0.010000000000000229 1.5000000000000002 -0.020000000000000014 1.5000000000000002 2.5000000000000004 2.5000000000000004 -0.031666666666666725 -0.76166666666666638 2.5000000000000004 3.5000000000000004 2.5000000000000004 -1.0000000180025095e-35 1.9291666666666669 3.5000000000000004 -0.023333333333332981 0.048333333333333346 2.5000000000000004 1.5000000000000002 3.5000000000000004
decision_type=2 2 2 2 2 2 2 2 2 2 2 2 2 2 2 2 2 2 2 2 2 2 2 2 2 2 2 2 2 2
left_child=1 9 4 6 11 7 13 15 16 -1 18 27 20 -3 -14 17 -6 -4 -5 -9 -8 -13 -18 -7 29 -21 -17 -2 -15 -19
right_child=2 3 5 10 8 23 12 19 -10 -11 -12 21 14 28 -16 26 22 24 -20 25 -22 -23 -24 -25 -26 -27 -28 -29 -30 -31
leaf_value=-0.052752687840392255 0.00097019881132578327 -0.0057323253099234896 0.021821803461007174 -0.031319530177300985 0.0078010735224977954 0.039534438290871929 0.0096232091623801672 0.026671630838027323 -0.019797167387627532 -0.034265765176581649 -0.037965067983231147 0.023408322000349601 0.008099166533416231 -0.002506421799237261 -0.0097516713548694081 0.01868446607059129 -0.012204446308776684 0.05118084620308451 -0.013935745867832208 0.0010168209709646848 -0.0037433930507065408 0.012624738174503304 0.0012249769841041881 0.054156309646943318 0.030129216660657335 0.015263725587411299 0.03974430980042553 0.012358257893712012 -0.021163892589426976 0.035049153779276539
leaf_weight=2037.4818575382233 960.8844426125288 1411.9625554084778 652.72238352894783 803.41821545362473 969.7994132488966 1448.2092074155807 1744.1130678206682 607.20221814513206 1327.5141495317221 1221.7329110056162 2065.9701376706362 2802.8727459460497 603.44100341200829 273.02752020955086 2944.6044237017632 1307.7034664601088 1406.9952688515186 679.27240395545959 937.11286802589893 656.25250974297523 1012.5644646286964 1490.1963991224766 1070.8091793060303 644.38108105957508 897.87303595244884 1399.7583482861519 236.80108940601349 2377.93468503654 2763.8130344599485 632.8998713940382
leaf_count=12172 5020 7706 3276 4582 5092 7020 9206 3073 7393 7014 11876 14229 3223 1494 15936 6624 7652 3331 5173 3429 5389 7699 5714 3094 4467 7231 1187 12368 15279 3117
internal_value=-3.73594e-05 -0.019311 0.0158848 -0.0133765 0.0064615 0.0286442 -0.00726321 0.0240885 -0.00724075 -0.0458228 -0.0306467 0.0150347 -0.00171838 -0.0151212 -0.00671565 0.0299708 -0.00240585 0.0343179 -0.02196 0.014354 0.00471348 0.0196652 -0.00640078 0.044037 0.0380085 0.0107163 0.0219133 0.00908087 -0.0194865 0.0434
internal_weight=39389.3 17819.2 21570.1 14560 12407 9163.08 10753.5 7070.49 4775.12 3259.21 3806.5 7631.89 6304.72 4448.8 3548.05 4407.27 3447.6 2862.77 1740.53 2663.21 2756.68 4293.07 2477.8 2092.59 2210.05 2056.01 1544.5 3338.82 3036.84 1312.17
internal_count=210066 99050 111016 79864 65167 45849 58233 35735 25851 19186 21631 39316 33754 24479 19159 22002 18458 14191 9755 13733 14595 21928 13366 10114 10915 10660 7811 17388 16773 6448
is_linear=0
shrinkage=0.05


Tree=5
num_leaves=31
num_cat=0
split_feature=13 13 28 28 13 13 40 13 13 40 27 25 37 40 37 24 37 28 1 40 37 22 28 1 31 13 44 20 48 41
split_gain=4386.24 1098.95 953.221 532.574 381.856 288.673 189.97 175.327 119.434 98.3762 93.4059 92.8643 86.4142 64.4118 61.2733 57.6795 55.778 55.6181 55.432 53.8786 47.4636 45.256 42.4278 40.5872 39.1782 38.9936 37.8475 35.1019 33.6595 32.8473
threshold=-0.34833333333333222 0.42666666666666725 5.5000000000000009 4.5000000000000009 -1.0499999999999994 1.148333333333333 3.5000000000000004 -1.586666666666666 -2.0008333333333326 4.5000000000000009 -0.029999999999999801 4.5000000000000009 3.5000000000000004 3.5000000000000004 1.5000000000000002 -0.0049999999999994485 2.5000000000000004 4.5000000000000009 3.5000000000000004 1.0000000180025095e-35 3.5000000000000004 0.11499999999999978 1.5000000000000002 3.5000000000000004 2.5000000000000004 1.4416666666666669 5.0950000000000006 -1.5499999999999994 1.0000000180025095e-35 3.5000000000000004
decision_type=2 2 2 2 2 2 2 2 2 2 2 2 2 2 2 2 2 2 2 2 2 2 2 2 2 2 2 2 2 2
left_child=2 3 4 11 8 6 14 -4 -1 15 -6 16 -9 19 26 -5 23 20 24 -7 -12 -8 -18 27 -10 -21 -3 -2 -29 -25
right_child=1 5 7 9 10 13 21 12 18 -11 17 -13 -14 -15 -16 -17 22 -19 -20 25 -22 -23 -24 29 -26 -27 -28 28 -30 -31
leaf_value=-0.041140587171241499 0.043822081563224077 0.021350497512714752 -0.052799703279781909 -0.010944893053488102 0.0029298046057623824 0.029058235240535565 -0.0017261819855480037 -0.036448665511131399 -0.00809709521170816 -0.020966183525649315 -0.0034995945737144093 0.0037366428356647358 -0.011905981337988931 0.024828643854718141 0.019237696315290497 0.0019760054103043381 0.020053567482299074 -0.018459457790161615 -0.026890983182166886 0.036614972308264014 -0.017096148817947084 0.014973299995216759 0.0031608681697389389 0.015947944226576152 -0.023136078934243458 0.050559067593810472 0.034412728282058845 0.017474234931721996 0.032035717060065617 -0.0046174326397630484
leaf_weight=874.91915884613991 187.48305270075798 857.50764974951744 1754.8327528834343 1898.9094073921442 2119.089570492506 785.38703911006451 1043.5514227151871 2051.5333508253098 1046.9014450013638 1350.1802375763655 2928.0572386533022 2492.8162192702293 434.64478228986263 900.69250962138176 3164.6127249002457 1584.3933277726173 532.06230171024799 1306.4816309660673 1722.2926928699017 889.7785814255476 822.0718906968832 663.75500082969666 1233.2507771551609 926.80874346196651 738.57827445864677 1148.522463619709 1569.6455197483301 1538.5734580159187 534.80686904489994 245.61945226788521
leaf_count=5313 953 4221 10723 10315 11365 3806 5532 11974 5831 7664 15684 13047 2397 4444 15960 8469 2729 7306 9893 4371 4488 3439 6418 4726 4119 5441 7717 7776 2693 1252
internal_value=-4.3514e-05 0.0136305 -0.0204241 0.00349725 -0.0129848 0.025144 0.0193643 -0.0406991 -0.0246135 -0.00950882 -0.00588231 0.0116706 -0.032158 0.0364711 0.0238214 -0.00506777 0.015475 -0.00957523 -0.0204913 0.0401848 -0.00648012 0.00476613 0.0082523 0.0191888 -0.0143181 0.0444721 0.0297979 0.0231037 0.0212302 0.0116396
internal_weight=39347.8 23548.4 15799.4 12524.9 11558.4 11023.5 7299.07 4241.01 4382.69 4833.48 7175.7 7691.42 2486.18 3724.38 5591.77 3483.3 5198.6 5056.61 3507.77 2823.69 3750.13 1707.31 1765.31 3433.29 1785.48 2038.3 2427.15 2260.86 2073.38 1172.43
internal_count=210066 120973 89093 66042 63999 54931 36869 25094 25156 26448 38843 39594 14371 18062 27898 18784 26547 27478 19843 13618 20172 8971 9147 17400 9950 9812 11938 11422 10469 5978
is_linear=0
shrinkage=0.05


Tree=6
num_leaves=31
num_cat=0
split_feature=13 13 28 28 13 13 13 40 28 13 40 25 37 24 13 24 24 40 40 28 24 37 11 40 14 1 41 40 40 22
split_gain=3978.52 973.57 899.784 479.48 355.412 252.248 171.475 167.822 97.8171 92.6773 90.5969 82.5897 81.8044 71.3283 58.9275 56.1729 52.4457 50.0769 49.3706 58.0881 45.7614 45.1463 43.2645 41.933 40.7344 35.6859 36.0082 33.5932 44.374 33.1537
threshold=-0.34833333333333222 0.42666666666666725 5.5000000000000009 4.5000000000000009 -1.1749999999999994 1.148333333333333 -1.586666666666666 3.5000000000000004 4.5000000000000009 -2.0008333333333326 4.5000000000000009 4.5000000000000009 3.5000000000000004 -0.01666666666666616 1.9291666666666669 0.0033333333333334107 -0.0049999999999994485 3.5000000000000004 1.0000000180025095e-35 1.5000000000000002 -0.021666666666665165 3.5000000000000004 0.36495000000000005 1.0000000180025095e-35 -0.039083333333333282 3.5000000000000004 3.5000000000000004 1.0000000180025095e-35 2.5000000000000004 0.19999999999999954
decision_type=2 2 2 2 2 2 2 2 2 2 2 2 2 2 2 2 2 2 2 2 2 2 2 2 2 2 2 2 2 2
left_child=2 3 4 11 9 7 -4 15 13 -1 16 18 -8 21 17 27 -5 23 19 -2 -11 -6 29 -7 -15 -20 -27 -3 -29 -9
right_child=1 5 6 10 8 14 12 22 -10 20 -12 -13 -14 24 -16 -17 -18 -19 25 -21 -22 -23 -24 -25 -26 26 -28 28 -30 -31
leaf_value=-0.040070019369619486 0.018638503565898697 0.0090148291047538933 -0.051805299429939958 -0.010457952434327403 -0.0063834288655609389 0.024049265218415477 -0.035367920645351124 -0.0075295842892669444 -0.016247969499395089 -0.029518220111284545 -0.020153530942778608 0.0035432233320911938 -0.011383601523516251 -0.007800610243420371 0.047595981458238783 0.027863313364771415 0.0018752999068451855 0.01999310709257365 0.02208740017427625 7.3532787316596317e-05 -0.015934477981054143 -0.022725526425160153 0.016166554215283815 0.038939782347246252 0.0043342754133584528 0.015979058986690171 -0.0037195526921229662 0.025770333250612211 0.010925827112817926 0.0098148261922616827
leaf_weight=853.91917045414448 715.8926028162241 798.04899935424328 1700.4765754938126 1888.2389827519655 1927.2149650156498 654.11902152001858 2009.5918366461992 721.81638620793819 1983.6465187966824 1001.7076293081045 1334.7924529463053 2497.3311978727579 431.93146231770515 942.31225679814816 668.33088409900665 2561.9121905565262 1585.9614578336477 751.67071157693863 2120.5822067707777 1024.0766779184341 1627.1442783474922 541.32260043919086 543.71206021308899 1705.6438567787409 2598.8470338284969 1079.3914263397455 295.50221630930901 1543.0449439883232 747.20990830659866 445.61152195930481
leaf_count=5313 3626 4021 10723 10315 10444 3153 11974 3831 11207 5851 7664 13047 2397 5017 3094 12549 8469 3702 10602 5329 9315 3017 2844 8113 13835 5478 1512 7601 3727 2296
internal_value=-4.88012e-05 0.0128701 -0.0196387 0.00331532 -0.0124287 0.0236261 -0.0396151 0.0182351 -0.00662061 -0.0257591 -0.00908168 0.011025 -0.0311248 -0.00344286 0.0341256 0.0223896 -0.00482786 0.0312321 0.0145938 0.0077119 -0.0211105 -0.00996707 0.00451662 0.0348122 0.00110515 0.0180195 0.0117453 0.0178489 0.0209272 -0.000909159
internal_weight=39301 23682.9 15618.1 12541.8 11476.1 11141.1 4142 7361.36 7993.34 3482.77 4808.99 7732.78 2441.52 6009.7 3779.76 5650.22 3474.2 3111.43 5235.45 1739.97 2628.85 2468.54 1711.14 2359.76 3541.16 3495.48 1374.89 3088.3 2290.25 1167.43
internal_count=210066 120973 89093 66042 63999 54931 25094 36869 43520 20479 26448 39594 14371 32313 18062 27898 18784 14968 26547 8955 15166 13461 8971 11266 18852 17592 6990 15349 11328 6127
is_linear=0
shrinkage=0.05


Tree=7
num_leaves=31
num_cat=0
split_feature=13 13 13 28 40 13 40 7 37 13 13 13 27 14 13 28 24 27 1 37 40 24 31 13 37 20 11 40 14 9
split_gain=3616.99 1081.52 565.488 557.411 422.647 147.099 140.539 131.642 109.316 86.8168 74.6775 74.471 68.8169 63.2514 59.6982 49.2519 48.0564 45.119 44.3253 43.9243 43.8779 41.97 41.6423 32.0485 31.967 31.8836 31.3906 31.0539 31.9968 30.0725
threshold=-0.093333333333333476 -1.5483333333333333 0.99333333333333373 4.5000000000000009 3.5000000000000004 -0.58499999999999963 4.5000000000000009 2.4950000000000006 1.5000000000000002 -0.85250000000000037 1.518333333333334 0.58833333333333326 -0.029999999999999801 -0.039083333333333282 0.46333333333333321 5.5000000000000009 -0.018333333333332199 -1.0000000180025095e-35 3.5000000000000004 3.5000000000000004 2.5000000000000004 -0.011666666666667156 2.5000000000000004 0.4033333333333336 3.5000000000000004 0.04999999999999994 0.31124999999999997 3.5000000000000004 0.073958333333333334 3.9250000000000003
decision_type=2 2 2 2 2 2 2 2 2 2 2 2 2 2 2 2 2 2 2 2 2 2 2 2 2 2 2 2 2 2
left_child=1 7 4 5 8 12 9 29 16 -5 17 15 -3 -7 21 -6 -2 -4 22 -14 -9 -10 -15 -18 -11 -16 -12 28 -19 -1
right_child=2 3 10 6 11 13 -8 20 14 24 26 -13 19 18 25 -17 23 27 -20 -21 -22 -23 -24 -25 -26 -27 -28 -29 -30 -31
leaf_value=-0.050161246808335586 0.01405429770093347 0.00061242000821711061 0.032218130536327765 -0.026590290246476661 -0.0023388708923211712 -0.0049149740141029782 -0.033284314899202659 -0.021782618952000895 0.00015840300164413388 -0.014473347057250428 0.030115689783802854 0.0069874005380806143 -0.00906276970772351 0.016734865580799414 0.023495084561905504 -0.016172837951802601 0.019679288749597464 0.021316468329970386 -0.00088293475028639826 -0.022414109786106067 -0.038641300156582022 0.011046910880263165 0.0028284042349283312 0.029836839998109512 -0.0017815638085153002 0.011925583491014928 0.04325444104986035 0.010115421058869201 0.045414386807622602 0.010399949847231952
leaf_weight=1873.2665290236473 1809.3418502211571 1539.6114703863859 1275.1360983550549 1502.2760233730078 1281.9961969107389 1394.7451116889715 1765.4605595320463 807.70153713226318 1530.9967637509108 2516.5307605564594 793.06999087333679 967.97065058350563 2759.1528113037348 1458.6274368315935 985.76986487209797 1291.571371242404 1711.1501478999853 1131.5631546825171 1026.4823543727398 793.08826366066933 739.16116842627525 2097.4122607558966 853.20360963046551 1421.7757802456617 617.96198253333569 1504.1253580898046 1065.1888197958469 556.40433324873447 156.84166210889816 20.725227326154709
leaf_count=12220 9065 8339 6102 8863 6897 7364 10775 4771 8023 14177 3661 4998 15192 7540 4875 7314 8443 5461 5425 4458 4590 10700 4557 6808 3390 7458 4891 2821 755 133
internal_value=-5.32559e-05 -0.015198 0.0151593 -0.00979896 0.010198 -0.00231833 -0.0212788 -0.0406602 0.0150115 -0.0167077 0.029712 -0.00483496 -0.00821686 0.00402735 0.0105439 -0.00928159 0.0205421 0.0249859 0.00776345 -0.0120436 -0.0298385 0.00645254 0.0116026 0.024289 -0.0119712 0.016506 0.0376471 0.0199869 0.02425 -0.0494985
internal_weight=39248.3 19668 19580.3 16227.1 14602.1 9824.91 6402.23 3440.85 11060.6 4636.77 4978.2 3541.54 5091.85 4733.06 6118.3 2573.57 4942.27 3119.95 3338.31 3552.24 1546.86 3628.41 2311.83 3132.93 3134.49 2489.9 1858.26 1844.81 1288.4 1893.99
internal_count=210066 111794 98272 90080 74581 52875 37205 21714 55372 26430 23691 19209 27989 24886 31056 14211 24316 15139 17522 19650 9361 18723 12097 15251 17567 12333 8552 9037 6216 12353
is_linear=0
shrinkage=0.05


Tree=8
num_leaves=31
num_cat=0
split_feature=13 28 13 28 13 13 13 28 13 24 40 37 24 28 28 24 2 40 37 37 24 11 24 28 47 39 44 37 28 14
split_gain=3287.83 810.297 768.554 389.669 309.588 195.934 163.818 139.95 101.409 81.501 75.1056 74.8793 70.1659 59.9169 55.4159 53.1208 50.0499 46.3248 46.2755 42.7072 41.7613 40.3402 38.1559 36.7494 35.6644 34.0048 33.8769 32.9311 32.8708 31.2153
threshold=-0.34833333333333222 5.5000000000000009 0.42666666666666725 4.5000000000000009 -1.0499999999999994 1.123333333333334 -1.586666666666666 4.5000000000000009 -1.9300000000000002 -0.026666666666665947 2.5000000000000004 3.5000000000000004 -0.018333333333332199 5.5000000000000009 3.5000000000000004 0.021666666666667837 3.5000000000000004 4.5000000000000009 2.5000000000000004 2.5000000000000004 0.013333333333334087 0.34725 -1.0000000180025095e-35 1.5000000000000002 4.5000000000000009 -3.4999999999999996 5.0950000000000006 2.5000000000000004 4.5000000000000009 -0.033999999999999996
decision_type=2 2 2 2 2 2 2 2 2 2 2 2 2 2 2 2 2 2 2 2 2 2 2 2 2 2 2 2 2 2
left_child=1 4 3 12 8 7 -3 18 -1 -6 -5 -8 29 22 27 23 28 21 24 -14 -18 -9 -12 -10 26 -21 -4 -11 -7 -2
right_child=2 6 5 10 9 16 11 17 15 14 13 -13 19 -15 -16 -17 20 -19 -20 25 -22 -23 -24 -25 -26 -27 -28 -29 -30 -31
leaf_value=-0.03690444013510974 -0.0031586095357039818 -0.049991546912494911 0.020029398425665028 0.0040463498569716389 -0.012562701294753393 0.02814963443200701 -0.033447331952408059 0.0049253961884530434 -0.00067682403344208289 0.0082990140746964543 -0.011207676466400017 -0.010298133178107269 0.016812525725143031 -0.017761687717544404 -0.0071322133384970334 -0.0066278053360335548 0.028989465192026942 -0.0042773541965624188 0.014444064359569284 0.027296346954874373 0.042369954594150085 0.019413455687474081 0.0031988590913346973 -0.023299368751879046 0.015051634591529937 0.0044326857816436756 0.032517405451486396 -0.0032480814362818612 0.013104639431846081 0.0076427918062249829
leaf_weight=907.61290282011032 1057.129723906517 1599.7408504337072 859.43816734850407 982.3205159753561 2369.7482784837484 1046.7549264878035 1935.4029215425253 1182.0268407315016 194.49376946687698 1561.4904906153679 1096.7720866799355 426.26215763390064 3271.8957336843014 1891.5061308145523 2150.7769074738026 779.72725208103657 1466.488330706954 682.82156819105148 1599.8714760541916 182.81233963370323 968.0870763361454 809.49889785051346 791.12494200468063 2331.4218425154686 699.75314798951149 1472.7222421765327 1475.3018910884857 1021.2878376096487 555.82998602092266 1821.2185110747814
leaf_count=5889 5487 10723 4108 5201 13180 4871 11974 5987 1110 8221 6092 2397 16197 10927 11912 4465 6844 3644 7874 924 4472 4077 4228 13692 3373 7552 7017 5530 2664 9434
internal_value=-5.69557e-05 -0.0181753 0.0115186 0.00300172 -0.0113624 0.0209525 -0.0376375 0.0160691 -0.0221005 -0.00499326 -0.00827077 -0.0292691 0.00987822 -0.0114722 -0.00120379 -0.0180359 0.0297933 0.00696112 0.0213251 0.0135014 0.0343101 0.0108144 -0.0051706 -0.0215574 0.0249529 0.0069574 0.0279205 0.00373304 0.0229315 0.00367577
internal_weight=39191.3 15278 23913.4 12567.5 11316.6 11345.9 3961.41 7308.71 4213.26 7103.3 4761.72 2361.67 7805.78 3779.4 4733.56 3305.64 4037.16 2674.35 4634.36 4927.43 2434.58 1991.53 1887.9 2525.92 3034.49 1655.53 2334.74 2582.78 1602.58 2878.35
internal_count=210066 89093 120973 66042 63999 54931 25094 36080 25156 38843 26448 14371 39594 21247 25663 19267 18851 13708 22372 24673 11316 10064 10320 14802 14498 8476 11125 13751 7535 14921
is_linear=0
shrinkage=0.05


Tree=9
num_leaves=31
num_cat=0
split_feature=13 13 13 40 40 13 13 40 7 37 37 28 27 47 1 24 27 28 37 28 22 13 1 48 34 44 24 40 22 14
split_gain=2984.81 851.308 568.362 452.558 321.733 149.21 125.65 115.884 100.082 81.4844 73.2335 71.8472 71.3241 55.2274 52.0735 51.6835 49.07 48.5582 46.8685 60.4844 46.8188 44.3031 40.4277 64.779 36.4155 32.7808 32.0316 31.829 31.7202 30.4062
threshold=-0.23500000000000007 -1.6633333333333327 0.52333333333333287 3.5000000000000004 3.5000000000000004 1.518333333333334 -0.95499999999999974 2.5000000000000004 2.2550000000000003 1.5000000000000002 2.5000000000000004 5.5000000000000009 -0.029999999999999801 3.5000000000000004 1.5000000000000002 -0.021666666666666053 -0.020000000000000014 5.5000000000000009 2.5000000000000004 3.5000000000000004 0.86499999999999988 -0.7133333333333326 3.5000000000000004 1.0000000180025095e-35 6.2150000000000007 5.205000000000001 0.018333333333333982 3.5000000000000004 -0.6699999999999996 0.0020166666666666393
decision_type=2 2 2 2 2 2 2 2 2 2 2 2 2 2 2 2 2 2 2 2 2 2 2 2 2 2 2 2 2 2
left_child=1 8 4 6 9 7 16 10 -1 22 13 21 29 -4 -11 -9 -3 -6 19 -14 -17 -5 23 -2 26 -22 -16 -10 -25 -8
right_child=2 3 5 11 17 -7 12 15 27 14 -12 -13 18 -15 24 20 -18 -19 -20 -21 25 -23 -24 28 -26 -27 -28 -29 -30 -31
leaf_value=-0.049370834803144005 0.013758719781472695 -0.004917591863439064 0.036316798188340535 -0.026971204269660029 -0.0032007568387691083 0.033357768430804138 6.1743681966636179e-05 0.0017329737541196346 -0.025278897734959019 0.015869862599059814 0.016742600049311565 -0.033004346028143339 0.0050384992002870839 0.021105601686239685 -0.0050097543208286414 0.0087271008394069066 -0.017995789344432796 -0.015988171311345917 -0.010459617826829913 -0.0096165375539180795 0.012646344731032853 -0.010641545870591278 0.0079308525383407595 0.0039565114136928172 0.0080935342081713078 0.031359372474588379 0.0082819987429086257 -0.041887978176869956 0.03625649209322903 0.012182130910254236
leaf_weight=1541.4258429259062 1990.0960582792759 1061.5309034138918 1236.8334788531065 822.20766167342663 1480.2662139087915 1902.9426330924034 1076.9816632121801 1096.0795661062002 896.88108663260937 905.01145964860916 2504.6746071875095 1873.206229403615 1739.7036843150854 1152.9759455025196 1708.1567382067442 1277.6476136595011 2211.3608583807945 1489.357608512044 2277.9460019171238 1182.7004333734512 408.89151149988174 839.39292302727699 1484.6896495372057 87.82775941491127 1732.3928222209215 547.24878789484501 616.98783808946609 425.20206192135811 564.90528902411461 995.98805519938469
leaf_count=10712 9811 5975 5748 4968 8058 8552 5712 5508 5640 4527 12089 11876 9207 5427 8909 6392 12884 8669 12728 6467 1961 4787 7425 431 8983 2618 3152 2834 2756 5260
internal_value=-6.00316e-05 -0.0158616 0.0120078 -0.0108076 0.00467433 0.0207407 -0.00561813 0.0178213 -0.0407139 0.00934218 0.0227168 -0.0262906 -0.00195711 0.0289781 0.00502484 0.0106256 -0.013754 -0.00961404 -0.0050832 -0.000892412 0.0149891 -0.0187219 0.0145329 0.0182419 0.00260592 0.0233568 -0.00148273 -0.0306206 0.0319104 0.00588516
internal_weight=39131.5 16944.5 22187 14081 12059.7 10127.3 10546.2 8224.35 2863.51 9090.07 4894.48 3534.81 7273.32 2389.81 4962.55 3329.87 3272.89 2969.62 5200.35 2922.4 2233.79 1661.6 4127.52 2642.83 4057.54 956.14 2325.14 1322.08 652.733 2072.97
internal_count=210066 99050 111016 79864 62721 48295 58233 39743 19186 45994 23264 21631 39374 11175 25571 16479 18859 16727 28402 15674 10971 9755 20423 12998 21044 4579 12061 8474 3187 10972
is_linear=0
shrinkage=0.05


Tree=10
num_leaves=31
num_cat=0
split_feature=13 13 13 28 40 13 40 40 14 27 24 9 13 37 28 14 24 24 13 37 13 34 40 47 28 31 7 28 24 24
split_gain=2732.44 801.777 583.996 401.928 290.402 157.57 114.146 95.611 77.5158 75.2116 55.946 53.3599 52.0746 51.6901 50.2082 45.5541 44.8331 44.6084 38.6625 38.1621 37.9393 34.9252 32.9243 32.2973 31.2882 30.8617 29.3629 26.638 26.3339 26.0989
threshold=-0.56333333333333313 0.42666666666666725 -1.9300000000000002 4.5000000000000009 3.5000000000000004 1.123333333333334 2.5000000000000004 4.5000000000000009 -0.015016666666666649 -0.029999999999999801 0.0050000000000012266 2.0350000000000006 -1.1749999999999994 2.5000000000000004 5.5000000000000009 0.022266666666666688 -0.044999999999999478 -1.3322676295501877e-15 1.9291666666666669 2.5000000000000004 -0.12833333333333249 4.6350000000000007 2.5000000000000004 3.5000000000000004 5.5000000000000009 1.5000000000000002 1.6150000000000004 5.5000000000000009 -0.0083333333333341902 0.029999999999999808
decision_type=2 2 2 2 2 2 2 2 2 2 2 2 2 2 2 2 2 2 2 2 2 2 2 2 2 2 2 2 2 2
left_child=2 3 11 8 9 6 13 10 20 25 22 26 -11 23 -8 -16 -7 -10 21 -14 -2 -18 -5 -3 -6 -4 -1 -23 -25 -9
right_child=1 5 4 7 24 16 14 29 17 12 -12 -13 19 -15 15 -17 18 -19 -20 -21 -22 27 -24 28 -26 -27 -28 -29 -30 -31
leaf_value=-0.053955057797858634 -0.0030913396094967285 0.030687204251023139 0.0051865418386613741 -0.00082806093362385892 -0.023738718287592588 0.013396707683708051 0.011418444501905975 -0.022654580811096173 0.0069131303300922599 -0.020425373075464961 0.0024452513532022876 -0.027798299476957535 -0.0049699643871910825 0.014033267920389137 -0.0097162469058402236 0.012688162301988555 0.016587678980475824 0.015851372152535875 0.040004304339373152 -0.015399580094209093 0.0064711333561493743 0.031840516101361044 -0.012856235615679102 0.009202557097940255 -0.035100401119158763 -0.0072463851218290591 -0.04087491080827152 0.017566975815239954 0.025236133310198423 -0.0067593397795803652
leaf_weight=899.65278340876102 1802.1372409313917 1138.545773640275 899.35592870414257 799.5463152974844 1125.1787318587303 563.56579805910587 1963.0713762491941 1273.7672622352839 2795.5696581602097 1648.111625701189 1561.9909150451422 417.9318657964468 1947.3526172488928 2226.7339704483747 680.92449641227722 340.25386179983616 715.60119871795177 2788.0206068903208 612.53144460916519 1595.8143544197083 2443.9215748012066 1826.7292551696301 1972.4565992355347 439.84638418257236 1313.0924392938614 1121.5990972667933 820.23925130069256 398.108717918396 612.99432109296322 323.91208627820015
leaf_count=6497 9512 5284 4910 4305 6845 2621 9629 7787 14424 9971 8462 2789 10687 10823 3605 1778 3291 13890 2692 9124 12212 8361 11149 2094 8599 6243 5754 1886 2867 1975
internal_value=-6.26152e-05 0.00862967 -0.0201781 0.00130173 -0.0149401 0.0186565 0.0142955 -0.00897674 0.00750424 -0.00989699 -0.00512252 -0.043823 -0.0130828 0.0193984 0.00674085 -0.00225116 0.0264984 0.0113762 0.0285765 -0.00966738 0.00241257 0.026196 -0.00938687 0.0248501 -0.0298574 -0.00171354 -0.047717 0.0292864 0.0185378 -0.019432
internal_weight=39068.6 27280.2 11788.3 15761.3 9650.5 11518.9 7402.37 5931.67 9829.65 7212.23 4333.99 2137.82 5191.28 4418.12 2984.25 1021.18 4116.54 5583.59 3552.97 3543.17 4246.06 2940.44 2772 2191.39 2438.27 2020.96 1719.89 2224.84 1052.84 1597.68
internal_count=210066 138647 71419 83716 56379 54931 36080 33678 50038 40935 23916 15040 29782 21068 15012 5383 18851 28314 16230 19811 21724 13538 15454 10245 15444 11153 12251 10247 4961 9762
is_linear=0
shrinkage=0.05


Tree=11
num_leaves=31
num_cat=0
split_feature=13 13 13 40 40 13 40 1 31 24 28 13 9 41 28 31 28 37 28 14 44 14 22 25 24 13 22 1 28 7
split_gain=2486.91 715.73 557.157 364.658 271.503 139.868 103.338 101.061 83.6085 72.4987 71.4055 54.3671 52.4395 52.0259 50.6881 45.835 53.7433 45.0377 44.4869 44.1649 40.1156 38.6175 36.6183 33.8531 33.0235 32.9293 31.4619 30.9058 30.042 29.3621
threshold=-0.56333333333333313 0.42666666666666725 -1.9300000000000002 3.5000000000000004 3.5000000000000004 1.148333333333333 2.5000000000000004 3.5000000000000004 2.5000000000000004 -0.023333333333332092 5.5000000000000009 -1.0000000180025095e-35 2.0350000000000006 2.5000000000000004 1.5000000000000002 2.5000000000000004 3.5000000000000004 2.5000000000000004 5.5000000000000009 0.065533333333333374 4.8350000000000009 0.026166666666666703 -1.175 3.5000000000000004 0.019999999999999133 -1.1749999999999994 1.7200000000000006 1.5000000000000002 5.5000000000000009 1.6150000000000004
decision_type=2 2 2 2 2 2 2 2 2 2 2 2 2 2 2 2 2 2 2 2 2 2 2 2 2 2 2 2 2 2
left_child=2 3 12 7 9 6 17 8 13 25 23 24 29 22 -10 16 -11 -3 -8 20 -7 -20 -2 -5 -9 -4 -22 -17 -6 -1
right_child=1 5 4 10 28 19 18 11 14 15 -12 -13 -14 -15 -16 27 -18 -19 21 -21 26 -23 -24 -25 -26 -27 -28 -29 -30 -31
leaf_value=-0.05320936162984289 -0.0071038245504417676 0.023411235356170366 -0.024365156906591825 0.0019962165046139373 -0.022876924301174613 0.01632107193663104 0.010856327394315511 -0.0073079631588623302 0.012448306852046558 0.004668639736376756 -0.018885323446115307 0.0061232227975498675 -0.026891701566785595 0.01057035405394801 -0.002416755043385497 0.0015192483780772101 -0.010123977572801257 0.013463272572463778 -0.0084085715761414871 0.037428910923685776 0.021913227338285129 0.012273291572596901 0.025908678812762244 -0.011340628453178665 0.0052855398967275539 -0.01229150049152105 0.034561852508514783 -0.014371388082527997 -0.034109039100204554 -0.039921722780786734
leaf_weight=867.46578109264374 91.565000683069229 2259.6563127189875 822.053671464324 871.74224558472633 1109.5913958400488 1366.2476488798857 2016.5176304727793 2188.0635278970003 854.96420507133007 1542.6457808017731 1940.1537084132433 2208.1986652463675 410.60986083745956 3119.9555820971727 1741.7869670838118 378.03431323170662 1019.986826479435 2291.5754989236593 713.05012220144272 621.76866114139557 1125.540085837245 330.24024058878422 1016.7833051532507 1047.6038294732571 683.06722643971443 1804.1599853485823 872.91649639606476 1605.4189393222332 1284.4318890869617 798.39256355166435
leaf_count=6497 463 10464 5100 4755 6845 6191 9838 11807 4337 8424 11865 11272 2789 15545 9119 2105 5814 11067 3787 2803 5146 1713 5020 5940 3593 10228 3922 9264 8599 5754
internal_value=-6.46363e-05 0.00817113 -0.0194193 0.00123486 -0.0143234 0.0175992 0.0136253 0.00556491 0.00953919 -0.00945685 -0.0121209 0.000224712 -0.0428962 0.013876 0.00247747 -0.00563607 -0.00121916 0.0184024 0.00651981 0.0251863 0.022924 -0.00186199 0.0231814 -0.00528321 -0.00431186 -0.0160708 0.0274381 -0.0113427 -0.0289031 -0.046841
internal_weight=39004.2 27361.4 11642.8 15763.9 9566.32 11597.5 7611.04 11904.4 6825.06 7172.3 3859.5 5079.33 2076.47 4228.3 2596.75 4546.09 2562.63 4551.23 3059.81 3986.47 3364.7 1043.29 1108.35 1919.35 2871.13 2626.21 1998.46 1983.45 2394.02 1665.86
internal_count=210066 138647 71419 83716 56379 54931 36869 61156 34484 40935 22560 26672 15040 21028 13456 25607 14238 21531 15338 18062 15259 5500 5483 10695 15400 15328 9068 11369 15444 12251
is_linear=0
shrinkage=0.05


Tree=12
num_leaves=31
num_cat=0
split_feature=13 13 13 40 40 13 40 1 31 24 28 40 24 1 28 41 40 31 28 24 1 14 47 22 24 13 13 25 28 40
split_gain=2263.3 639.436 531.545 330.305 260.145 125.877 110.467 90.5671 74.5855 65.9279 65.8953 54.1962 49.8772 46.1986 46.0476 45.9778 44.3671 42.2757 49.4184 40.2207 38.9963 34.9866 33.9472 32.8312 31.6094 31.2909 31.2214 30.8044 29.5675 29.3077
threshold=-0.56333333333333313 0.42666666666666725 -2.0008333333333326 3.5000000000000004 3.5000000000000004 1.4800000000000002 2.5000000000000004 3.5000000000000004 2.5000000000000004 -0.023333333333332092 5.5000000000000009 1.0000000180025095e-35 -0.009999999999999341 2.5000000000000004 5.5000000000000009 2.5000000000000004 2.5000000000000004 2.5000000000000004 3.5000000000000004 -0.039999999999998696 2.5000000000000004 0.025383333333333289 3.5000000000000004 -1.0399999999999996 0.028333333333332881 -1.1749999999999994 0.65999999999999981 3.5000000000000004 3.5000000000000004 4.5000000000000009
decision_type=2 2 2 2 2 2 2 2 2 2 2 2 2 2 2 2 2 2 2 2 2 2 2 2 2 2 2 2 2 2
left_child=2 3 16 7 9 6 11 8 15 25 27 20 -9 -10 19 23 -1 18 -11 -8 -3 26 28 -2 29 -4 -16 -5 -13 -6
right_child=1 5 4 10 24 -7 14 12 13 17 -12 22 -14 -15 21 -17 -18 -19 -20 -21 -22 -23 -24 -25 -26 -27 -28 -29 -30 -31
leaf_value=-0.03207684345439895 -0.0027853685127150864 0.016600986803156092 -0.023459863063471705 0.0018944088386700034 -0.02570048869546936 0.027602041489519964 -0.0010833190281931077 -0.0047480015309278737 0.0062404471231794689 0.0042588607222388674 -0.01814715180334113 0.031631639225897838 0.0051615080177110683 -0.0090708880912769088 -0.019254384505178246 0.0099940627264465329 -0.048302024721402152 -0.011025695184697195 -0.0098543886457010885 0.01471511408220437 0.0015146724025453099 0.011771282080758123 0.016261954632426436 0.024781714384351325 -0.016119891417734525 -0.011757253704233894 0.00081131199452621648 -0.010842058077232057 0.020087008217357736 -0.038114489660256205
leaf_weight=632.39091370999813 121.1087821573019 1400.9479796737432 838.43741492927074 872.63809968531132 1125.1486253142357 2129.5418445169926 503.29415564239025 2536.4410596936941 1939.1155625879765 1562.2028247117996 1918.6784460395575 1152.4850571751595 2542.7982929199934 660.45006804168224 285.20945431292057 3134.4852031469345 1262.4014037847519 1996.7997803837061 1028.6967433542013 2018.9723147600889 616.99907609820366 428.59186805784702 1460.4003114104271 998.24965736269951 440.82616224884987 1792.1474705785513 605.24853856861591 1041.157393977046 1069.1178781688213 823.36186026036739
leaf_count=4630 612 6651 5289 4755 7141 9328 2486 13559 9979 8524 11865 5202 13113 3477 1582 15545 9585 11538 5910 9652 2958 2181 6766 4871 2902 10228 3082 5940 5043 5672
internal_value=-6.63176e-05 0.00773893 -0.0186836 0.00117127 -0.0139104 0.0166106 0.0141574 0.00527284 0.00902286 -0.00917676 -0.0115992 0.018574 0.000212955 0.00235042 0.00760384 0.0131004 -0.0428868 -0.00555836 -0.0013447 0.0115627 0.0119883 3.38036e-05 0.0221834 0.0217991 -0.0282107 -0.0154872 -0.00561564 -0.00503458 0.0260759 -0.0309461
internal_weight=38938.3 27435.9 11502.4 15765.1 9607.62 11670.8 9541.27 11932.6 6853.41 7218.28 3832.47 5699.95 5079.24 2599.57 3841.32 4253.84 1894.79 4587.7 2590.9 2522.27 2017.95 1319.05 3682 1119.36 2389.34 2630.58 890.458 1913.8 2221.6 1948.51
internal_count=210066 138647 71419 83716 57204 54931 45603 61156 34484 41489 22560 26620 26672 13456 18983 21028 14215 25972 14434 12138 9609 6845 17011 5483 15715 15517 4664 10695 10245 12813
is_linear=0
shrinkage=0.05


Tree=13
num_leaves=31
num_cat=0
split_feature=16 13 13 28 39 13 31 24 28 1 13 9 20 9 14 27 40 14 14 27 37 24 47 8 34 24 7 7 47 40
split_gain=2067.45 600.96 449.017 275.197 259.542 114.509 103.529 101.656 98.4184 83.7216 54.4402 52.4082 49.2806 44.4034 42.3084 39.2969 36.5844 35.9481 34.05 34.0106 33.7611 32.1989 31.6957 31.6842 36.6133 31.0165 30.1168 27.5819 26.5212 25.9495
threshold=4.5000000000000009 -1.9300000000000002 0.42666666666666725 5.5000000000000009 2.5000000000000004 1.123333333333334 2.5000000000000004 -0.018333333333332199 5.5000000000000009 4.5000000000000009 -0.93999999999999961 2.0350000000000006 -0.23499999999999985 4.3950000000000005 0.045250000000000047 -0.020000000000000014 1.0000000180025095e-35 -0.015016666666666649 -0.015016666666666649 -0.020000000000000014 3.5000000000000004 0.0083333333333324173 3.5000000000000004 0.5092000000000001 5.6550000000000011 0.031666666666665851 1.6150000000000004 5.1850000000000014 3.5000000000000004 3.5000000000000004
decision_type=2 2 2 2 2 2 2 2 2 2 2 2 2 2 2 2 2 2 2 2 2 2 2 2 2 2 2 2 2 2
left_child=2 11 3 7 6 9 13 18 10 21 -6 26 16 19 -11 -7 -8 -9 -1 -3 25 28 -15 24 -19 -5 -2 -10 -4 -17
right_child=1 4 5 20 8 15 12 17 27 14 -12 -13 -14 22 -16 29 -18 23 -20 -21 -22 -23 -24 -25 -26 -27 -28 -29 -30 -31
leaf_value=-0.0053631240231670971 -0.051894935308917069 0.004658151731557458 0.016514408922616377 -0.019561941751578681 -0.022915008641023776 0.029189030400020168 -0.02085299344411232 0.0049176480050403554 -0.032708299861595007 0.0018503789785104434 -0.009501147695891117 -0.024799389155696787 -0.002355113450840279 0.012975124580469052 0.016481963076760583 0.022003454542291519 -0.0085956538448493432 0.0069026619928749299 0.0037203317708509459 -0.010103699710341869 -0.00036789772474142096 0.020895710254270908 -0.00024738936302367616 -0.0051973162760395103 0.017202188261083034 -0.0035136665983080749 -0.038019555106695364 -0.018114138465944112 0.0063893352555205694 0.011488764357987864
leaf_weight=1969.4091074615717 810.42410579323769 608.83302184939384 1642.7749688029289 1504.9931639581919 1233.2448330819607 1386.9285441637039 1288.8859339207411 2708.6674886643887 1383.8548294454813 2173.734518378973 1956.2547245323658 394.04468794167042 1109.2435169070959 918.94405800104141 639.39086084067822 1997.1786891520023 1153.6278411597013 1345.2728982120752 2166.8280039578676 1086.4936497807503 400.75036457180977 1997.1941640228033 894.28516159951687 240.90272842347622 2406.2714078277349 376.36968211829662 755.7807405591011 422.61694578826427 1066.7056406140327 830.90485456585884
leaf_count=10468 6496 3289 7693 9239 7781 6119 7446 13759 9470 10982 11077 2789 6211 4919 3157 8894 6791 6786 11463 6130 2131 9199 4781 1189 12145 2260 5753 2775 5036 3838
internal_value=-6.7543e-05 -0.0154228 0.00859202 0.00223607 -0.0112481 0.0156979 -0.00507698 0.00555915 -0.0199692 0.0120001 -0.0146877 -0.0410986 -0.0110947 0.00101484 0.00517597 0.0222951 -0.0150637 0.00936371 -0.000604624 -0.00480236 -0.0135447 0.0160788 0.00645378 0.0123801 0.0135089 -0.0163515 -0.0451993 -0.0292941 0.0125282 0.0189142
internal_weight=38870.8 14016.5 24854.3 13119.5 12056.3 11734.8 7060.31 10837.4 4995.97 7519.8 3189.5 1960.25 3551.76 3508.56 2813.13 4215.01 2442.51 6701.11 4136.24 1695.33 2282.11 4706.67 1813.23 3992.45 3751.54 1881.36 1566.2 1806.47 2709.48 2828.08
internal_count=210066 85708 124358 69440 70670 54918 39567 55810 31103 36067 18858 15038 20448 19119 14139 18851 14237 33879 21931 9419 13630 21928 9700 20120 18931 11499 12249 12245 12729 12732
is_linear=0
shrinkage=0.05


Tree=14
num_leaves=31
num_cat=0
split_feature=13 13 13 28 40 13 40 40 14 27 13 40 40 1 24 2 28 37 13 14 24 24 34 8 13 20 14 9 27 35
split_gain=1889.72 516.569 480.803 270.055 229.954 118.261 90.5834 68.2764 61.7111 60.5968 45.1702 44.7206 39.3973 42.0856 38.8827 38.6328 38.4313 31.9648 31.7448 31.6739 31.6698 30.4001 30.0489 31.0217 28.1285 27.87 27.488 27.0429 24.8877 23.8484
threshold=-0.56333333333333313 0.33500000000000046 -2.0008333333333326 4.5000000000000009 3.5000000000000004 1.123333333333334 2.5000000000000004 4.5000000000000009 0.0027000000000000084 -0.029999999999999801 -1.2349999999999988 2.5000000000000004 1.0000000180025095e-35 2.5000000000000004 0.0050000000000012266 3.5000000000000004 5.5000000000000009 2.5000000000000004 -0.12833333333333249 0.023841666666666653 0.013333333333334087 0.028333333333332881 5.6950000000000012 0.5092000000000001 -1.0166666666666662 -1.2049999999999998 -0.045950000000000026 4.3950000000000005 -0.034999999999999691 0.32250000000000006
decision_type=2 2 2 2 2 2 2 2 2 2 2 2 2 2 2 2 2 2 2 2 2 2 2 2 2 2 2 2 2 2
left_child=2 3 11 8 9 6 12 14 18 26 -11 -1 13 -3 -5 29 -8 27 25 -18 -17 24 -10 28 -6 -2 -4 -12 -24 -7
right_child=1 5 4 7 21 15 16 -9 22 10 17 -13 -14 -15 -16 20 19 -19 -20 -21 -22 -23 23 -25 -26 -27 -28 -29 -30 -31
leaf_value=-0.030039765166277144 0.0082723929167675403 0.01408865745006041 -0.01183427891459933 -0.0087995796423621653 -0.035646962840006263 0.022032012914334792 0.008418002225063179 -0.017884845779390285 0.0044262231270273313 -0.018860889655660327 -0.0099725692851427242 -0.046772791652288023 0.018202687306318757 -0.0022137839202729524 0.0015380922148596628 0.020365880875590561 -0.0083157549861025467 -0.013559220657274024 0.0057173945822598365 0.0089096082436182101 0.031714726085927195 -0.014557778977189031 0.02255182991770182 -0.0051087942529791479 -0.023414453790173692 -0.0050466763942285308 0.0020672112913399645 0.0015350833045659044 0.011630939169408577 0.0099919811783283873
leaf_weight=602.47401283681393 498.40477964282036 1322.3555111587048 460.15632019937038 2521.2043881565332 904.55102618038654 718.42042692005634 2345.3209390640259 1411.3081995695829 1409.3510195761919 1427.8198470547795 1018.7429326474667 1184.0392959862947 3429.5864949822426 565.04621104896069 1422.9891327619553 1540.8099977374077 801.32171435654163 1652.5468972921371 2707.9484267681837 400.1342863291502 1022.7773116230965 430.06244979798794 760.91034865379333 206.85871343314648 978.14095070958138 1852.9774533510208 1564.9914890676737 1023.3803614526987 1659.3390439450741 962.03917145729065
leaf_count=4630 2611 6290 2583 14284 6341 3217 11433 9046 7096 9014 5726 9585 15888 2741 7712 6844 4368 9749 13389 2096 4472 2902 3731 1020 6472 9718 8728 5689 8373 4318
internal_value=-6.84596e-05 0.00698014 -0.0173402 0.000460654 -0.0128477 0.0141678 0.0108815 -0.00844699 0.00570538 -0.00841343 -0.0113081 -0.0411298 0.0150098 0.00920807 -0.00506995 0.0210313 0.00469281 -0.00838932 0.00202676 -0.002579 0.0248937 -0.0265518 0.0103162 0.013476 -0.0292916 -0.00222353 -0.0010915 -0.00420568 0.0150644 0.0151393
internal_weight=38806 27559.1 11246.9 14451.3 9460.39 13107.8 8863.77 5355.5 9095.79 7147.64 5122.49 1786.51 5316.99 1887.4 3944.19 4244.05 3546.78 3694.67 5059.33 1201.46 2563.59 2312.75 4036.46 2627.11 1882.69 2351.38 2025.15 2042.12 2420.25 1680.46
internal_count=210066 138647 71419 76980 57204 61667 42816 31042 45938 41489 30178 14215 24919 9031 21996 18851 17897 21164 25718 6464 11316 15715 20220 13124 12813 12329 11311 11415 12104 7535
is_linear=0
shrinkage=0.05


Tree=15
num_leaves=31
num_cat=0
split_feature=13 28 13 40 13 7 37 37 24 13 7 24 13 1 41 24 39 42 24 28 14 28 9 27 11 13 14 24 44 22
split_gain=1722.55 560.625 343.969 252.565 185.82 143.048 70.3885 69.8203 69.5732 68.2376 52.8414 50.7559 46.2581 45.6321 45.826 44.0397 38.6496 37.7607 33.2869 31.7292 31.6355 30.6795 28.5594 26.1245 24.6205 24.619 24.4955 24.1873 23.7617 23.5936
threshold=-0.34833333333333222 5.5000000000000009 0.65999999999999981 3.5000000000000004 -1.2349999999999988 1.9450000000000001 3.5000000000000004 1.5000000000000002 0.023333333333332987 1.518333333333334 2.4950000000000006 -0.016666666666665272 0.085500000000000589 3.5000000000000004 3.5000000000000004 -0.033333333333332764 3.5000000000000004 2.5000000000000004 -0.021666666666665165 5.5000000000000009 0.026908333333333371 1.5000000000000002 3.9250000000000003 -0.055000000000000153 0.31124999999999997 -0.9849999999999991 -0.099541666666666681 0.075000000000000636 5.6550000000000011 1.0950000000000006
decision_type=2 2 2 2 2 2 2 2 2 2 2 2 2 2 2 2 2 2 2 2 2 2 2 2 2 2 2 2 2 2
left_child=1 4 3 7 10 -3 25 13 16 11 22 -4 21 14 29 -5 20 -13 -12 -17 -6 -9 -1 -16 -11 27 -23 -7 -10 -2
right_child=2 5 9 15 8 6 -8 12 28 24 18 17 -14 -15 23 19 -18 -19 -20 -21 -22 26 -24 -25 -26 -27 -28 -29 -30 -31
leaf_value=-0.035357104717013497 0.018218276387179488 -0.049868436000739085 0.0077192375872182657 -0.016845182646754591 -0.0078685482742037512 -0.037401518224063526 -0.0089769874428895346 0.0098600315166630873 -0.0021839754228713832 0.017586446008106583 -0.024047844555429191 0.012175043606766871 0.0074546173575555461 0.0050750277688759761 0.021091140434486021 0.00080943305587807097 -0.016352384789079924 0.021474434346580282 -0.011379072115126294 -0.010002011591338603 0.00062122535033045452 -0.020043788274434416 0.035215678279082924 0.0063792247718172171 0.028822536647940801 -0.024879103485506399 -0.0018821712740140066 0.0015505394397844919 0.0091179795721611674 0.035031174794420451
leaf_weight=529.64600516110659 1398.7543145120144 810.03350481390953 2426.9423129409552 995.76605787873268 3708.1254796981812 921.1067286208272 501.30270713567734 532.27188654243946 854.71537004411221 849.30610367655754 823.06473623216152 2224.8590223491192 3516.8762663155794 1938.3751848787069 376.88544347882271 1368.4860811382532 942.05180099606514 2143.1440882533789 1401.170712441206 1346.206743940711 1558.4670845866203 202.44359041750431 14.734349206089972 1513.6398361772299 1144.5527539253235 1150.1179386824369 2239.3873139321804 41.655811667442322 1020.122588172555 245.25063772499561
leaf_count=4133 6636 6926 11415 5880 20814 6879 3078 2645 4648 3661 5464 10232 17487 9572 1775 7394 5816 9838 8797 8225 8673 1076 108 7319 4891 7902 11793 309 5546 1134
internal_value=-6.89667e-05 -0.0138705 0.0079854 0.0035458 -0.00830478 -0.0315095 -0.0258208 0.00708039 -0.00447572 0.0159032 -0.0194844 0.0135166 0.00357304 0.0112402 0.0146212 -0.00785103 -0.00702475 0.0167378 -0.0160671 -0.00455192 -0.00535629 -0.00101692 -0.033447 0.00931212 0.0240364 -0.0298172 -0.00338789 -0.0357162 0.00396556 0.0207264
internal_weight=38739.5 14276.3 24463.1 15674.3 10852.1 3424.22 2614.18 11963.9 8083.48 8788.8 2768.62 6794.95 6490.98 5472.91 3534.53 3710.46 6208.64 4368 2224.24 2714.69 5266.59 2974.1 544.38 1890.53 1993.86 2112.88 2441.83 962.763 1874.84 1644
internal_count=210066 89093 120973 80936 63999 25094 18168 59437 45497 40037 18502 31485 33001 26436 16864 21499 35303 20070 14261 15619 29487 15514 4241 9094 8552 15090 12869 7188 10194 7770
is_linear=0
shrinkage=0.05


Tree=16
num_leaves=31
num_cat=0
split_feature=13 13 13 40 40 40 13 24 14 28 34 27 40 1 11 14 37 24 37 8 27 48 13 28 44 14 28 24 14 9
split_gain=1575.33 429.252 427.76 229.719 198.008 102.142 77.7852 71.6559 54.2641 51.2639 50.2648 44.7077 44.098 37.2543 40.8426 35.7037 33.2206 32.3303 32.1662 30.682 26.8295 26.5336 26.4651 26.1055 25.0592 24.619 23.7659 23.6272 23.1202 22.8104
threshold=-0.58499999999999963 0.33500000000000046 -2.0008333333333326 3.5000000000000004 3.5000000000000004 3.5000000000000004 1.518333333333334 -0.0099999999999984528 -0.042775000000000001 5.5000000000000009 5.285000000000001 -0.029999999999999801 2.5000000000000004 3.5000000000000004 0.29825000000000007 0.0033499999999999923 2.5000000000000004 -0.035000000000000579 2.5000000000000004 0.40989999999999999 -1.0000000180025095e-35 1.5000000000000002 -1.3733333333333329 1.5000000000000002 4.7950000000000008 0.049383333333333314 5.5000000000000009 -0.046666666666665517 -0.047599999999999941 5.0750000000000011
decision_type=2 2 2 2 2 2 2 2 2 2 2 2 2 2 2 2 2 2 2 2 2 2 2 2 2 2 2 2 2 2
left_child=2 3 12 7 8 6 10 13 21 -5 -3 -10 -1 14 -2 26 -9 28 -16 24 -6 -4 -13 -18 -19 -11 -7 -8 -12 -15
right_child=1 5 4 9 20 15 27 16 11 25 17 22 -14 29 18 -17 23 19 -20 -21 -22 -23 -24 -25 -26 -27 -28 -29 -30 -31
leaf_value=-0.028264711965151026 -0.004614057707967429 0.0079618029732732246 -0.011127697417713415 -0.0048836126870782657 -0.014907839368866166 0.0057153289522437504 0.0088417475834732112 0.010563744967062347 0.0020800765565330884 -0.020062211999490868 -0.0015675819290684161 -0.01703296087614899 -0.045298276475505828 -0.01026374815326094 0.012986052983267183 0.010832054867397481 0.012682957338800538 0.016234025282108353 -0.0011979424224466695 0.014738400577745801 -0.028215152499672727 -0.024001202632626045 -0.0061096149955529762 0.00032221502738255379 0.02845723854183857 -0.005498277204313352 -0.0060671466303392381 0.027892508552867776 0.01345659848324296 -0.00048909371394541777
leaf_weight=577.48408740758896 1005.4977017045021 2931.0451596975327 1266.4214667677879 1775.8135815113783 488.96759066730738 867.1495266109705 185.42345890402794 3581.9497005492449 1490.0057903528214 1366.1766397058964 378.68661998212337 690.12399515509605 1110.9299383237958 1129.3795852810144 1142.0411296933889 1324.8044729232788 547.70883132517338 735.34343327581882 614.92961050570011 2858.2977789789438 1680.6087258383632 585.22335070371628 2821.5828252136707 1940.6253901571035 975.65166567265987 368.42176231741905 845.04830558598042 1331.1195172518492 790.79626533389091 1265.8215282857418
leaf_count=4630 5203 13518 7390 10041 3254 4229 800 17457 8335 8850 1793 4492 9585 6138 5720 6538 2703 3410 3257 13056 11993 3573 16456 10165 4538 2380 4405 5641 3739 6777
internal_value=-6.92635e-05 0.00617658 -0.0163739 0.000308571 -0.0120516 0.0127169 0.0151163 0.00379895 -0.00788413 -0.0108553 0.013289 -0.00517709 -0.0394723 -0.000534397 0.00342249 0.00466887 0.00748081 0.0160098 0.00802174 0.0179084 -0.025216 -0.0151964 -0.00825628 0.00304295 0.023204 -0.0169689 -9.98642e-05 0.0255632 0.00859167 -0.00509802
internal_weight=38673.1 27961.7 10711.3 14738.4 9022.93 13223.4 10186.4 11228 6853.36 3510.41 8669.82 5001.71 1688.41 5157.67 2762.47 3037 6070.28 5738.78 1756.97 4569.29 2169.58 1851.64 3511.71 2488.33 1711 1734.6 1712.2 1516.54 1169.48 2395.2
internal_count=210066 140358 69708 78691 55493 61667 46495 57420 40246 21271 40054 29283 14215 27095 14180 15172 30325 26536 8977 21004 15247 10963 20948 12868 7948 11230 8634 6441 5532 12915
is_linear=0
shrinkage=0.05


Tree=17
num_leaves=31
num_cat=0
split_feature=16 7 13 28 40 24 31 28 24 13 44 20 8 40 9 37 40 13 34 9 7 14 7 47 27 14 42 47 40 22
split_gain=1443.58 482.82 291.264 245.71 218.521 88.7617 87.1025 85.12 58.7321 49.4464 48.2722 46.8887 46.2044 38.8771 38.5116 37.7884 37.4294 37.1343 35.9396 31.5601 35.1747 30.9508 30.6732 30.0177 28.7221 27.8527 27.7172 27.0334 26.1645 26.0391
threshold=4.5000000000000009 2.4950000000000006 0.65999999999999981 5.5000000000000009 2.5000000000000004 -0.034999999999998803 2.5000000000000004 5.5000000000000009 -0.013333333333332307 -0.93999999999999961 5.0950000000000006 -0.23499999999999985 0.5073000000000002 3.5000000000000004 4.3950000000000005 3.5000000000000004 1.0000000180025095e-35 1.3100000000000003 5.1650000000000009 3.9250000000000003 1.6150000000000004 -0.02562 5.1850000000000014 3.5000000000000004 -0.020000000000000014 -0.0032833333333332766 2.5000000000000004 3.5000000000000004 4.5000000000000009 1.1200000000000006
decision_type=2 2 2 2 2 2 2 2 2 2 2 2 2 2 2 2 2 2 2 2 2 2 2 2 2 2 2 2 2 2
left_child=2 19 3 5 6 21 14 9 28 -6 -7 16 13 18 24 25 -8 26 -12 20 -2 -1 -9 -16 -3 -5 -10 -20 -4 -29
right_child=1 4 8 15 7 10 11 22 17 -11 12 -13 -14 -15 23 -17 -18 -19 27 -21 -22 -23 -24 -25 -26 -27 -28 29 -30 -31
leaf_value=-0.0070531482184414546 -0.048855491464207652 0.004584873040263184 0.01047870187755749 -0.018968905998013354 -0.020607833525743451 0.0029428459212141591 -0.019461726784222699 -0.029999780827690472 0.0099944789538142821 -0.0079341233540725746 0.0061110343876194725 -0.0012632749261855699 -0.0012171876989429812 0.0019306473741830489 0.012822159974230527 0.0019710401469396456 -0.0069694271620952004 0.02295799840475005 0.018875035081090331 0.024898667768477371 -0.033273202713268384 0.0028248618891918726 -0.014526072641057229 -4.4475494459462338e-05 -0.0089918284907985705 -0.0077929730007332242 0.018845387223912616 0.0079799764824428406 -0.0049745240537244495 0.025519883225474924
leaf_weight=1388.500077649951 731.66744894534349 609.80409450829029 3044.2802024483681 1124.6543297171593 1278.7846385613084 3159.7611518502235 1299.9991190582514 1414.1961964070797 1771.8994474112988 1932.8269874900579 1309.7436771839857 1104.9616020172834 767.17167803645134 865.77802754938602 909.00201013684273 484.96540935337543 1112.9371150285006 1984.4797752797604 2510.506075412035 18.31920700520277 717.1415883526206 1849.0037030130625 414.0278145968914 904.21490678191185 1078.5490360110998 1105.4831771999598 1766.244847998023 1398.7981629520655 300.99684090912342 249.31110091507435
leaf_count=7306 6672 3331 13851 6982 8541 15747 7755 10458 8125 11124 6467 6255 3730 4727 4836 2538 6715 8517 12335 136 5942 9633 2844 4848 6251 6785 8053 6879 1490 1193
internal_value=-6.92526e-05 -0.0132348 0.00703088 0.00304609 -0.00993986 0.0058066 -0.00423675 -0.0178831 0.0143165 -0.0129805 0.00808405 -0.00979353 0.0103716 0.0117753 0.00134594 -0.0106783 -0.0136998 0.0174834 0.0133339 -0.0403178 -0.0411425 -0.00141162 -0.0264955 0.00640583 -0.00408816 -0.013429 0.0144129 0.0156087 0.00908827 0.0106333
internal_weight=38608 13526.4 25081.6 16213.7 12059.3 13498.6 7019.47 5039.84 8867.9 3211.61 10261.1 3517.9 7101.31 6334.14 3501.57 2715.1 2412.94 5522.62 5468.36 1467.13 1448.81 3237.5 1828.22 1813.22 1688.35 2230.14 3538.14 4158.62 3345.28 1648.11
internal_count=210066 85708 124358 84322 72958 68017 39991 32967 40036 19665 51078 20725 35331 31601 19266 16305 14470 24695 26874 12750 12614 16939 13302 9684 9582 13767 16178 20407 15341 8072
is_linear=0
shrinkage=0.05


Tree=18
num_leaves=31
num_cat=0
split_feature=13 13 28 28 40 13 7 1 24 31 13 24 37 13 28 40 34 9 14 39 47 14 39 24 44 8 34 47 9 22
split_gain=1320.73 473.316 301.864 184.763 134.224 84.7729 79.5487 76.337 75.6713 58.9326 46.7538 44.0725 43.3794 41.8112 40.7262 37.4933 34.8881 34.8541 33.8953 30.8309 30.0104 29.9595 29.4406 29.1141 27.447 41.9214 27.0994 26.9644 26.6181 26.0009
threshold=-0.82499999999999984 0.095000000000001097 5.5000000000000009 5.5000000000000009 3.5000000000000004 1.148333333333333 1.9450000000000001 3.5000000000000004 -0.0083333333333324138 2.5000000000000004 0.65999999999999981 -0.009999999999999341 3.5000000000000004 -2.3108333333333322 1.5000000000000002 1.0000000180025095e-35 5.5450000000000008 4.0850000000000009 -0.018916666666666717 3.5000000000000004 5.5000000000000009 -0.033316666666666682 2.5000000000000004 0.033333333333335442 5.0550000000000006 0.46085000000000004 6.3250000000000011 3.5000000000000004 4.3550000000000013 1.6600000000000006
decision_type=2 2 2 2 2 2 2 2 2 2 2 2 2 2 2 2 2 2 2 2 2 2 2 2 2 2 2 2 2 2
left_child=2 3 7 8 5 11 -4 9 16 17 -6 26 27 -9 -11 -7 -2 -1 -10 -18 29 -15 -8 -19 -13 -26 -3 -5 -20 -17
right_child=1 4 6 12 10 15 22 13 18 14 -12 24 -14 21 -16 20 19 23 28 -21 -22 -23 -24 -25 25 -27 -28 -29 -30 -31
leaf_value=-0.0075356591782158797 -0.0099713497589127929 0.0035293653441079882 -0.048019931244111656 -0.022408706608097309 -0.003765784902830931 0.010828257041929671 -0.01490363790889377 -0.036658409988781081 -0.00073628819817037907 -0.00093752147221644756 0.0071614409720319174 0.0082063934025676608 -0.00070570102170327837 -0.024509415270048057 -0.021760903167051492 0.018699008028260213 0.00071569561347203958 0.0027124640510159588 0.0011451831740125957 -0.011052080038643735 -0.0014241143710697788 -0.012576121483645479 -0.031788129031853594 0.028793153021374349 0.019271144548429969 0.0081976247675580143 0.011838975696922334 -0.0098945644788144601 0.010159442855781499 0.029655765984370072
leaf_weight=878.09955585747957 1663.4134812951088 2814.804122120142 731.60621214658022 1296.9361047744751 1870.0267292559147 875.9382238984108 341.08707825094461 282.79885803163052 2157.9936338365078 334.90548307448626 2054.2080533504486 1904.3243223279715 430.14497365057468 768.90014949440956 785.6068996489048 1052.234678953886 3217.9466465562582 654.55481676757336 1228.4915838241577 672.99695536494255 119.27238662540913 1664.6574133634567 1062.0497500374913 127.91681407392025 2544.0618934184313 1287.0789788961411 1506.155939951539 644.30035997927189 2456.5671490877867 1115.4374665021896
leaf_count=5384 9132 13531 6926 8709 10620 3806 2314 2460 11231 2006 9712 8843 2386 5079 4955 4540 17243 3792 6366 3990 514 10854 8368 697 11824 5924 7255 4328 12519 4758
internal_value=-6.92171e-05 0.00452968 -0.0186959 -0.00237402 0.0100744 0.0124849 -0.0346532 -0.0124995 0.000267944 -0.00667652 0.00195426 0.0102394 -0.0150719 -0.0184612 -0.0155371 0.0196245 -0.0039107 -0.000697636 0.00424013 -0.00131972 0.0229936 -0.0163465 -0.0276837 0.00697608 0.0131124 0.015551 0.00642584 -0.0182552 0.00715435 0.0243371
internal_weight=38544.5 30912.3 7632.18 13768.8 17143.5 13219.3 2134.74 5497.44 11397.4 2781.08 3924.23 10056.4 2371.38 2716.36 1120.51 3162.88 5554.36 1660.57 5843.05 3890.94 2286.94 2433.56 1403.14 782.472 5735.47 3831.14 4320.96 1941.24 3685.06 2167.67
internal_count=210066 157231 52835 75904 81327 60995 17608 35227 60481 16834 20332 47377 15423 18393 6961 13618 30365 9873 30116 21233 9812 15933 10682 4489 26591 17748 20786 13037 18885 9298
is_linear=0
shrinkage=0.05


Tree=19
num_leaves=31
num_cat=0
split_feature=13 13 28 28 40 13 7 27 1 31 13 1 37 37 40 37 13 20 14 24 28 39 14 39 44 13 47 8 34 24
split_gain=1206.34 437.175 279.709 171.807 120.115 77.6313 74.9668 71.7398 70.307 48.5508 42.1122 42.065 52.3345 40.0284 38.7377 38.56 38.1953 35.1096 32.6738 30.5998 29.9561 29.7425 28.9089 27.6194 27.6028 26.7839 25.9418 25.6264 28.6006 25.4606
threshold=-0.85250000000000037 0.095000000000001097 5.5000000000000009 5.5000000000000009 3.5000000000000004 0.99333333333333373 1.9450000000000001 -0.015000000000000123 3.5000000000000004 2.5000000000000004 0.65999999999999981 3.5000000000000004 2.5000000000000004 1.5000000000000002 1.0000000180025095e-35 3.5000000000000004 -2.3108333333333322 -0.23499999999999985 0.068333333333333343 0.015000000000000126 2.5000000000000004 2.5000000000000004 -0.033316666666666682 -3.4999999999999996 5.1350000000000007 -1.4266666666666663 3.5000000000000004 0.46255000000000002 6.4750000000000005 0.021666666666666948
decision_type=2 2 2 2 2 2 2 2 2 2 2 2 2 2 2 2 2 2 2 2 2 2 2 2 2 2 2 2 2 2
left_child=2 3 8 7 5 13 -4 -2 9 19 29 12 -9 24 20 26 -10 -11 -16 -1 -7 -8 -18 -15 -3 -21 -5 28 -26 -6
right_child=1 4 6 15 10 14 21 11 16 17 -12 -13 -14 23 18 -17 22 -19 -20 25 -22 -23 -24 -25 27 -27 -28 -29 -30 -31
leaf_value=-0.0057755349715304773 0.0051521489539638381 0.007040357253001471 -0.047369901124611674 -0.021615632664817384 -0.006992041674991652 0.014816954904287827 -0.014016022607911918 0.0052988807989600879 -0.035805180126076419 -0.022021699292139745 0.0067845360702521798 -0.0068867066647431132 -0.0069961343836688131 0.021415047816527803 0.018305690370232004 -0.001179931983258336 -0.024369342920547259 -0.0032446711246986318 0.032987622394411296 -0.0080616286291183836 -0.0029959029844989775 -0.031451714715400016 -0.012296219789868406 0.005349021909328117 0.015832858727743333 0.016940103065510935 -0.0094240445699175432 0.0092313598759527406 0.030788336884888197 0.0064254800811197853
leaf_weight=1083.955070078373 4446.2338450402021 1345.0024911463261 705.23430839180946 1304.1661311089993 1392.3524122834206 822.86375787854195 323.76154308021069 2348.1219017803669 275.25461264699697 655.59123244136572 2059.7635890692472 3470.566404402256 1370.7620688825846 283.45041742920876 2542.1850848197937 441.47889672219753 723.56774867326021 401.35903986543417 445.32380384206772 155.38551804423332 330.95296329259872 1000.2168600186706 1575.3362905010581 4756.1648215949535 1362.4042221158743 344.86888258159161 655.71754045784473 967.23824432492256 417.68735435605049 473.8973421305418
leaf_count=6587 22981 6203 6926 8900 7986 3605 2228 11936 2460 4235 9712 19480 7467 1335 10982 2454 4875 2414 1905 1006 1460 8081 10398 22900 6258 1869 4442 4423 1924 2634
internal_value=-6.89415e-05 0.00419447 -0.0184516 -0.00235317 0.00953827 0.0118107 -0.0342021 0.00015979 -0.0123232 -0.00659198 0.00185536 -0.00292768 0.000767 0.00923569 0.017489 -0.0145296 -0.0182037 -0.0148914 0.0204942 -0.00105476 0.00970764 -0.027188 -0.0160962 0.00625265 0.0129092 0.00917424 -0.0175367 0.0157824 0.0193421 -0.00358493
internal_weight=38480.9 31236.3 7244.53 14037 17199.3 13273.3 2029.21 11635.7 5215.32 2641.16 3926.01 7189.45 3718.88 9131.95 4141.33 2401.36 2574.16 1056.95 2987.51 1584.21 1153.82 1323.98 2298.9 5039.62 4092.33 500.254 1959.88 2747.33 1780.09 1866.25
internal_count=210066 158987 51079 77660 81327 60995 17235 61864 33844 16111 20332 38883 19403 43043 17952 15796 17733 6649 12887 9462 5065 10309 15273 24235 18808 2875 13342 12605 8182 10620
is_linear=0
shrinkage=0.05


Tree=20
num_leaves=31
num_cat=0
split_feature=13 13 28 40 28 13 14 7 1 24 27 27 31 14 44 13 37 13 28 41 44 8 37 28 44 34 14 39 39 47
split_gain=1101.37 431.506 246.545 173.283 109.799 82.5266 63.5984 61.0719 57.203 54.1498 45.8276 42.7454 37.7453 34.2345 32.7793 32.525 31.8036 31.6836 31.1441 30.0768 28.8962 33.725 24.6346 25.6899 28.529 24.2172 23.921 23.3125 23.0803 23.0641
threshold=-0.95499999999999974 0.095000000000001097 5.5000000000000009 3.5000000000000004 5.5000000000000009 1.1716666666666675 -0.043633333333333323 1.9450000000000001 3.5000000000000004 -0.038333333333332657 -0.015000000000000123 -0.029999999999999801 2.5000000000000004 0.023041666666666686 4.3750000000000009 -2.4991666666666652 2.5000000000000004 0.77833333333333365 1.5000000000000002 4.5000000000000009 4.535000000000001 0.39405000000000007 1.5000000000000002 1.5000000000000002 4.0650000000000004 4.8850000000000007 -0.033316666666666682 2.5000000000000004 2.5000000000000004 3.5000000000000004
decision_type=2 2 2 2 2 2 2 2 2 2 2 2 2 2 2 2 2 2 2 2 2 2 2 2 2 2 2 2 2 2
left_child=2 3 8 6 5 9 16 -4 12 -3 -5 -8 -1 20 -7 -10 -2 -6 -14 -16 -11 25 28 24 -24 -22 -17 -9 29 -13
right_child=1 4 7 10 17 14 11 27 15 13 -12 22 18 -15 19 26 -18 -19 -20 -21 21 -23 23 -25 -26 -27 -28 -29 -30 -31
leaf_value=-0.001894995242437747 -0.0015187108202235605 0.0017733322881295158 -0.046726932693909762 -0.00089439100060867936 -0.0047478404964469987 0.0091165712635610883 0.0079646605792395506 -0.015345326104142196 -0.037700571695353464 0.0011789502402282115 -0.015209114155456485 0.013534700501795283 -0.00097415939137347773 0.014844625455092107 0.023380679339554785 -0.0248646632080687 -0.011889213748502723 0.0058841018313928687 -0.021417132354790688 0.0096544834872682051 0.0066983387815328843 0.0064032006502235854 -0.036704433811626448 -0.0045501740791569828 0.010641756560509221 0.018620724057369708 -0.013007642008229346 -0.031906993175714417 -0.0025043949616956355 0.0017500467463615475
leaf_weight=1314.4478055983782 1794.3103445768356 2230.8019433021545 679.83776747435331 699.57790143787861 1558.7375457286835 826.98929791152477 2599.4866890460253 283.05054365098476 204.14925006777048 1153.5574253052473 2784.6982680335641 800.00670775771141 266.7206789329648 2989.8231249451637 1978.8096819967031 620.48695293813944 1257.3462821543217 1273.0035192966461 617.94351504743099 499.91381841897964 615.76975524425507 2741.7967077344656 34.03770487010479 2749.8378570079803 487.61635003983974 1381.5491822212934 1352.7266048267484 852.26024340093136 904.76504620909691 863.1376513838768
leaf_count=8001 9404 10895 6926 4125 8807 3548 13147 1992 1894 5414 18523 4009 1626 13943 8457 4340 7042 5923 4065 2142 2910 12753 179 15380 2540 6535 9231 7098 4830 4387
internal_value=-6.84817e-05 0.00364239 -0.0193825 -0.00256753 0.00903303 0.0108008 0.00039425 -0.034875 -0.012957 0.00873774 -0.012335 0.00263116 -0.00726897 0.0104868 0.0177365 -0.0187018 -0.00579157 3.17279e-05 -0.0152537 0.0206124 0.00827576 0.0100032 0.000256878 -0.00262036 0.00755244 0.0149451 -0.0167361 -0.0277779 0.00392245 0.00741871
internal_weight=38417.2 32225.6 6191.62 14974.8 17250.8 14419 11490.5 1815.15 4376.47 11113.3 3484.28 8438.89 2199.11 8882.5 3305.71 2177.36 3051.66 2831.74 884.664 2478.72 5892.67 4739.12 5839.4 3271.49 521.654 1997.32 1973.21 1135.31 2567.91 1663.14
internal_count=210066 164893 45173 83566 81327 66597 60918 16016 29157 52450 22648 44472 13692 41555 14147 15465 16446 14730 5691 10599 27612 22198 31325 18099 2719 9445 13571 9090 13226 8396
is_linear=0
shrinkage=0.05


Tree=21
num_leaves=31
num_cat=0
split_feature=16 13 28 39 13 24 13 31 48 9 44 34 11 8 13 13 34 20 40 7 41 24 14 34 9 14 37 9 13 28
split_gain=1011.22 393.043 196.645 155.351 141.055 81.1258 74.7512 61.4591 57.7457 48.8189 42.9444 39.673 35.5988 35.1667 34.0811 32.6009 33.899 31.8656 32.5253 30.4909 28.873 28.4322 27.0726 27.7766 26.0439 25.6641 25.6287 25.6194 24.2754 23.5323
threshold=4.5000000000000009 -1.9300000000000002 5.5000000000000009 2.5000000000000004 0.99333333333333373 -0.0099999999999984528 0.56166666666666687 2.5000000000000004 2.5000000000000004 2.0350000000000006 5.0550000000000006 5.2250000000000005 0.32375000000000004 0.51440000000000008 -0.95499999999999974 1.9291666666666669 4.6650000000000009 -0.23499999999999985 1.0000000180025095e-35 1.6150000000000004 3.5000000000000004 0.029999999999999808 -0.014383333333333274 6.2750000000000012 4.6450000000000005 -0.029749999999999967 3.5000000000000004 5.3750000000000009 -0.20833333333333368 2.5000000000000004
decision_type=2 2 2 2 2 2 2 2 2 2 2 2 2 2 2 2 2 2 2 2 2 2 2 2 2 2 2 2 2 2
left_child=2 9 4 7 5 11 21 20 27 19 -7 -1 28 22 -10 16 -6 18 -9 -2 24 26 23 -12 -3 -18 -4 -5 -13 -22
right_child=1 3 6 8 15 10 -8 17 14 -11 13 12 -14 -15 -16 -17 25 -19 -20 -21 29 -23 -24 -25 -26 -27 -28 -29 -30 -31
leaf_value=-0.0045592853042056352 -0.047189442785302176 0.00045941003072915983 -0.015185687945331162 -0.013570305469606764 0.0056469236785210292 0.0036518838384546354 0.0038899045964345975 -0.017092426324201698 -0.031416848881745285 -0.018032304575326921 0.0037173127090053535 -0.010082762083954989 0.0077488886037539147 0.00034362193923158938 -0.016942613050322877 0.026197449928108147 0.010363524417318569 -0.0011039963557109634 -0.0052445391450899317 -0.031514527970199019 0.0030113337681750528 0.00077934042985109819 0.015280490347486769 0.014881044464520099 0.01292992623018261 0.020057275958725924 -0.00038159316105307859 -0.0025872721404722049 0.0020259098253446036 -0.0084760634308261047
leaf_weight=1874.0710445791483 616.19962239265442 949.10806921869516 1591.9876257032156 2191.9883549138904 946.73152741789818 2829.178787574172 1711.6195329874754 1218.0989051759243 658.20308336615562 344.89748138189316 1379.7015940248966 509.91019150614738 2854.0254769325256 681.55838452279568 1064.2863909676671 622.92935466766357 1074.6906852275133 1092.6415566205978 1104.5268430784345 624.82616805285215 832.84430007636547 511.30322054028511 3297.509733274579 934.63572807610035 749.13898526877165 1872.3326538950205 358.1124651581049 700.69152951985598 2198.707265406847 959.37249916791916
leaf_count=9509 6496 5331 10284 14419 4124 13589 8155 7446 5159 2789 6636 2879 14410 3188 7245 2578 4691 6211 6791 5753 4523 3082 15739 4534 3932 8115 1898 4280 10947 5333
internal_value=-6.78478e-05 -0.011336 0.00578146 -0.00812349 0.00774491 0.00560863 -0.00413503 -0.003377 -0.0152257 -0.0346729 0.00876843 0.00173251 0.00385223 0.0110686 -0.0224736 0.0155771 0.013878 -0.00814556 -0.0114582 -0.0392975 0.00128883 -0.00971543 0.0123711 0.00822574 0.00596046 0.0165223 -0.0124671 -0.0109099 -0.000253606 -0.00313786
internal_weight=38355.8 13106.8 25249 11520.9 21076 16559.3 4173.02 6905.73 4615.17 1585.92 9122.58 7436.71 5562.64 6293.41 1722.49 4516.68 3893.75 3415.27 2322.63 1241.03 3490.46 2461.4 5611.85 2314.34 1698.25 2947.02 1950.1 2892.68 2708.62 1792.22
internal_count=210066 85708 124358 70670 100939 81431 23419 39567 31103 15038 43686 37745 28236 30097 12404 19508 16930 20448 14237 12249 19119 15264 26909 11170 9263 12806 12182 18699 13826 9856
is_linear=0
shrinkage=0.05


Tree=22
num_leaves=31
num_cat=0
split_feature=13 13 7 28 40 40 40 1 14 13 40 24 13 24 9 7 34 28 14 44 24 37 39 24 8 27 41 28 31 28
split_gain=928.951 328.138 245.585 147.937 116.475 87.2136 74.7473 62.217 58.6543 45.6125 45.3832 43.611 40.8169 31.6431 31.0892 34.2266 30.299 29.7392 28.4326 28.3742 26.8793 26.6383 40.718 25.4682 25.3883 27.8239 24.5867 25.4549 24.4188 23.9228
threshold=-0.85250000000000037 0.18499999999999986 2.4950000000000006 4.5000000000000009 3.5000000000000004 2.5000000000000004 1.0000000180025095e-35 2.5000000000000004 -0.017666666666666653 1.3400000000000003 4.5000000000000009 0.026666666666665954 1.3100000000000003 -0.036666666666667506 2.6750000000000003 1.6150000000000004 5.6550000000000011 1.5000000000000002 0.021533333333333324 6.6650000000000009 1.332267629550188e-15 3.5000000000000004 -2.4999999999999996 -0.0050000000000012248 0.51170000000000015 -0.034999999999999691 3.5000000000000004 3.5000000000000004 1.5000000000000002 5.5000000000000009
decision_type=2 2 2 2 2 2 2 2 2 2 2 2 2 2 2 2 2 2 2 2 2 2 2 2 2 2 2 2 2 2
left_child=2 3 14 8 11 6 7 -3 21 13 23 17 26 -7 15 -1 19 -4 -19 -10 -6 -2 -23 -5 25 -18 27 -8 -13 -15
right_child=1 5 4 10 20 9 12 -9 16 -11 -12 28 -14 29 -16 -17 24 18 -20 -21 -22 22 -24 -25 -26 -27 -28 -29 -30 -31
leaf_value=-0.046236366673161403 -0.00038910520519009392 0.010292447286844057 0.0041287160825825642 -0.0090460661558207939 -0.030651471182537006 -0.0054335328586457045 0.020280633889652469 -0.0044052070523431667 -0.0021208705115819382 0.012811172892578455 -0.015834965704498695 0.011155820607331474 0.023423959807811517 0.0068595059566415387 0.0044370924172074952 -0.029602822924829297 0.015422458935872824 -0.01568693979768641 -0.0054956999246738771 0.015193357936164609 -0.016196866694209697 0.0027994346473836349 -0.019343216932419381 -0.0012505520172866524 -0.010793868169887642 0.0059449969403694613 0.0087218167648473281 0.01094715094024809 -0.0050834769086337411 -0.001300953939759584
leaf_weight=610.10309620201588 3192.9575320035219 2331.8939240276814 302.81416042149067 2269.9054131805897 816.23459978401661 1100.2889743298292 1569.4089769870043 1041.681402310729 1693.7277521938086 1227.5080509781837 1401.0756405368447 376.27554076910019 1170.6285946369171 2686.9555241763592 45.147164553403854 627.20290195196867 1109.1788165420294 2054.7351918146014 1026.1919905543327 275.04911005496979 530.75499501824379 350.79471054673195 508.68894839286804 1945.9022177457809 173.0101733058691 2565.8934190571308 1975.6453251838684 1366.6176632940769 601.596833743155 1348.9812843799591
leaf_count=6638 16451 10636 1809 13612 6561 5717 6920 4849 8684 5244 10072 2170 4893 12728 368 5787 5419 13300 6535 1409 4204 1869 2813 11026 847 13165 8968 6360 3707 7305
internal_value=-6.7108e-05 0.00361286 -0.0165459 -0.00156097 -0.0121042 0.00867764 0.0117232 0.00575415 0.00212576 0.00415221 -0.00803883 -0.00813517 0.015034 0.00208281 -0.0363176 -0.0378047 0.00534305 -0.0108229 -0.0122925 0.000298024 -0.0249559 -0.00249234 -0.0103058 -0.00544787 0.00792422 0.0088054 0.0130343 0.0159362 0.00116524 0.00413193
internal_weight=38296.8 31305.8 6991.06 15486.2 5708.6 15819.6 9455.88 3373.58 9869.3 6363.73 5616.88 4361.61 6082.3 5136.23 1282.45 1237.31 5816.86 3383.74 3080.93 1968.78 1346.99 4052.44 859.484 4215.81 3848.08 3675.07 4911.67 2936.03 977.872 4035.94
internal_count=210066 158987 51079 85367 38286 73620 42626 15485 50657 30994 34710 27521 27141 25750 12793 12425 29524 21644 19835 10093 10765 21133 4682 24638 19431 18584 22248 13280 5877 20033
is_linear=0
shrinkage=0.05


Tree=23
num_leaves=31
num_cat=0
split_feature=13 13 28 40 40 48 37 13 7 37 9 14 47 39 14 39 13 28 24 27 11 24 27 1 22 34 8 11 24 24
split_gain=855.039 353.82 193.848 155.874 90.3873 77.0765 59.6198 55.8191 50.2382 45.9018 41.8911 40.7457 39.7454 35.3791 35.6915 30.0789 30.0087 29.8664 29.1399 28.9928 28.3101 27.8207 25.8254 25.2451 25.2011 24.7135 34.9873 27.1078 25.3436 24.5919
threshold=-1.0499999999999994 0.048333333333334234 5.5000000000000009 2.5000000000000004 3.5000000000000004 2.5000000000000004 2.5000000000000004 1.518333333333334 1.9450000000000001 1.5000000000000002 3.6450000000000005 0.022266666666666688 3.5000000000000004 -3.4999999999999996 -0.043633333333333323 -3.4999999999999996 -2.4991666666666652 3.5000000000000004 0.0016666666666664833 0.055000000000000167 0.32250000000000006 -0.006666666666668152 -0.015000000000000123 3.5000000000000004 1.3100000000000001 6.1650000000000009 0.49840000000000007 0.34790000000000004 0.010000000000000233 0.02999999999999892
decision_type=2 2 2 2 2 2 2 2 2 2 2 2 2 2 2 2 2 2 2 2 2 2 2 2 2 2 2 2 2 2
left_child=2 3 10 6 7 22 18 9 -4 12 16 24 20 -8 -15 -11 -1 -14 -2 -16 -3 -7 -5 -12 -6 28 27 -27 -17 -10
right_child=1 4 8 5 11 21 13 -9 29 15 23 -13 17 14 19 25 -18 -19 -20 -21 -22 -23 -24 -25 -26 26 -28 -29 -30 -31
leaf_value=-0.034536138652599364 0.0018259047739672117 0.010211388404442592 -0.044916171414608463 0.0011550650743907286 -0.0050200165986061165 -0.021976787477274398 0.013709104503471689 0.018407740621096288 -0.030669216451918224 0.018996297413747937 -0.0018293799488059521 0.0080555755369994889 0.0093510157713983903 -0.011905765286655434 0.0011480493069186393 -0.00065493930166315821 -0.015499585492873728 -0.0056787866443048368 0.0098704627200300113 -0.011382802402892564 0.019548871508980128 -0.010677267160300551 -0.007639191126841755 -0.013733692268037643 0.0065065829759831315 0.0072168382857661544 -0.0017489316965314098 0.019472498520009367 0.0074045358883929107 -0.010782583317793614
leaf_weight=238.38156969845295 2571.5176653563976 1492.030874595046 612.21885941922665 1239.8830726519227 2135.1194913387299 1135.9915398955345 301.02424174547195 1557.6300824284554 743.39175579696894 399.33299128711224 981.69490116089582 1386.5664955824614 1838.6950683891773 1067.0248597115278 2411.8059733361006 2504.3278539031744 1573.5187898799777 402.97454479336739 2002.1708046346903 570.86303807795048 1780.367673099041 1046.6227267757058 2555.274287417531 815.165327437222 609.57875289022923 1116.394817173481 594.81341318786144 757.2249431759119 1597.7451792359352 196.56158384680748
leaf_count=2349 13362 6704 6926 6837 11491 7773 1599 6441 6346 1832 6071 7082 8282 6066 13180 11923 11051 1873 9818 3252 7951 6921 15685 5685 2923 5305 2801 3555 7334 1648
internal_value=-6.62743e-05 0.00288726 -0.0189946 -0.00282355 0.00757027 -0.00907171 0.00136161 0.00948297 -0.0337702 0.00836941 -0.0126395 0.00106929 0.0117781 -0.00282853 -0.00405781 0.0056727 -0.0180041 0.00664918 0.00534748 -0.00125027 0.0152915 -0.0165584 -0.0047661 -0.0072299 -0.00246004 0.00486294 0.00881596 0.01217 0.0024842 -0.0265106
internal_weight=38235.9 33075 5160.93 14902.2 18172.8 5977.77 8924.41 14041.5 1552.17 12483.9 3608.76 4131.26 5514.07 4350.72 4049.69 6969.84 1811.9 2241.67 4573.69 2982.67 3272.4 2182.61 3795.16 1796.86 2744.7 6570.51 2468.43 1873.62 4102.07 939.953
internal_count=210066 169990 40076 84493 85497 37216 47277 64001 14920 57560 25156 21496 24810 24097 22498 32750 13400 10155 23180 16432 14655 14694 22522 11756 14414 30918 11661 8860 19257 7994
is_linear=0
shrinkage=0.05


Tree=24
num_leaves=31
num_cat=0
split_feature=13 13 13 40 1 24 28 40 14 28 31 24 47 13 34 28 24 8 27 14 23 14 47 41 44 37 8 48 39 22
split_gain=781.692 284.826 196.412 122.426 121.598 60.4587 48.1415 43.3501 42.4359 41.809 40.5049 37.0691 36.5661 38.4757 32.2862 31.9244 27.7453 27.1612 26.9913 26.6731 25.8909 25.2519 24.6134 24.5364 23.2293 23.1584 23.0004 22.9222 22.6314 22.4435
threshold=-0.58499999999999963 -2.0008333333333326 0.33500000000000046 3.5000000000000004 3.5000000000000004 -0.036666666666667506 5.5000000000000009 2.5000000000000004 -0.020899999999999998 5.5000000000000009 2.5000000000000004 -0.018333333333332199 4.5000000000000009 1.3100000000000003 4.9350000000000014 1.5000000000000002 -0.043333333333332551 0.52510000000000012 -0.15999999999999967 0.062933333333333383 6.8250000000000011 -0.01635 3.5000000000000004 2.5000000000000004 5.7150000000000007 3.5000000000000004 0.51170000000000015 1.5000000000000002 2.5000000000000004 -1.175
decision_type=2 2 2 2 2 2 2 2 2 2 2 2 2 2 2 2 2 2 2 2 2 2 2 2 2 2 2 2 2 2
left_child=1 7 4 8 10 21 11 -1 27 12 23 -6 13 14 -7 -12 -10 -16 20 22 -5 28 -8 29 -18 -15 -25 -3 -4 -2
right_child=2 3 5 18 6 9 19 -9 16 -11 15 -13 -14 25 17 -17 24 -19 -20 -21 -22 -23 -24 26 -26 -27 -28 -29 -30 -31
leaf_value=-0.021419896371011694 -0.0084939316531675874 -0.0073892615686393997 0.0025216656773916959 0.0093982518481586091 -0.0061997080492080525 0.0041356684278388211 -0.016059477207311445 -0.039974542968800285 -0.011133365558866364 0.0031399060577938609 0.0082412351918067193 0.001953517805123033 0.0052424840650902339 0.022368989721826538 0.014703781901103528 -0.0038931444597767868 -0.0048138630674112986 0.0028233690759458222 -0.020338457499901832 0.0020084405652703902 0.15373266222704016 0.0065790585482171961 -0.0040610193175474639 0.0069330008249413573 0.0035277651333034915 0.0077920584571824414 -0.012904857579209379 -0.017638515351173265 -0.010823625831161384 0.016859324041776216
leaf_weight=491.30347184836864 95.620711788535118 1761.5789334923029 730.21536321938038 14.3543041869998 2389.7723147720098 1289.2644909322262 1354.5386898368597 876.19783715903759 736.15472583472729 1778.4036384522915 810.55747835338116 3346.0419446825981 1852.2999880164862 1416.2222744077444 3713.7547278702259 1636.1769466996193 1581.7315366789699 552.68676997721195 1928.3283458724618 391.61873280256987 3.9653680846095076 1303.1574043631554 624.48185512423515 2886.2361206412315 1766.8680376932025 337.37659215927124 153.90311942994595 790.24277757108212 562.32601878046989 1001.8936717361212
leaf_count=4630 476 10585 3338 103 13340 5835 8860 9585 4654 8780 4004 17395 8248 5898 16782 8576 9423 2487 15116 2530 28 6104 4083 13965 10454 1418 736 5130 2777 4726
internal_value=-6.53531e-05 -0.0121153 0.00418264 -0.00873882 0.000179115 0.00852783 -0.00392058 -0.0333084 -0.00550472 0.0101555 0.00522651 -0.00144345 0.0115174 0.0131075 0.0110695 0.000126749 -0.00234458 0.0131648 -0.0197646 -0.00991407 0.04064 0.00166757 -0.0122734 0.00824217 -0.000412454 0.0195645 0.00592873 -0.0105632 -0.00328426 0.0146504
internal_weight=38177.3 9950.73 28226.5 8583.22 14690.8 13535.7 8106.45 1367.5 6636.58 10940 6584.39 5735.81 9161.6 7309.3 5555.71 2446.73 4084.75 4266.44 1946.65 2370.64 18.3197 2595.7 1979.02 4137.65 3348.6 1753.6 3040.14 2551.82 1292.54 1097.51
internal_count=210066 69708 140358 55493 78691 61667 46208 14215 40246 49448 32483 30735 40668 32420 25104 12580 24531 19269 15247 15473 131 12219 12943 19903 19877 7316 14701 15715 6115 5202
is_linear=0
shrinkage=0.05


Tree=25
num_leaves=31
num_cat=0
split_feature=13 13 28 40 40 40 48 1 37 7 25 13 28 9 27 14 14 11 28 20 47 13 24 14 24 20 24 34 28 26
split_gain=724.743 289.537 178.118 131.937 77.3621 71.9679 68.1142 60.167 49.3516 49.3316 47.651 40.7444 38.9578 34.8379 31.9147 30.9864 30.4679 30.0631 29.9837 27.3048 26.7356 26.1824 25.6135 24.5105 23.6978 23.3546 23.26 22.6653 21.858 28.203
threshold=-1.0499999999999994 0.048333333333334234 5.5000000000000009 2.5000000000000004 2.5000000000000004 1.0000000180025095e-35 2.5000000000000004 2.5000000000000004 2.5000000000000004 1.9450000000000001 4.5000000000000009 0.86166666666666691 1.5000000000000002 4.1350000000000007 0.055000000000000167 0.06691666666666661 -0.043633333333333323 0.38900000000000001 5.5000000000000009 1.4600000000000009 3.5000000000000004 -2.4991666666666652 -0.006666666666668152 0.047399999999999977 0.02999999999999892 -0.33000000000000024 -0.021666666666666053 6.5550000000000006 2.5000000000000004 -0.10499999999999997
decision_type=2 2 2 2 2 2 2 2 2 2 2 2 2 2 2 2 2 2 2 2 2 2 2 2 2 2 2 2 2 2
left_child=2 3 12 8 5 7 23 -3 20 -4 17 25 -1 21 16 -13 -10 19 -12 -6 27 -14 -8 -5 -11 -7 -23 -2 -22 -30
right_child=1 4 9 6 10 11 22 -9 14 24 18 15 13 -15 -16 -17 -18 -19 -20 -21 28 26 -24 -25 -26 -27 -28 -29 29 -31
leaf_value=0.0049190140072771131 0.0052564792936355097 0.0081770012177934791 -0.043785005758798713 -0.006481092365812422 0.00034865092072488516 0.015318591636542662 -0.020736870699809881 -0.005357374352239745 -0.0084882281791178113 -0.02923754563591472 0.0008789663293104794 0.01523642539818953 -0.033559354177109889 -0.0064127627964572012 -0.011153324645538209 0.03060322877125396 0.0023050473245492561 0.012503526467692046 -0.011227853626467152 0.0092757954993007551 0.0061106347539159611 -0.022875436492486363 -0.0097999727897037925 0.0031627069665318315 -0.0094606933338474333 0.0073477397491965015 -0.011129143783843453 0.01586092160266463 0.032737389590937971 -0.0052942410269334684
leaf_weight=321.99635330587626 1549.6697610020638 2682.0839572250843 573.46147011965513 2922.0378113090992 2469.3278472423553 1291.5565278232098 1111.0071099624038 1183.4845063239336 873.56670181453228 715.92278425395489 1598.166445851326 2175.6356245875359 219.2219956740737 1166.526004306972 862.99190931022167 386.30180199444294 2599.5857488960028 1208.8443252295256 752.05935329198837 1311.4679333865643 1110.4461457878351 651.90555718541145 1033.1377365961671 850.67419944703579 192.12046828120947 3185.6009256094694 1192.1969327181578 746.65679070353508 50.940184220671654 1132.1100268661976
leaf_count=2020 7819 12241 6926 17506 12398 5949 7773 5554 4943 6346 7838 9252 2277 7748 4996 1624 14158 5786 4180 6062 5595 4820 6921 5016 1648 14613 8291 3721 250 5795
internal_value=-6.42403e-05 0.00262469 -0.0177402 -0.00256091 0.00684343 0.00951463 -0.0083509 0.00403331 0.00127716 -0.0323039 0.0028749 0.0125247 -0.0116656 -0.013319 -0.00254791 0.0175535 -0.000409675 0.00563982 -0.00299515 0.00344526 0.00489082 -0.0172235 -0.015467 -0.0043066 -0.0250532 0.00964715 -0.0152816 0.00870454 0.00107239 -0.00365666
internal_weight=38120.7 33087.4 5033.35 14842.8 18244.5 10904.7 5916.86 3865.57 8925.97 1481.5 7339.87 7039.09 3551.85 3229.85 4336.14 2561.94 3473.15 4989.64 2350.23 3780.8 4589.82 2063.32 2144.14 3772.71 908.043 4477.16 1844.1 2296.33 2293.5 1183.05
internal_count=210066 169990 40076 84493 85497 49233 37216 17795 47277 14920 36264 31438 25156 23136 24097 10876 19101 24246 12018 18460 23180 15388 14694 22522 7994 20562 13111 11540 11640 6045
is_linear=0
shrinkage=0.05


Tree=26
num_leaves=31
num_cat=0
split_feature=13 13 28 39 28 48 24 13 7 44 27 28 8 44 9 37 28 14 24 13 41 27 8 44 3 47 24 24 34 8
split_gain=662.076 262.112 169.235 124.311 73.9806 61.0964 57.629 49.3372 48.7886 40.6751 38.191 35.6478 34.1926 40.2972 32.2999 28.7777 28.9215 25.9333 26.2576 25.0135 24.3518 23.8387 23.8373 23.4759 23.4223 22.9159 22.4503 21.7422 20.5077 26.5367
threshold=-1.0499999999999994 -1.0000000180025095e-35 5.5000000000000009 2.5000000000000004 5.5000000000000009 2.5000000000000004 -0.036666666666667506 0.99333333333333373 1.9450000000000001 4.995000000000001 0.044999999999999936 1.5000000000000002 0.55375000000000008 5.1850000000000014 4.1350000000000007 1.5000000000000002 1.5000000000000002 0.052533333333333411 0.029999999999999808 -2.4991666666666652 2.5000000000000004 -1.0000000180025095e-35 0.29905000000000004 4.3550000000000013 26.500000000000004 4.5000000000000009 0.02999999999999892 -0.021666666666666053 4.9350000000000014 0.39735000000000004
decision_type=2 2 2 2 2 2 2 2 2 2 2 2 2 2 2 2 2 2 2 2 2 2 2 2 2 2 2 2 2 2
left_child=2 3 11 9 6 21 -3 12 -4 -2 15 -1 13 22 19 20 -17 18 -6 -13 -11 -5 -8 -9 -7 28 -10 -21 -15 -30
right_child=1 4 8 5 17 24 7 23 26 10 -12 14 -14 25 -16 16 -18 -19 -20 27 -22 -23 -24 -25 -26 -27 -28 -29 29 -31
leaf_value=0.0046591637072893625 -0.0048424896055083485 0.0016088787026083682 -0.043158024627941168 0.00088970494600346659 -0.0058577330934770034 -0.0013794221235237944 0.0093698084426357894 0.0067155697086181791 -0.028396431157838575 0.019901952650213571 -0.0037871881691123317 -0.032754736249653742 -0.0073273986703975185 0.0047701025226086456 -0.0061171350672615775 0.011710062388380058 -0.00048158051450713704 0.0082025818823430029 0.0065821097703054332 -0.02207782485395457 0.0068144410103559696 -0.0077249906943137152 0.00026467322119910904 0.016101843370215592 -0.017565422525251836 0.0042126225269617807 -0.0090509723096129559 -0.010650162031566827 0.019114549840600337 0.010238657333502319
leaf_weight=322.93225495517254 2167.4570143893361 3158.0917160063982 553.21862705796957 1270.1042005047202 1917.1115298569202 256.01113376021385 1087.0902606993914 863.9560532271862 700.66582921892405 471.74090795218945 1529.3559827283025 213.52322863787413 390.20641788840294 784.46732416749001 1161.8783873543143 619.31581290066242 2267.4104751944542 638.56046114861965 544.72542820870876 641.94260929524899 1441.6226047575474 2183.8113701790571 2121.9310516566038 2909.65827254951 1760.3555236309767 1176.2824900299311 190.81077491492033 1183.7450753450394 1381.926336184144 2155.7301752716303
leaf_count=2020 11616 15097 6926 7084 10367 1798 5155 3673 6346 2315 8452 2277 1814 3660 7748 3175 12539 3278 2805 4820 7216 13702 9820 12323 12172 5446 1648 8291 6478 10005
internal_value=-6.32057e-05 0.00249176 -0.017082 -0.00271562 0.00629383 -0.00859452 0.00766132 0.00914635 -0.031494 0.0010692 0.0030936 -0.0111737 0.00715265 0.00780154 -0.012771 0.00528588 0.002134 -0.000776236 -0.0031052 -0.0165621 0.0100412 -0.00455712 0.00334914 0.0139529 -0.0155103 0.0104001 -0.0242557 -0.0146683 0.012084 0.0137059
internal_weight=38065.6 33096.9 4968.72 13967.2 19129.7 5470.28 16029.3 12871.2 1444.7 8496.9 6329.45 3524.02 9097.63 8707.43 3201.09 4800.09 2886.73 3100.4 2461.84 2039.21 1913.36 3453.92 3209.02 3773.61 2016.37 5498.41 891.477 1825.69 4322.12 3537.66
internal_count=210066 169990 40076 80069 89921 34756 73471 58374 14920 45313 33697 25156 42378 40564 23136 25245 15714 16450 13172 15388 9531 20786 14975 15996 13970 25589 7994 13111 20143 16483
is_linear=0
shrinkage=0.05


Tree=27
num_leaves=31
num_cat=0
split_feature=13 13 28 40 40 40 24 1 7 14 27 44 40 47 22 31 34 13 24 27 24 39 8 16 34 8 14 40 13 44
split_gain=604.634 237.146 160.596 115.506 60.7187 57.1728 50.89 48.6851 48.1779 36.6333 35.6167 34.9213 33.8431 30.2538 30.9964 29.6136 27.6479 26.8164 26.6127 21.4782 21.3375 22.7571 21.1191 21.402 22.7977 21.6817 20.9979 20.6281 19.871 19.4483
threshold=-1.0499999999999994 0.18499999999999986 5.5000000000000009 3.5000000000000004 2.5000000000000004 1.0000000180025095e-35 -0.0083333333333324138 2.5000000000000004 1.9450000000000001 -0.011149999999999964 -0.015000000000000123 5.3550000000000013 2.5000000000000004 3.5000000000000004 0.92000000000000037 2.5000000000000004 5.9050000000000011 1.3400000000000003 -0.049999999999999371 -0.044999999999999922 0.075000000000000636 2.5000000000000004 0.51170000000000015 4.5000000000000009 5.9650000000000007 0.23409999999999997 0.041416666666666734 -3.4999999999999996 -0.24499999999999986 6.3150000000000004
decision_type=2 2 2 2 2 2 2 2 2 2 2 2 2 2 2 2 2 2 2 2 2 2 2 2 2 2 2 2 2 2
left_child=2 3 12 6 5 7 16 19 -4 18 -5 -8 15 14 -7 -1 -2 -11 -6 -3 21 -10 23 24 27 -26 -18 -13 -12 -15
right_child=1 4 8 10 9 13 11 -9 20 17 28 22 -14 29 -16 -17 26 -19 -20 -21 -22 -23 -24 -25 25 -27 -28 -29 -30 -31
leaf_value=-0.0016840229112054421 -0.0065416801336187561 0.015581266148974544 -0.04253067536422158 8.0745075407240443e-05 -0.012187790860640063 0.010628094261943572 -0.0013479624598046907 -0.0049199423394155921 -0.011216316904312743 0.0042820491632310359 -0.015344433958131993 0.045654745233775273 -0.01778397169058836 0.0051933271018802865 0.019765516870115511 -0.012886084733399576 -0.0018700878131379555 0.015358192751705897 0.0009115631257243927 0.0050278774958275397 0.010633376843787547 -0.030128582006443597 -0.010609581138419697 0.003004707016569332 0.034332341310546875 0.012390093516795462 0.0073905633563394876 0.0032647618207895198 -0.0071994461864116109 0.015373700060649956
leaf_weight=1180.0163619890809 2731.2397567033768 674.77747002243996 533.80468302220106 793.15432540327311 460.20107401907444 1950.2273230105639 2446.0715945214033 1044.8599078953266 214.21589627116919 2804.4903513491154 1727.1847145333886 29.559328764677048 1137.4835961461067 1817.4020209908485 1770.8945306390524 1179.8903127983212 2852.8089377731085 678.71611236035824 2462.1379119753838 1688.6008842140436 43.575338535010815 617.80510959029198 181.77094759047031 1995.491833396256 124.78099977970123 1151.6580588370562 779.33387872576714 986.50681781768799 1321.9571908265352 632.36662203073502
leaf_count=7651 15162 2985 6926 4751 2357 8695 12577 4849 1672 13828 12834 143 9118 8010 7624 8387 15638 2859 11950 7651 370 5952 888 10677 634 5555 4197 4858 8456 2812
internal_value=-6.20643e-05 0.00236563 -0.0164418 -0.00172325 0.00674532 0.00926528 0.000485824 0.00406759 -0.0306911 0.00297685 -0.00935794 0.0034549 -0.0106995 0.012136 0.0149766 -0.00728475 -0.00274102 0.00644028 -0.00115128 0.00804102 -0.0234731 -0.0252593 0.00608326 0.00679088 0.0100865 0.0145351 0.000116932 0.00449797 -0.0118132 0.00782122
internal_weight=38013 33106.2 4906.79 17121.5 15984.7 9579.13 13279.2 3408.24 1409.4 6405.55 3842.3 6915.84 3497.39 6170.89 3721.12 2359.91 6363.38 3483.21 2922.34 2363.38 875.596 832.021 4469.77 4288 2292.51 1276.44 3632.14 1016.07 3049.14 2449.77
internal_count=210066 169990 40076 96370 73620 42626 70329 15485 14920 30994 26041 35332 25156 27141 16319 16038 34997 16687 14307 10636 7994 7624 22755 21867 11190 6189 19835 5001 21290 10822
is_linear=0
shrinkage=0.05


Tree=28
num_leaves=31
num_cat=0
split_feature=13 13 13 28 40 24 40 13 34 8 34 24 9 37 14 9 9 14 44 44 8 14 8 16 41 34 17 24 44 8
split_gain=552.697 196.745 170.553 98.6407 89.2343 56.9978 55.1522 36.807 34.0733 36.0874 33.2765 31.8485 30.1481 28.0783 27.4855 28.0206 26.8797 25.7967 25.4789 24.5989 21.8128 21.775 21.4728 28.8687 24.7629 21.4109 23.0804 20.7468 19.1353 18.8141
threshold=-0.95499999999999974 0.18499999999999986 -2.4991666666666652 5.5000000000000009 3.5000000000000004 -0.0033333333333325217 3.5000000000000004 1.518333333333334 6.0750000000000011 0.49030000000000007 5.9050000000000011 -0.053333333333333226 2.6050000000000004 3.5000000000000004 -0.015016666666666649 4.3550000000000013 5.8450000000000006 -0.011149999999999964 6.6250000000000009 6.285000000000001 0.24479999999999999 0.021533333333333324 0.28625000000000006 1.5000000000000002 4.5000000000000009 3.9450000000000007 2.5000000000000004 0.030000000000000696 5.5450000000000008 0.59175000000000011
decision_type=2 2 2 2 2 2 2 2 2 2 2 2 2 2 2 2 2 2 2 2 2 2 2 2 2 2 2 2 2 2
left_child=2 3 12 5 11 10 7 8 19 -10 -2 -4 -1 16 -7 18 -5 -8 -16 22 -20 -13 25 24 -24 -3 -27 -6 -25 -21
right_child=1 6 4 13 27 14 17 -9 9 -11 -12 21 -14 -15 15 -17 -18 -19 20 29 -22 -23 23 28 -26 26 -28 -29 -30 -31
leaf_value=-0.039155681457934875 -0.0067300848883600634 -0.0060931911851881257 -0.018759929736801833 -0.016150766078258428 -0.026320224851412739 -0.00041117300090141569 -0.0036998079240015041 0.015129125066743285 0.013200053306105401 0.0034820236443233094 0.00014359723563302281 -0.0085458449113711542 0.0083688563274591371 0.00023696200250582092 -0.0022516132912393312 0.0092940248673585146 -0.0034491273519827123 0.0047852547277678417 0.043394814838321333 0.011167504763441279 0.0055051026586846541 5.8831972060931795e-05 0.010236543227836816 -0.0050234775511782065 -0.0051570782188150492 0.026781274510994546 0.0075379372442055366 -0.009298166466314664 0.0040541375629129656 -0.045017182311718675
leaf_weight=703.71423920243979 3033.9794479608536 166.39760041236877 524.20364694297314 1564.953945428133 956.20268428325653 2469.3083912283182 1629.3934943526983 1572.3702894002199 3151.1767047792673 1370.8934121280909 4195.7186304181814 2052.7542215436697 35.031904257833958 515.13340805470943 1159.4126450717449 2634.9118612408638 567.60268554836512 1989.4933393001556 57.995815232396126 1337.4184774458408 110.08608807623386 1145.5422228425741 1188.7077847421169 1657.9336732178926 334.84361942112446 231.70437660813332 475.77918253839016 220.23414669930935 893.35728512704372 15.067916646599768
leaf_count=8876 16910 772 3762 11547 8799 12809 8394 6441 14263 6172 23059 13899 323 2905 5981 13180 4019 9930 305 6034 558 7584 5179 7555 1475 1067 2212 1930 4060 66
internal_value=-6.07924e-05 0.00245882 -0.014507 -0.00140667 -0.0111298 0.000305194 0.0063954 0.00798083 0.00694235 0.010254 -0.00274098 -0.00733624 -0.036902 -0.0102394 0.00372931 0.00630959 -0.0127701 0.000964879 0.000385843 0.00456576 0.0185788 -0.00546389 0.00293257 0.00140733 0.00685336 0.0100447 0.0138402 -0.0231336 -0.00184487 0.0105416
internal_weight=37961.3 32323.6 5637.68 16309.1 4898.94 13661.4 16014.5 12395.7 10823.3 4522.07 7229.7 3722.5 738.746 2647.69 6431.71 3962.41 2132.56 3618.89 1327.49 6301.21 168.082 3198.3 4948.72 4074.84 1523.55 873.881 707.484 1176.44 2551.29 1352.49
internal_count=210066 164893 45173 91273 35974 72802 73620 55296 48855 20435 39969 25245 9199 18471 32833 20024 15566 18324 6844 28420 863 21483 22320 18269 6654 4051 3279 10729 11615 6100
is_linear=0
shrinkage=0.05


Tree=29
num_leaves=31
num_cat=0
split_feature=13 13 28 39 28 47 48 40 13 31 7 9 13 1 27 39 47 2 28 14 44 3 24 26 11 14 20 24 28 34
split_gain=508.306 218.631 129.489 100.935 63.8252 68.9059 54.3908 49.5667 40.3114 39.9342 38.636 34.5229 33.0961 31.9114 28.1905 28.1499 25.2932 25.0291 24.9359 24.2034 24.0596 23.4772 22.8814 22.5159 21.9532 21.8962 21.112 20.7922 19.9766 19.475
threshold=-1.1749999999999994 -0.02499999999999902 5.5000000000000009 2.5000000000000004 4.5000000000000009 3.5000000000000004 2.5000000000000004 1.0000000180025095e-35 1.3100000000000003 2.5000000000000004 1.9450000000000001 3.6450000000000005 0.79500000000000026 2.5000000000000004 0.010000000000000233 -3.4999999999999996 3.5000000000000004 3.5000000000000004 2.5000000000000004 -0.043633333333333323 6.6050000000000013 32.500000000000007 0.038333333333332671 -0.10499999999999997 0.33135000000000003 0.043363333333333288 0.21999999999999989 0.016666666666666167 1.5000000000000002 5.5850000000000009
decision_type=2 2 2 2 2 2 2 2 2 2 2 2 2 2 2 2 2 2 2 2 2 2 2 2 2 2 2 2 2 2
left_child=2 3 11 9 5 7 25 15 24 16 -4 -1 27 -7 19 -3 -2 -14 -18 -11 -15 -8 28 -20 -9 29 -25 -6 -13 -5
right_child=1 4 10 6 12 13 21 8 -10 14 -12 22 17 20 -16 -17 18 -19 23 -21 -22 -23 -24 26 -26 -27 -28 -29 -30 -31
leaf_value=-0.016240844556187298 0.0075075222220255368 0.019832409111251503 -0.041363848978717123 -0.013098054279454286 -0.0035120821003453758 0.0068423479995607609 -0.0058854145918909757 0.0078084213347421692 0.023535360260855991 -0.0081697309400926114 -0.023209215556176291 0.013629418319017921 0.00050165733648566797 -0.0034857903614175984 -0.0079415128001781767 0.0022651715645582919 0.0054792073550421526 0.0099448430419823517 0.02774814474709136 0.0031358047704227324 0.0092545141167539122 -0.017908585035865465 0.012313061090984189 -0.0099350733867913307 0.014845007020150703 0.0025702899377232202 0.007499792851685283 0.0040702018688563374 -0.0097654398644466695 -0.0037677317423834688
leaf_weight=1466.7492222487926 2294.9309893324971 257.8674139380455 499.8124682828784 797.62161584943533 2985.3313657939434 2589.9942533075809 561.56219184398651 2210.4734684824944 799.36992007493973 626.2578064724803 708.4607453122735 100.62162028253078 1263.910084426403 1994.2435562759638 1689.206541493535 1971.4466648101807 1088.0607744902372 1577.4681447297335 50.030145585536957 1939.6159564629197 455.1426862180233 1465.8790401369333 166.77048598974943 892.57525885105133 2223.3376355171204 871.96451590955257 215.56685030460358 1296.9464520215988 979.44861244410276 1871.5711172744632
leaf_count=11854 11705 1155 6925 4973 16417 11627 4042 9937 3273 3597 6782 622 5778 9010 9916 9114 5539 6961 248 10660 2085 10524 1058 4701 9891 5284 1092 6799 6945 11552
internal_value=-5.95155e-05 0.00190706 -0.0171036 -0.00278008 0.0053378 0.00749018 -0.00804772 0.0105406 0.0132002 0.000554686 -0.030719 -0.0110411 0.00156041 0.00297303 -0.00292567 0.00429719 0.00381579 0.0057443 4.40116e-05 0.000376441 -0.0011184 -0.0145784 -0.00492435 -0.00506216 0.0113369 -0.00430867 -0.00654347 -0.00121568 -0.00758593 -0.00655587
internal_weight=37912.2 33990.4 3921.86 14364.8 19625.5 12501.9 5568.6 7462.5 5233.18 8796.24 1208.27 2713.59 7123.66 5039.38 4255.08 2229.31 4541.16 2841.38 2246.23 2565.87 2449.39 2027.44 1246.84 1158.17 4433.81 3541.16 1108.14 4282.28 1080.07 2669.19
internal_count=210066 175880 34186 83833 92047 56092 36375 33370 23101 47458 13707 20479 35955 22722 24173 10269 23285 12739 11580 14257 11095 14566 8625 6041 19828 21809 5793 23216 7567 16525
is_linear=0
shrinkage=0.05


Tree=30
num_leaves=31
num_cat=0
split_feature=13 13 13 39 40 40 40 1 48 44 24 22 37 9 13 28 40 24 47 17 39 28 34 24 22 11 27 14 20 26
split_gain=464.514 197.138 123.903 91.7033 59.723 60.8752 58.3287 51.612 50.0089 37.6885 35.1206 32.1249 30.8336 28.7531 28.021 27.4117 28.6387 25.6401 24.9968 23.5043 22.6124 22.1396 22.3285 21.9633 21.8573 21.7733 20.8358 20.5508 20.2268 20.0876
threshold=-1.1749999999999994 -0.02499999999999902 -2.4991666666666652 2.5000000000000004 2.5000000000000004 1.0000000180025095e-35 3.5000000000000004 2.5000000000000004 2.5000000000000004 4.995000000000001 -0.034999999999998803 1.1500000000000001 2.5000000000000004 2.6050000000000004 0.67333333333333412 1.5000000000000002 1.0000000180025095e-35 -0.021666666666665165 2.5000000000000004 5.5000000000000009 1.0000000180025095e-35 3.5000000000000004 5.2650000000000006 -0.0066666666666672638 0.019999999999999688 0.37175000000000008 -0.010000000000000229 -0.045950000000000026 0.17000000000000007 0.044999999999999936
decision_type=2 2 2 2 2 2 2 2 2 2 2 2 2 2 2 2 2 2 2 2 2 2 2 2 2 2 2 2 2 2
left_child=2 3 13 9 5 7 17 25 26 20 19 -7 24 -1 -12 -14 -17 -4 21 -6 -2 22 -13 -10 -11 -3 28 -19 -5 -26
right_child=1 4 6 8 10 11 -8 -9 23 12 14 18 15 -15 -16 16 -18 27 -20 -21 -22 -23 -24 -25 29 -27 -28 -29 -30 -31
leaf_value=-0.037869817917321205 -0.011616401763526222 0.0034558720277114274 -0.015333136304759796 -0.0020158064285602448 -0.0015429313291494824 0.0075384672501006174 -0.024032597033484024 -0.0059504992831403841 -0.018951907777175484 0.0033950705364370784 0.00030220774965385107 0.012117810535372796 0.0084713860312272318 0.0087194745326553778 0.0071135054089094879 -0.0083219665570118846 0.002434837885176554 -0.014962685235295335 0.0097391853590763564 -0.015699721814693691 -0.0011873798105496666 0.013205770848183066 0.032700070244105484 -0.0084801432087670912 0.017615037031151633 0.013144348714428848 -0.0068266800801340234 -0.0012990041662185054 0.014171370520919949 0.00085382553518822946
leaf_weight=663.00639716535807 834.20233920961618 2092.5553814023733 849.64243529736996 938.61453907936811 1441.4683008044958 4878.5722944140434 791.55028343945742 1269.658924266696 1055.876438960433 2637.7115532532334 3200.577626183629 192.06037420034409 591.23310345411301 34.858287535607815 2858.555233836174 1380.1851210743189 1121.6042789965868 359.52691595256329 1432.5902905166149 368.05922968685627 1378.8680207431316 697.12259885668755 419.75555989146233 952.3530291467905 597.81573043018579 802.21275727450848 2350.7582393586636 1173.140982709825 242.93401618301868 255.00479955971241
leaf_count=8876 4668 9515 6518 5365 7493 22029 7724 5989 7849 13602 16921 805 3122 323 12721 7923 6515 2573 6176 1955 7381 3060 1766 6717 2936 3617 15123 8172 1321 1311
internal_value=-5.82122e-05 0.00181093 -0.0164676 -0.0026473 0.00506324 0.0073155 -0.0122734 0.00245437 -0.00768593 0.000526277 0.00169013 0.00997213 0.00242379 -0.0355427 0.00351562 -0.00121123 -0.00349947 -0.00836628 0.0143029 -0.00442243 -0.00511853 0.0192976 0.0262389 -0.0139859 0.00564484 0.00614079 -0.00410418 -0.00450417 0.00131238 0.0126032
internal_weight=37862.1 33990.3 3871.73 14337.2 19653.2 11784.5 3173.86 4164.43 5540.54 8796.62 7868.66 7620.1 6583.55 697.865 6059.13 3093.02 2501.79 2382.31 2741.53 1809.53 2213.07 1308.94 611.816 2008.23 3490.53 2894.77 3532.31 1532.67 1181.55 852.821
internal_count=210066 175880 34186 83833 92047 52957 24987 19121 36375 47458 39090 33836 35409 9199 29642 17560 14438 17263 11807 9448 12049 5631 2571 14566 17849 13132 21809 10745 6686 4247
is_linear=0
shrinkage=0.05


Tree=31
num_leaves=31
num_cat=0
split_feature=13 7 13 1 40 9 14 14 44 31 39 14 7 9 24 41 24 28 34 40 9 44 24 40 24 1 40 40 4 20
split_gain=426.652 193.086 106.104 88.703 85.4367 44.2602 38.9042 38.5641 33.7741 32.5172 32.1716 31.7803 29.6145 48.7503 29.116 28.4472 26.7218 25.7702 25.6268 24.5224 23.3504 22.4946 21.7555 21.468 23.8596 21.4296 25.7881 20.9541 20.4744 18.2718
threshold=-0.58499999999999963 2.4950000000000006 0.57499999999999962 3.5000000000000004 3.5000000000000004 5.0750000000000011 0.024616666666666651 0.022266666666666688 4.5950000000000006 2.5000000000000004 -3.4999999999999996 0.046326666666666606 1.6150000000000004 2.0350000000000006 -0.039999999999999584 2.5000000000000004 0.016666666666667055 5.5000000000000009 5.3850000000000007 4.5000000000000009 6.7350000000000012 5.4150000000000009 0.0083333333333333055 3.5000000000000004 0.033333333333333666 1.5000000000000002 1.0000000180025095e-35 1.0000000180025095e-35 49.500000000000007 -1.5699999999999994
decision_type=2 2 2 2 2 2 2 2 2 2 2 2 2 2 2 2 2 2 2 2 2 2 2 2 2 2 2 2 2 2
left_child=1 12 3 9 6 17 21 8 -4 15 -11 23 13 -1 -10 18 20 -5 -2 -16 -6 -3 -9 27 -25 -23 -27 -7 -29 -17
right_child=2 4 7 5 16 11 -8 22 14 10 -12 -13 -14 -15 19 29 -18 -19 -20 -21 -22 25 -24 24 -26 26 -28 28 -30 -31
leaf_value=-0.042028019404248995 0.0013621663517551692 -0.011544689065318088 -0.000686094458661115 -0.0039631597050969478 -0.020788653215108525 -0.014985921139048798 0.0013555102748987573 0.0076492935035573171 -0.00092809132573525217 0.013326472232884063 -0.0015774719040041912 0.0073368301220537646 -0.02187304668286514 0.043317575535295701 0.010126326691366783 0.015394975739828794 -0.0063101657203409574 -0.01273790757069867 0.017078297571051122 -0.0034341138778484453 0.02924067092117388 0.0082039991683061069 0.015760755560040897 -0.0081241460283899107 0.007707343730191313 -0.015927203041657005 -0.0031441271267234313 -0.011330817680523287 0.0041949544928556416 0.0035939061584763184
leaf_weight=455.53878360241652 346.38357588648796 1594.2957903817296 1918.4976852536201 3094.7596922069788 1326.2934964522719 181.65811514854431 2188.5127875134349 1735.3091157674789 919.54803840816021 419.83888785541058 2632.1734909564257 1283.8399822562933 556.11653154343367 17.370300777256489 3735.3134618401527 363.09818452596664 493.23634864389896 1146.7998655214906 1032.7190054804087 366.06546610593796 23.740538582205772 313.86913434416056 1578.6174058914185 1563.2536372840405 280.72856514155865 491.0872391089797 2006.7549046948552 236.00416131317616 2118.3121157586575 3393.5332419276237
leaf_count=6609 1616 10068 8459 16591 11481 949 13384 7622 4213 2023 13375 7000 6048 161 16176 1738 4046 7630 4722 1795 185 1824 6773 9910 1690 3254 12648 1204 10858 16014
internal_value=-5.69244e-05 -0.00924727 0.00301236 0.000709522 -0.00675358 -0.00247343 -0.00409359 0.00707596 0.00495692 0.00456018 0.000472735 0.00041892 -0.029695 -0.0388932 0.00711312 0.00698923 -0.01627 -0.00633561 0.0131309 0.008916 -0.0199089 -0.00680022 0.0115133 -0.00160884 -0.00571395 -0.00411001 -0.00565734 0.00137611 0.0026386 0.00473454
internal_weight=37813.3 9466.82 28346.5 18093.1 8437.79 9905.36 6594.52 10253.4 6939.42 8187.75 3052.01 5663.8 1029.03 472.909 5020.93 5135.73 1843.27 4241.56 1379.1 4101.38 1350.03 4406.01 3313.93 4379.96 1843.98 2811.71 2497.84 2535.97 2354.32 3756.63
internal_count=210066 69708 140358 95320 56890 55832 41178 45038 30643 39488 15398 31611 12818 6770 22184 24090 15712 24221 6338 17971 11666 27794 14395 24611 11600 17726 15902 13011 12062 17752
is_linear=0
shrinkage=0.05


Tree=32
num_leaves=31
num_cat=0
split_feature=13 13 13 40 28 47 28 40 13 14 24 27 40 28 8 34 9 13 44 47 2 14 34 34 37 1 14 3 34 20
split_gain=395.486 169.64 105.269 82.0112 52.3644 46.9023 46.3175 46.0652 42.1545 38.4369 37.218 33.1291 27.3268 51.7508 26.5078 35.6518 26.1247 24.0614 27.3317 23.2586 25.7166 21.9402 21.1075 20.844 20.3998 19.9909 18.6832 17.8921 17.8412 18.7287
threshold=-1.2349999999999988 -0.02499999999999902 -2.4991666666666652 2.5000000000000004 5.5000000000000009 4.5000000000000009 5.5000000000000009 3.5000000000000004 1.4416666666666669 -0.049183333333333266 0.023333333333332987 0.010000000000000233 1.0000000180025095e-35 1.5000000000000002 0.52805000000000013 4.8650000000000011 2.6050000000000004 0.42666666666666725 6.1350000000000007 3.5000000000000004 3.5000000000000004 0.030200000000000036 6.0550000000000006 6.0650000000000004 3.5000000000000004 3.5000000000000004 0.028549999999999996 25.500000000000004 5.4650000000000007 -1.2049999999999998
decision_type=2 2 2 2 2 2 2 2 2 2 2 2 2 2 2 2 2 2 2 2 2 2 2 2 2 2 2 2 2 2
left_child=2 3 16 10 5 8 11 21 9 23 12 -5 13 27 15 -11 -1 -17 -19 20 -6 -4 26 -3 -10 -7 -8 -2 -14 -30
right_child=1 4 7 6 19 25 22 -9 24 14 -12 -13 28 -15 -16 17 -18 18 -20 -21 -22 -23 -24 -25 -26 -27 -28 -29 29 -31
leaf_value=-0.036540953982714883 -0.021255049621953969 -0.0028170455014930804 -0.011656876366657444 -0.0001062461587607798 -0.0085667059950652134 0.0030432972924209645 -0.024663818214184337 -0.023104594440701128 0.017228117882261248 0.0021064051975173666 0.0060209962980610019 -0.0095337146303334803 -0.0043477564416063022 -0.011334269415533825 -0.0013065395866937329 0.0069505636504616237 0.0076476390003507068 0.010712516595530127 0.021542704137815668 0.0052864340939171878 0.0023684328713260844 -0.00053915204986229386 -0.0088896092001774785 0.0057096615859557201 0.0031178734007498189 -0.0053021639627500563 -0.0085572935244694944 0.0071421580589588422 0.0072615514534240524 -0.00043795770771986003
leaf_weight=624.40485668182373 60.372361928224564 1599.0058387964964 1444.6284449100494 2227.9338022470474 1312.7565546184778 2277.4323054552078 569.89124870300293 695.117143265903 1336.7704662084579 1703.8643613606691 2260.6756390929222 1601.9130325242877 1200.0182210355997 1480.0589196830988 752.92105203866959 2900.0586171597242 35.341255873441696 2542.4807709753513 755.70444919168949 941.96249413490295 910.60710690915585 640.51482003927231 1037.8961923867464 1298.9960488379002 316.87051655352116 1047.6971209347248 263.20143286138773 682.93877576291561 1359.2858786284924 1885.1879666298628
leaf_count=8876 326 7438 10801 13080 7227 10259 4591 7066 5465 7837 11608 10035 6559 8776 3426 13970 323 11224 3327 5054 4566 4628 8229 6082 1309 4863 2077 3646 7467 9931
internal_value=-5.56521e-05 0.00156409 -0.0162185 -0.00251448 0.00459332 0.00572139 -0.00719954 -0.0119577 0.00705772 0.00598899 0.000476906 -0.00404948 -0.00140276 -0.00592836 0.00765782 0.00851195 -0.0341739 0.0102728 0.013194 -0.00129834 -0.00408808 -0.00824173 -0.0136476 0.00100495 0.0145243 0.000413771 -0.0195752 0.00483571 0.000861179 0.00278778
internal_weight=37766.5 34326.5 3440.01 14629.4 19697.1 16531.8 5700.84 2780.26 13206.7 11553 8928.54 3829.85 6667.86 2223.37 8655.03 7902.11 659.746 6198.24 3298.19 3165.33 2223.36 2085.14 1870.99 2898 1653.64 3325.13 833.093 743.311 4444.49 3244.47
internal_count=210066 178372 31694 86325 92047 75200 38012 22495 60078 53304 48313 23115 36705 12748 39784 36358 9199 28521 14551 16847 11793 15429 14897 13520 6774 15122 6668 3972 23957 17398
is_linear=0
shrinkage=0.05


Tree=33
num_leaves=31
num_cat=0
split_feature=13 13 39 40 24 48 28 31 40 13 4 40 34 8 14 9 1 0 7 44 44 8 9 34 11 14 34 7 7 3
split_gain=363.878 184.985 85.5403 66.6336 55.2451 46.3071 43.1834 40.7921 33.7905 31.815 27.2039 26.9608 26.8695 43.6958 26.0662 25.9897 23.4354 23.3553 23.1706 22.8033 22.4224 21.9363 24.9527 21.6923 21.5501 20.626 20.5865 20.5413 20.5346 19.7422
threshold=-1.5483333333333333 -0.093333333333333476 2.5000000000000004 3.5000000000000004 0.018333333333333982 2.5000000000000004 5.5000000000000009 2.5000000000000004 -3.4999999999999996 1.0566666666666666 48.500000000000007 1.0000000180025095e-35 6.3150000000000004 0.49574999999999997 0.023841666666666653 1.7550000000000001 2.5000000000000004 17.500000000000004 1.6150000000000004 5.6750000000000007 5.785000000000001 0.26695000000000008 4.8650000000000011 4.5150000000000006 0.43605000000000005 -0.024266666666666627 5.4050000000000011 1.6150000000000004 1.6150000000000004 47.500000000000007
decision_type=2 2 2 2 2 2 2 2 2 2 2 2 2 2 2 2 2 2 2 2 2 2 2 2 2 2 2 2 2 2
left_child=3 2 7 15 6 26 9 14 -9 12 25 16 20 -14 -2 28 19 24 -17 -10 21 22 -3 -11 -8 -6 -4 -5 -1 -7
right_child=1 4 5 27 10 29 17 8 11 23 -12 -13 13 -15 -16 18 -18 -19 -20 -21 -22 -23 -24 -25 -26 -27 -28 -29 -30 -31
leaf_value=-0.036320475943232046 0.00044229730762323821 -0.00098719193284480021 -0.011152150357877985 -0.04415823018106927 -0.011730100411509653 -0.011103310865248236 -0.0024660492037724977 0.013650401953140951 -0.01068477592052592 -1.9187769573652899e-05 0.0092228131516531482 0.00017198100752767432 0.0089206342628277181 -0.0037009858257362875 0.00834850846190913 0.050604071614963178 -0.014212735748544992 -0.011597482564192949 -0.0090497224652022184 0.0014545037499185767 0.0039410263075972882 -0.0046841193525735576 0.017428617207338962 0.010728483946655284 0.017102015041311796 0.0051393619043624212 -0.0024318489036072848 -0.026541838836625697 -0.015636396922594161 -0.022291581516609933
leaf_weight=172.05002952367067 3138.9414139315486 627.34154556691647 903.92441210150719 253.20524302497506 274.25204968452454 1476.0772213414311 1452.1248615682125 266.59548510611057 727.44457373768091 601.85975429415703 5647.6215252131224 1688.8104462102056 2649.7200078368187 925.14174069464207 1560.9293608888984 16.646466411650181 945.49978809058666 684.57361890375614 735.39302054047585 826.27773074805737 2339.9588147550821 2616.3723973929882 260.24537526071072 2134.4460090845823 155.79485920071602 534.027891471982 2693.529489941895 477.59516081213951 396.57180694490671 537.99080507457256
leaf_count=2536 16728 3075 5941 4049 1257 11365 7999 1468 4204 2550 25736 10195 12565 4388 8076 158 5763 3775 5729 4711 11103 12335 1264 8997 817 2411 17457 5425 3817 4172
internal_value=-5.43458e-05 0.00112337 -0.0031608 -0.0205317 0.00414967 -0.00802153 0.00243141 -0.000181281 -0.00360958 0.00361856 0.00799494 -0.00470829 0.00223979 0.00565427 0.00306812 -0.0138284 -0.00800605 -0.00386301 -0.00772928 -0.00422904 0.000151071 -0.00237988 0.00441242 0.0083645 -0.000570057 -0.000584502 -0.00462298 -0.0326455 -0.0218949 -0.0140919
internal_weight=37721 35669.5 14766 2051.46 20903.5 5611.52 14447.6 9154.5 4454.63 12155.1 6455.9 4188.03 9418.78 3574.86 4699.87 1320.66 2499.22 2292.49 752.039 1553.72 5843.92 3503.96 887.587 2736.31 1607.92 808.28 3597.45 730.8 568.622 2014.07
internal_count=210066 188352 90080 21714 98272 38935 68868 51145 26341 56277 29404 24873 44730 16953 24804 12240 14678 12591 5887 8915 27777 16674 4339 11547 8816 3668 23398 9474 6353 15537
is_linear=0
shrinkage=0.05


Tree=34
num_leaves=31
num_cat=0
split_feature=13 13 22 48 14 24 40 40 13 44 8 9 24 24 40 40 28 28 40 13 47 14 44 14 13 9 34 14 14 34
split_gain=335.473 139.428 102.238 67.6754 58.6569 51.1504 42.8657 34.3618 30.9169 30.6028 31.8198 29.166 28.5445 27.0858 25.4695 25.1679 33.649 30.4122 24.3977 23.5848 22.4568 20.4077 20.3284 19.8818 19.8607 19.2488 18.9007 20.2499 18.869 17.9265
threshold=-0.82499999999999984 -2.4074999999999993 1.0000000180025095e-35 1.5000000000000002 0.052533333333333411 -0.036666666666667506 4.5000000000000009 1.5000000000000002 1.9291666666666669 4.6750000000000007 0.49840000000000007 5.0550000000000006 0.026666666666665954 0.031666666666666739 2.5000000000000004 1.0000000180025095e-35 4.5000000000000009 1.5000000000000002 1.0000000180025095e-35 -0.31083333333333346 3.5000000000000004 -0.033316666666666682 6.2350000000000012 -0.022949999999999939 0.99333333333333373 4.1550000000000011 6.7250000000000005 0.023841666666666653 -0.04058333333333327 4.6850000000000014
decision_type=2 2 2 2 2 2 2 2 2 2 2 2 2 2 2 2 2 2 2 2 2 2 2 2 2 2 2 2 2 2
left_child=1 14 4 12 6 23 11 18 9 26 15 28 25 19 -1 17 20 -11 -5 -8 24 -9 -22 -4 -17 29 27 -7 -2 -3
right_child=2 3 5 7 -6 8 13 21 -10 10 -12 -13 -14 -15 -16 16 -18 -19 -20 -21 22 -23 -24 -25 -26 -27 -28 -29 -30 -31
leaf_value=-0.017792049521248746 -0.0080358939718540561 -0.024182267493709903 -0.0052314564041523268 -0.017874903428613715 0.00526908579599316 -0.0033335399641812279 -0.023164499205048202 -0.025602516602191917 0.018914388283302632 0.011315288879848763 0.0014414496718888549 0.0014948339105690387 0.0048680608777230761 0.0027556938752338815 -0.038141004847826371 0.014013249592580743 0.0047690414645543255 -0.0024099495657769251 0.0033851142935782731 -0.0086152602273905348 0.0035931947302117202 -0.014124113075590382 0.015924989048285973 0.0028449849498790995 0.026363796485017223 -0.0011977361710694542 0.011890349798041454 0.0062592552853591556 -0.0015126306959841493 -0.0076021781506747351
leaf_weight=228.77742309868336 1719.2752668038011 187.88207825273275 1386.2443406656384 204.94987138360739 3213.114951826632 1669.7286085262895 354.56707462668419 561.25594680011272 475.11998544633389 698.4853043705225 1835.8428853303194 5487.7205345928669 813.12352375686169 400.61402037739754 469.02168454229832 2002.2711022645235 1804.2754310891032 955.97463293373585 395.08653176575899 1299.0816920027137 911.2634092271328 1248.8763804547489 527.71751131117344 1692.1700290292501 388.69815675914288 1201.867666117847 373.39130321890116 820.46225822716951 3120.7964359670877 1232.3699566945434
leaf_count=2877 9412 1393 6909 1458 16991 7683 3075 4976 1919 3164 8144 28014 5086 2479 7171 9133 9233 4590 2674 7991 4092 10662 2399 8293 1597 7818 1733 3725 16655 8720
internal_value=-5.30617e-05 -0.0103447 0.00210966 -0.00782292 -0.000750517 0.00497969 -0.00231259 -0.0142458 0.00640528 0.00590951 0.00732474 -0.00100053 -0.00331659 -0.00890895 -0.0314695 0.0088066 0.0103987 0.00338462 -0.00387651 -0.0117348 0.0130509 -0.0176831 0.00811563 -0.000791927 0.0160211 -0.00585466 0.00140004 -0.000172928 -0.0038298 -0.00979552
internal_weight=37680 6543.21 31136.8 5845.41 15595.2 15541.6 12382.1 2410.17 12463.2 11988.1 9124.53 10327.8 3435.24 2054.26 697.799 7288.69 5634.23 1654.46 600.036 1653.65 3829.95 1810.13 1438.98 3078.41 2390.97 2622.12 2863.58 2490.19 4840.07 1420.25
internal_count=210066 52835 157231 42787 84617 72614 67626 19770 57412 55493 42352 54081 23017 13545 10048 34208 26454 7754 4132 11066 17221 15638 6491 15202 10730 17931 13141 11408 26067 10113
is_linear=0
shrinkage=0.05


Tree=35
num_leaves=31
num_cat=0
split_feature=13 13 39 40 48 14 40 44 44 27 24 13 8 9 27 9 24 39 7 34 7 14 7 7 24 31 45 2 34 3
split_gain=310.372 156.48 77.5543 61.6928 48.1875 46.5044 42.2826 39.3851 36.5236 34.4523 25.12 24.1744 31.0193 23.5115 22.321 23.8156 22.0692 21.6937 21.1783 20.5746 20.3064 20.0227 19.5635 19.1073 18.7982 18.5518 17.9351 17.1191 17.0845 17.7473
threshold=-1.5483333333333333 -0.02499999999999902 2.5000000000000004 3.5000000000000004 2.5000000000000004 0.022266666666666688 3.5000000000000004 4.995000000000001 4.455000000000001 0.055000000000000167 0.0083333333333333055 1.2233333333333343 0.39735000000000004 1.7550000000000001 0.010000000000000233 5.1750000000000007 0.02666666666666773 1.0000000180025095e-35 1.6150000000000004 5.9050000000000011 1.6150000000000004 -0.043633333333333323 1.6150000000000004 6.8650000000000011 0.018333333333333982 1.5000000000000002 0.28605000000000008 3.5000000000000004 6.0950000000000006 32.500000000000007
decision_type=2 2 2 2 2 2 2 2 2 2 2 2 2 2 2 2 2 2 2 2 2 2 2 2 2 2 2 2 2 2
left_child=3 2 7 13 14 6 8 17 -3 21 -7 12 24 22 15 -4 28 -2 25 27 -5 -9 -1 -21 -10 -15 -13 -14 -6 -30
right_child=1 5 4 20 16 10 -8 9 11 -11 -12 26 19 18 -16 -17 -18 -19 -20 23 -22 -23 -24 -25 -26 -27 -28 -29 29 -31
leaf_value=-0.035151908939340649 -0.011505567807851209 -0.0021613435527041373 -0.0046112938221451009 -0.04319352258935575 -0.021001992479363674 0.0046031230830866215 -0.0030064160144131036 -0.0014493575179834477 0.0053110041067615365 -0.0049912294015136121 0.010844511281759076 0.0015106462500028834 -0.0092867754304760079 0.12374843849941367 -0.0088891468238781728 0.0055986518153924997 -0.0028860656706240473 -0.0017906229906780157 -0.008303844504302927 0.0066439323416656332 -0.025152317164561816 0.0052469373868467587 -0.014526216062622591 -0.0028554055864605625 0.013898489835535016 0.012058020152920622 0.014578902049637811 0.0027263621228771164 0.00084933676981494694 -0.015018730079421942
leaf_weight=163.39095073193312 919.3270725980401 2058.3594364225864 1601.3516845852137 236.10619453713298 796.93894961476326 3523.5677355527878 2930.2949259579182 1489.4384238943458 2355.4025042206049 1464.7945198789239 2971.774275302887 350.93918326497078 724.5679634809494 5.4935068786144283 1384.6996799483895 887.81278309971094 423.40408658981323 1532.6150396764278 726.62261816859245 1640.2473429888487 459.53583388775587 4456.4161906316876 387.90497276186943 781.61686503887177 873.64073005318642 11.502449274063109 1042.4020411968231 502.03237435221672 234.99888711422682 704.33258029073477
leaf_count=2536 5329 9264 10667 4049 6279 16499 15601 8373 11109 8550 13320 1452 3276 47 8887 5456 3090 8420 5729 7447 5425 23954 3817 3595 3937 111 4311 2236 1837 5463
internal_value=-5.17129e-05 0.00102111 -0.00267168 -0.0192661 -0.00713684 0.00399259 0.00229467 5.992e-05 0.00379854 0.00187739 0.00745871 0.00528177 0.00406507 -0.0128144 -0.00380048 -0.000969702 -0.0131214 -0.00543313 -0.00701334 0.000906047 -0.0312756 0.00356951 -0.0206392 0.00357818 0.00763441 0.0481591 0.0112874 -0.00436995 -0.0156173 -0.0110489
internal_weight=37641.5 35651 15896.1 1990.56 6033.54 19754.8 13259.5 9862.59 10329.2 7410.65 6495.34 8270.85 6877.51 1294.91 3873.86 2489.16 2159.67 2451.94 743.619 3648.46 695.642 5945.85 551.296 2421.86 3229.04 16.996 1393.34 1226.6 1736.27 939.331
internal_count=210066 188352 96305 21714 41679 92047 62228 54626 46627 40877 29819 37363 31600 12240 25010 16123 16669 13749 5887 16554 9474 32327 6353 11042 15046 158 5763 5512 13579 7300
is_linear=0
shrinkage=0.05


Tree=36
num_leaves=31
num_cat=0
split_feature=13 13 28 28 24 7 14 47 48 47 24 24 44 13 9 27 8 44 24 37 35 1 14 9 23 15 13 8 34 34
split_gain=285.263 108.494 106.875 69.6527 46.8606 38.4986 35.0201 28.5408 28.4617 27.5324 27.3399 26.6258 25.8917 23.3374 22.8569 22.2916 24.4181 21.9204 21.3323 20.8418 24.8605 20.2016 20.8228 19.3008 18.6415 17.7705 17.7526 20.8914 21.2266 17.3056
threshold=-1.0499999999999994 0.42666666666666725 5.5000000000000009 5.5000000000000009 -0.026333333333333094 1.9450000000000001 0.071066666666666653 3.5000000000000004 1.5000000000000002 3.5000000000000004 0.016666666666667943 -0.043333333333334327 5.5950000000000006 1.2800000000000007 3.6050000000000004 -0.044999999999999922 0.54955000000000009 4.8750000000000009 0.02999999999999892 3.5000000000000004 0.24595000000000003 2.5000000000000004 0.0087249999999999845 4.7550000000000008 6.8650000000000011 0.016666666666666653 1.9291666666666669 0.38800000000000001 5.955000000000001 6.3250000000000011
decision_type=2 2 2 2 2 2 2 2 2 2 2 2 2 2 2 2 2 2 2 2 2 2 2 2 2 2 2 2 2 2
left_child=2 3 10 4 23 -4 11 8 17 -5 14 29 26 15 -1 -14 -17 25 -7 -11 -21 -9 -23 -2 -8 -6 27 28 -13 -3
right_child=1 6 5 9 7 18 24 21 -10 19 -12 12 13 -15 -16 16 -18 -19 -20 20 -22 22 -24 -25 -26 -27 -28 -29 -30 -31
leaf_value=-0.015574225596558173 -0.0067617546506940872 -0.0046765909289491715 -0.037339914146730241 -0.010541665380797424 -0.0027531476605150897 -0.022705865092992411 0.015221681888185103 0.0027771294584428966 0.0011147960826683562 -0.0036823393197897378 -0.00021823835950198763 0.0027127924602300818 0.013674701159002909 0.015808231375993419 -0.0056494565431095128 0.0057155210867462581 -0.010425581983695172 0.0093440713991587467 -0.002741627226686567 0.068605903485996059 0.0085527306683943431 -0.0079185979673364673 0.0013455196509918491 -0.00070986887773730016 0.0040126219777881682 0.017895511093370432 0.012897872967074295 -0.00056640163348240641 0.014413567050322956 0.0068711862478696333
leaf_weight=1071.5347944647074 2295.1615599021316 1227.9543270170689 402.90207907930017 2208.9927205517888 725.993038803339 605.74430977553129 1216.9543866068125 2140.8797732144594 3700.7441004365683 884.20160991698503 970.83197734504938 1284.5756933540106 766.77008061110973 826.21505197882652 1264.9548923671246 1968.7094069123268 265.96026510000229 2919.1203011721373 171.74204914271832 19.666664570569992 139.30723561346531 1385.3631684780121 1078.9590476676822 3092.6862256750464 533.54282386600971 121.65832778811455 411.72821533679962 2904.3241299986839 555.10159888863564 440.93437841534615
leaf_count=9157 13229 5669 6926 15770 3624 6346 5265 10504 20039 6399 6976 5800 3325 3422 9023 8941 1225 14294 1648 108 775 7290 5534 16909 2331 584 1671 12737 2490 2055
internal_value=-5.04067e-05 0.00155275 -0.0118804 -0.000661857 0.00058949 -0.0247962 0.00525117 0.0023199 0.00422904 -0.00738021 -0.00727069 0.00417414 0.00525158 0.00836694 -0.010201 0.00631855 0.00379448 0.00728869 -0.0182959 -0.000685622 0.0159819 -0.000775834 -0.00386247 -0.0032879 0.0118052 0.000210431 0.00293871 0.00207436 0.00624337 -0.00162557
internal_weight=37603.2 33115.5 4487.71 20712.7 17460.6 1180.39 12402.8 12072.7 7467.52 3252.17 3307.32 10652.3 8983.38 3827.65 2336.49 3001.44 2234.67 3766.77 777.486 1043.18 158.974 4605.2 2464.32 5387.85 1750.5 847.651 5155.73 4744 1839.68 1668.89
internal_count=210066 169990 40076 115059 92007 14920 54931 61869 38541 23052 25156 47335 39611 16913 18180 13491 10166 18502 7994 7282 883 23328 12824 30138 7596 4208 22698 21027 8290 7724
is_linear=0
shrinkage=0.05


Tree=37
num_leaves=31
num_cat=0
split_feature=13 13 40 40 14 40 40 1 24 24 4 13 14 28 9 24 47 7 48 9 4 8 7 8 17 7 10 8 22 44
split_gain=264.015 130.046 67.4944 57.6801 51.1935 46.1422 53.9276 50.1287 32.8759 27.4627 29.3663 26.1291 22.8568 21.4144 21.087 20.4465 19.8811 19.8322 19.688 19.5631 18.8848 21.0423 18.8777 18.6981 18.537 18.3854 18.1779 17.6792 17.1469 16.7179
threshold=-1.5483333333333333 -0.093333333333333476 4.5000000000000009 3.5000000000000004 -0.042775000000000001 2.5000000000000004 1.0000000180025095e-35 2.5000000000000004 -0.0049999999999994485 -0.034999999999998803 48.500000000000007 0.86166666666666691 0.06691666666666661 4.5000000000000009 1.7550000000000001 0.02666666666666773 4.5000000000000009 1.6150000000000004 1.5000000000000002 3.5650000000000004 50.500000000000007 0.30395000000000005 1.6150000000000004 0.28325000000000006 5.5000000000000009 1.6150000000000004 0.62550000000000006 0.42705000000000004 2.205000000000001 4.1850000000000014
decision_type=2 2 2 2 2 2 2 2 2 2 2 2 2 2 2 2 2 2 2 2 2 2 2 2 2 2 2 2 2 2
left_child=3 2 4 14 18 6 7 23 19 24 -11 20 -13 16 25 -4 -12 -5 -2 -6 21 -8 29 28 -7 -1 -15 -21 -3 -16
right_child=1 5 15 17 8 9 11 -9 -10 10 13 12 -14 26 22 -17 -18 -19 -20 27 -22 -23 -24 -25 -26 -27 -28 -29 -30 -31
leaf_value=-0.033881725895055469 -0.0040308410537372615 0.012403618606540242 -0.017439371100984518 -0.042230823308691462 -0.0088391880211326629 -0.0022057132870436694 0.010438849799468191 -0.0071198733216040382 0.0030392067508313875 -0.0069998528772315148 0.010741243158549324 0.0099247502017207959 0.022979127355414308 0.00057729584813518179 0.15757358198489016 -0.0016188386190925889 -0.0025520223068884796 -0.023886922338546959 -0.011788682457549949 -6.792591760046028e-05 0.0071044253494445741 -0.0061237727152616932 -0.0075493058161629576 0.0028586022992860543 -0.01445181087900687 -0.01343264251351972 0.016256268157141634 -0.012155450327697132 0.074608215550929058 0.023791820972574578
leaf_weight=154.69507947564125 2275.182032443583 425.36468689143658 944.86961919814348 220.53260227292776 1032.8472800701857 1533.5067378729582 281.04336248338223 1347.6240672171116 4984.2679122909904 773.67708672583103 1375.7649839818478 2216.7080142050982 395.06674589216709 3749.5910255908966 2.7777332440018681 260.54397708177567 353.54509206116199 443.96239469945431 1276.7591475397348 3553.6373883783817 4670.5119324475527 603.6868250221014 717.99218551814556 2651.8128097057343 387.00257995724678 379.73595575243235 194.44890144467354 330.64878636598587 11.374718323349951 14.658659271895884
leaf_count=2536 13222 2008 8598 4049 6592 8067 1292 6374 27621 3775 6050 9252 1624 19289 24 2177 1606 5425 8415 21618 21230 2718 5729 11880 2101 3817 954 1837 52 134
internal_value=-4.90142e-05 0.000927689 -0.00268534 -0.0180392 -0.00166978 0.00345324 0.00536428 0.000926535 0.000177563 0.000574819 0.00213822 0.00777478 0.0118994 0.00338439 -0.0117935 -0.0140198 0.00802353 -0.0299749 -0.00681943 -0.00272315 0.00583561 -0.000862491 -0.00630094 0.00443741 -0.00467343 -0.0193518 0.0013503 -0.00109687 0.0140237 0.0451041
internal_weight=37563.8 35629.5 14658.8 1934.35 13453.3 20970.7 12603.2 4436.18 9901.4 8367.54 6447.03 8167.02 2611.77 5673.35 1269.86 1205.41 1729.31 664.495 3551.94 4917.13 5555.24 884.73 735.429 3088.55 1920.51 534.431 3944.04 3884.29 436.739 17.4364
internal_count=210066 188352 90080 21714 79305 98272 56430 20314 57668 41842 31674 36116 10876 27899 12240 10775 7656 9474 21637 30047 25240 4010 5887 13940 10168 6353 20243 23455 2060 158
is_linear=0
shrinkage=0.05


Tree=38
num_leaves=31
num_cat=0
split_feature=13 16 14 40 40 24 40 24 44 7 13 28 47 13 14 1 13 34 40 24 20 24 13 39 48 36 0 37 27 40
split_gain=242.681 127.531 62.6018 46.9797 46.7596 41.2754 36.2722 35.5182 30.7038 28.1345 26.164 25.346 24.1631 23.7312 22.9708 24.0402 22.4177 22.8626 22.2062 20.6402 18.9046 18.452 18.1187 17.4835 17.3988 22.9102 16.9682 16.2378 16.0632 15.7252
threshold=-1.6633333333333327 4.5000000000000009 -0.014383333333333274 4.5000000000000009 2.5000000000000004 0.011666666666666272 3.5000000000000004 0.025000000000000803 4.535000000000001 1.6150000000000004 2.0250000000000012 4.5000000000000009 3.5000000000000004 -1.1000000000000001 0.043363333333333288 2.5000000000000004 0.6016666666666669 5.1250000000000009 1.0000000180025095e-35 -0.048333333333333332 -2.2849999999999988 0.050000000000000273 -0.24499999999999986 2.5000000000000004 -1.4999999999999998 6.6650000000000009 19.500000000000004 3.5000000000000004 -0.05000000000000026 1.0000000180025095e-35
decision_type=2 2 2 2 2 2 2 2 2 2 2 2 2 2 2 2 2 2 2 2 2 2 2 2 2 2 2 2 2 2
left_child=4 2 6 7 -1 10 8 14 -2 -6 11 12 29 -10 15 -3 17 -15 -17 -18 -19 -11 -8 -20 -14 -26 -9 -27 -22 -4
right_child=1 3 5 -5 9 -7 22 26 13 21 -12 -13 24 16 -16 18 19 20 23 -21 28 -23 -24 -25 25 27 -28 -29 -30 -31
leaf_value=-0.0098731632392746616 -0.0043355029251298102 -0.00069045902664747853 0.0015425699453734719 -0.015068307350212813 -0.040304766261574407 0.0081504115880026706 -0.018084630611433568 0.00076145911110859599 0.08697665414589334 -0.024096853488750101 0.02237831058686408 -0.0012675124553299709 0.0032185771035835409 -0.0064347146940832746 0.000530792887516162 -0.018895998029564029 -0.0046629731000782928 0.030452016426474673 -0.0033333698372142746 0.0083203814646027816 0.0096363066537844769 0.0036095588412453448 -0.0040388492282652849 -0.010208046377457668 0.019597222865167713 -0.0074717026814579354 0.01248570321738242 -0.03765225281188983 0.00043077039350912256 0.0093154962022010644
leaf_weight=733.15018160641193 1848.7953407540917 1525.907317712903 905.40662878751755 860.26244141161442 273.47251372411847 5764.182763800025 256.81529162824154 1752.2735275551677 8.3868441283702833 517.73565490543842 165.46717482805252 3133.027617841959 1486.5440201759338 907.27727992832661 1731.5703797787428 422.51486364006996 355.35081060230732 59.419026374816895 1835.910225585103 2209.1967544853687 571.28972028195858 67.983696613460779 2166.8000444844365 1863.6240169852972 73.482382729649544 514.25402782857418 374.57766143232584 48.795870184898376 2779.4052210599184 2312.7659063488245
leaf_count=7120 8690 8829 4373 8142 5110 26724 1908 10003 55 6193 671 17084 6948 4576 10605 2805 1580 322 10942 9413 2689 763 11998 13074 343 2400 2133 240 13816 10517
internal_value=-4.77014e-05 0.000798734 0.00269549 -0.00387913 -0.0191486 0.00487356 -0.000114994 -0.00286659 0.00138597 -0.0270634 0.00268734 0.00230286 0.00439714 0.00292114 -0.00450734 -0.00605195 0.0028187 0.000619302 -0.00803667 0.00652137 0.00249606 -0.020881 -0.00552719 -0.00679646 0.000256693 -0.00666043 0.00282631 -0.0100873 0.0020003 0.00712865
internal_weight=37525.6 35933.3 25566.7 10366.6 1592.34 14403.9 11162.7 9506.38 8739.12 859.192 8639.74 8474.28 5341.25 6890.33 7379.53 5647.96 6881.94 4317.39 4122.05 2564.55 3410.11 585.719 2423.62 3699.53 2123.08 636.532 2126.85 563.05 3350.69 3218.17
internal_count=210066 190880 124347 66533 19186 69300 55047 58391 41141 12066 42576 41905 24821 32451 46255 35650 32396 21403 26821 10993 16827 6956 13906 24016 9931 2983 12136 2640 16505 14890
is_linear=0
shrinkage=0.05


Tree=39
num_leaves=31
num_cat=0
split_feature=13 22 13 24 9 24 40 40 28 28 47 4 47 44 40 40 9 25 34 4 17 14 4 40 22 14 9 34 13 0
split_gain=223.324 97.3879 76.7404 53.0247 43.9663 37.0767 31.7436 28.1829 34.8616 30.8822 37.4845 29.5295 28.9642 26.4596 25.7906 23.1834 22.2268 21.2344 20.8251 20.3401 19.294 18.8313 18.2529 17.6445 17.4236 17.2871 17.006 16.9442 17.6726 16.5847
threshold=-1.2349999999999988 0.069999999999999632 -2.4991666666666652 0.021666666666667837 4.7550000000000008 -0.036666666666667506 3.5000000000000004 1.0000000180025095e-35 2.5000000000000004 3.5000000000000004 2.5000000000000004 48.500000000000007 4.5000000000000009 3.7350000000000008 2.5000000000000004 3.5000000000000004 2.6050000000000004 4.5000000000000009 5.1250000000000009 49.500000000000007 4.5000000000000009 -0.039083333333333282 54.500000000000007 -3.4999999999999996 0.94499999999999995 -0.088458333333333347 5.4450000000000012 5.6550000000000011 -0.24499999999999986 19.500000000000004
decision_type=2 2 2 2 2 2 2 2 2 2 2 2 2 2 2 2 2 2 2 2 2 2 2 2 2 2 2 2 2 2
left_child=2 3 16 4 15 25 20 8 21 10 18 -11 26 -5 -6 -2 -1 -16 -9 -15 22 -7 -4 -23 -20 -3 -13 -17 -29 -19
right_child=1 5 6 13 14 7 -8 9 -10 11 -12 12 -14 19 17 27 -18 29 24 -21 -22 23 -24 -25 -26 -27 -28 28 -30 -31
leaf_value=-0.032200207986822542 -0.0045284434640130771 -0.010117338402134657 0.00098472598044694812 -0.014940272021295962 0.0021325989698820955 -0.0030657499102147061 -0.018943536102684899 0.0051546005227233503 -0.0085064371967730756 -0.0052581153625080451 0.0067216441032436477 0.0035149219966534467 -0.00491875606936641 -0.0040745338173308315 -0.00010131002993744165 -0.018780466033020003 0.0092846422444039095 -0.0050187203801642126 0.013742113067276183 0.0052811332308287454 -0.013266030168632724 0.020026330168199741 -0.01162180872668124 0.0049284936082263121 0.027501744689980758 0.00067659247572921617 0.0097078903671851905 -0.013008940944498899 0.0033918071884465428 -0.016906377974942079
leaf_weight=518.78320860117674 4374.6140971705317 432.13925318419933 969.29269560053945 193.23917887359858 4337.8608855307102 629.70414683222771 629.33647786080837 265.89339964091778 727.44375041127205 705.80996817350388 2528.3562662303448 1967.6110014244914 574.30651092529297 678.47533896565437 2177.0605551600456 552.90931376814842 34.43056733161211 1453.8925071284175 434.11015425622463 4041.9804428592324 638.26854532957077 228.68608270585537 407.9900391921401 1258.3591447323561 489.49905954301357 2619.2897382453084 2538.9164599180222 457.44659981876612 256.27017822116613 367.57338845729828
leaf_count=8876 24595 2180 7350 988 21955 2887 7066 1132 3486 3357 11100 9917 2705 3608 12774 4095 323 9115 1917 21369 5025 1012 3054 5693 2051 13024 11612 3880 1614 2306
internal_value=-4.64033e-05 0.00113211 -0.012683 -0.00127369 -0.00284429 0.00408331 -0.00914074 0.00530286 0.000936325 0.00660954 0.0101652 0.00432503 0.00565629 0.00319408 -0.000537482 -0.00625319 -0.0296183 -0.00343416 0.0174848 0.00393643 -0.00607992 0.00418143 -0.00274969 0.00725032 0.0210345 -0.000852029 0.00700396 -0.0122101 -0.00712002 -0.00741766
internal_weight=37489.5 34291.4 3198.1 18891.3 13977.6 15400.1 2644.89 12348.7 2844.19 9504.5 3717.86 5786.64 5080.83 4913.69 8336.39 5641.24 553.214 3998.53 1189.5 4720.46 2015.55 2116.75 1377.28 1487.05 923.609 3051.43 4506.53 1266.63 713.717 1821.47
internal_count=210066 178372 31694 106299 80334 72073 22495 56869 13078 43791 16200 27591 24234 25965 46150 34184 9199 24195 5100 24977 15429 9592 10404 6705 3968 15204 21529 9589 5494 11421
is_linear=0
shrinkage=0.05


Tree=40
num_leaves=31
num_cat=0
split_feature=13 13 28 24 7 9 14 34 9 8 47 13 3 8 44 24 44 1 2 9 37 35 8 8 24 0 13 7 22 4
split_gain=205.936 107.914 70.7436 44.0019 43.5846 37.9345 34.1743 32.8369 30.6342 32.0766 29.7052 27.0432 24.0374 22.5164 21.9994 20.8365 19.3431 18.9324 23.9779 18.6562 19.4973 22.6075 18.1641 17.9009 17.8296 17.6655 16.5368 18.8185 15.9914 15.918
threshold=-1.6633333333333327 0.26999999999999985 5.5000000000000009 0.019999999999999133 1.6150000000000004 2.0350000000000006 -0.049183333333333266 4.6050000000000013 4.7550000000000008 0.54955000000000009 3.5000000000000004 1.0566666666666666 50.500000000000007 0.38800000000000001 6.1750000000000007 -0.009999999999999341 5.6950000000000012 2.5000000000000004 2.5000000000000004 4.3250000000000011 3.5000000000000004 0.24595000000000003 0.35740000000000005 0.49574999999999997 -0.0066666666666672638 3.5000000000000004 2.0250000000000012 4.5750000000000011 -2.2049999999999987 48.500000000000007
decision_type=2 2 2 2 2 2 2 2 2 2 2 2 2 2 2 2 2 2 2 2 2 2 2 2 2 2 2 2 2 2
left_child=4 2 3 8 5 -1 -3 26 12 29 24 13 -2 -9 -15 -6 28 18 -14 -12 -21 -22 -18 -16 25 -4 27 -8 -5 -10
right_child=1 6 10 16 15 -7 7 11 9 -11 19 -13 17 14 23 -17 22 -19 -20 20 21 -23 -24 -25 -26 -27 -28 -29 -30 -31
leaf_value=-0.036904871289353665 -0.0026586878861487987 -0.0001386718235046041 -0.00015154780117591479 -0.015097019775544214 -0.020782675892481912 0.03689773330829077 0.014818463910326127 0.0086919999441888805 -0.0074844024844544672 -0.025888927217725913 -0.010666401768763737 0.010735628088994488 -0.0037401603739475077 -0.00065346715944911789 0.011901349134339875 -0.0074265138376433566 0.0097912283547731734 -0.013872657199559863 0.059593067184129968 -0.0002411509877995444 0.079645495488881529 0.01363271718958615 0.001284580225790902 0.001345226922479602 -0.0071175345355221284 -0.018528590600917445 0.016292010089776637 -0.0031230364178284464 0.0014352941568429689 0.0017177389248205881
leaf_weight=341.83696310967207 4839.6141537725925 3748.1636157929897 151.28075477480888 157.42644162476063 520.26978505030274 18.345713518559933 159.68357288837433 2358.8056811690331 510.28654053062201 112.9346349388361 361.69494073837996 2817.0700224041939 446.06410855054855 2284.8139541000128 860.15606200695038 665.59051374346018 1661.6868006289005 993.99627560377121 15.462798640131949 598.72937418520451 15.058441847562788 93.513938806951046 1008.3271133974195 753.35548678040504 1125.1067438647151 964.62881451100111 138.59859420359135 1724.8246655315161 2064.2721735537052 5944.8211135566235
leaf_count=6571 28783 17101 1181 934 5612 161 739 10929 2764 573 2929 11826 2517 10481 3979 6842 8856 6176 78 4535 83 528 4856 3525 8414 7801 561 7678 10702 32351
internal_value=-4.50819e-05 0.000724179 -0.00157682 -0.000325722 -0.0179129 -0.0331458 0.00398916 0.00538336 -0.0018607 0.000528118 -0.00828767 0.0066676 -0.00435309 0.0048361 0.00250297 -0.0132862 0.00371064 -0.00998696 -0.00161827 -0.00142955 0.00329393 0.0227884 0.0065787 0.00697265 -0.0115591 -0.0160373 -0.000376834 -0.00160277 0.000263838 0.000990295
internal_weight=37456.4 35910.4 21064.9 17754.9 1546.04 360.183 14845.5 11097.3 12863.2 6568.04 3310.01 9074.2 6295.14 6257.13 3898.33 1185.86 4891.71 1455.52 461.527 1069 707.302 108.572 2670.01 1613.51 2241.02 1115.91 2023.11 1884.51 2221.7 6455.11
internal_count=210066 190880 124061 98590 19186 6732 66819 49718 73242 35688 25471 40740 37554 28914 17985 12454 25348 8771 2595 8075 5146 611 13712 7504 17396 8982 8978 8417 11636 35115
is_linear=0
shrinkage=0.05


Tree=41
num_leaves=31
num_cat=0
split_feature=13 13 13 28 48 14 40 47 8 9 44 44 34 44 8 47 14 37 34 40 3 44 9 8 24 25 14 0 27 8
split_gain=190.471 94.9338 64.9405 56.2865 50.4574 35.047 30.8978 29.8815 28.0966 29.1143 27.861 24.4202 23.7438 23.527 25.916 23.4386 21.6222 21.1092 21.0874 20.8528 20.5859 19.2255 19.0707 19.5233 18.9852 18.6212 18.4251 17.2965 17.1903 17.1212
threshold=-0.82499999999999984 -2.4991666666666652 0.65999999999999981 5.5000000000000009 1.5000000000000002 -0.029749999999999967 1.5000000000000002 5.5000000000000009 0.26505000000000006 4.7750000000000012 6.1350000000000007 5.6750000000000007 5.785000000000001 5.205000000000001 0.54955000000000009 3.5000000000000004 0.071066666666666653 3.5000000000000004 6.3150000000000004 1.0000000180025095e-35 55.500000000000007 6.6950000000000012 5.0550000000000006 0.39405000000000007 -0.008333333333333302 5.5000000000000009 -0.031158333333333368 20.500000000000004 0.050000000000000273 0.29280000000000006
decision_type=2 2 2 2 2 2 2 2 2 2 2 2 2 2 2 2 2 2 2 2 2 2 2 2 2 2 2 2 2 2
left_child=1 20 3 5 11 18 19 10 9 12 16 -3 21 -10 22 27 29 -17 -2 -6 -1 -7 -15 28 -23 -13 -8 -5 -24 -4
right_child=2 4 7 15 6 8 26 -9 13 -11 -12 25 -14 14 -16 17 -18 -19 -20 -21 -22 24 23 -25 -26 -27 -28 -29 -30 -31
leaf_value=-0.02913248580670489 -0.0042953376668454285 -0.0071828790480404766 0.014662488417638151 -0.0067526036211991453 -0.015103575807613616 -0.0022520966190003803 -0.022699932578914457 -0.0061501042780002062 -0.0034547285936155619 0.013208372988508844 0.011112300285516978 0.0035453056751698986 0.0092964403574272002 -0.00083195843165701259 -0.012368388534760709 -0.0026884241497078364 0.011179342545585612 0.017061174697752209 0.0015760878204722736 0.0047074831213500057 0.088387348725721973 -0.005035265587719745 0.011174416055482155 0.0021242926557733361 0.038324704968590778 -0.0096250140429260528 -0.011646788177896574 -0.018290212566385203 -0.00066228587862323318 0.0024879878228770426
leaf_weight=523.70458731427789 3704.6609876453876 1442.2954117320478 304.78385876119137 1906.5290427654982 200.05335029214621 1351.8778990060091 551.44897684082389 557.78685289621353 2082.4182113111019 1101.2962319105864 1915.7374125570059 1639.1658545434475 1016.9118177741766 1931.7099037617445 275.37213671207428 920.14429835230112 973.50232131779194 158.62306270003319 2604.2323708236217 395.27670821547508 3.7530887424945822 43.555645048618317 1567.0509235858917 2405.9858950227499 60.051213473081589 320.92992478236556 1192.0598910562694 391.55140306055546 381.38781696557999 5500.7268117964268
leaf_count=9166 19374 10036 1347 13089 1479 7177 5278 2418 10146 5725 8296 10933 5406 9690 1317 6393 4127 842 13448 2741 33 244 7692 11633 302 2366 10803 2715 2001 23849
internal_value=-4.38457e-05 -0.00799606 0.00155617 7.25169e-05 -0.00613104 0.00115464 -0.0117846 0.0050684 0.00271736 0.00644643 0.00578809 -0.00224473 0.00343441 0.00117564 0.00264517 -0.00586436 0.00428348 0.000215577 -0.00187169 -0.00194978 -0.0282963 -0.000661243 0.00330286 0.00513714 0.0200965 0.00138891 -0.0151428 -0.0087184 0.0088575 0.00312714
internal_weight=37424.6 6268.69 31155.9 21903.4 5741.23 18526.5 2338.84 9252.54 12217.6 3573.69 8694.75 3402.39 2472.4 8643.92 6561.51 3376.85 6779.01 1078.77 6308.89 595.33 527.458 1455.48 6286.13 4354.42 103.607 1960.1 1743.51 2298.08 1948.44 5805.51
internal_count=210066 52835 157231 117194 43636 94155 20301 40037 61333 18854 37619 23335 13129 42479 32333 23039 29323 7235 32822 4220 9199 7723 31016 21326 546 13299 16081 15804 9693 25196
is_linear=0
shrinkage=0.05


Tree=42
num_leaves=31
num_cat=0
split_feature=16 7 14 14 40 24 40 44 24 40 40 13 13 34 8 44 9 7 34 45 9 10 28 40 28 13 13 34 8 13
split_gain=177.237 109.341 50.1291 46.2396 38.667 33.0768 30.2974 27.1647 24.2822 23.6354 22.9485 22.9145 21.5298 20.2559 20.3173 19.7253 21.9161 19.6609 18.0182 17.6481 17.5195 16.9475 16.8389 46.128 15.4979 15.3289 15.3238 15.2315 15.6351 20.5997
threshold=4.5000000000000009 2.4950000000000006 -0.014383333333333274 0.043363333333333288 2.5000000000000004 0.011666666666666272 3.5000000000000004 4.535000000000001 0.0050000000000012266 3.5000000000000004 -3.4999999999999996 -1.1000000000000001 2.1566666666666672 4.9750000000000005 0.26505000000000006 4.6950000000000012 4.7950000000000008 6.5150000000000006 5.1250000000000009 0.21450000000000002 4.2550000000000008 0.44195000000000001 1.5000000000000002 1.0000000180025095e-35 5.5000000000000009 0.95333333333333348 -0.24499999999999986 5.2650000000000006 0.26505000000000006 0.71833333333333316
decision_type=2 2 2 2 2 2 2 2 2 2 2 2 2 2 2 2 2 2 2 2 2 2 2 2 2 2 2 2 2 2
left_child=2 9 6 4 22 10 7 -1 17 20 -4 -9 13 -12 15 -15 -17 24 25 -18 -2 -10 -3 -24 -6 -13 -8 -7 -29 -30
right_child=1 3 5 -5 8 27 26 11 21 -11 12 18 -14 14 -16 16 19 -19 -20 -21 -22 -23 23 -25 -26 -27 -28 28 29 -31
leaf_value=-0.0042435116237420903 -0.016742736987247386 0.0044212016360703375 0.022008125825960581 0.0018090629872212121 -0.011174716360310205 0.0032859465739038876 -0.016875510612627209 0.080537904534131913 -0.0061411526894577604 -0.032320421297903718 -0.0029611345193041264 -0.0050646048352272488 0.02426179621968047 0.0012228684819308251 0.0018052337174461839 0.0087982587508643705 -0.011105945620919792 0.0099978712681265628 0.003977481021344628 0.035605858153510077 0.046448987079433179 0.013970534240316097 -0.01299130887277347 -0.0011537695262980837 -0.020630232978045109 0.0049545046714285345 -0.0038274881945690024 0.017281202304506599 0.0049543695439969076 0.012984693096826006
leaf_weight=1845.9474613517523 438.92006499692798 668.00959464907646 144.94002430140972 2749.3362473323941 1346.3414239808917 1763.3817743808031 251.19357468187809 9.4144891053438169 967.9103726670146 362.28992830589414 1849.0156989842653 1202.4228532910347 106.70726282894611 404.36677046865225 5583.4859570041299 378.6828099116683 23.099736474454403 87.512403637170792 5128.1813962906599 162.2081595286727 11.249457582831381 117.46043975651264 1095.4236067011952 3308.7571947872639 639.04791928082705 559.35551823675632 2159.408304207027 484.61842727661133 2330.5248886719346 1214.9401620328426
leaf_count=8690 5995 3783 667 17769 9705 8016 1908 60 7297 6672 9026 5898 431 2178 27182 2104 123 588 24151 868 83 769 7238 19415 6394 2347 11998 2437 11152 5122
internal_value=-4.26494e-05 -0.0051147 0.00229354 -0.00380501 -0.00568036 0.00423782 -0.000224135 0.00114389 -0.0100235 -0.0228141 0.00228007 0.00258531 0.00194397 0.00166049 0.00296478 0.00965062 0.0156931 -0.0131959 0.00247879 0.029783 -0.0151636 -0.00396464 -0.00297606 -0.00409804 -0.0142182 -0.00188359 -0.00518714 0.0071617 0.00885756 0.00770616
internal_weight=37394.2 11792.3 25601.9 10979.8 8230.46 14446 11155.9 8745.32 3158.27 812.459 8652.51 6899.37 8507.57 8400.86 6551.84 968.357 563.991 2072.9 6889.96 185.308 450.17 1085.37 5072.19 4404.18 1985.39 1761.78 2410.6 5793.47 4030.08 3545.47
internal_count=210066 85708 124358 72958 55189 69306 55052 41146 24753 12750 42579 32456 41912 41481 32455 5273 3095 16687 32396 991 6078 8066 30436 26653 16099 8245 13906 26727 18711 16274
is_linear=0
shrinkage=0.05


Tree=43
num_leaves=31
num_cat=0
split_feature=13 22 14 9 40 28 24 24 7 40 28 4 40 23 47 28 34 3 24 20 45 4 40 47 39 3 14 48 14 28
split_gain=163.508 90.8511 52.8064 43.8461 40.2825 34.9211 31.1527 26.6217 26.0325 25.567 30.7894 28.0528 22.5119 21.612 21.4929 34.2677 20.2438 28.6571 17.5333 17.0565 16.8943 16.0693 18.0666 17.1752 22.5115 15.9232 15.8331 15.5552 16.2655 15.4252
threshold=-1.6633333333333327 0.069999999999999632 0.041416666666666734 5.035000000000001 2.5000000000000004 2.5000000000000004 -0.036666666666667506 0.031666666666666739 1.6150000000000004 1.0000000180025095e-35 2.5000000000000004 48.500000000000007 2.5000000000000004 6.8550000000000013 3.5000000000000004 4.5000000000000009 5.1050000000000013 26.500000000000004 0.050000000000000273 0.45000000000000046 0.31915000000000004 55.500000000000007 2.5000000000000004 2.5000000000000004 1.5000000000000002 21.500000000000004 -0.05813333333333328 2.5000000000000004 0.0073833333333333815 2.5000000000000004
decision_type=2 2 2 2 2 2 2 2 2 2 2 2 2 2 2 2 2 2 2 2 2 2 2 2 2 2 2 2 2 2
left_child=4 2 3 5 -1 -2 21 12 -6 10 -8 -11 -5 20 15 -13 -7 -18 27 -14 -4 22 23 24 -3 -17 -26 28 -10 -16
right_child=1 6 13 7 8 16 9 -9 18 11 -12 14 19 -15 29 25 17 -19 -20 -21 -22 -23 -24 -25 26 -27 -28 -29 -30 -31
leaf_value=-0.0075955211964199897 -0.00026559091796079251 0.0017859569552356393 0.0014190634024555783 0.0012740854262833815 -0.037916312054471872 -0.012749682138501757 0.0035164165804160612 0.0060733215064077877 -0.024271106568226095 -0.0015035588211735861 -0.0083853876583227984 0.011569297501559744 -0.0084607283804841744 -0.0017357326451585527 0.0089349488925996329 0.049601308919232645 0.002446974862452587 -0.0079835686573948069 0.0062235766896530237 -0.00081144692565150744 0.0084489497911153563 -0.0087204229580695476 -0.0049156001095100495 -0.0009279588352740988 -0.00022669945734981944 0.0029636193750093597 0.025499826198452868 -0.032490089032312333 -0.00038049917313190569 0.00091254520152861938
leaf_weight=703.276292771101 2174.7870887368917 420.21372362971306 1628.9940506592393 3091.1543579623103 237.05351305752993 1478.0715078376234 2128.9177392274141 1347.987497381866 167.60863429307938 1137.7927918285131 729.62847380340099 3602.9849625974894 1542.1647347286344 1739.5337226390839 856.86295813322067 18.473227128386497 818.69741629064083 3365.3952680155635 65.346429243683815 1381.7118821665645 1797.9034933149815 552.04091028124094 913.4901057779789 859.4427398443222 78.845759063959122 1972.8555911555886 247.6593384295702 190.42934295907617 123.91853725165129 1992.5087939798832
leaf_count=7120 11842 2063 9089 15622 5110 9339 9623 6916 2084 5256 3510 15867 10396 9990 3761 104 5480 22117 763 7404 10050 2839 4854 4091 372 9826 1146 2635 1474 9323
internal_value=-4.14614e-05 0.000632037 -0.00156377 -0.00304809 -0.0162846 -0.00565106 0.00351506 -0.000277585 -0.0240755 0.00462849 0.000478545 0.00586659 -0.00170084 0.00280323 0.00685973 0.00866006 -0.00771957 -0.00594263 -0.0180806 -0.00484597 0.00510726 -0.00099425 0.000698509 0.00389148 0.00943846 0.00339627 0.0192873 -0.0213759 -0.014116 0.00332504
internal_weight=37365.8 35878.1 20366.4 15200 1487.63 7836.95 15511.7 7363.02 784.356 12440 2858.55 9581.48 6015.03 5166.43 8443.69 5594.31 5662.16 4184.09 547.303 2923.88 3426.9 3071.69 2519.65 1606.16 746.719 1991.33 326.505 481.957 291.527 2849.37
internal_count=210066 190880 118245 89116 19186 48778 72635 40338 12066 57270 13133 44137 33422 29129 38881 25797 36936 27597 6956 17800 19139 15365 12526 7672 3581 9930 1518 6193 3558 13084
is_linear=0
shrinkage=0.05


Tree=44
num_leaves=31
num_cat=0
split_feature=13 28 40 40 1 7 9 22 24 17 28 14 34 25 20 3 39 47 28 3 47 44 8 13 17 8 8 9 24 47
split_gain=150.582 90.721 49.5015 46.761 63.2619 46.6868 32.2883 30.7764 28.9384 26.154 24.2806 22.2177 19.6741 19.0553 21.6345 19.9572 18.7763 18.6423 21.9488 18.0726 16.7432 16.218 16.1408 15.9082 19.5048 18.7435 15.3746 15.3458 15.2905 17.4394
threshold=-0.56333333333333313 5.5000000000000009 2.5000000000000004 1.0000000180025095e-35 2.5000000000000004 1.9450000000000001 5.7550000000000008 1.075 -0.023333333333332092 1.5000000000000002 5.5000000000000009 0.030200000000000036 3.1450000000000005 4.5000000000000009 3.0750000000000006 43.500000000000007 -3.4999999999999996 2.5000000000000004 4.5000000000000009 39.500000000000007 4.5000000000000009 5.6950000000000012 0.54465000000000008 0.84499999999999942 4.5000000000000009 0.22125000000000003 0.34945000000000004 4.6650000000000009 0.070833333333332874 4.5000000000000009
decision_type=2 2 2 2 2 2 2 2 2 2 2 2 2 2 2 2 2 2 2 2 2 2 2 2 2 2 2 2 2 2
left_child=1 8 3 4 16 -3 10 12 -1 -8 19 -10 -5 15 -15 -11 22 18 -9 20 -4 -13 -2 24 25 -14 27 -23 29 -7
right_child=2 5 6 7 -6 28 9 17 11 13 -12 21 23 14 -16 -17 -18 -19 -20 -21 -22 26 -24 -25 -26 -27 -28 -29 -30 -31
leaf_value=-0.0074265929114710003 0.012718680833655661 -0.032802536506520812 0.0034545502545623575 -0.021790021874411869 -0.0079545755965363518 -0.015468267509700435 0.0096329945004320783 0.017013929142695595 -0.0032710876698684361 0.0054991142921177981 -0.00818273082903055 -0.0015044265217601539 0.014021388817077055 -0.0059220819332670314 0.020955755339350679 -0.0035010788907554528 0.0018121436461844981 0.005861723276297897 0.0034034388254053903 -0.0047685480004590643 -0.010245234457657786 0.0056965114616970933 -0.024182500730404236 0.0097314158946527184 -0.00084238568013669443 0.0037892184422928508 -0.012651061179469771 0.020408033431031997 0.0083825481513539937 0.00026242959391884613
leaf_weight=2563.8556689433753 632.88951548933983 324.68295051157475 1938.1708428114653 74.987343162298203 1795.2962736785412 1192.2735473588109 933.1397308781743 1139.2094358801842 3188.7604584395885 1992.6715839505196 1805.0272014066577 744.3565475679934 502.41290231049061 1318.5250384658575 79.375302582979202 891.50224368274212 3463.5874009132385 1683.2070869058371 400.29637882113457 1918.5852808058262 252.02322003245354 530.79402362927794 31.089264571666718 1030.4525031298399 2171.8914861232042 4099.6025838851929 77.992175757884979 266.14178523421288 87.663710623979568 206.73788076639175
leaf_count=18466 2875 6926 9856 351 8950 11861 4615 4819 21163 9980 11901 4857 2461 7281 350 4457 16249 7251 1804 10020 1266 3496 132 4309 10522 19198 430 1544 763 1913
internal_value=-4.02729e-05 -0.00560003 0.00177321 0.00346831 -0.0001193 -0.0156257 -0.000819915 0.00538228 -0.00313662 0.00204797 -0.00334902 -0.000849019 0.00369866 0.000395057 -0.00439591 0.00271714 0.00328867 0.00949861 0.013475 -0.00122552 0.00187813 0.00392061 0.0109909 0.00394357 0.00306311 0.00490629 0.00853604 0.0106095 -0.0118744 -0.0131437
internal_weight=37337.2 9183.26 28153.9 17024.9 5922.86 1811.36 11129 11102.1 7371.9 5215.21 5913.81 4808.04 7879.35 4282.07 1397.9 2884.17 4127.57 3222.71 1539.51 4108.78 2190.19 1619.28 663.979 7804.36 6773.91 4602.02 874.928 796.936 1486.68 1399.01
internal_count=210066 71419 138647 78921 28206 21463 59726 50715 49956 26683 33043 31490 36841 22068 7631 14437 19256 13874 6623 21142 11122 10327 3007 36490 32181 21659 5470 5040 14537 13774
is_linear=0
shrinkage=0.05


Tree=45
num_leaves=31
num_cat=0
split_feature=13 9 7 1 27 9 37 28 40 40 1 5 24 20 44 22 13 8 48 28 13 8 17 4 34 28 1 48 45 35
split_gain=140.839 68.6417 51.4782 50.8807 46.3292 35.127 29.281 31.456 29.2415 31.6469 28.5334 28.0129 26.5591 21.7502 21.3414 20.2281 19.6085 26.9217 20.3506 20.538 19.1466 25.2232 19.0594 18.2895 18.2296 17.8415 16.9494 16.6618 19.5874 16.9263
threshold=-1.3733333333333329 4.7550000000000008 1.6150000000000004 3.5000000000000004 -0.015000000000000123 2.0350000000000006 2.5000000000000004 1.5000000000000002 2.5000000000000004 1.0000000180025095e-35 1.5000000000000002 1.0000000180025095e-35 -0.021666666666665165 0.28999999999999942 4.6750000000000007 1.2 1.779166666666667 0.52805000000000013 1.0000000180025095e-35 2.5000000000000004 0.52333333333333287 0.38675000000000004 3.5000000000000004 48.500000000000007 5.8050000000000006 4.5000000000000009 5.5000000000000009 1.0000000180025095e-35 0.46915000000000001 0.24845000000000003
decision_type=2 2 2 2 2 2 2 2 2 2 2 2 2 2 2 2 2 2 2 2 2 2 2 2 2 2 2 2 2 2
left_child=2 3 5 6 16 -1 22 15 9 10 -6 23 -4 -10 -11 -8 17 18 19 -3 21 -16 24 -5 -2 -20 -14 29 -29 -26
right_child=1 4 12 11 8 -7 7 -9 13 14 -12 -13 26 -15 20 -17 -18 -19 25 -21 -22 -23 -24 -25 27 -27 -28 28 -30 -31
leaf_value=-0.0344682330843833 0.0025904981007591446 0.0060657907249414937 -0.016594888909614337 -0.016427301826176105 0.005242467919323212 0.036842302428095206 0.0018591980807985656 -0.0077275874955940989 -0.0050033227558033419 -0.0015425337627162619 -0.0054159359742854416 -0.00067382218415332846 -0.0019856558046374945 0.00077000186466913054 0.0079853624449366303 0.027278761858921776 0.01663539643496547 -0.0047015180824049388 0.011022618149060193 -0.0024379586835165524 0.010906372785325035 -0.0014474246067533198 0.00021551493724010869 -0.0064563603260860483 -0.0072218965792874845 0.0039042652708757676 -0.016125427851746185 0.02070605025099987 0.08992992659154192 0.01256511338677972
leaf_weight=302.55974376946688 928.51041786372662 1864.3437125682831 725.88737382739782 524.70592642575502 972.71270549297333 18.314627148211002 681.8453211337328 1449.1486882790923 2856.581537604332 1032.8345319703221 1771.515579931438 2140.8794283270836 1088.7729768417776 3803.5125598758459 1693.86948890239 88.411474213004112 377.18349519371986 658.54662050306797 2340.9708754345775 1146.7801404222846 1557.7344567775726 1218.5080445557833 1766.8811611011624 3724.0802149176598 136.70925462245941 1410.7297897934914 263.16465595364571 233.05333701521158 10.687525659799574 516.07282116264105
leaf_count=6598 4523 8414 7360 3148 4554 161 3507 8186 18499 4710 8983 13277 9230 19493 8759 392 1520 2904 10735 5409 6566 5852 8940 23310 683 7268 3350 1129 52 2554
internal_value=-3.90797e-05 0.000766259 -0.0117587 -0.00225843 0.00239157 -0.030398 0.00112729 -0.00338784 0.000758008 0.00274803 -0.00163798 -0.00533769 -0.00888024 -0.00170624 0.00493527 0.0047769 0.00551421 0.00494898 0.00588872 0.00282716 0.00643199 0.00403878 0.00391714 -0.00768773 0.00750083 0.00834595 -0.00473807 0.0125864 0.0237414 0.00842121
internal_weight=37305.5 34906.8 2398.7 12201 22705.8 320.874 5811.32 2219.41 14907.3 8247.17 2744.23 6389.67 2077.83 6660.09 5502.95 770.257 7798.55 7421.37 6762.82 3011.12 4470.11 2912.38 3591.91 4248.79 1825.03 3751.7 1351.94 896.523 243.741 652.782
internal_count=210066 183367 26699 69701 113666 6759 29966 12085 77416 39424 13537 39735 19940 37992 25887 3899 36250 34730 31826 13823 21177 14611 17881 26458 8941 18003 12580 4418 1181 3237
is_linear=0
shrinkage=0.05


Tree=46
num_leaves=31
num_cat=0
split_feature=13 16 14 34 13 8 44 40 24 40 13 2 8 8 44 34 8 25 14 40 34 7 1 40 9 0 13 27 44 3
split_gain=129.979 79.107 42.0573 33.7773 37.246 37.2488 43.0221 33.684 32.0428 31.097 23.763 22.8218 26.476 22.0858 28.4535 21.7067 20.7948 20.0127 19.611 18.8163 18.2431 17.7742 17.6412 19.8741 17.0574 16.55 15.5466 14.7481 14.4576 14.4225
threshold=-1.9300000000000002 4.5000000000000009 -0.044383333333333407 4.5750000000000011 1.0566666666666666 0.44690000000000002 6.0950000000000006 3.5000000000000004 0.028333333333332881 4.5000000000000009 0.35833333333333367 3.5000000000000004 0.51675000000000015 0.26505000000000006 3.9350000000000005 6.1750000000000007 0.45055000000000001 2.5000000000000004 0.043363333333333288 4.5000000000000009 6.1450000000000005 6.535000000000001 2.5000000000000004 1.0000000180025095e-35 1.7550000000000001 19.500000000000004 0.058333333333333133 -0.069999999999999826 7.1450000000000005 48.500000000000007
decision_type=2 2 2 2 2 2 2 2 2 2 2 2 2 2 2 2 2 2 2 2 2 2 2 2 2 2 2 2 2 2
left_child=7 2 11 27 5 6 13 24 9 18 -7 16 -13 14 -5 17 -2 -15 22 20 -8 -11 28 -24 -1 -10 -17 -4 -3 -25
right_child=1 8 3 4 -6 10 19 -9 25 21 -12 12 -14 15 -16 26 -18 -19 -20 -21 -22 -23 23 29 -26 -27 -28 -29 -30 -31
leaf_value=-0.017790520329419177 -0.0021416838938606527 -0.0019203960653223322 0.0069859548506835921 -0.005234464579098542 0.0093477904835795721 -0.0068331262658417151 0.0071017154529947352 -0.029545572300676233 0.00012149273147123439 -0.01677517006103053 0.0018569315796354018 0.0068584376719914228 -0.0050785255292621545 0.0033821008978077607 0.010522243317962671 -0.0011385149295998615 -0.012710434333125208 -0.0054369128123319442 0.00078335615627796401 -0.0040324433431703525 0.015422082728942705 0.021397640210159538 -0.016943997007244187 -0.0037444679937194054 -0.0004970265090466125 0.011322447835743037 0.0071731187723057758 -0.0033405293589305546 0.017119614160302679 -0.010582531792708268
leaf_weight=339.27493942156434 4265.6456910893321 1504.1747485250235 403.50198536366224 361.6779153868556 2766.808837428689 1323.0962791219354 1481.3372028395534 386.3056113421917 1881.6060615666211 636.20806797221303 1940.3642722666264 1417.9480533376336 690.83819790184498 1004.6245838627219 1378.639233969152 878.02321714907885 522.42286863923073 1788.5458511561155 1852.3150732293725 232.38123758137226 1186.4533235505223 32.029829002916813 433.71595223993063 2764.6856980957091 245.96076137199998 399.86685284599662 1566.1087785214186 2416.0117352157831 106.77893772721291 1069.3707336932421
leaf_count=5204 21993 8857 1791 1910 11562 6768 7238 7428 11424 6735 8813 6630 3142 4722 7278 4739 2417 8923 11519 1647 5861 267 3020 18540 2408 2434 7328 11594 608 7266
internal_value=-3.79373e-05 0.000445049 0.00195189 0.00318116 0.00407513 0.002965 0.00449509 -0.0180865 -0.00317004 -0.00459736 -0.00166626 -0.00138605 0.00294789 0.00236771 0.00724764 0.00074615 -0.00329483 -0.00226496 -0.00370291 0.00961341 0.0108021 -0.0149455 -0.00511648 -0.00679929 -0.0105225 0.00208465 0.00418727 -0.0018627 -0.000658366 -0.0056517
internal_weight=37276.7 36305.2 25624.4 18727.6 15908.1 13141.3 9877.79 971.541 10680.8 8399.28 3263.46 6896.85 2108.79 6977.62 1740.32 5237.3 4788.07 2793.17 7731.04 2900.17 2667.79 668.238 5878.73 4267.77 585.236 2281.47 2444.13 2819.51 1610.95 3834.06
internal_count=210066 195026 124356 90174 76789 65227 49646 15040 70670 56812 15581 34182 9772 34900 9188 25712 24410 13645 49810 14746 13099 7002 38291 28826 7612 13858 12067 13385 9465 25806
is_linear=0
shrinkage=0.05


Tree=47
num_leaves=31
num_cat=0
split_feature=13 9 1 27 40 5 31 28 40 40 1 13 44 20 4 22 13 13 8 8 48 28 28 47 17 24 14 25 11 3
split_gain=119.893 68.3018 44.4763 40.3431 34.6163 27.9758 27.6975 28.0435 26.381 28.2438 26.3467 23.8969 19.3305 19.1242 18.8401 18.6038 18.4622 17.3769 20.2394 17.105 18.4789 19.6318 18.1132 17.0229 19.1227 16.8102 16.5865 17.8531 16.1738 16.0318
threshold=-1.6633333333333327 4.7550000000000008 3.5000000000000004 -0.015000000000000123 2.5000000000000004 1.0000000180025095e-35 2.5000000000000004 1.5000000000000002 2.5000000000000004 1.0000000180025095e-35 1.5000000000000002 -2.8991666666666656 4.6750000000000007 0.28999999999999942 48.500000000000007 1.2 2.3658333333333341 0.86166666666666691 0.38485000000000008 0.52805000000000013 1.0000000180025095e-35 2.5000000000000004 4.5000000000000009 5.5000000000000009 3.5000000000000004 0.038333333333333559 -0.033999999999999996 4.5000000000000009 0.34610000000000002 44.500000000000007
decision_type=2 2 2 2 2 2 2 2 2 2 2 2 2 2 2 2 2 2 2 2 2 2 2 2 2 2 2 2 2 2
left_child=4 2 6 16 -1 14 23 15 9 10 -5 -6 -11 28 -4 -8 19 18 -14 20 21 -3 -22 24 -2 -9 27 -16 29 -10
right_child=1 3 5 8 11 -7 7 25 13 12 -12 -13 17 -15 26 -17 -18 -19 -20 -21 22 -23 -24 -25 -26 -27 -28 -29 -30 -31
leaf_value=-0.0062062713083938081 0.0080010509746320305 0.005855669287023 -0.016083919191195877 0.0049689008064285655 -0.037171005844248588 -0.00068874435491133104 0.0013426133419889063 -0.0096454881537784316 -0.0044301247433270897 -0.0015737554125875427 -0.0052282102895707498 -0.016525722405533076 0.0079567126670847376 0.00064327648410648268 -0.0057810065444694947 0.025239654017134072 0.030919830800917304 0.012034092662477458 0.0004184863919904293 -0.0021764690684322112 0.010547315136262898 -0.0023299195545728939 0.0035170091463408489 -0.0079739612143568291 0.0005668305534615646 0.0044054160876901968 -0.0040666819150412389 -0.017979530260944822 -0.00058873595130706075 -0.014917202022371854
leaf_weight=685.94852634519339 1771.7256534323096 1929.117084056139 555.60305646806955 983.39392527937889 188.58084816113114 2305.6117359511554 720.61256144940853 1325.3796147331595 1038.3383848890662 1035.9241293817759 1780.0817827954888 545.95094972103834 1890.1753729507327 3806.2934266477823 689.56686673313379 91.820165395736694 68.471573263406754 943.61826546490192 1683.4905388951302 780.98084351420403 2444.1157937124372 1180.8579605743289 1465.5660982355475 303.72873435169458 1690.2191797345877 253.59306836128235 2708.747092217207 530.84841667860746 1291.5140581205487 561.50344721972942
leaf_count=7120 8795 8680 3477 4607 4364 14781 3751 7779 6860 4736 9086 7702 9672 19498 4421 404 275 3908 7865 3401 11161 5577 7532 1569 8694 1351 17166 3726 8331 3777
internal_value=-3.68551e-05 0.000527931 -0.00237426 0.00216999 -0.0142833 -0.00516476 0.000703268 -0.00350494 0.000650129 0.00253095 -0.00159953 -0.0218261 0.00458643 -0.00168535 -0.00746587 0.00404343 0.0050699 0.00599911 0.00440559 0.004843 0.00562396 0.0027476 0.00791197 0.00337571 0.00437145 -0.00738882 -0.00624724 -0.011087 -0.00475085 -0.00811082
internal_weight=37251.4 35830.9 12947.5 22883.4 1420.48 6790.38 6157.08 2391.41 15014.3 8316.68 2763.48 734.532 5553.21 6697.65 4484.77 812.433 7869.11 4517.28 3573.67 7800.64 7019.66 3109.98 3909.68 3765.67 3461.94 1578.97 3929.16 1220.42 2891.36 1599.84
internal_count=210066 190880 75914 114966 19186 43571 32343 13285 78340 39874 13693 12066 26181 38466 28790 4155 36626 21445 17537 36351 32950 14257 18693 19058 17489 9130 25313 8147 18968 10637
is_linear=0
shrinkage=0.05


Tree=48
num_leaves=31
num_cat=0
split_feature=13 40 24 4 22 7 40 20 28 24 24 40 13 34 14 39 34 8 26 44 8 22 20 13 13 9 35 11 8 34
split_gain=111.289 58.3082 48.1336 35.4412 28.6725 27.128 25.6382 24.5782 23.4157 22.245 21.9711 20.4094 19.9031 19.2684 18.8828 18.7462 18.0473 17.634 20.188 16.169 18.4861 20.2166 16.0448 15.9965 15.8039 26.9172 15.5407 15.3922 15.3585 14.9437
threshold=-1.0499999999999994 3.5000000000000004 -0.025000000000000796 49.500000000000007 1.0000000180025095e-35 1.6150000000000004 4.5000000000000009 -2.5149999999999992 3.5000000000000004 0.030000000000000696 -0.060000000000000046 1.0000000180025095e-35 -0.032500000000000188 4.7550000000000008 0.015050000000000037 -2.4999999999999996 7.6450000000000005 0.25820000000000004 -0.024999999999999908 5.0550000000000006 0.5092000000000001 1.1700000000000004 1.8700000000000006 -0.34833333333333222 -2.6991666666666654 3.0050000000000003 0.35595000000000004 0.46685000000000004 0.53115000000000012 5.5050000000000008
decision_type=2 2 2 2 2 2 2 2 2 2 2 2 2 2 2 2 2 2 2 2 2 2 2 2 2 2 2 2 2 2
left_child=1 10 6 8 13 -3 12 29 -4 -7 -1 15 16 -5 -15 -9 -2 23 -19 -13 -21 -22 -10 -16 25 -12 -18 -8 -24 -6
right_child=2 5 3 4 7 9 27 11 22 -11 24 19 -14 14 17 -17 26 18 -20 20 21 -23 28 -25 -26 -27 -28 -29 -30 -31
leaf_value=-0.016537036527899087 -0.0045231709468375268 -0.037087989116587658 0.0019027710463096576 -0.0039943827292548053 -0.0031765078253081012 -0.018660234613920742 -0.012078708571974191 0.0064578811402423754 -0.0088386231327373509 0.0012369929355145282 -0.02452491552312084 0.0026131622020604608 0.00079028379660848037 7.5528440159952946e-05 0.0070200200763782198 -0.0028713278524628524 0.038472719655701711 0.0076659189496801686 -0.0010835723561832889 0.0090821466839350728 -0.0050207586095940247 0.009193037020558072 0.0082334194050006516 0.022472755468388658 -0.001990856396167267 0.049992667603054382 -0.003082198970448338 0.018610168324959344 -0.030281657598543777 0.04747373447036328
leaf_weight=330.98445873335004 3704.8498019427061 158.89855491742492 1464.6697802394629 1576.5378569662571 20.014669701457024 691.05366536229849 778.79902379959822 850.36121572554111 1435.8080081269145 176.30972536280751 144.60498958826065 2473.3053390532732 5130.8796851187944 5144.9391052424908 664.65805601328611 1468.1305515766144 45.966069638729095 1181.3613619506359 1491.7914984226227 3993.879489697516 545.06439591944218 462.38633163273335 250.61907713860273 223.89161239564419 2632.6552956700325 13.227112978696821 44.070258900523186 43.120390027761459 28.864870890974998 53.457741998136044
leaf_count=2967 22508 4057 6775 8309 115 8502 5789 3805 7871 1923 2723 11138 24389 28435 3947 6773 270 6150 7710 18382 2468 1918 1151 1129 19801 103 265 296 119 278
internal_value=-3.57329e-05 -0.00775611 0.000932361 0.00216525 0.00293944 -0.0180951 -0.00201839 0.00486495 -0.00274037 -0.0146157 -0.00435689 0.0046488 -0.00124025 0.00109192 0.00201291 0.000550378 -0.00398564 0.0048115 0.00278314 0.00592005 0.00755541 0.0015029 -0.00670509 0.0109137 -0.00291218 -0.01828 0.0181328 -0.0104687 0.00425561 0.0336761
internal_weight=37225.2 4147.73 33077.4 23329.7 20149.8 1026.26 9747.69 9866.6 3179.96 867.363 3121.47 9793.13 8925.77 10283.2 8706.64 2318.49 3794.89 3561.7 2673.15 7474.64 5001.33 1007.45 1715.29 888.55 2790.49 157.832 90.0363 821.919 279.484 73.4724
internal_count=210066 40076 169990 116473 100557 14482 53517 44877 15916 10425 25594 44484 47432 55680 47371 10578 23043 18936 13860 33906 22768 4386 9141 5076 22627 2826 535 6085 1270 393
is_linear=0
shrinkage=0.05


Tree=49
num_leaves=31
num_cat=0
split_feature=16 13 14 40 14 24 24 4 24 40 13 9 34 8 44 44 9 22 13 8 9 26 8 8 9 19 44 34 34 8
split_gain=103.238 71.3989 36.4895 33.4255 24.7733 23.5165 22.171 23.6127 20.9083 19.0251 18.3076 17.2686 16.9905 18.1349 16.6789 16.3315 18.2443 15.67 15.5888 14.4736 14.8112 14.2131 13.9566 13.8046 14.8529 14.5173 13.7117 13.3074 13.2497 21.0271
threshold=4.5000000000000009 -2.4991666666666652 -0.014383333333333274 4.5000000000000009 0.043363333333333288 0.011666666666666272 -0.034999999999998803 50.500000000000007 -0.061666666666666974 -3.4999999999999996 2.0250000000000012 2.0350000000000006 4.9750000000000005 0.26505000000000006 4.1850000000000014 4.6950000000000012 4.8850000000000007 -2.984999999999999 -1.1183333333333327 0.30395000000000005 6.0950000000000006 -0.015000000000000123 0.48805000000000004 0.21610000000000004 4.7950000000000008 -0.089999999999999969 6.6450000000000005 6.1050000000000013 5.9450000000000012 0.54465000000000008
decision_type=2 2 2 2 2 2 2 2 2 2 2 2 2 2 2 2 2 2 2 2 2 2 2 2 2 2 2 2 2 2
left_child=2 11 6 4 8 9 -1 19 -3 -4 12 -2 21 15 -13 -14 -17 -10 -9 27 -21 -11 -22 -7 -25 -26 -19 -8 -20 -30
right_child=1 3 5 -5 -6 23 7 18 17 10 -12 14 13 -15 -16 16 -18 26 28 20 22 -23 -24 24 25 -27 -28 -29 29 -31
leaf_value=-0.004250347650774056 -0.027195732553116234 -0.011303334324733568 0.019578796353630037 -0.012282242413164286 0.0018926189787848312 0.015297155489506038 -0.0027781064000785408 0.088042744551392299 -0.014216943681763182 -0.012583081831193256 0.017970611745653328 0.099557926226039831 0.00090029408635934746 0.0011910643118286995 -0.0051898681346714912 0.0082879489126193705 0.027945952199544672 -0.0035142651724521137 -0.00016589242519754634 -0.013211112537081834 0.0065483092398389607 -0.0010946883017958291 -0.013546569488107252 0.00068046007485541757 0.047010085816098557 0.0064955416454495598 0.0022011394638513297 0.017165745136520996 0.0054760669094387551 -0.0078415406917140065
leaf_weight=2818.6019744127989 393.33875716850162 823.07385166734457 146.87360449135303 922.29676396027207 2579.2894016057253 362.17490517348051 301.28882679343224 5.2695252746343604 290.95373322814703 328.47665194422007 164.04942788183689 4.1005525663495055 404.87838827073574 5561.8895995095372 51.901879925280809 404.1428461894393 166.71826702356339 5179.5260357297957 3476.8833673894405 604.54192068427801 243.35977620631456 1492.4144451767206 133.97576767206192 1356.3600149154663 22.231108814477921 4087.2311133816838 1316.0211864039302 115.78259815275669 3116.6108911335468 327.54134865105152
leaf_count=14850 8559 5956 667 10080 16146 1813 1555 33 2437 1601 662 38 2178 27047 601 2223 872 33745 16541 2878 1126 7329 601 6412 97 18405 8146 619 15339 1510
internal_value=-3.46904e-05 -0.00395744 0.0017339 -0.00316724 -0.00234215 0.00338759 -0.000417454 0.000880212 -0.00377753 0.00173649 0.001429 -0.0234972 0.00110435 0.00229406 0.00247987 0.00858131 0.014029 -0.0028648 0.00207694 -0.00504486 -0.00835948 -0.00316712 -0.000586526 0.0058437 0.0052173 0.00671471 -0.0023563 0.00275848 0.00201148 0.00420955
internal_weight=37201.8 11560.5 25641.3 11111.2 10188.9 14497.4 11143.9 8325.25 7609.57 8669.44 8522.57 449.341 8358.52 6537.63 56.0024 975.74 570.861 6786.5 6926.31 1398.95 981.877 1820.89 377.336 5828 5465.82 4109.46 6495.55 417.071 6921.04 3444.15
internal_count=210066 85708 124358 76510 66430 69306 55052 40202 50284 42579 41912 9198 41250 32320 639 5273 3095 44328 33423 6779 4605 8930 1727 26727 24914 18502 41891 2174 33390 16849
is_linear=0
shrinkage=0.05


Tree=50
num_leaves=31
num_cat=0
split_feature=13 40 40 40 1 44 1 14 2 20 22 26 48 48 34 13 48 47 22 3 8 32 34 8 8 9 6 47 28 13
split_gain=95.5576 74.8217 31.5919 37.7667 43.4525 31.225 25.3801 25.4079 23.9756 23.9193 20.2829 19.1674 18.9591 29.2159 18.4954 17.8651 17.1992 21.3305 19.981 16.8711 16.6642 17.6535 16.3475 16.5051 16.115 16.3198 15.5391 15.4025 19.6065 15.0635
threshold=-0.36666666666666575 4.5000000000000009 2.5000000000000004 1.0000000180025095e-35 2.5000000000000004 5.6750000000000007 2.5000000000000004 0.043363333333333288 1.5000000000000002 0.5800000000000004 1.075 -0.22500000000000006 1.0000000180025095e-35 1.5000000000000002 5.4050000000000011 -1.8666666666666665 1.5000000000000002 4.5000000000000009 -0.064999999999999933 38.500000000000007 0.22774999999999998 3.5000000000000004 3.1450000000000005 0.22125000000000003 0.29280000000000006 3.2550000000000003 0.20500000000000004 2.5000000000000004 4.5000000000000009 0.48666666666666664
decision_type=2 2 2 2 2 2 2 2 2 2 2 2 2 2 2 2 2 2 2 2 2 2 2 2 2 2 2 2 2 2
left_child=1 5 3 4 24 15 -7 12 -3 16 22 -10 -8 14 -14 -1 17 18 -4 -18 -17 26 -5 -24 25 -2 -22 28 -12 -25
right_child=2 8 9 10 -6 6 7 -9 11 -11 27 -13 13 -15 -16 20 19 -19 -20 -21 21 -23 23 29 -26 -27 -28 -29 -30 -31
leaf_value=-0.01567993092047687 -0.0068726876178756618 -0.030584238863386376 -0.0065560489941462203 -0.021021838099383298 -0.0071739065743222641 0.0051286556148492759 -0.010935267161834093 0.0044084559447817289 0.1163753107994767 0.0018424419568500675 0.015246009286408846 -0.01290764391940984 -0.0081122421829372716 -0.0062422762007471105 0.0099604046912864282 -0.0022911135471573082 -0.0014479704887935942 -0.0069937909464364255 0.0080134241977491728 -0.0090408300086685968 -0.015303086714743683 -0.0032758574410799955 0.01244094262428568 0.0012246540468021938 0.00093675209951776827 0.012076263475159972 0.017790136546293786 0.0049075248749165488 0.0022325078725523987 0.0064125942196542347
leaf_weight=394.87684508040547 136.55750486254692 235.00108709186316 312.72370308637619 67.888321071863174 1602.0743041038513 1680.4462913349271 828.46914207190275 1091.9461006596684 2.8771503418683997 5249.4498827233911 1119.5698718875647 809.23876737803221 185.27537728846073 1474.3945233598351 600.07480817660689 2848.5037177801132 1395.2617637962103 607.45404370874166 950.82084385305643 1538.078602515161 780.98954421281815 776.80797042697668 493.61197298765182 4214.360288888216 2922.1813945919275 676.69984835386276 37.159877113997936 1664.2637246400118 390.3500565290451 2094.5973570942879
leaf_count=5814 668 4969 1676 315 7868 9779 5487 7371 26 25785 4690 8670 1333 11428 4001 18976 8104 3402 4646 8994 4708 4667 2367 19931 13162 3269 224 7120 1740 8876
internal_value=-3.35855e-05 -0.00376363 0.00168891 0.0031135 -0.000285205 -0.0025152 -6.0897e-05 -0.00214712 -0.0165195 -0.000490691 0.0049195 -0.0124496 -0.00446508 -0.00209297 0.00569681 -0.00548806 -0.00303998 0.000705876 0.00440752 -0.00542924 -0.00458234 -0.00867433 0.00339232 0.00363597 0.00266926 0.00889446 -0.0138 0.00822506 0.0118817 0.00294707
internal_weight=37182 11746.1 25435.9 15382.2 5337.51 10698.9 5860.61 4180.16 1047.12 10053.8 10044.6 812.116 3088.21 2259.74 785.35 4838.34 4804.34 1871 1263.54 2933.34 4443.46 1594.96 6870.46 6802.57 3735.44 813.257 818.149 3174.18 1509.92 6308.96
internal_count=210066 87453 122613 70006 24967 73788 39399 29620 13665 52607 45039 8696 22249 16762 5334 34389 26822 9724 6322 17098 28575 9599 31489 31174 17099 3937 4932 13550 6430 28807
is_linear=0
shrinkage=0.05


Tree=51
num_leaves=31
num_cat=0
split_feature=9 7 1 27 31 28 5 9 40 47 37 14 41 28 26 13 9 20 26 8 13 8 48 28 22 8 48 4 13 28
split_gain=90.0286 71.4215 40.4232 32.4341 27.8049 29.5858 24.1656 23.9274 21.4658 23.5619 22.1939 20.2618 17.9731 20.6497 18.7882 17.9187 16.911 17.0874 17.2655 19.6232 16.297 21.1117 16.4421 16.7732 16.2819 16.1943 16.0579 15.9966 15.4642 15.0374
threshold=4.7550000000000008 1.6150000000000004 3.5000000000000004 -0.015000000000000123 2.5000000000000004 1.5000000000000002 1.0000000180025095e-35 2.0350000000000006 2.5000000000000004 3.5000000000000004 2.5000000000000004 -0.033999999999999996 2.5000000000000004 2.5000000000000004 -0.10499999999999997 -1.066666666666666 5.8250000000000011 2.9650000000000003 0.029999999999999808 0.48580000000000007 1.779166666666667 0.52805000000000013 1.0000000180025095e-35 2.5000000000000004 1.2 0.39735000000000004 2.5000000000000004 48.500000000000007 0.57499999999999962 5.5000000000000009
decision_type=2 2 2 2 2 2 2 2 2 2 2 2 2 2 2 2 2 2 2 2 2 2 2 2 2 2 2 2 2 2
left_child=1 7 4 20 12 24 11 -1 9 10 -5 15 -3 -14 -15 -4 26 18 19 -18 21 22 23 25 -6 -2 -10 -13 -8 -11
right_child=3 2 6 8 5 -7 28 -9 16 29 -12 27 13 14 -16 -17 17 -19 -20 -21 -22 -23 -24 -25 -26 -27 -28 -29 -30 -31
leaf_value=-0.031529155426964411 0.0090725877810452302 0.0085959293572309865 -0.022783448775140228 0.0083063628648073259 0.0012696497943388279 -0.0077651908588310574 -0.0027730417333919261 0.038424210560211183 -0.0012506516598115717 -0.0016917817589608185 0.0015217549543155844 -0.0140549308923175 0.0040770599667193192 0.024166300723694776 -0.0060449679435723019 -0.0093062616986808004 0.0057301391516413475 0.01224922962589084 -0.0049535360966380419 -0.0041863594839084643 0.014629229763116492 -0.0045764619566763349 0.0069881384590989061 -0.0026586650714590186 0.023473733322689559 -0.00023388965764577267 -0.008767407079968299 -0.003778064387426912 0.0088154987132270882 0.013701343290774319
leaf_weight=264.38252598047256 1060.1397383660078 1007.341618463397 312.67111418768764 2121.9002927690744 762.87228997051716 1667.2611017562449 2278.1864267550409 12.816717494279144 1676.6306494176388 3270.1067765951157 2790.6735161468387 435.64354483410716 1860.3690430745482 54.120937757194042 1047.5023623555899 1167.7066383957863 1457.002831555903 292.12297748029232 1283.200470648706 758.6307018995285 377.58596207201481 657.32822884619236 3823.7257877215743 1162.5824990719557 92.581592634320259 836.11611041426659 1233.0317669548094 2894.7833343185484 329.51833584904671 166.74665259569883
leaf_count=6609 4925 5160 3420 9624 4084 10056 17336 113 9875 15691 13926 3084 9631 273 5696 7323 8207 1256 7278 3803 1520 2904 18348 5518 404 3614 8331 19755 1477 825
internal_value=-3.26081e-05 -0.00316409 -0.00266331 0.00190181 0.000217939 -0.0038866 -0.00518473 -0.0282948 0.000538988 0.00223061 0.00445225 -0.00728575 0.00282658 0.000864493 -0.00456074 -0.0121528 -0.00156889 0.000631722 -0.000338242 0.00233474 0.00449234 0.0039847 0.00480235 0.00206998 0.00367269 0.00496908 -0.00443604 -0.00512235 -0.00130867 -0.00094495
internal_weight=37155.3 14187.8 13910.6 22967.5 6492.05 2522.71 7418.51 277.199 15050 8349.43 4912.57 4810.8 3969.33 2961.99 1101.62 1480.38 6700.62 3790.96 3498.83 2215.63 7917.48 7539.89 6882.56 3058.84 855.454 1896.26 2909.66 3330.43 2607.7 3436.85
internal_count=210066 94421 87699 115645 35304 14544 52395 6722 78816 40066 23550 33582 20760 15600 5969 10743 38750 20544 19288 12010 36829 35309 32405 14057 4488 8539 18206 22839 18813 16516
is_linear=0
shrinkage=0.05


Tree=52
num_leaves=31
num_cat=0
split_feature=13 16 14 1 40 13 8 34 44 27 16 8 44 1 41 44 20 40 41 0 13 12 8 34 9 14 24 15 44 44
split_gain=82.5484 54.8962 37.0213 29.3183 27.93 24.5132 34.395 50.6419 33.9389 23.9489 22.2541 28.916 19.8368 19.4718 22.6141 19.0014 24.8433 17.9675 17.3336 19.715 16.6488 16.5777 16.3174 25.451 16.8497 15.9925 14.9062 16.0134 14.7332 14.5339
threshold=-1.9300000000000002 3.5000000000000004 0.030200000000000036 5.5000000000000009 3.5000000000000004 1.9291666666666669 0.49840000000000007 6.1550000000000011 6.2550000000000008 0.06000000000000006 1.5000000000000002 0.38485000000000008 5.3250000000000011 1.5000000000000002 3.5000000000000004 6.0050000000000008 -1.6699999999999995 1.0000000180025095e-35 2.5000000000000004 4.5000000000000009 0.71833333333333316 0.43105000000000004 0.22774999999999998 5.6950000000000012 4.1550000000000011 0.0040000000000000183 -0.013333333333334084 -0.02166666666666665 6.6650000000000009 6.4050000000000011
decision_type=2 2 2 2 2 2 2 2 2 2 2 2 2 2 2 2 2 2 2 2 2 2 2 2 2 2 2 2 2 2
left_child=4 5 3 9 -1 6 7 8 10 12 -2 -12 17 -14 21 -9 -17 -3 19 25 -18 -15 24 28 -4 -5 -23 -28 -24 -26
right_child=1 2 22 18 -6 -7 -8 15 -10 -11 11 -13 13 14 -16 16 20 -19 -20 -21 -22 26 23 -25 29 -27 27 -29 -30 -31
leaf_value=-0.0080797743822118 0.0031901115022470328 -0.011325382090007623 0.0012542221137355923 -0.0055472748381083757 -0.026219842182975302 0.010996876999074083 -0.002682146178818711 0.0048738201457579119 0.0063719766344112099 -0.0070952934573799073 -0.00021343780861049507 -0.0084410047775430787 0.0093084373735059893 0.0012626048032921056 -0.0045580148890517853 0.05122625602119843 0.0081673015794360947 -0.002096393675100484 -0.004574306503864629 -0.017937430689467435 0.022283789503383517 -0.0024848646458657045 -0.010605968149301315 0.0022178436746624953 0.0072673787514906359 0.037716679103748166 -0.0069518657804246743 0.031391486394753053 0.006360944613850162 0.023322466383250931
leaf_weight=556.83740260079503 2281.4939241707325 711.31787072867155 1161.9309753775597 108.67686512321234 342.84087051451206 764.12271659076214 3390.4093292951584 3626.9237884506583 2059.3495731726289 2003.3697267398238 3433.8784572258592 1549.9277516677976 588.27594306319952 2825.4591535963118 1925.1910788938403 38.306619793176651 1285.4878203421831 2039.3974694423378 957.69724259153008 683.07801683247089 249.38666585087776 83.605765245854855 733.85674100741744 2471.4693911150098 738.40807166695595 26.585324913263321 34.375856645405293 130.98489661514759 154.96548091620207 174.21846843510866
leaf_count=7612 9935 4167 7840 878 7428 3094 15360 17059 9719 12705 16703 7219 3049 16537 11074 188 6305 12059 8172 5643 1065 529 4075 13928 4568 213 201 729 883 1129
internal_value=-3.16273e-05 0.000339863 -0.00166784 -0.00320564 -0.0149924 0.0022265 0.00185242 0.00291089 0.000706137 -0.00218647 -0.000899845 -0.00277215 -0.00100711 0.000703915 -0.000308529 0.00686439 0.0114536 -0.00448295 -0.00914036 -0.014484 0.010461 0.00235248 0.00176097 -0.000391693 0.00524778 0.00295611 0.0147212 0.0234205 -0.0076478 0.0103323
internal_weight=37131.8 36232.2 17552.9 12118 899.678 18679.3 17915.2 14524.8 9324.65 10342 7265.3 4983.81 8338.61 5587.89 4999.62 5200.1 1573.18 2750.72 1776.04 818.34 1534.87 3074.43 5434.85 3360.29 2074.56 135.262 248.967 165.361 888.822 912.627
internal_count=210066 195026 108379 75956 15040 86647 83553 68193 43576 61050 33857 23922 48345 32119 29070 24617 7558 16226 14906 6734 7370 17996 32423 18886 13537 1091 1459 930 4958 5697
is_linear=0
shrinkage=0.05


Tree=53
num_leaves=31
num_cat=0
split_feature=13 40 14 24 7 22 40 40 28 4 26 24 39 8 9 34 32 48 21 20 44 33 34 47 4 4 11 0 14 3
split_gain=78.0055 52.3155 37.2901 30.3187 25.7959 23.2845 20.4992 20.3561 21.5334 20.2763 19.7487 19.4386 19.2197 17.1604 25.7679 24.7066 16.6192 16.532 16.1142 20.0567 15.475 14.9365 14.5766 14.4197 15.8404 13.9457 14.1571 14.5962 14.9839 14.4648
threshold=-0.86666666666666681 3.5000000000000004 0.041416666666666734 -0.036666666666667506 1.6150000000000004 1.0000000180025095e-35 -3.4999999999999996 1.0000000180025095e-35 3.5000000000000004 50.500000000000007 -0.034999999999999691 -0.059999999999999158 2.5000000000000004 0.22774999999999998 5.7550000000000008 5.6750000000000007 2.5000000000000004 2.5000000000000004 1.0000000180025095e-35 -1.5499999999999994 7.7550000000000008 0.13500000000000004 7.205000000000001 3.5000000000000004 46.500000000000007 48.500000000000007 0.35725000000000001 1.5000000000000002 0.071066666666666653 36.500000000000007
decision_type=2 2 2 2 2 2 2 2 2 2 2 2 2 2 2 2 2 2 2 2 2 2 2 2 2 2 2 2 2 2
left_child=1 11 3 12 -3 9 -4 22 18 -5 25 -1 21 -8 15 -15 -11 -14 19 -9 -13 -2 -7 24 -10 -6 -27 28 -28 -29
right_child=2 4 6 5 10 7 13 8 23 16 -12 20 17 14 -16 -17 -18 -19 -20 -21 -22 -23 -24 -25 -26 26 27 29 -30 -31
leaf_value=-0.012514227000424311 0.007986356736870431 -0.034701532510210631 0.02149491881562688 -0.0061832712673277213 -0.02571239122446627 -0.0025520526338937643 0.009795816725266665 0.02899133919003069 -0.0091573080901117179 -0.0034594884892031382 -0.016173032495760548 -0.0019442592035739262 -0.0035311907184663368 -0.0051208764741941144 0.006019014538034463 0.0032770583198497658 0.001680086968711459 -0.012400808945214028 0.00099066069513427716 0.008270116417830221 0.037066300267046805 -0.0022222791979943182 0.015414014665682187 -0.0037901379755105611 0.0041297517920580893 -0.0066728627371315831 0.00099128548752109506 0.028512477125758825 0.15977220917888804 -0.0079791418410624718
leaf_weight=464.49384060874581 415.66473177075386 139.39921614155173 162.63963049650192 1521.4631278514862 51.024020429700613 2085.5757129192352 963.06278169155121 123.97309666872025 241.2854410931468 2241.8935380503535 797.03552387282252 3808.901608735323 1364.5558737441897 1497.8119051977992 3075.6594588533044 2108.9663986414671 5270.8309214562178 854.24268292635679 758.87791574001312 2012.7470340430737 25.592544510960579 2596.54754627496 119.36066827178001 941.7300773113966 3188.2255766987801 165.62410822883248 2.602848418056964 59.819261778146029 3.4622174389660358 49.733525309711695
leaf_count=3941 2120 4057 735 8284 584 9556 5303 568 1136 11932 9479 28893 7932 7375 14354 10682 28943 5625 3318 8608 173 13228 560 4565 15000 1857 28 719 37 474
internal_value=-3.07273e-05 -0.00548704 0.000932308 -5.36588e-05 -0.0144088 0.000896398 0.00392967 0.00262851 0.00390532 -0.000919614 -0.0119039 -0.00285408 -0.00341472 0.00355602 0.00265675 -0.00021041 0.000146372 -0.00694601 0.00724948 0.00947237 -0.00168389 -0.000813557 -0.00157949 0.00169008 0.00319493 -0.0016632 0.0026999 0.0161265 0.0916307 0.0119464
internal_weight=37112.8 5567.69 31545.1 23737 1268.7 18506 7808.14 9471.78 7266.84 9034.19 1129.3 4298.99 5231.01 7645.5 6682.44 3606.78 7512.72 2218.8 2895.6 2136.72 3834.49 3012.21 2204.94 4371.24 3429.51 332.266 281.242 115.618 6.06507 109.553
internal_count=210066 50242 159824 121375 17235 92470 38449 43311 33195 49159 13178 33007 28905 37714 32411 18057 40875 13557 12494 9176 29066 15348 10116 20701 16136 3699 3115 1258 65 1193
is_linear=0
shrinkage=0.05


Tree=54
num_leaves=31
num_cat=0
split_feature=9 13 14 24 39 40 1 14 13 8 9 8 13 48 2 44 3 34 35 19 44 11 24 34 34 13 47 48 19 8
split_gain=73.7935 60.4106 35.7625 28.1238 27.6776 21.5012 31.2861 20.2707 20.2072 23.3048 22.6925 29.794 21.1967 20.0805 16.5503 16.491 16.4682 15.9083 16.4074 15.5458 14.662 19.602 14.2526 15.8282 14.1781 14.0381 13.915 13.7664 20.3423 20.9501
threshold=4.7550000000000008 -2.5958333333333323 -0.043633333333333323 0.010000000000000233 2.5000000000000004 1.0000000180025095e-35 1.5000000000000002 0.06691666666666661 2.1566666666666672 0.54955000000000009 6.6150000000000011 0.38800000000000001 0.039166666666666579 3.5000000000000004 3.5000000000000004 7.3750000000000009 52.500000000000007 6.5250000000000012 0.28304999999999997 -0.055 5.6450000000000005 0.27555000000000007 -0.07499999999999972 5.8050000000000006 5.1850000000000014 1.5616666666666672 1.5000000000000002 1.0000000180025095e-35 1.0000000180025095e-35 0.10155000000000002
decision_type=2 2 2 2 2 2 2 2 2 2 2 2 2 2 2 2 2 2 2 2 2 2 2 2 2 2 2 2 2 2
left_child=1 -1 16 8 5 6 15 -5 9 10 11 12 20 24 -13 -4 25 -14 -19 -9 -2 -22 -7 -24 -6 -3 -8 -25 29 -29
right_child=3 2 4 7 13 22 26 19 -10 -11 -12 14 17 -15 -16 -17 -18 18 -20 -21 21 -23 23 27 -26 -27 -28 28 -30 -31
leaf_value=-0.023035667314121169 -0.0043242426996713823 -0.0057590160362849373 0.0037034087147742702 0.0028235768380797414 -0.0078982369774589552 -0.0097780838709935151 -0.0015330234134466158 0.034806533256181639 0.016772067139168595 -0.0083437357780948487 0.0046727087962946841 -0.0063219573087793099 0.0034138907855333885 -0.012227142108291969 -5.8267549666654196e-05 0.059265097218369256 -0.015482225190740299 -0.0019085674970940375 0.019548500078135779 0.0081264433191223073 -0.0067619191253917499 0.0047033176973440968 0.00074847440000490437 0.002964247637366572 -0.00038610344206511298 0.021154973911764557 -0.011698132549968973 0.057487367483511645 0.017231156945872791 0.0003464390335051877
leaf_weight=362.04499377124012 1587.3857038915157 3087.200760781765 876.53261856734753 7016.201391030103 885.47221545130014 199.17419008165598 577.00884498655796 56.614269994199276 185.23528526723385 764.04006407409906 2762.0377049967647 2450.512941621244 2226.361811876297 653.74905605241656 1851.3174611404538 13.561365500092505 458.43600484728813 122.32622836530209 327.92383186519146 1533.1388318613172 485.21190083026886 1609.1091460436583 1974.972094617784 1017.3376730494201 2160.959614712745 49.222324267029762 808.25585456937551 16.725632909685373 583.70454354211688 391.89867024496198
leaf_count=8319 9757 20220 4522 33553 6140 1198 3439 252 751 3550 13616 11941 10718 5396 8989 72 2974 582 1565 7158 3154 10059 10710 5423 15288 203 4863 152 3457 2045
internal_value=-2.98276e-05 -0.00287507 -0.0023444 0.00171816 -0.000827787 0.00114747 -0.0027643 0.00397868 0.000364512 0.000150272 0.000633782 -0.000412701 0.00176154 -0.00427587 -0.00362634 0.00454994 -0.00663045 0.00514737 0.0137189 0.00907657 -0.000699962 0.00204705 0.00327488 0.00392734 -0.00256957 -0.00533663 -0.00746403 0.00705133 0.0112414 0.00268531
internal_weight=37093.7 14116.3 13754.2 22977.4 10159.4 6459.17 2275.36 8605.95 14371.5 14186.2 13422.2 10660.1 6358.32 3700.18 4301.83 890.094 3594.86 2676.61 450.25 1589.75 3681.71 2094.32 4183.81 3984.64 3046.43 3136.42 1385.26 2009.67 992.329 408.624
internal_count=210066 94421 86102 115645 62705 35881 12896 40963 74682 73931 70381 56765 35835 26824 20930 4594 23397 12865 2147 7410 22970 13213 22985 21787 21428 20423 8302 11077 5654 2197
is_linear=0
shrinkage=0.05


Tree=55
num_leaves=31
num_cat=0
split_feature=13 40 14 28 47 47 13 44 48 8 24 34 8 2 0 13 44 3 17 8 25 2 1 36 9 28 2 8 2 40
split_gain=68.5727 49.7089 30.6067 26.6702 28.0144 26.1172 23.4542 23.19 22.9345 21.2548 20.0556 18.483 19.3765 19.734 18.0595 18.0181 17.6468 16.8782 16.6826 18.1497 21.6912 16.2871 16.0979 15.9404 15.2386 15.2819 14.3538 14.1904 19.0707 13.9033
threshold=-0.56333333333333313 4.5000000000000009 0.053533333333333301 5.5000000000000009 3.5000000000000004 3.5000000000000004 0.71833333333333316 5.6750000000000007 1.5000000000000002 0.52805000000000013 0.073333333333333708 4.5750000000000011 0.39405000000000007 3.5000000000000004 20.500000000000004 -2.7991666666666659 5.8850000000000007 24.500000000000004 4.5000000000000009 0.35100000000000003 3.5000000000000004 1.5000000000000002 2.5000000000000004 6.8050000000000006 6.6750000000000007 3.5000000000000004 3.5000000000000004 0.31770000000000004 2.5000000000000004 -3.4999999999999996
decision_type=2 2 2 2 2 2 2 2 2 2 2 2 2 2 2 2 2 2 2 2 2 2 2 2 2 2 2 2 2 2
left_child=1 7 3 4 6 14 8 29 -2 -10 21 -8 26 16 -5 -9 -14 -11 19 20 -17 -3 27 -24 25 -20 -13 -6 -29 -1
right_child=2 10 -4 5 22 -7 11 15 9 17 -12 12 13 -15 -16 18 -18 -19 24 -21 -22 -23 23 -25 -26 -27 -28 28 -30 -31
leaf_value=0.015068253152663458 0.0038155131742693264 -0.029955029033373517 0.0044806838374450934 -0.0046406837250417736 0.0062680854446666642 0.0028027311976867304 -0.0010632600334358787 -0.022478873783410319 -0.00065481434888086006 0.075976904411788532 0.017656711733504884 0.012694057435120122 -0.0047336293368236346 0.0092464892081387164 -0.016307153886323377 0.0078388461349703301 0.011082361598615366 -0.019475177494182476 -4.4470862614186589e-06 -0.010044024038347196 -0.0010247237438023233 -0.013260709285439681 -0.00077331879789221589 -0.0071528680081742804 0.026459468963517859 -0.010944222189697322 0.036536809358725678 -0.010752479911748943 0.0013342146751564429 -0.0060802855016245721
leaf_weight=79.435177233070135 4016.7846859395504 197.48793951421976 5622.1355187296867 2001.440253265202 984.06728063523769 1075.4541094824672 757.52968035638332 89.314642477780581 4118.054028198123 4.7421945780515662 42.587847039103508 585.86706076562405 635.58007723093033 1373.770757958293 397.61694050580263 1398.2076236978173 244.09895779192448 197.90484565496445 643.6610489487648 273.31604464352131 1363.2358676977456 561.45769167132676 2295.9577187746763 1707.3023606091738 38.594032220542431 633.33179867267609 70.746296063065529 405.22065368294716 1676.8667924106121 3585.8488896824419
leaf_count=492 18981 4721 26826 12174 4743 6495 3232 1871 21623 23 495 2525 2707 5751 2478 8964 1036 1003 4071 1612 9790 6548 11154 8309 233 5106 300 1865 7422 27516
internal_value=-2.8927e-05 -0.00385311 0.00118011 0.000357182 0.00109109 -0.00367184 0.00256151 -0.00267843 0.00109573 -0.00143275 -0.0157312 0.00589367 0.00770465 0.0055023 -0.00657427 -0.00024833 -0.000344907 -0.0172415 0.000208074 0.0022467 0.00346319 -0.0176048 -0.00140595 -0.00349406 -0.00449458 -0.00543009 0.015263 0.00132035 -0.00101813 -0.00562195
internal_weight=37077.6 8906.48 28171.1 22549 19074.5 3474.51 12005.1 8104.95 8337.49 4320.7 801.533 3667.59 2910.06 2253.45 2399.06 4439.66 879.679 202.647 4350.35 3034.76 2761.44 758.946 7069.41 4003.26 1315.59 1276.99 656.613 3066.15 2082.09 3665.28
internal_count=210066 71419 138647 111821 90674 21147 57181 59655 41630 22649 11764 15551 12319 9494 14652 31647 3743 1026 29776 20366 18754 11269 33493 19463 9410 9177 2825 14030 9287 28008
is_linear=0
shrinkage=0.05


Tree=56
num_leaves=31
num_cat=0
split_feature=13 13 48 48 34 24 39 3 8 13 8 2 8 44 26 40 47 48 22 1 2 14 2 14 24 34 8 34 24 24
split_gain=64.1852 36.5995 33.9414 32.5482 32.4161 30.8733 26.2642 26.0034 24.6683 25.493 24.4426 22.3124 35.8264 22.1625 20.6666 20.5633 18.9424 19.8955 20.0112 18.1138 16.6479 16.5143 16.321 15.1145 15.1045 15.071 15.0051 14.8467 14.4649 14.392
threshold=-1.2349999999999988 0.71833333333333316 2.5000000000000004 2.5000000000000004 5.9450000000000012 0.085000000000001311 2.5000000000000004 27.500000000000004 0.22615000000000005 -0.37633333333333313 0.44690000000000002 3.5000000000000004 0.44690000000000002 5.3250000000000011 0.27499999999999997 2.5000000000000004 2.5000000000000004 1.5000000000000002 -0.63000000000000045 1.5000000000000002 3.5000000000000004 -0.057166666666666678 1.5000000000000002 0.0033499999999999923 0.033333333333333666 6.2250000000000005 0.47635 7.3250000000000011 0.038333333333333559 0.12500000000000047
decision_type=2 2 2 2 2 2 2 2 2 2 2 2 2 2 2 2 2 2 2 2 2 2 2 2 2 2 2 2 2 2
left_child=2 3 21 4 8 15 -5 25 -2 20 16 12 -3 -11 24 -4 17 18 28 -15 -10 -1 -23 -21 -9 -8 -13 -28 -6 -12
right_child=1 11 5 6 10 -7 7 14 9 13 29 26 -14 19 -16 -17 -18 -19 -20 23 -22 22 -24 -25 -26 -27 27 -29 -30 -31
leaf_value=-0.012654268934414315 0.0023792953311330958 0.0038816269803846198 -0.0079813574894668227 0.00039758931223960982 0.00043813861205922386 0.0404238805625938 -0.003496550741126439 -0.0098660293516412527 -0.010077887415381653 -0.0059890387022441226 -0.0015957263579079392 0.0098366279279903449 -0.0059951008017540362 0.011523718329553304 0.10791695215493198 -0.024475878924804802 0.0021909014918530694 0.0022245047766194801 0.016178699971319477 -0.0038575515644203454 0.063759484933931215 -0.010247213780433334 0.0012948036152895465 0.0037533409111039822 -0.00032899219361075651 0.013735185833104674 0.0030421114768218668 0.026333966880788193 0.02135491924676609 -0.050100259335022816
leaf_weight=421.38238485902548 2664.2006605267525 3044.4727712571621 322.48669863864779 2422.9902951717377 474.60249097645283 23.581823267042637 291.46491549909115 2510.1329011023045 1279.5330789014697 1876.1374348104 2489.2651139050722 1591.1726858615875 1314.6216314584017 356.21642431616783 3.8309541568160048 456.32515854761004 5875.1317554265261 1061.1814268827438 843.58228746056557 1472.9366597086191 7.6797109693288794 406.9553561322391 1238.1212861165404 1170.8711318448186 497.43782091140747 224.7210111618042 2529.8589526563883 70.318208694458008 100.08477697521448 15.387631744146345
leaf_count=4324 15496 13277 3450 13123 2575 269 2104 17834 7621 9209 12144 6818 5660 1625 28 7729 31918 5621 4006 7385 43 5966 9956 5645 3126 1583 10654 303 499 75
internal_value=-2.80607e-05 0.000574738 -0.00721156 -0.000370038 0.000609426 -0.0159393 -0.00361048 -0.0063635 -0.00164088 -0.00337865 0.00243872 0.00340753 0.00090299 -0.00172648 -0.00814082 -0.0176459 0.00373756 0.00740241 0.0112766 0.000939221 -0.00963736 -0.00382264 -0.00156043 -0.000486893 -0.00828865 0.00400527 0.0060123 0.00367201 0.0040809 -0.00189372
internal_weight=37056.7 34187.8 2868.85 25637.4 19686.8 802.394 5950.58 3527.59 8827.58 6163.37 10859.2 8550.44 4359.09 4876.16 3011.4 778.812 8354.58 2479.45 1418.27 3000.02 1287.21 2066.46 1645.08 2643.81 3007.57 516.186 4191.35 2600.18 574.687 2504.65
internal_count=210066 178372 31694 141660 103862 11448 37798 24675 47024 31528 56838 36712 18937 23864 20988 11179 44619 12701 7080 14655 7664 20246 15922 13030 20960 3687 17775 10957 3074 12219
is_linear=0
shrinkage=0.05


Tree=57
num_leaves=31
num_cat=0
split_feature=9 7 24 16 4 24 9 8 2 5 34 48 17 2 22 4 8 14 12 8 13 8 44 44 10 36 44 4 13 34
split_gain=61.4241 52.4537 33.1687 29.6213 25.0575 24.8326 22.9224 20.6846 28.4955 20.5559 20.1106 19.1794 17.9898 16.9896 16.8785 16.0124 18.668 15.6185 16.2875 15.5607 15.0416 17.1685 15.0865 14.7454 14.5554 14.2913 14.0336 13.915 13.8232 13.9042
threshold=4.7550000000000008 1.6150000000000004 0.023333333333333876 5.5000000000000009 48.500000000000007 0.010000000000000233 2.0350000000000006 0.38800000000000001 3.5000000000000004 1.0000000180025095e-35 6.1050000000000013 -3.4999999999999996 2.5000000000000004 2.5000000000000004 1.3100000000000001 48.500000000000007 0.42705000000000004 0.017900000000000003 0.43795000000000001 0.48015000000000002 1.123333333333334 0.41745000000000004 5.3250000000000011 4.4750000000000005 0.44414999999999999 6.9650000000000007 4.2150000000000007 49.500000000000007 0.97333333333333305 5.0250000000000012
decision_type=2 2 2 2 2 2 2 2 2 2 2 2 2 2 2 2 2 2 2 2 2 2 2 2 2 2 2 2 2 2
left_child=1 6 3 9 14 7 -1 11 -9 10 -3 -6 -5 26 -2 16 23 18 20 27 21 22 25 -4 -24 -7 -13 -10 29 -15
right_child=4 2 15 12 5 17 -8 8 19 -11 -12 13 -14 28 -16 -17 -18 -19 -20 -21 -22 -23 24 -25 -26 -27 -28 -29 -30 -31
leaf_value=-0.028862976774398252 -0.0061681203593783023 -0.0063663705495124179 -0.017521782121912768 -0.0025806503561590886 0.015939780014305124 -0.00013412746360765121 0.040403259577185296 -0.0051237961824987617 -0.035091123200412043 0.0014678655243060338 -5.0305550057005776e-05 -0.0081317054123894554 -0.01188074244872879 -0.0044623404202541114 0.0042930963038976594 0.0034436454632184909 -0.037376146626035639 0.0070668386068617403 0.013276467171708771 -0.0012659061447887346 0.0076257049730523042 -0.0040932104478047576 0.0035913617151488381 0.001363081135448446 0.016398564624906589 -0.022973526152098855 0.0013122479166865464 0.0053199502246005382 0.017749239174174522 0.0062956802194798897
leaf_weight=236.61745219305158 1593.9866636097431 3336.9908977113664 134.75865628942847 794.38788265362382 268.03282253444195 718.86657889187336 12.579169142991303 2703.683445006609 21.550364308059216 2555.959565512836 2025.1309284344316 448.18728989362717 1505.3474204353988 364.55697904527187 508.60344278812408 2966.58841734007 42.484225653111935 3120.5745665878057 325.44068881124258 2335.6993056312203 852.14280627667904 1387.7871292829514 987.04950619488955 443.67609152942896 286.16576461493969 75.705544330179691 3216.1842538490891 1848.6046610400081 214.0029806047678 1705.2044348120689
leaf_count=6609 8220 19064 782 6948 1346 3583 113 13157 103 14799 11873 2422 13967 1858 2209 17313 193 14623 1578 10969 3517 6549 5207 2760 1442 381 19111 9125 925 9320
internal_value=-2.72924e-05 -0.00263111 -0.00222072 -0.00367292 0.00156506 0.00208897 -0.0253665 0.000763668 -0.00111898 -0.00222208 -0.00398096 0.00285631 -0.00866825 0.00226675 -0.00363762 0.00191541 -0.00538612 0.00433248 0.00249081 0.00145547 0.00167597 0.000208768 0.00309602 -0.00303655 0.00646989 -0.00231023 0.000157163 0.00485428 0.00565165 0.00440082
internal_weight=37036.5 14054.5 13805.3 10217.8 22982 20879.4 249.197 13125.7 6909.54 7918.08 5362.12 6216.17 2299.74 5948.14 2102.59 3587.51 620.919 7753.73 4633.16 4205.85 4307.72 3455.57 2067.79 578.435 1273.22 794.572 3664.37 1870.16 2283.76 2069.76
internal_count=210066 94421 87699 66651 115645 105216 6722 68336 33354 45736 30937 34982 20915 33636 10429 21048 3735 36880 22257 20197 20679 17162 10613 3542 6649 3964 21533 9228 12103 11178
is_linear=0
shrinkage=0.05


Tree=58
num_leaves=31
num_cat=0
split_feature=13 13 48 40 34 34 8 13 13 3 26 8 9 14 24 34 21 8 34 2 8 44 27 8 12 45 20 44 11 11
split_gain=56.1821 43.7012 35.5322 28.495 27.3071 22.4378 21.6772 24.8798 21.0853 26.7757 22.4128 19.1835 21.4659 19.5193 17.3421 16.988 17.7033 16.8519 16.6666 18.0964 23.0762 17.8868 16.525 16.3248 17.3303 16.2452 16.1301 16.1008 15.7563 15.7104
threshold=-2.4991666666666652 0.33500000000000046 2.5000000000000004 2.5000000000000004 5.0050000000000008 4.9050000000000011 0.39735000000000004 1.6125 -0.95499999999999974 27.500000000000004 -0.10499999999999997 0.22615000000000005 4.7550000000000008 0.036000000000000067 0.075000000000000636 6.1950000000000012 -0.01 0.50160000000000016 6.7950000000000008 3.5000000000000004 0.55920000000000003 6.4450000000000012 0.069999999999999854 0.29595000000000005 0.31915000000000004 0.25525000000000003 -0.020000000000000236 5.5250000000000012 0.40445000000000003 0.31590000000000001
decision_type=2 2 2 2 2 2 2 2 2 2 2 2 2 2 2 2 2 2 2 2 2 2 2 2 2 2 2 2 2 2
left_child=-1 2 4 -4 -2 23 15 18 14 10 -10 13 -13 26 -5 27 -17 22 19 21 -21 29 -14 24 -3 -9 -6 -7 -20 -8
right_child=1 5 3 8 11 6 7 25 9 -11 -12 12 17 -15 -16 16 -18 -19 28 20 -22 -23 -24 -25 -26 -27 -28 -29 -30 -31
leaf_value=-0.018862652441070361 -0.0044157978321462919 0.017524752893089756 -0.00047833457247837755 -0.01859656101351399 -0.00053438203996217085 0.0010904349953251664 -0.011480391437175047 -0.004775026384832428 0.046717866052574074 -0.0081410016509168379 0.0027089179478259331 -0.0036547289859004796 0.0030077146003849899 0.009034496267994652 0.0243434223213915 0.0196181948707102 0.0068364921916487797 -0.0066286638989606576 0.0030325109328294686 0.0040695336673951801 -0.0099598778930000843 0.0054797718070202662 -0.0044519777790067525 -0.0024690272413595352 -0.00079308371828120403 0.012041270402817779 0.0081037432175272393 0.010640483938318996 0.016434056518827483 -0.0020000604167253375
leaf_weight=391.68129320628941 3025.1816124245524 226.21468460559845 2209.739232365042 535.1258015986532 2298.3844438455999 1327.4772653579712 759.1963003128767 172.34710040688515 31.668485246598721 2091.1526072099805 334.60391533374786 3334.193373773247 5474.7019534632564 1202.566825773567 24.5941375605762 451.24778714776039 677.84495927393436 621.97700684517622 1066.8868523538113 2304.6360058784485 335.81565000116825 416.64337883889675 858.87329866737127 3013.9962654262781 300.83717334270477 861.51555247604847 706.56677639484406 661.15772299468517 276.07707141339779 1029.7073033004999
leaf_count=9199 17998 1041 13205 6576 16329 6060 3473 701 217 15305 2432 18646 28478 7670 245 1966 3099 3161 4851 10145 1493 1887 4709 13251 1389 3504 4229 2997 1224 4586
internal_value=-2.64645e-05 0.000174944 -0.00117411 -0.00479214 -9.48599e-05 0.00238578 0.00356213 0.00205807 -0.00795155 -0.00595671 0.006514 0.000806801 -0.000356257 0.00365113 -0.0167098 0.00704658 0.0119448 0.00122489 0.000858672 -0.000507249 0.00228526 -0.0038504 0.00199613 -0.00104937 0.00706907 0.00923796 0.00149674 0.00426552 0.00578751 -0.00602344
internal_weight=37022.6 36630.9 22749.3 5226.88 17522.4 13881.6 10340.6 7222.83 3017.14 2457.43 366.272 14497.3 10289.7 4207.52 559.72 3117.73 1129.09 6955.55 6188.96 4846 2640.45 2205.55 6333.58 3541.05 527.052 1033.86 3004.95 1988.63 1342.96 1788.9
internal_count=210066 200867 139200 37980 101220 61667 45986 31864 24775 17954 2649 83222 54994 28228 6821 14122 5065 36348 27659 21584 11638 9946 33187 15681 2430 4205 20558 9057 6075 8059
is_linear=0
shrinkage=0.05


Tree=59
num_leaves=31
num_cat=0
split_feature=13 40 44 8 9 14 28 24 4 34 44 8 7 14 9 34 28 13 27 3 34 36 22 48 8 32 9 16 34 13
split_gain=53.2077 49.7978 23.9525 23.596 30.1336 23.7084 20.9258 19.3823 18.9693 18.317 19.3309 17.8906 22.6772 17.5728 17.2469 16.7021 16.5601 15.7817 15.0756 15.849 14.9696 14.7927 14.2664 14.6986 17.3357 17.6444 16.4279 14.0793 13.6265 13.4798
threshold=-0.34833333333333222 4.5000000000000009 5.6750000000000007 0.29595000000000005 5.245000000000001 0.071066666666666653 1.5000000000000002 0.028333333333332881 48.500000000000007 5.4450000000000012 4.6950000000000012 0.47635 6.455000000000001 0.030200000000000036 5.9350000000000014 6.1550000000000011 2.5000000000000004 0.57499999999999962 -0.21000000000000038 34.500000000000007 5.1650000000000009 6.7250000000000005 -1.8749999999999998 4.5000000000000009 0.22930000000000003 3.5000000000000004 5.7150000000000007 2.5000000000000004 3.5050000000000003 0.65999999999999981
decision_type=2 2 2 2 2 2 2 2 2 2 2 2 2 2 2 2 2 2 2 2 2 2 2 2 2 2 2 2 2 2
left_child=1 2 22 9 17 8 -4 20 -6 16 27 12 15 18 -13 -10 21 28 19 -8 -3 -2 -1 24 26 -26 -24 -11 -5 -16
right_child=3 7 6 4 5 -7 13 -9 11 10 -12 14 -14 -15 29 -17 -18 -19 -20 -21 -22 -23 23 -25 25 -27 -28 -29 -30 -31
leaf_value=-0.0094729550449798479 -0.0046363240289479342 -0.0313470582389156 0.0096688332686229866 -0.037163592785661941 -0.0053229829654116633 0.0065710889105780081 -0.0060183794760924354 -0.00072508917261660563 -0.00026736799877873015 0.015269125226111988 0.01133336667916976 -0.0094417688634038984 0.0097469052168845868 0.0035241193975376023 -0.003684046261750033 0.004949847754926677 -0.0012441631594619913 0.0007019092694566315 -0.0027471510072682504 0.11575827420820668 -0.013815504214600857 0.01203251999434941 -0.0002550572157669991 -0.016673848450979058 -0.012318917716169104 -0.0009122038533855662 0.026776514666993413 -0.00055117152861688457 -0.0044427160155343674 0.0026169813248339766
leaf_weight=1080.8184608630836 177.89999406039715 151.56815101206303 543.95093836635351 32.124141834676266 1121.5659034922719 2143.598517678678 5.1880893036723119 230.0408342089504 3820.1206145510077 169.98529326915741 1393.3203707188368 545.84749611467123 1053.1277885809541 1739.0015631243587 1410.990605391562 2563.4017749577761 1737.7341067194939 2183.1328014433384 3671.7470274511725 5.5090126022696495 619.14796723425388 528.53596644103527 2191.4953707959503 185.83709533326328 690.49466966092587 666.02481810376048 57.685122601687908 814.47318346053362 3340.3405631408095 2130.258247256279
leaf_count=9187 842 2509 3017 165 5256 9714 34 2834 18078 802 7098 2484 4974 11335 7178 12519 9246 9568 25771 32 8519 2496 15352 2057 4156 3936 354 4230 17280 9043
internal_value=-2.56837e-05 -0.00279001 -0.00180459 0.00127468 0.00052932 0.00170874 0.000319755 -0.0134617 0.00088449 0.00441946 0.00754386 0.00148864 0.00294915 -0.000618268 -0.00116882 0.00182769 0.00137993 -0.00261028 -0.00257447 0.0566967 -0.0172632 0.00783485 -0.00440551 -0.00296098 -0.00225422 -0.00671844 0.000438226 0.0021805 -0.0047544 0.000106372
internal_weight=37005 11838.5 10837.8 25166.5 20344.5 14788.9 5965.4 1000.76 12645.3 4821.95 2377.78 11523.7 7436.65 5421.45 4087.1 6383.52 2444.17 5555.6 3682.44 10.6971 770.716 706.436 4872.36 3791.54 3605.7 1356.52 2249.18 984.458 3372.46 3541.25
internal_count=210066 89093 75231 120973 96259 69246 40189 13862 59532 24714 12130 54276 35571 37172 18705 30597 12584 27013 25837 66 11028 3338 35042 25855 23798 8092 15706 5032 17445 16221
is_linear=0
shrinkage=0.05


Tree=60
num_leaves=31
num_cat=0
split_feature=7 24 13 9 40 4 32 8 25 13 34 16 8 4 8 44 4 14 44 14 26 11 15 11 44 13 24 0 44 8
split_gain=50.5816 40.6573 38.0003 27.5283 26.8824 25.32 23.4746 22.8156 20.1747 16.7624 16.7292 16.5147 15.0077 14.8535 14.0951 19.1267 13.7704 13.7657 13.7132 13.2175 13.1667 12.6643 12.6444 12.5683 14.4969 15.2502 12.5722 12.4865 12.387 12.4935
threshold=1.6150000000000004 0.019999999999999133 -0.70166666666666588 2.0350000000000006 3.5000000000000004 48.500000000000007 2.5000000000000004 0.21990000000000001 5.5000000000000009 0.29166666666666635 6.3250000000000011 3.5000000000000004 0.50160000000000016 54.500000000000007 0.49574999999999997 6.2150000000000007 55.500000000000007 -0.043633333333333323 6.3750000000000009 0.0094166666666667138 -0.024999999999999908 0.29295000000000004 -0.019166666666666662 0.36224999999999996 3.7850000000000006 -0.4666666666666654 -0.051666666666666299 14.500000000000002 6.4450000000000012 0.28960000000000002
decision_type=2 2 2 2 2 2 2 2 2 2 2 2 2 2 2 2 2 2 2 2 2 2 2 2 2 2 2 2 2 2
left_child=3 2 4 -1 -2 17 11 23 9 12 16 28 -9 18 15 -11 -10 -3 19 22 -19 -22 -7 -8 -25 -26 -27 -17 -4 -30
right_child=1 5 6 -5 -6 13 7 8 10 14 -12 -13 -14 -15 -16 27 -18 20 -20 -21 21 -23 -24 24 25 26 -28 -29 29 -31
leaf_value=-0.02755376123570509 -0.0030028927044850767 -0.013078873818516776 -0.0019203570597292512 0.036106300846802254 -0.012073430788626886 -0.0063436222164037969 0.0045809890231205599 0.00047632387640984022 -0.0049673703932978531 0.0035728372372557668 0.00037741762962597799 -0.0061354950617482753 -0.0092954982390081251 -0.00016964096473730822 -0.00060344086544401139 0.018555674878562786 -0.018480749877105036 -0.005265055325204368 0.0080689550195892079 0.0059814863604975496 0.029060138432906397 0.0027237328473420671 0.0024923345757173017 -0.0122078391435057 0.0066784706612654475 0.061247949827011108 0.024189059603802309 0.0050595585015172605 0.024877586676357599 0.0029998049189909693
leaf_weight=224.93435323797166 3944.8320170789957 301.79307753965259 3862.1271205767989 18.368645373731852 1030.1650485061109 486.75389108434319 671.36535288393497 5140.0807712078094 1052.7254666611552 2784.8503306657076 1511.0830918550491 2096.3382257372141 425.43938691169024 2045.0962217263877 1339.461607888341 402.74935963749886 229.64499951899052 676.0145288258791 2096.7811348326504 2477.8278768509626 52.472286861389875 350.9005174934864 2407.2250262983143 38.276406280696392 115.43314860761166 27.492603048682213 136.58134035021067 298.32977861166 72.274850323796272 671.9104150980711
leaf_count=6609 28311 1668 17976 161 12045 2837 3903 28278 5593 12542 8276 12222 2287 10505 5955 1829 1249 3707 10840 12453 273 1790 12118 210 689 150 712 1346 379 3153
internal_value=-2.49373e-05 0.000125514 -0.00095419 -0.0227476 -0.00488112 0.00268742 -1.83647e-05 0.00113463 0.000585157 0.00159927 -0.00318709 -0.00245651 -0.000270654 0.00360584 0.00375601 0.00543113 -0.00738733 -0.00363874 0.00463967 0.00330111 -0.00099931 0.00614967 0.00100617 0.00845859 0.0166506 0.0206025 0.0303987 0.0128127 -0.000782196 0.00512456
internal_weight=36989.3 36746 25851.2 243.303 4975 10894.9 20876.2 14173.5 13184.4 10390.9 2793.45 6702.65 5565.52 9513.68 4825.39 3485.93 1282.37 1381.18 7468.59 5371.81 1079.39 403.373 2893.98 989.149 317.783 279.507 164.074 701.079 4606.31 744.185
internal_count=210066 203296 147105 6770 40356 56191 106749 73019 67355 52237 15118 33730 30565 48753 21672 15717 6842 7438 38248 27408 5770 2063 14955 5664 1761 1551 862 3175 21508 3532
is_linear=0
shrinkage=0.05


Tree=61
num_leaves=31
num_cat=0
split_feature=13 14 22 2 24 44 47 9 27 8 2 40 20 21 43 19 13 8 4 45 13 15 9 8 34 34 8 8 13 25
split_gain=46.9432 38.0652 30.0252 27.4084 23.1762 19.0105 17.2785 16.7172 15.8129 15.8444 15.7946 15.6891 17.0437 15.2855 14.5889 14.2446 15.165 14.5715 15.325 14.2418 16.7443 13.9526 13.813 14.6357 13.7028 13.6588 15.354 14.4527 13.365 13.2138
threshold=-2.5958333333333323 -0.044383333333333407 0.16499999999999984 2.5000000000000004 0.025000000000000803 6.8850000000000007 4.5000000000000009 4.2350000000000012 -0.05000000000000026 0.48805000000000004 3.5000000000000004 4.5000000000000009 -1.2049999999999998 0.030000000000000009 0.19500000000000003 0.035000000000000003 0.74666666666666759 0.34795000000000004 46.500000000000007 0.33400000000000002 0.57499999999999962 0.013666666666666676 3.8150000000000004 0.26340000000000002 3.9450000000000007 5.9450000000000012 0.31770000000000004 0.31305000000000005 2.1566666666666672 5.5000000000000009
decision_type=2 2 2 2 2 2 2 2 2 2 2 2 2 2 2 2 2 2 2 2 2 2 2 2 2 2 2 2 2 2
left_child=7 3 4 29 11 -6 13 -1 -5 10 -10 19 -13 15 28 16 17 -4 21 22 -21 -19 -3 -24 -18 -8 27 -27 -15 -2
right_child=1 2 6 8 5 -7 25 -9 9 -11 -12 12 -14 14 -16 -17 24 18 -20 20 -22 -23 23 -25 -26 26 -28 -29 -30 -31
leaf_value=-0.020824267179271459 -0.0039112980123326034 -0.0068545400794018654 0.0054631073350593145 0.0066778450420736839 0.0017249720230182878 0.012167020607605827 -0.004622158812589902 0.040724186679934382 -0.0019876292848172053 -0.0063637098919509501 0.0055961846329434031 -0.018545808405376583 -0.0038532673282717722 -0.0020746955446092809 -0.028377633708501201 0.012478090976381237 -0.0052409107784065325 -0.02474671016484703 0.00060117992550232449 0.00021144910887432855 0.009201280572934083 0.026712712559544483 0.0030571764258364139 -0.0031959719979475377 0.0079036608838494015 0.012062439695246443 0.000143686274472743 0.067545780865973612 0.047036630153347199 -0.010457813400883025
leaf_weight=321.56967382878065 3846.6023352742195 1333.2402365002781 2019.9517992157489 770.2772031724453 3710.6361211072654 493.89152141660452 1134.7033165991306 11.424307473003863 1913.8436663560569 1067.9810100272298 1070.6109195500612 230.98390106298029 1356.8609740044922 602.19741973653436 52.600696016103029 557.03064084798098 213.68650762736797 100.86355429887772 2288.070385530591 4461.8714063111693 585.99765647947788 15.151139155030249 1443.4374416992068 2660.4002323523164 2748.1858116835356 200.56368038803339 770.59095517545938 12.466763079166411 14.179207086563109 963.97733104415238
leaf_count=8278 24250 9126 10273 3475 20601 2676 5157 93 9939 5022 5285 3055 9832 2960 257 2754 897 472 10611 26910 2576 70 9002 13755 11473 1003 3438 60 57 6709
internal_value=-2.42027e-05 0.000145639 0.00110813 -0.00255276 -0.000245451 0.00295156 0.00316145 -0.0187127 0.000110891 -0.00113734 0.000732906 -0.00135886 -0.00599059 0.00415654 -0.00310192 0.00476787 0.00418638 0.00233259 -0.000297731 -0.000657427 0.00125506 -0.0180263 -0.00243301 -0.00099656 0.00695534 -0.000884043 0.00342824 0.0153094 -0.000944932 -0.00522313
internal_weight=36973.8 36640.9 27007.6 9633.29 16277.3 4204.53 10730.2 332.994 4822.71 4052.44 2984.45 12072.8 1587.84 8611.92 668.977 7942.94 7385.91 4424.04 2404.09 10484.9 5047.87 116.015 5437.08 4103.84 2961.87 2118.32 983.621 213.03 616.377 4810.58
internal_count=210066 201695 147015 54680 97533 23277 49482 8371 23721 20246 15224 74256 12887 39824 3274 36550 33796 21426 11153 61369 29486 542 31883 22757 12370 9658 4501 1063 3017 30959
is_linear=0
shrinkage=0.05


Tree=62
num_leaves=31
num_cat=0
split_feature=9 7 14 13 8 13 44 5 40 9 34 11 4 40 2 20 22 34 28 23 34 48 3 26 44 13 4 10 14 7
split_gain=44.3599 39.4411 27.5525 21.3945 22.0115 21.4147 21.5856 20.1009 20.1121 19.5353 19.2647 18.652 18.0596 17.9955 18.3773 17.2403 19.2462 16.6252 16.5911 15.9892 15.6181 14.9692 14.288 13.9139 13.8739 13.7522 13.5479 13.4954 13.0631 15.4181
threshold=4.7550000000000008 1.6150000000000004 -0.043633333333333323 2.3658333333333341 0.38800000000000001 1.123333333333334 4.8350000000000009 1.0000000180025095e-35 2.5000000000000004 2.0350000000000006 3.5050000000000003 0.43605000000000005 48.500000000000007 2.5000000000000004 2.5000000000000004 -2.4649999999999994 1.0950000000000006 7.4250000000000007 5.5000000000000009 7.0450000000000008 6.4050000000000011 2.5000000000000004 52.500000000000007 -0.020000000000000014 4.3550000000000013 0.57499999999999962 49.500000000000007 0.34139999999999998 0.065533333333333374 5.9450000000000012
decision_type=2 2 2 2 2 2 2 2 2 2 2 2 2 2 2 2 2 2 2 2 2 2 2 2 2 2 2 2 2 2
left_child=1 9 22 4 13 11 17 8 15 -1 -9 26 -10 14 20 -4 -17 28 -15 -8 27 -14 -3 -13 -22 -12 -6 -2 -7 -30
right_child=3 2 7 -5 5 6 19 10 12 -11 25 23 21 18 -16 16 -18 -19 -20 -21 24 -23 -24 -25 -26 -27 -28 -29 29 -31
leaf_value=-0.026426252890134307 0.0037137580040923733 -0.0044832892892620593 0.010608762248345643 0.018804319248977058 -0.0089686482033722991 -0.0048724636795567725 0.0068383920127992846 -0.021395759993454777 -0.016962628643311474 0.036697214297549068 0.0018985826689498679 0.012192717599874742 -0.0010930284098818316 0.0023353407370178547 0.0079790363757149384 -0.0024410972632169302 0.0079674263442899955 0.063286936928121165 -0.0047409062105748506 -0.019050573117092337 -0.0059152767637391836 -0.0099005367182217682 -0.014022425001629729 0.00029502252994399936 0.0097428070632399749 0.011745907003865687 -0.0017110178160362991 -0.002992979824206406 -0.036130292363416867 0.014078803376630223
leaf_weight=215.70912964642048 1611.1185191571712 3118.4243273176253 345.1721847653389 173.76761862635612 706.41859693825245 1035.6377762854099 2123.8342792838812 82.550856232643127 315.63173428177834 12.995207689702509 3042.472949270159 391.71522719413042 1391.3316967412829 2756.0900903940201 2389.684582516551 3337.1541561186314 512.30840254575014 9.6254763901233655 1184.2759286127985 61.363025054335594 165.54563461989164 738.49232724681497 449.07801618054509 659.3797050267458 972.72029382735491 401.31519301235676 7164.4354306906462 1403.4770890772343 16.812765434384346 168.81369215250015
leaf_count=6609 8231 20930 2530 702 3495 4338 8819 481 2431 113 20395 1843 9460 15334 11189 18257 2327 40 9165 258 832 6172 2978 3160 5130 1738 35326 7023 70 690
internal_value=-2.34218e-05 -0.00224645 -0.00190352 0.00132642 0.00119334 -0.00023801 0.00312841 -0.00057689 -0.00219709 -0.0228395 0.00247394 -0.00152696 -0.00580104 0.00287799 0.0044857 -9.60009e-05 -0.00105587 -0.00216729 0.000208577 0.0061114 0.00247552 -0.00414693 -0.00568408 0.00472898 0.00746555 0.00304612 -0.0023624 0.000591365 -0.00268317 0.00953121
internal_weight=36957.4 13962.6 13733.9 22994.7 22820.9 12338 3416.09 10166.4 6640.09 228.704 3526.34 8921.95 2445.46 10482.9 6542.55 4194.63 3849.46 1230.89 3940.37 2185.2 4152.86 2129.82 3567.5 1051.09 1138.27 3443.79 7870.85 3014.6 1221.26 185.626
internal_count=210066 94421 87699 115645 114943 58039 14215 63791 41177 6722 22614 43824 18063 56904 32405 23114 20584 5138 24499 9077 21216 15632 23908 5003 5962 22133 38821 15254 5098 760
is_linear=0
shrinkage=0.05


Tree=63
num_leaves=31
num_cat=0
split_feature=13 5 24 4 1 26 34 13 8 44 17 37 28 34 13 20 48 3 34 7 27 23 17 19 35 20 13 8 1 13
split_gain=41.1214 28.6782 32.5584 31.4085 21.4975 18.3595 18.2557 19.1688 20.0339 24.1437 18.2107 16.6535 17.9967 16.1959 15.2323 15.9862 14.7682 21.722 16.2495 13.8804 13.6957 13.5441 16.9455 13.4713 19.9421 13.4033 13.2496 13.6503 19.3973 12.4027
threshold=-1.4544999999999992 1.0000000180025095e-35 -0.043333333333332551 48.500000000000007 5.5000000000000009 0.044999999999999936 5.285000000000001 0.33500000000000046 0.33025000000000004 5.3250000000000011 5.5000000000000009 2.5000000000000004 3.5000000000000004 6.3250000000000011 -0.32833333333333375 -2.2849999999999988 1.0000000180025095e-35 55.500000000000007 5.0450000000000008 5.6750000000000007 -0.069999999999999826 6.6950000000000012 2.5000000000000004 -0.18499999999999997 0.38605000000000006 3.5950000000000011 -0.37633333333333313 0.13360000000000002 1.5000000000000002 1.9291666666666669
decision_type=2 2 2 2 2 2 2 2 2 2 2 2 2 2 2 2 2 2 2 2 2 2 2 2 2 2 2 2 2 2
left_child=4 2 13 26 5 21 29 8 9 14 11 12 16 -2 15 -8 25 18 -18 -11 -9 -1 -23 24 -24 -3 27 28 -4 -5
right_child=1 10 3 6 -6 -7 7 20 -10 19 -12 -13 -14 -15 -16 -17 17 -19 -20 -21 -22 22 23 -25 -26 -27 -28 -29 -30 -31
leaf_value=0.012230317694580876 -0.0070073490341129785 0.0051339672655248284 0.086298429688517142 -0.0023436782698453553 -0.017038753969864828 -0.014294661182514684 0.011525061943115637 0.01095061189227052 -0.002489322066998997 0.0054106408379884785 -0.0021760158681458689 0.00025357984121430235 0.0024444067395683333 -0.00056324623605737774 0.0035946817854099408 -0.0074252192413340112 0.0014020634308591511 -0.016631173351969258 0.019506686917544175 0.040074609777211709 0.0033410241614789064 0.0052908567507319194 0.014005797656648096 -0.0094137215815459883 0.26348168199689598 0.077842679016207533 -0.0034216744446127949 -0.016625355595277204 -0.0015614332375983061 0.010331804045208882
leaf_weight=162.31190423481166 2669.1321147233248 2010.5468933284283 6.8891702741384497 4380.4559961408377 432.57066165283322 347.78368040546775 125.10440021753311 704.57878321409225 3353.6932927295566 2532.9510710202157 1891.7020998485386 3317.3738034814596 4083.4231079630554 1536.2209494374692 826.3452722877264 1007.8145309984684 157.29719665646553 55.987192682921886 584.38282442092896 29.212209992110729 3677.509758785367 345.06077375635505 2.9233469907194367 563.01901318132877 1.103382835164666 6.3584319651126853 1448.7179361358285 408.17752775549889 71.280575707554817 201.88058584928513
leaf_count=1663 15421 9400 38 22429 8787 3950 781 2982 17805 15260 10283 17045 23518 9119 4272 6517 707 270 2641 159 16301 3514 69 6171 26 26 6934 2653 510 815
internal_value=-2.26916e-05 0.000360854 -0.000676717 0.000214007 -0.00727828 -0.00430958 0.000907257 0.00191384 0.000438873 0.00261081 0.00233023 0.0031647 0.00456471 -0.00465331 -0.0015674 -0.0053326 0.00764088 0.0134001 0.015667 0.00580586 0.00456454 -0.00107746 -0.00344562 -0.00876197 0.0823658 0.00536319 -0.00581888 -0.0129596 0.00618174 -0.00178524
internal_weight=36941.8 35087 22980 18774.6 1854.77 1422.2 16839.5 12257.2 7875.12 4521.43 12107.1 10215.4 6898 4205.35 1959.26 1132.92 2814.57 797.667 741.68 2562.16 4382.09 1074.42 912.107 567.046 4.02673 2016.91 1935.07 486.347 78.1697 4582.34
internal_count=210066 185886 121996 97456 24180 15393 87321 64077 44794 26989 63890 53607 36562 24540 11570 7298 13044 3618 3348 15419 19283 11443 9780 6266 95 9426 10135 3201 548 23244
is_linear=0
shrinkage=0.05


Tree=64
num_leaves=31
num_cat=0
split_feature=40 13 20 5 4 24 40 20 25 47 44 14 45 8 34 20 8 13 17 34 8 44 9 40 47 18 0 11 9 48
split_gain=40.0579 30.378 28.484 25.0536 22.5503 20.4729 19.4256 20.9729 19.0116 18.4878 16.8062 17.3103 16.4763 31.051 18.3542 16.4228 16.3905 25.6929 16.339 15.2871 16.045 18.5892 20.2595 15.2545 15.778 15.0681 14.5448 16.6422 17.0512 16.0601
threshold=4.5000000000000009 0.42666666666666725 -1.6199999999999992 1.0000000180025095e-35 48.500000000000007 -0.063333333333333006 1.0000000180025095e-35 -0.064999999999999933 4.5000000000000009 5.5000000000000009 5.9650000000000007 0.06691666666666661 0.27455000000000002 0.32270000000000004 7.3850000000000007 -0.82999999999999985 0.53775000000000017 1.5616666666666672 5.5000000000000009 4.7250000000000005 0.33025000000000004 5.2250000000000005 4.9350000000000014 2.5000000000000004 1.5000000000000002 4.5000000000000009 21.500000000000004 0.27665000000000006 4.8850000000000007 -4.4999999999999991
decision_type=2 2 2 2 2 2 2 2 2 2 2 2 2 2 2 2 2 2 2 2 2 2 2 2 2 2 2 2 2 2
left_child=1 3 -2 4 -1 26 7 -5 -4 10 11 12 13 -3 -14 -15 17 18 -12 -7 21 -21 -23 -8 -25 -16 27 28 -6 -29
right_child=2 9 8 6 5 19 23 -9 -10 -11 16 -13 14 15 25 -17 -18 -19 -20 20 -22 22 -24 24 -26 -27 -28 29 -30 -31
leaf_value=-0.0077588913183403961 -0.018739608179045752 0.01271398382340695 -0.00088822899433854382 -0.0095049543997506036 -0.024201145681750219 -0.0053183276362145171 0.0052555674485327344 0.0015793473643132357 -0.009850758118318587 -0.0049976585137699869 0.0085029339102448368 0.0074538304606215884 0.0016959210157968183 0.031020502722610158 0.032618330524904447 -0.0086665102343734222 -0.001042155963965124 0.026952235704817036 -0.002699326513118906 -0.001653581529614344 -0.0023159711496214667 0.0014758835377935826 0.0092952517292643737 -0.010896371545553216 0.0015408836220201522 -0.027985423784782484 -0.0244037648998017 0.085094648210444712 -0.0016982085600164285 -0.0022663254131964636
leaf_weight=1438.3633902650326 357.76484753564 225.07835151255131 1862.6177780516446 716.60016112402081 200.35407401435077 1453.4383869953454 3406.924172475934 1055.1081017255783 867.16565045528114 753.31044001877308 1955.3451270610094 1156.7969814091921 4979.6349971294403 26.724212914705276 77.348588481545448 1059.7936968803406 628.47963060438633 166.7146670371294 390.50875328481197 2501.5049070008099 4031.2965047173202 2707.4601563178003 1193.5527111664414 286.52818127349019 2317.5974164679646 11.824481576681135 111.33044149726629 5.2940308302640906 145.18069336563349 838.17522187717259
leaf_count=9302 6945 1003 13116 4639 1497 8764 18740 5517 6947 3303 8447 4883 21611 115 336 4575 2722 674 1728 15411 20379 17946 6633 2330 15352 52 750 30 878 5441
internal_value=-2.20462e-05 0.000475378 -0.00547394 -0.000594605 -0.00181416 -0.00116577 0.00169727 -0.0029039 -0.00373534 0.00257281 0.00310688 0.00182636 0.000806072 -0.00418884 0.00209855 -0.00769036 0.0061796 0.00798601 0.00663812 -0.000514198 0.000155021 0.00171086 0.0038683 0.00305344 0.00017243 0.0245822 -0.00712225 -0.00550413 -0.0147463 -0.001718
internal_weight=36927.8 33840.3 3087.55 22408.7 14626 13187.6 7782.76 1771.71 2729.78 11431.6 10678.2 7537.2 6380.4 1311.6 5068.81 1086.52 3141.05 2512.57 2345.85 11887.3 10433.8 6402.52 3901.01 6011.05 2604.13 89.1731 1300.33 1189 345.535 843.469
internal_count=210066 183058 27008 133609 87031 77729 46578 10156 20063 49449 46146 32575 27692 5693 21999 4690 13571 10849 10175 69133 60369 39990 24579 36422 17682 388 8596 7846 2375 5471
is_linear=0
shrinkage=0.05


Tree=65
num_leaves=31
num_cat=0
split_feature=13 24 13 40 32 8 4 25 34 20 8 13 9 44 34 8 34 44 15 15 9 44 19 44 13 19 26 22 21 4
split_gain=37.9762 30.8512 28.563 21.6338 20.1516 21.5859 19.3489 16.0623 14.4701 14.1857 19.9494 22.7079 22.206 18.0605 14.1605 13.9357 19.9707 13.9269 14.0785 14.1237 13.9248 13.7588 13.6984 13.4779 13.3443 13.1716 15.9486 16.3574 16.2092 12.5824
threshold=-2.6991666666666654 0.019999999999999133 -0.70166666666666588 3.5000000000000004 2.5000000000000004 0.21990000000000001 48.500000000000007 5.5000000000000009 6.3250000000000011 1.4600000000000009 0.44690000000000002 1.6616666666666677 5.9350000000000014 4.8150000000000004 7.4050000000000011 0.22615000000000005 6.6450000000000005 7.1850000000000014 -0.023333333333333355 -0.029999999999999988 3.0050000000000003 4.7750000000000012 0.055000000000000014 5.3250000000000011 -0.19999999999999993 0.020000000000000014 0.039999999999999598 -2.984999999999999 0.030000000000000023 55.500000000000007
decision_type=2 2 2 2 2 2 2 2 2 2 2 2 2 2 2 2 2 2 2 2 2 2 2 2 2 2 2 2 2 2
left_child=20 2 3 15 24 -6 -3 9 29 10 11 13 -12 -7 -11 17 -17 18 19 -2 -1 -20 25 -8 -4 26 27 -19 -29 -9
right_child=1 6 4 -5 5 7 23 8 -10 14 12 -13 -14 -15 -16 16 -18 22 21 -21 -22 -23 -24 -25 -26 -27 -28 28 -30 -31
leaf_value=-0.02148164321360975 -0.002752199429802293 -0.0031993538100027787 -0.006837563273253998 -0.010856934830274424 0.0081661061701201691 -0.0027642191661984917 0.00076991859544239935 -0.0044719205863646373 0.00045254955304221517 0.0048398935875789608 -0.010984172831924087 0.069150318627761262 -0.00038061381715238582 0.003593218830584383 0.030856554545679191 -0.011733030386001223 0.0012746591329986809 -0.018287840724739952 -0.0064636125249930218 -0.018184621787943858 0.022343415242347068 0.0036840029522048783 0.078482516415377401 0.0046370271741958506 -0.0011860348657196087 -0.013388396086838407 -0.0088812605437066736 0.052046305638014594 0.16836251460242285 -0.017463094850766525
leaf_weight=259.01659215986729 540.78665604069829 1373.2030970919877 1295.6855045706034 991.88475622050464 990.89295247942209 1473.3004831448197 3661.6918995622545 1046.6619830802083 1508.625575967133 1572.8096212893724 655.21995121985674 12.637141466140745 2003.5477165654302 4621.1184551492333 54.100672535598278 794.71008884161711 469.34178601205349 7.0125050395727113 442.95767300389707 204.25741187483072 19.489028628915548 1358.4529164042324 8.6831632666289789 5857.3202753029764 5387.5169796124101 30.782010667026043 18.562303498387337 21.810267016291625 3.4719621166586867 226.76472947746515
leaf_count=7371 4238 7434 8073 11832 5664 7503 18662 5593 8276 7172 3187 51 9790 24282 252 5120 2973 51 3390 1556 162 9995 69 29922 25657 231 141 146 24 1249
internal_value=-2.13957e-05 0.000118439 -0.000825415 -0.00426353 -1.85747e-05 0.00104915 0.00234905 0.000513869 -0.00286043 0.00141714 0.000621322 0.00219517 -0.00299373 0.00205633 0.00570504 -0.00258699 -0.00690328 -0.000517796 -0.00120217 -0.00698307 -0.0184149 0.00118876 0.0187766 0.00314946 -0.00228171 0.0124263 0.028051 0.0492789 0.0680198 -0.00678532
internal_weight=36912.3 36633.8 25741.6 4892.71 20848.9 14165.7 10892.2 13174.8 2782.05 10392.7 8765.82 6107.06 2658.77 6094.42 1626.91 3900.83 1264.05 2636.78 2546.45 745.044 278.506 1801.41 90.3222 9519.01 6683.2 81.639 50.857 32.2947 25.2822 1273.43
internal_count=210066 202533 146515 39766 106749 73019 56018 67355 15118 52237 44813 31836 12977 31785 7424 27934 8093 19841 19179 5794 7533 13385 662 48584 33730 593 362 221 170 6842
is_linear=0
shrinkage=0.05


Tree=66
num_leaves=31
num_cat=0
split_feature=40 40 28 13 47 48 47 37 20 1 9 48 48 20 3 40 4 4 7 43 28 40 8 14 7 44 34 11 24 10
split_gain=36.3085 50.9826 64.597 42.4 30.4479 29.9664 28.3848 30.8665 28.1077 24.9531 24.7023 22.6903 20.5732 29.2171 18.598 17.1257 16.9937 17.0748 16.8642 16.4854 16.9124 16.2152 15.991 18.8624 15.6497 15.5204 15.2726 15.0389 14.9398 14.5764
threshold=2.5000000000000004 1.0000000180025095e-35 1.5000000000000002 -2.4074999999999993 1.5000000000000002 2.5000000000000004 3.5000000000000004 3.5000000000000004 0.50000000000000033 3.5000000000000004 5.3750000000000009 1.0000000180025095e-35 -1.4999999999999998 1.3100000000000005 30.500000000000004 1.5000000000000002 49.500000000000007 54.500000000000007 2.1050000000000004 0.115 4.5000000000000009 -3.4999999999999996 0.20484999999999998 -0.029749999999999967 6.7350000000000012 5.5050000000000008 6.9050000000000011 0.36945 0.020000000000000909 0.18545000000000003
decision_type=2 2 2 2 2 2 2 2 2 2 2 2 2 2 2 2 2 2 2 2 2 2 2 2 2 2 2 2 2 2
left_child=1 2 25 -2 21 11 9 12 14 26 15 -5 18 -14 -7 24 -13 22 27 -19 -21 -4 23 -18 -11 -1 -3 -8 -17 -6
right_child=3 6 4 5 29 8 7 -9 -10 10 -12 16 13 -15 -16 28 17 19 -20 20 -22 -23 -24 -25 -26 -27 -28 -29 -30 -31
leaf_value=-0.00026036650567601836 -0.022466156287752656 0.00612642462844026 0.022709925450235261 -0.00555745278547489 -0.01540468294795219 -0.0013475376515199777 0.11562879286238477 0.01383470614609416 -0.00084407766883328079 0.0040068805979850417 0.0062172120675033516 -0.0049590874293197881 -0.0074300837854295587 0.0083920404869187049 -0.010753906166657593 -0.0088418981935433818 -0.0016595819009007234 0.051571733731883999 0.0014685425377460868 0.0030292206914222519 -0.0070068940487401079 -0.0018634615856726164 0.0026196916110346746 0.017690632491823125 -0.045155669815752981 0.0069135070072929676 0.014200603057969278 -0.013920460573398697 0.0038139316157223451 -0.0069823585979591476
leaf_weight=1374.6890519447625 248.32832616195083 3868.5626283548772 69.483155615627766 1468.0035001263022 684.2218649610877 719.08325170725584 6.0639512911438924 395.58036971092224 2499.1632829736918 1002.035131316632 1868.8669256344438 962.81182659417391 1664.8710397332907 353.77519842982292 1951.8551902920008 903.06689020246267 185.38355587795377 14.176460053771732 3602.3900165446103 752.31465028598905 949.65403171256185 1984.2027452141047 4223.6523660644889 392.76962597668171 16.453210264444351 1669.6299525424838 690.15816893428564 3.5526420064270496 314.36014040932059 2061.5730378851295
leaf_count=6632 7171 18142 352 8492 4430 6518 73 2519 13443 6184 8665 5806 8686 1515 15320 5782 1661 84 17475 3984 6383 10818 22770 3146 71 8081 3228 44 1861 10730
internal_value=-2.08309e-05 0.00123153 -0.00202317 -0.00198503 -0.00563694 -0.0016248 0.00296942 0.000334119 -0.00465533 0.0048025 0.00197461 0.000126076 -0.000614362 -0.0046572 -0.00822148 -0.00157153 0.0012414 0.00215731 0.00164506 -0.00212342 -0.00257067 -0.00103206 0.00368723 0.011486 0.00321268 0.00367408 0.0073488 0.0677696 -0.00557395 -0.00908111
internal_weight=36900.7 22533.5 7843.8 14367.2 4799.48 14118.9 14689.7 6026.23 5170.1 8663.5 4104.78 8948.77 5630.65 2018.65 2670.94 2235.92 7480.76 6517.95 3612.01 1716.15 1701.97 2053.69 4801.81 578.153 1018.49 3044.32 4558.72 9.61659 1217.43 2745.79
internal_count=210066 115288 41043 94778 26330 87607 74245 30312 35281 43933 22563 52326 27793 10201 21838 13898 43834 38028 17592 10451 10367 11170 27577 4807 6255 14713 21370 117 7643 15160
is_linear=0
shrinkage=0.05


Tree=67
num_leaves=31
num_cat=0
split_feature=7 14 2 22 9 8 24 44 28 44 8 13 45 23 34 14 9 16 8 40 14 13 7 44 10 20 43 8 13 44
split_gain=34.2143 30.7124 22.6938 22.2341 21.268 18.5141 18.3719 16.0575 15.9355 15.6877 16.0729 17.606 15.6698 15.3198 15.3076 15.0797 14.6478 14.3182 14.277 13.3868 13.2233 13.1685 12.9508 12.8752 14.163 12.6259 12.6542 12.5401 15.2805 16.424
threshold=1.6150000000000004 -0.044383333333333407 3.5000000000000004 0.16499999999999984 1.9750000000000003 0.48580000000000007 0.025000000000000803 6.8850000000000007 5.5000000000000009 4.0650000000000004 0.35740000000000005 1.4416666666666669 0.28605000000000008 6.5550000000000006 4.6650000000000009 0.052533333333333411 7.8050000000000006 3.5000000000000004 0.17205000000000001 4.5000000000000009 0.25395000000000006 0.18499999999999986 4.0950000000000006 3.7350000000000008 0.50125000000000008 2.1950000000000007 0.16500000000000004 0.45055000000000001 -0.13666666666666646 4.495000000000001
decision_type=2 2 2 2 2 2 2 2 2 2 2 2 2 2 2 2 2 2 2 2 2 2 2 2 2 2 2 2 2 2
left_child=4 2 8 6 -1 -4 15 18 27 -5 17 14 25 -10 -12 19 -17 -11 21 -3 -14 -8 -21 24 -20 26 -13 28 -2 -30
right_child=1 3 5 9 -6 -7 7 -9 13 10 11 12 20 -15 -16 16 -18 -19 23 22 -22 -23 -24 -25 -26 -27 -28 -29 29 -31
leaf_value=-0.024716094678109961 -0.0047001460379763787 -0.0015301737762757563 0.0060723516005037927 -0.0029705723037356624 0.028030220367092989 -0.0028176382703566198 0.0075990509467133279 0.011047234779581545 0.089501615512149635 0.009353730090809172 -0.0074251524904508474 0.019665859663637323 0.011011225680798289 -0.0097164105879505719 0.0015731442228539641 0.0012688452862205683 0.028871332102207638 0.0029116018762181881 -0.021088833233785444 -0.022460292752334816 0.082988496889235833 0.064416694546186912 -0.0054630482297347007 0.00078258862416288291 0.045857934380200228 -0.015603071563911136 -0.007077885078930134 -0.010865377410984613 -0.0060022911859284036 0.0026583481613631534
leaf_weight=199.32350218109787 2869.6954360567033 7625.2818971537054 1259.0300656035542 1086.1094628125429 21.137604728341103 1095.0118308737874 587.44306055083871 499.97289614751935 3.9048358350992194 1709.4596909061074 526.11343936622143 87.051752209663391 738.28436160087585 1063.8180484231561 4649.9130232930183 3268.2964878380299 48.780980996787548 1740.914893258363 107.68886554986238 126.10122404247522 6.4366256296634665 10.378078401088713 1007.018469620496 3015.2347729802132 8.5256202518939954 108.21745881438255 89.919634014368057 441.01396245881915 734.41648654639721 2149.9051927924156
leaf_count=6561 19214 45506 6123 4948 209 5100 4535 2722 29 7822 2311 352 2986 9014 20786 19745 240 9426 537 2008 26 48 7613 15660 37 439 364 2005 3478 10222
internal_value=-2.04237e-05 9.76624e-05 -0.00232924 0.000960564 -0.0196588 0.00193706 -0.000203061 0.00263297 -0.00371206 0.0027267 0.00336751 0.00184647 0.00781677 -0.00935355 0.000658519 -0.00119634 0.00167477 0.0061033 0.00150489 -0.00228371 0.0116333 0.0085854 -0.00735462 0.000153163 -0.0161775 -0.00214952 0.00607729 -0.00273974 -0.00211695 0.000453145
internal_weight=36884.4 36663.9 9616.8 27047.1 220.461 2354.04 16304.7 4229.24 7262.75 10742.4 9656.31 6205.94 1029.91 1067.72 5176.03 12075.5 3317.08 3450.37 3729.27 8758.4 744.721 597.821 1133.12 3131.45 116.214 285.189 176.971 6195.03 5754.02 2884.32
internal_count=210066 203296 55185 148111 6770 11223 98651 23539 43962 49460 44512 27264 4167 9043 23097 75112 19985 17248 20817 55127 3012 4583 9621 16234 574 1155 716 34919 32914 13700
is_linear=0
shrinkage=0.05


Tree=68
num_leaves=31
num_cat=0
split_feature=9 7 27 40 40 1 48 48 18 14 34 6 20 8 44 13 34 44 47 21 9 23 24 8 21 16 27 14 24 46
split_gain=32.4737 28.3659 19.5542 21.074 26.0665 29.6542 22.4016 18.8452 18.697 21.8617 18.8347 25.6206 17.9621 15.9769 18.3809 17.0283 16.0004 15.3946 15.0803 13.9783 13.895 13.8028 13.4674 14.5325 13.2945 13.0265 15.7561 12.9673 12.8666 12.4844
threshold=4.4150000000000009 1.6150000000000004 0.06000000000000006 2.5000000000000004 1.0000000180025095e-35 2.5000000000000004 2.5000000000000004 1.0000000180025095e-35 4.5000000000000009 0.017900000000000003 5.8750000000000009 0.18500000000000003 1.3400000000000003 0.39735000000000004 6.7550000000000008 0.48666666666666664 7.8450000000000006 6.2550000000000008 5.5000000000000009 -0.030000000000000002 2.0350000000000006 6.8050000000000006 -0.019999999999999126 0.27670000000000006 0.015000000000000001 2.5000000000000004 -0.18999999999999992 -0.050008333333333342 0.063333333333333922 6.5650000000000004
decision_type=2 2 2 2 2 2 2 2 2 2 2 2 2 2 2 2 2 2 2 2 2 2 2 2 2 2 2 2 2 2
left_child=1 20 3 4 5 27 7 -5 10 -10 11 -3 -8 14 16 -15 25 -17 -16 -13 -1 -11 -12 28 -19 26 -6 29 -24 -2
right_child=2 8 -4 6 13 -7 12 -9 9 21 22 19 -14 15 18 17 -18 24 -20 -21 -22 -23 23 -25 -26 -27 -28 -29 -30 -31
leaf_value=-0.023797900313545464 0.075286292948414879 -0.0040975792712646363 -0.0024907674798752668 -0.0054183661522164851 -0.068464824585377865 -0.0067744045356986212 -0.0058913804939254273 0.0028432134754264003 -0.0075859684887163055 0.0049373023171995697 -0.0019343920485512718 0.058467054690395814 0.001683646757651403 -0.0020023011320602678 0.017934659624790229 0.00234485024123354 0.053530095173115348 0.014421006859858188 -0.010549348720298189 0.0081675027230628441 0.030105214553069526 -0.0046923978228238412 0.0071008731606257113 0.00037299090427762058 -0.0062149649330542761 0.0036561699074204265 0.011334733808229878 0.0040728964851922955 0.025918585111228951 -0.0039358904856699748
leaf_weight=196.62223179452121 5.0057944357395163 3375.2495117522776 3560.9517156928778 807.86967893689871 6.2336151748895636 1276.5453842058778 2414.1705170832574 4741.6732957176864 2452.2579719871283 740.08990082889795 1120.8827892336994 14.424041654914616 1157.9368603751063 1574.7309746593237 475.19602805376053 1837.3289889544249 17.080312214791775 536.03055989742279 51.503814451396465 325.66453596763313 12.729562748223541 748.43083677999675 990.75856458768249 952.36410290375352 91.348481222987175 3337.9543972611427 804.68280981481075 2387.1360993385315 100.0077899582684 757.72784868627787
leaf_count=6609 24 20368 18711 4203 26 6540 16568 25459 18389 5116 7541 81 5620 7320 2392 7600 90 2224 260 2135 107 5315 6695 4838 380 16591 3442 11116 652 3654
internal_value=-1.97846e-05 -0.00229108 0.000949649 0.00149952 0.00277984 -0.00034582 -0.000347414 0.00164054 -0.00193838 -0.00468452 -0.000365274 -0.0027796 -0.00343585 0.00436427 0.00634858 0.00205909 0.0052359 0.00465395 0.0151493 0.0103008 -0.0205203 9.54722e-05 0.00246975 0.0048859 0.0114163 0.00503708 0.0107213 0.00225949 0.00882619 -0.00341596
internal_weight=36870.6 11029.5 25841.1 22280.2 13158.5 4426.42 9121.65 5549.54 10820.1 3940.78 6879.35 3715.34 3572.11 8732.09 4692.65 4039.44 4165.95 2464.71 526.7 340.089 209.352 1488.52 3164.01 2043.13 627.379 4148.87 810.916 3149.87 1090.77 762.734
internal_count=210066 77846 132220 113509 61659 21334 51850 29662 71130 28820 42310 22584 22188 40325 22801 17524 20149 10204 2652 2216 6716 10431 19726 12185 2604 20059 3468 14794 7347 3678
is_linear=0
shrinkage=0.05


Tree=69
num_leaves=31
num_cat=0
split_feature=16 2 8 44 13 8 34 16 13 8 10 8 9 34 18 14 40 44 8 6 10 21 22 13 34 8 35 39 26 34
split_gain=30.8179 26.6888 22.6801 22.6831 20.4956 31.1815 24.4187 17.8412 17.75 19.7648 18.7909 16.1701 21.1655 16.054 15.8886 18.3823 15.4263 15.1603 17.2921 14.9662 14.0233 13.2281 12.8772 12.71 13.1019 12.8332 14.0014 15.6224 14.529 12.665
threshold=4.5000000000000009 1.5000000000000002 0.21465000000000004 5.0550000000000006 1.3716666666666666 0.49840000000000007 5.1250000000000009 2.5000000000000004 0.53666666666666607 0.35740000000000005 0.31835000000000008 0.22615000000000005 5.3050000000000006 7.3250000000000011 4.5000000000000009 0.021533333333333324 3.5000000000000004 6.3650000000000011 0.35235 0.20500000000000004 0.35730000000000001 0.045000000000000005 3.3250000000000006 2.3658333333333341 3.7650000000000001 0.33025000000000004 0.32010000000000005 -2.4999999999999996 0.010000000000000233 4.6650000000000009
decision_type=2 2 2 2 2 2 2 2 2 2 2 2 2 2 2 2 2 2 2 2 2 2 2 2 2 2 2 2 2 2
left_child=2 16 -1 7 5 6 -5 13 9 -8 -11 14 19 23 -3 -16 -2 18 -10 20 21 -13 -9 25 -25 26 27 -4 -29 -27
right_child=1 11 3 4 -6 -7 8 22 17 10 -12 12 -14 -15 15 -17 -18 -19 -20 -21 -22 -23 -24 24 -26 29 -28 28 -30 -31
leaf_value=0.0065572710398192763 -0.0057400921963557516 0.0035641897374677073 0.052979077181027637 -0.0017866753335189112 0.0072895864718585989 -0.0040385115749462042 0.0051019785807689374 -0.003895183458985776 0.016910318894426509 -0.0064154752052694485 0.0017122461610569772 -0.0049448134844690883 0.00041063029564117348 0.020555269273018543 -0.005648474348032291 0.0035471499527555228 -0.018712146644946474 0.013796208926660686 0.0027708803196463756 0.012014114558846781 -0.021181462386173976 -0.01912503055922465 -0.022251432971669875 -0.033654411899327302 0.022584181642287184 -0.0079757750358175235 -0.00065873937997305669 0.00060165166898785288 0.021304913519306114 -0.00033506549316923028
leaf_weight=1677.317283578217 762.27425977215171 2414.5875460505486 22.289536073803902 3041.062114700675 1447.8641014844179 2495.1165626719594 2982.474641032517 3235.7846711650491 251.12588793039322 952.9154429808259 2802.676903821528 2679.4116817340255 2253.3594569861889 96.588484540581703 1460.291784953326 865.63031512126327 327.71435432694852 620.02962963283062 1556.2738616317511 111.82264094427228 156.62208402901888 175.22001888602972 98.448469460010529 11.567853853106497 98.88551589846611 674.00944620370865 465.43116161972284 191.10178368538618 152.25975447148085 2776.3906626105309
leaf_count=9162 8609 17577 97 15012 5927 11894 15570 16839 1092 4903 14120 17612 13644 429 11463 6269 7704 2697 6829 739 1001 1090 452 47 400 2948 2180 883 721 12156
internal_value=-1.92325e-05 -0.00220655 0.000936458 0.000543175 0.00161362 0.00105464 0.00209572 -0.00166669 0.00338388 0.0020632 -0.00035002 -0.00140565 -0.00328266 0.000391322 0.00072316 -0.00222617 -0.00964025 0.00704981 0.00473546 -0.00594744 -0.00661444 -0.00581521 -0.00443718 -5.21279e-05 0.0166943 -0.00048415 0.00509353 0.0124155 0.00978228 -0.00182762
internal_weight=36856.5 11206.9 25649.6 23972.3 16149.5 14701.7 12206.6 7822.76 9165.5 6738.07 3755.59 10116.9 5376.44 4488.52 4740.51 2325.92 1089.99 2427.43 1807.4 3123.08 3011.25 2854.63 3334.23 4391.94 110.453 4281.48 831.082 365.651 343.362 3450.4
internal_count=210066 85708 124358 115196 78044 72117 60223 37152 45211 34593 19023 69395 34086 19861 35309 17732 16313 10618 7921 20442 19703 18702 17291 19432 447 18985 3881 1701 1604 15104
is_linear=0
shrinkage=0.05


Tree=70
num_leaves=31
num_cat=0
split_feature=40 40 28 13 47 47 37 1 13 9 48 48 20 48 23 13 19 20 11 3 12 5 4 24 15 34 12 40 14 24
split_gain=29.286 43.5955 56.4588 35.4929 27.5966 25.6029 28.4475 22.2214 21.0208 20.5067 18.7926 18.3587 25.7179 18.2658 17.5762 15.9943 15.7618 15.5952 15.309 14.7848 14.7551 14.7514 15.3627 16.4856 17.4504 14.5014 14.7675 14.3052 14.0892 14.0499
threshold=2.5000000000000004 1.0000000180025095e-35 1.5000000000000002 -0.93999999999999961 1.5000000000000002 3.5000000000000004 3.5000000000000004 3.5000000000000004 -2.8991666666666656 5.3750000000000009 2.5000000000000004 -1.4999999999999998 1.3100000000000005 3.5000000000000004 7.0450000000000008 -3.232499999999999 0.015000000000000001 -0.095000000000000182 0.31195000000000006 40.500000000000007 0.35010000000000002 1.0000000180025095e-35 48.500000000000007 -0.043333333333333439 0.038333333333333316 5.1250000000000009 0.44750000000000006 -3.4999999999999996 0.060558333333333304 0.075000000000000636
decision_type=2 2 2 2 2 2 2 2 2 2 2 2 2 2 2 2 2 2 2 2 2 2 2 2 2 2 2 2 2 2
left_child=1 2 -1 8 27 7 11 25 -2 16 14 15 -13 21 18 -7 -9 -15 -10 -20 -16 22 -5 24 -24 -3 -27 -4 -14 -12
right_child=3 5 4 13 -6 6 -8 9 10 -11 29 12 28 17 20 -17 -18 -19 19 -21 -22 -23 23 -25 -26 26 -28 -29 -30 -31
leaf_value=0.0034083168877479205 -0.028270410768643024 0.0015273068130354983 0.021281401643619739 -0.0086448999435200704 -0.0085920386971507657 0.11474944220664059 0.013133535556316434 -0.0048873231644023137 -0.011870067265071258 0.0056354907013519452 -0.015896870851445324 -0.0071433488844726521 0.0030261444140769304 -0.01175934372644568 0.059762140255684729 0.0013275333328736192 0.0036927938612749964 -0.0023649231657221249 0.0065321983781282504 -0.008462519889139394 -0.008138301344643958 0.0026493320590789114 -0.0067235568788040767 0.00071108101710154481 0.042138571740529762 0.0075158458453632769 0.020898606656652292 -0.0017018108205291559 0.028984172290466428 0.021091710093826641
leaf_weight=3048.3101267032325 122.97818589769304 1000.1469754762948 70.100594870746136 648.47994913905859 2729.9838554374874 3.110888183116912 397.52970941364765 1339.677891459316 405.33435694128275 1874.0101951286197 551.96451590768993 1659.4479135535657 290.79478099942207 610.6300293803215 20.049705982208252 3612.0478279590607 891.40229467302561 1597.4532133042812 402.31589637696743 277.97530530020595 13.313802832737563 3564.3668976202607 1132.6168316081166 4922.5273234397173 18.572267986834049 3348.9697473682463 219.65750715136528 1980.1790279857814 63.729946032166481 26.925512950867414
leaf_count=14713 4364 4651 352 3639 15160 30 2519 7926 4446 8665 7782 8686 1247 4781 206 17562 5972 9146 4266 2412 145 19549 6976 26682 95 15693 1026 10818 268 289
internal_value=-1.86563e-05 0.00110503 -0.00190898 -0.00178706 -0.00529975 0.0027101 0.000206779 0.00444942 -0.00830878 0.00177957 -0.00686295 -0.000706109 -0.00453177 -0.000836647 -0.00307943 0.00142513 -0.00145924 -0.00496288 -0.00417797 0.000405173 0.0326663 4.90794e-05 -0.00132967 -0.000548641 -0.00593526 0.00684832 0.00833959 -0.000915998 0.0076924 -0.0141764
internal_weight=36844.6 22529.1 7828.57 14315.5 4780.26 14700.5 6026.66 8673.86 1820.86 4105.09 1697.88 5629.13 2013.97 12494.6 1118.99 3615.16 2231.08 2208.08 1085.63 680.291 33.3635 10286.6 6722.2 6073.72 1151.19 4568.77 3568.63 2050.28 354.525 578.89
internal_count=210066 115288 41043 94778 26330 74245 30312 43933 23910 22563 19546 27793 10201 70868 11475 17592 13898 13927 11124 6678 351 56941 37392 33753 7071 21370 16719 11170 1515 8071
is_linear=0
shrinkage=0.05


Tree=71
num_leaves=31
num_cat=0
split_feature=40 37 28 48 9 7 8 47 48 20 3 41 34 20 22 40 25 47 40 14 27 28 8 10 44 45 40 24 7 24
split_gain=27.1471 24.1426 26.0084 41.5158 25.6473 21.1533 22.6518 20.6095 21.7016 29.2403 19.8866 18.9016 19.2742 19.7235 21.2816 17.5883 16.234 16.0735 15.8111 15.2169 15.83 15.134 14.8998 13.967 13.7112 13.5597 13.1805 13.1294 12.838 12.6312
threshold=4.5000000000000009 1.5000000000000002 1.5000000000000002 1.0000000180025095e-35 5.3750000000000009 3.9750000000000005 0.13360000000000002 4.5000000000000009 1.5000000000000002 0.5800000000000004 38.500000000000007 2.5000000000000004 5.1250000000000009 -0.58999999999999952 0.22999999999999979 1.5000000000000002 4.5000000000000009 4.5000000000000009 1.0000000180025095e-35 -0.074233333333333276 -0.060000000000000046 3.5000000000000004 0.32105000000000006 0.14359999999999998 5.5050000000000008 0.24249999999999997 -3.4999999999999996 0.10333333333333307 4.0750000000000011 -0.018333333333333975
decision_type=2 2 2 2 2 2 2 2 2 2 2 2 2 2 2 2 2 2 2 2 2 2 2 2 2 2 2 2 2 2
left_child=1 7 24 23 15 -2 -7 8 11 10 -10 12 -1 27 -15 18 -8 -17 26 20 -13 -9 -20 -4 -3 28 -5 -14 -22 -30
right_child=5 2 3 4 -6 6 16 21 9 -11 -12 19 13 14 -16 17 -18 -19 22 -21 25 -23 -24 -25 -26 -27 -28 -29 29 -31
leaf_value=-0.00094245249378578698 -0.016193066480602467 -0.00046515681896804669 -0.013108556308266774 0.025767212178162024 0.0023435569806637773 0.087070138241235648 -0.0006364716095800531 0.00069344973826867629 0.0010952211698537233 0.0044438627937335865 -0.0072718536196478781 0.012423484199725962 0.017281612270777964 -0.0022193417842546162 0.012422964730486472 -0.0065847084151173761 -0.0089907586356023413 0.0073655176948289949 0.0071271601938552786 0.0037635473500030161 0.05537395119532354 -0.006438182345413471 -0.0040295008964026267 -0.0050946646341772945 0.0062701051049390277 -0.0082460163930520771 -0.0042052275890631713 0.095353692910695231 -0.016141452033935241 0.0202422387240772
leaf_weight=448.50143852829933 345.47187424637377 1375.8667504601181 686.91445816867054 37.606967553496361 4838.7815250828862 6.9544986188411704 1834.6582797467709 2079.430010240525 1334.8316053338349 2075.9673187956214 1517.4910912569612 141.14202921651304 592.30328586697578 412.75554602593184 622.29001311957836 2553.147407528013 851.32102339714766 224.65391113609076 1015.3552598245442 5652.9837996456772 13.972524864599107 1158.2603792827576 424.32816598191857 2607.6964792869985 1676.1763713769615 709.03372326679528 1487.9356529638171 5.4344931095838538 42.879885911941528 53.764220863580704
leaf_count=2082 7368 6632 4641 204 23514 74 12713 10123 8941 9911 9488 689 3026 1891 2585 18875 6853 1839 6521 28444 101 6601 1991 13600 8081 3734 9045 25 224 250
internal_value=-1.82914e-05 0.000388784 -0.000945058 -0.00186418 -0.000338164 -0.00454529 -0.00305102 0.00172796 0.00258015 -7.05566e-05 -0.00335623 0.00408255 0.00823823 0.01076 0.0065839 -0.00259765 -0.00328436 -0.00545649 8.04956e-05 0.0027748 -0.00304264 -0.00185784 0.00383888 -0.00676553 0.00323384 -0.00570588 -0.00346636 0.0179914 0.010576 0.00409921
internal_weight=36827.9 33789.5 16928.5 13876.4 10581.8 3038.41 2692.93 16861 13623.4 4928.29 2852.32 8695.06 2081.28 1632.78 1035.05 5743.03 2685.98 2777.8 2965.23 6613.78 960.792 3237.69 1439.68 3294.61 3052.04 819.65 1525.54 597.738 110.617 96.6441
internal_count=210066 183058 94943 80230 61989 27008 19640 88115 71391 28340 18429 43051 9609 7527 4476 38475 19566 20714 17761 33442 4998 16724 8512 18241 14713 4309 9249 3051 575 474
is_linear=0
shrinkage=0.05


Tree=72
num_leaves=31
num_cat=0
split_feature=16 8 44 2 7 14 27 34 9 47 8 44 13 44 28 34 14 39 43 9 13 8 34 18 34 16 5 7 4 27
split_gain=26.1114 22.457 33.2381 22.7836 21.5104 21.1871 19.6897 18.5515 17.7207 17.1 16.4606 18.5079 16.4957 15.9631 17.4998 18.1973 15.9272 15.7822 15.0345 14.9711 14.7792 14.5594 18.3165 14.6414 14.3217 26.3504 17.8398 14.2249 13.3933 13.2889
threshold=3.5000000000000004 0.34125 4.3950000000000005 2.5000000000000004 1.6150000000000004 0.030200000000000036 0.034999999999999705 5.6450000000000005 1.9750000000000003 5.5000000000000009 0.52215000000000011 5.8750000000000009 1.5616666666666672 5.3050000000000006 1.5000000000000002 5.3050000000000006 -0.057166666666666678 -3.4999999999999996 0.17500000000000002 6.8050000000000006 2.1566666666666672 0.22930000000000003 5.6950000000000012 2.5000000000000004 6.035000000000001 1.5000000000000002 1.0000000180025095e-35 4.4350000000000014 56.500000000000007 -0.015000000000000123
decision_type=2 2 2 2 2 2 2 2 2 2 2 2 2 2 2 2 2 2 2 2 2 2 2 2 2 2 2 2 2 2
left_child=1 2 16 6 8 13 -3 -4 -2 10 11 19 28 27 -15 -16 -1 -8 -19 24 -12 23 -23 -7 25 26 -5 -6 -13 -29
right_child=4 3 7 9 5 21 17 -9 -10 -11 20 12 -14 14 15 -17 -18 18 -20 -21 -22 22 -24 -25 -26 -27 -28 29 -30 -31
leaf_value=-0.011896226282229538 -0.02244228695562597 -0.0021569981841967289 0.0040640157744892781 -0.0024854280177124765 -0.0024957121185733488 0.013096874247561216 0.043673380186987153 0.012117963489906475 0.025388117051213771 -0.0059915523569308892 -0.0034041762566045957 0.0051965588687785287 0.020165491188814277 0.0063131348075862728 -0.0066760779911902704 -0.00059288961292245344 0.00094864395682663593 -0.010297423149867644 -0.032301064940800372 0.0062549238038406068 0.010630786443945583 -0.0069938282831847332 0.0014526122827399645 0.0025845751667394491 0.0027011736620798795 -0.0083901363760461329 0.0091945576902359785 -0.0020186244297970344 -0.0084471244934346112 -0.011789521299141723
leaf_weight=305.5243608802557 184.62543484941125 1401.999896004796 1675.7317031547427 922.02952554821968 2336.291341740638 402.34475249610841 11.207685008645056 1247.0999707505107 21.633857099339366 798.17018096148968 2140.3525002598763 3422.3270099461079 175.75950133800507 724.46260000765324 1539.3248491417617 6105.5440797712654 1148.6961400806904 274.41945298016071 108.25704570859671 991.31051883846521 205.58955475687981 867.46320698037744 2467.8744790256023 1873.9680535122752 1972.9745119214058 1201.9091566205025 506.51852034032345 514.5142744332552 189.84987177699804 1075.132345251739
leaf_count=1542 6561 6603 8220 3968 17461 2777 50 6072 209 3587 9683 15965 713 3816 10815 40314 5580 1308 510 4318 832 4906 13864 13327 8982 5652 2167 2706 895 6663
internal_value=-1.78505e-05 0.00129273 0.0044271 0.000334862 -0.00137087 -0.00118595 -0.00493198 0.00750044 -0.0174255 0.00108994 0.00157185 0.00250848 0.0052073 -0.00234786 -0.00111394 -0.00181776 -0.00175 -0.0148093 -0.0165221 0.000681231 -0.0021742 0.00135982 -0.00074416 0.00444265 -0.000519017 -0.00293432 0.00165593 -0.00497833 0.00447947 -0.00862702
internal_weight=36812.9 18699.7 4377.05 14322.7 18113.2 17906.9 1795.88 2922.83 206.259 12526.8 11728.6 9382.68 3787.94 12295.3 8369.33 7644.87 1454.22 393.884 382.676 5594.74 2345.94 5611.65 3335.34 2276.31 4603.43 2630.46 1428.55 3925.94 3612.18 1589.65
internal_count=210066 86647 21414 65233 123419 116649 8471 14292 6770 56762 53175 42660 17573 81775 54945 51129 7122 1868 1818 25087 10515 34874 18770 16104 20769 11787 6135 26830 16860 9369
is_linear=0
shrinkage=0.05


Tree=73
num_leaves=31
num_cat=0
split_feature=13 5 27 4 24 40 13 8 13 2 12 8 13 21 34 3 7 24 0 14 44 34 27 28 10 27 3 13 34 35
split_gain=25.0939 23.0592 22.9079 21.155 22.4029 20.5785 17.9395 17.9068 16.0086 15.5229 21.2387 19.2297 14.9975 13.8575 13.2277 13.1994 16.1935 13.1787 12.981 12.9392 12.8869 16.942 16.1804 16.0798 27.0293 12.6368 12.5856 12.6717 14.8742 12.964
threshold=-1.1749999999999994 1.0000000180025095e-35 -0.020000000000000014 49.500000000000007 -0.043333333333334327 2.5000000000000004 -2.8991666666666656 0.25310000000000005 1.4416666666666669 2.5000000000000004 0.56595000000000006 0.39565000000000006 -0.11999999999999876 -1.0000000180025095e-35 6.3250000000000011 33.500000000000007 4.8750000000000009 0.075000000000000636 21.500000000000004 0.18750000000000006 6.0450000000000008 7.2250000000000005 -0.029999999999999801 4.5000000000000009 0.11174999999999996 0.020000000000000021 56.500000000000007 1.0133333333333343 3.5950000000000002 0.22870000000000004
decision_type=2 2 2 2 2 2 2 2 2 2 2 2 2 2 2 2 2 2 2 2 2 2 2 2 2 2 2 2 2 2
left_child=2 3 18 8 14 -4 -7 26 -2 10 -9 15 -13 20 -5 -11 -17 -8 -1 -18 21 -6 -22 -23 -25 -12 27 28 -3 -30
right_child=1 7 5 4 13 6 17 9 -10 11 25 12 -14 -15 -16 16 19 -19 -20 -21 22 23 -24 24 -26 -27 -28 -29 29 -31
leaf_value=4.4371046368320959e-05 -0.0059552922103178647 -0.014443293463647046 -0.0029498194289432466 -0.0060058193461930464 0.00024302892700226575 -0.033232082211204626 -0.011586731455151048 -0.002200309984181885 0.0080430678612940162 -0.00010995511285920308 0.074869665914356343 -0.0074150312230562322 0.0017620284872060796 -0.00038380905305185299 0.00036979393541929773 0.036744059992705552 0.0073941252723875089 0.027464311967100415 0.018917000463297546 0.042310786493060165 0.010716395548773098 0.024142209812681878 0.0020600817620235004 0.12020567258670199 -0.027101843683166527 -0.0045252332125212775 -0.0054754567218579641 0.062317018122127178 -0.002560228083003914 0.0092386837967637202
leaf_weight=849.29696099460125 2417.7500221990049 78.524898618459702 1185.6647110506892 2189.591755002737 3812.2843167036772 97.356179226189852 788.46588689275086 2906.3212565779686 223.08380496501923 536.72969399392605 14.31865179538727 504.1365587413311 3807.92468932271 9789.6563591733575 1294.5291806012392 50.94526281952858 1400.1268178373575 22.213303208351135 102.06295334920287 27.045143112540245 930.27009050548077 136.30490941554308 1286.2521217614412 3.4378829449415198 33.058898918330669 7.7106533572077742 215.87799923866987 10.37195438146591 267.07845124602318 1814.2272456660867
leaf_count=7493 13024 448 10677 12551 17828 3716 11093 15493 915 2720 76 2915 17246 52444 7533 286 7074 276 931 130 4294 628 6268 20 174 41 1287 44 1575 10866
internal_value=-1.73509e-05 0.000374777 -0.00436448 -0.000573319 -3.87784e-06 -0.00728782 -0.0129522 0.00217597 -0.00477278 0.00118027 -0.00182959 0.00257336 0.00068911 0.000787684 -0.00363695 0.00660593 0.00904458 -0.0105167 0.00206905 0.0080558 0.00263696 0.000937117 0.00569312 0.0162498 -0.0132259 0.04708 0.00603812 0.00718342 0.00691866 0.00772462
internal_weight=36802.6 33757.6 3045.06 22116.2 19475.4 2093.7 908.035 11641.3 2640.83 9255.26 2928.35 6326.91 4312.06 15991.3 3484.12 2014.85 1478.12 810.679 951.36 1427.17 6201.61 3985.09 2216.52 172.802 36.4968 22.0293 2386.08 2170.2 2159.83 2081.31
internal_count=210066 175880 34186 115679 101740 25762 15085 60201 13939 45981 15610 30371 20161 81656 20084 10210 7490 11369 8424 7204 29212 18650 10562 822 194 117 14220 12933 12889 12441
is_linear=0
shrinkage=0.05


Tree=74
num_leaves=31
num_cat=0
split_feature=14 2 2 8 34 13 8 44 16 8 45 8 13 24 34 8 27 45 24 34 44 8 4 44 3 44 8 13 13 19
split_gain=24.3015 21.2811 18.2039 16.0509 15.6874 23.8294 25.3567 28.6935 24.6729 15.4697 16.0984 15.0826 16.9993 14.7473 14.2202 17.3335 13.9201 13.9867 13.8088 16.0449 21.7428 15.2978 18.6628 13.6523 15.1425 13.6376 16.0983 17.7839 15.8483 12.958
threshold=-0.044383333333333407 1.5000000000000002 3.5000000000000004 0.48580000000000007 4.6050000000000013 1.0566666666666666 0.35740000000000005 3.9350000000000005 4.5000000000000009 0.19580000000000003 0.36505000000000004 0.45055000000000001 -0.13666666666666646 -0.0033333333333334099 6.9850000000000012 0.28960000000000002 -0.15999999999999967 0.26185000000000008 0.033333333333332778 6.705000000000001 7.4050000000000011 0.29430000000000006 51.500000000000007 4.7350000000000012 21.500000000000004 5.9050000000000011 0.42395000000000005 -0.16499999999999956 0.25999999999999918 1.0000000180025095e-35
decision_type=2 2 2 2 2 2 2 2 2 2 2 2 2 2 2 2 2 2 2 2 2 2 2 2 2 2 2 2 2 2
left_child=2 13 11 -4 -3 6 7 -6 9 -9 18 12 16 -2 15 23 17 -1 19 -11 -21 -20 -23 24 -14 -8 27 -27 -28 -19
right_child=1 4 3 -5 5 -7 25 8 -10 10 -12 -13 14 -15 -16 -17 -18 29 21 20 -22 22 -24 -25 -26 26 28 -29 -30 -31
leaf_value=-0.040903441752462029 -0.012751615903607877 -0.0021105583321481265 0.0054855220038425613 -0.0027910005966795184 -0.0064833334699312675 0.0058880996746464905 -0.0036945303145155144 0.014800004269084361 0.0008315470309934247 -0.00062743083525429151 0.0091699679580483605 -0.011553207580487515 0.078967886918722044 -0.00095908340932602208 0.012296079831271709 -0.0032270709180192477 -0.0055661616153600182 0.07969346780556269 0.017671698482837402 0.0084904835875838167 0.11037107972039313 -0.017609817854058019 0.009066215595028038 0.011571585113365732 -0.0031062224342794298 -0.00213645888264943 -0.0049686099859453017 0.0082792130413777785 0.0019024902841349887 0.011154001937726313
leaf_weight=6.2841571047902098 473.03751511126757 3446.3043263629079 1262.2463741600513 1093.0792606696486 837.07302612811327 2733.4158622324467 3285.6513294652104 422.83277484029531 5581.4541819617152 2121.3315244093537 1460.0234998092055 527.77987141348422 5.7118725925683966 603.16240534000099 212.2680242434144 2333.6858130246401 3392.0727318413556 12.426966063678266 298.97489930689335 456.16578744351864 5.2976886481046668 88.29921381175518 254.65626050531864 415.65260868519545 348.85608502477407 659.47362126410007 1705.3779659643769 1082.5645302981138 1652.2972736656666 15.493809688836334
leaf_count=39 6316 17727 6123 5100 4684 11359 15663 2282 38428 10892 7427 2511 30 7003 1033 11444 26604 75 1437 2391 29 417 1195 2116 1788 3897 9148 5198 7600 110
internal_value=-1.69214e-05 0.000747959 -0.00217574 0.00164448 0.00103217 0.00151046 0.000909504 0.0024314 0.00312952 0.0056407 0.004814 -0.00341337 -0.0027762 -0.00614242 -0.000224269 -0.0010805 -0.00524613 0.026491 0.0028418 0.00121062 0.00966009 0.0094048 0.00219806 0.00542337 -0.00178406 -0.00118241 0.000436096 0.00433621 -0.00158737 0.0416595
internal_weight=36793 27167.4 9625.56 2355.33 26091.2 22644.9 19911.5 11526.1 10689 5107.58 4684.75 7270.23 6742.45 1076.2 3316.17 3103.91 3426.28 34.2049 3224.73 2582.8 461.463 641.93 342.955 770.221 354.568 8385.36 5099.71 1742.04 3357.68 27.9208
internal_count=210066 153093 56973 11223 139774 122047 110688 69182 64498 26070 23788 45750 43239 13319 16411 15378 26828 224 16361 13312 2420 3049 1612 3934 1818 41506 25843 9095 16748 185
is_linear=0
shrinkage=0.05


Tree=75
num_leaves=31
num_cat=0
split_feature=40 37 28 48 9 47 48 20 3 20 39 34 25 34 14 8 44 10 40 40 44 1 24 28 44 38 45 31 14 13
split_gain=23.5361 21.9794 21.9669 37.5229 21.4734 18.4278 32.5119 24.2459 18.2673 18.052 15.7619 14.6638 14.2069 14.2753 12.6556 12.8514 12.9533 12.5758 12.4599 25.1497 13.3118 12.3237 12.2709 12.0406 11.4379 12.5315 18.8591 13.2592 11.756 13.333
threshold=4.5000000000000009 1.5000000000000002 1.5000000000000002 1.0000000180025095e-35 5.3750000000000009 3.5000000000000004 1.5000000000000002 0.5800000000000004 38.500000000000007 -1.6199999999999992 2.5000000000000004 7.5850000000000009 4.5000000000000009 5.245000000000001 -0.04058333333333327 0.2387 6.5450000000000008 0.14359999999999998 1.0000000180025095e-35 1.5000000000000002 7.7550000000000008 2.5000000000000004 0.033333333333332778 2.5000000000000004 5.5050000000000008 1.0000000180025095e-35 0.24484999999999998 2.5000000000000004 0.065533333333333374 2.3658333333333341
decision_type=2 2 2 2 2 2 2 2 2 2 2 2 2 2 2 2 2 2 2 2 2 2 2 2 2 2 2 2 2 2
left_child=1 5 24 17 10 6 11 8 -8 -2 14 -1 13 -11 -5 16 -16 -4 21 20 -20 -6 -7 -13 28 27 -27 -26 29 -3
right_child=9 2 3 4 18 22 7 -9 -10 12 -12 23 -14 -15 15 -17 -18 -19 19 -21 -22 -23 -24 -25 25 26 -28 -29 -30 -31
leaf_value=0.0051428662285822064 -0.015330334793523992 -0.0029655199592835417 -0.01247926109767309 -0.0053365780920043605 0.0041335194319792271 -0.0015003853149598827 0.0012043330797373783 0.0041256257249311845 -0.0068759986531916955 -0.008234770837063447 -0.0071236839340799753 -0.00028443592529191767 -0.0082667019582173713 0.0020354161165717813 0.002693051153367561 -0.0020772822748742173 0.018637619468063672 -0.0048456892355527217 0.010236678457984679 0.00077135868051186895 -0.049423282968787063 -0.0060581290267099084 0.0041336875856539173 0.033267195847811008 0.01490092825992635 -0.04068289549147025 0.00062650125256417119 0.0043584018790751421 0.010463106145145819 0.049574384887882385
leaf_weight=5484.5147663094103 327.41667849570513 1154.0226590596139 680.774887368083 1187.796640034765 481.28722217679024 5252.5399534106255 1320.7727263253182 2003.3222487326711 1486.8532351702452 445.90437378175557 1341.6012263279408 39.23077766597271 845.28553362749517 1402.7918801121414 1249.7881834264845 1803.5544671118259 141.8335530217737 2600.568506218493 1138.0910248830914 2440.5510184541345 9.4274552762508375 773.01821757107973 1184.3462270367891 83.983138423413038 418.28489196300507 32.248759470880032 192.86211198568344 1039.2031215466559 208.93582512065768 12.202714413404463
leaf_count=26470 6945 5608 4641 7851 2267 27643 8856 9542 9352 2914 11170 183 6947 10202 9164 9193 1097 13600 5176 12209 48 3814 5665 404 2025 154 922 4980 975 49
internal_value=-1.64587e-05 0.000361902 -0.000911943 -0.00175885 -0.000308507 0.00163956 0.00293904 -7.64907e-05 -0.00307482 -0.00424432 -0.00238153 0.0055261 -0.00289697 -0.000441747 -0.00092998 0.000708159 0.00431812 -0.00642941 0.00214218 0.00364176 0.00974654 -0.00214751 -0.000463752 0.0225845 0.00292362 0.0056882 -0.00529137 0.007384 -0.000459013 -0.00241577
internal_weight=36783 33761.6 16906.1 13848.3 10566.9 16855.6 10418.7 4810.95 2807.63 3021.4 5724.57 5607.73 2693.98 1848.7 4382.97 3195.18 1391.62 3281.34 4842.37 3588.07 1147.52 1254.31 6436.89 123.214 3057.76 1682.6 225.111 1457.49 1375.16 1166.23
internal_count=210066 183058 94943 80230 61989 88115 54807 27750 18208 27008 38475 27057 20063 13116 27305 19454 10261 18241 23514 17433 5224 6081 33308 587 14713 8081 1076 7005 6632 5657
is_linear=0
shrinkage=0.05


Tree=76
num_leaves=31
num_cat=0
split_feature=40 40 1 13 48 20 47 37 4 26 40 47 25 1 40 47 3 4 7 44 48 20 31 0 8 48 30 7 12 34
split_gain=22.0621 36.0597 44.1915 27.024 22.9526 21.0129 18.8979 25.8602 18.258 16.8789 16.8047 19.6774 16.5505 16.3833 17.6644 16.1635 16.1677 18.2238 17.5842 16.0422 15.9507 22.5132 15.8021 14.6867 18.7073 14.0032 15.5756 13.7326 13.1026 12.9652
threshold=2.5000000000000004 1.0000000180025095e-35 2.5000000000000004 -2.8991666666666656 2.5000000000000004 -0.98999999999999999 3.5000000000000004 3.5000000000000004 48.500000000000007 0.26000000000000029 -3.4999999999999996 2.5000000000000004 4.5000000000000009 3.5000000000000004 1.5000000000000002 1.5000000000000002 20.500000000000004 53.500000000000007 2.6850000000000005 5.705000000000001 -1.4999999999999998 1.3100000000000005 2.5000000000000004 4.5000000000000009 0.37710000000000005 1.0000000180025095e-35 1.0000000180025095e-35 2.1050000000000004 0.36345 5.5850000000000009
decision_type=2 2 2 2 2 2 2 2 2 2 2 2 2 2 2 2 2 2 2 2 2 2 2 2 2 2 2 2 2 2
left_child=1 2 10 -2 8 -6 13 20 -5 12 11 -1 -7 -3 15 -15 17 18 28 -12 27 -22 -21 24 -14 -10 29 -8 -17 -27
right_child=3 6 -4 4 5 9 7 -9 25 -11 19 -13 23 14 -16 16 -18 -19 -20 22 21 -23 -24 -25 -26 26 -28 -29 -30 -31
leaf_value=0.019459449021742074 -0.025963211933545401 0.0059597865320016562 -0.0075511765428836327 -0.0063349748093218944 -0.011421483818700506 -0.00061827700280987557 0.059313831693845291 0.012560064617897292 -0.0037580691181736607 0.086149243116700969 -0.0032056757027624071 0.0019902250411407791 0.019440844574819555 0.0094173308867635738 -0.0013612650175643692 -0.020375412062335951 -0.00078277608151934911 -0.039900246836408811 0.20102024376668315 0.011481809259637314 -0.0066439442240248323 0.0072397933390089464 0.00065257328075416215 -0.0094988509678334433 -0.0090169992797139616 -0.00072651354147312526 -0.0082664600089396006 0.0012089490746131834 0.15480172262725078 0.0040586177267510478
leaf_weight=239.93085251003504 112.51442055404186 4588.7280214205384 2332.6214487068355 964.59065410681069 808.8629786092788 2934.7352917771786 10.197530336678026 399.11640467867255 1321.3167470563203 5.3454941287636748 2474.4826819673181 491.23682140558958 108.33757581189275 1026.7396617401391 2253.2822066880763 2.9358260035514814 813.82132517173886 3.1329960078001022 2.8656141385436058 411.34680432453752 1650.471884008497 354.74672894179821 1860.5198287554085 1170.6358587816358 123.67389447242022 2134.0799288842827 358.39898545667529 3603.6197332702577 1.6772840172052381 4204.4769775904715
leaf_count=1144 4364 21370 13373 6029 9404 17602 117 2519 7827 37 12595 2360 846 5549 12475 54 4381 49 21 1979 8686 1515 9592 8049 710 12509 2656 17475 34 24745
internal_value=-1.60329e-05 0.0009581 -0.00178777 -0.00155593 -0.00136164 -0.00402227 0.00241586 0.000262045 0.000164199 -0.00264411 0.000666604 0.00772271 -0.00275354 0.00390691 0.00161182 0.00523072 1.67716e-05 0.0613347 0.103744 -0.000420377 -0.000611476 -0.00418775 0.00261333 -0.00722112 0.00427137 0.000946044 0.00187417 0.00137291 0.0433174 0.00244755
internal_weight=36768.4 22521.5 7810.14 14247 14134.5 5151.59 14711.3 6018.15 8982.86 4342.73 5477.52 731.168 4337.38 8693.18 4104.45 1851.17 824.433 10.6117 7.47872 4746.35 5619.04 2005.22 2271.87 1402.65 232.011 8018.27 6696.96 3613.82 4.61311 6338.56
internal_count=210066 115288 41043 94778 90414 36648 74245 30312 53766 27244 27670 3504 27207 43933 22563 10088 4539 158 109 24166 27793 10201 11571 9605 1556 47737 39910 17592 88 37254
is_linear=0
shrinkage=0.05


Tree=77
num_leaves=31
num_cat=0
split_feature=5 9 40 27 7 8 7 17 34 8 13 8 44 13 44 23 36 8 34 13 0 9 47 34 13 14 11 23 25 31
split_gain=21.4732 26.0096 23.014 18.3385 17.2351 16.5261 16.4169 15.3997 15.1838 14.4535 17.5815 22.7198 15.7224 14.0828 17.6428 16.3029 14.0166 13.6935 15.6268 14.548 13.4509 13.3879 13.3877 12.6207 12.5217 13.1869 13.2729 12.728 12.4441 12.3239
threshold=1.0000000180025095e-35 4.7550000000000008 2.5000000000000004 0.069999999999999854 1.4350000000000003 0.33025000000000004 5.8050000000000006 5.5000000000000009 3.5950000000000002 0.44690000000000002 0.19500000000000053 0.22615000000000005 7.7550000000000008 1.9291666666666669 4.8350000000000009 6.6850000000000014 6.5550000000000006 0.52510000000000012 5.3050000000000006 -0.57333333333333336 23.500000000000004 4.8150000000000004 3.5000000000000004 5.4050000000000011 -0.093333333333333476 0.036000000000000067 0.55590000000000017 6.5450000000000008 3.5000000000000004 1.5000000000000002
decision_type=2 2 2 2 2 2 2 2 2 2 2 2 2 2 2 2 2 2 2 2 2 2 2 2 2 2 2 2 2 2
left_child=1 2 9 5 -4 6 20 8 -2 10 11 12 -1 17 15 -15 -12 18 -7 21 24 -20 -8 -6 25 27 -27 -3 -22 -30
right_child=7 3 4 -5 23 13 22 -9 -10 -11 16 -13 -14 14 -16 -17 -18 -19 19 -21 28 -23 -24 -25 -26 26 -28 -29 29 -31
leaf_value=0.00098810254470723291 -0.010275698931071811 0.075321174439504202 -0.030308947296659512 -0.0044180811093129414 -0.010105222856992203 -0.0036910443998004194 0.069314337857085573 -0.0024078288619754679 0.0026494690745560464 -0.013087265250657133 0.071238676454930094 -0.0060109509090832966 0.070539595930519713 0.035026952055532211 0.018343206601371214 -0.0078605935479349239 0.004643295107944409 -0.005332046892465735 0.072656993029518072 0.0020422470635635603 0.03236248103696604 -0.011855577002074985 -0.0056229186284940556 -0.0035277156682828035 0.0068377516253417137 0.0084550594767259894 -0.025787605077641093 -0.0023664561052449276 0.018862512545259572 -0.026932707750062984
leaf_weight=2447.3248274233192 232.18271753378212 5.2920475453138343 73.376796877011657 1754.6036395281553 1114.7922237999737 1868.6363551691175 17.181474141776565 1993.2859983947128 10631.183361519128 241.04295676201582 7.9597623944282523 1949.1420742347836 8.1524840109050256 25.527922123670578 227.37351544201374 167.88833130896091 1073.9868877977133 1243.9309983327985 4.7769435048103324 5841.7316001430154 76.880892008543015 246.35537806898355 9.1256834045052511 2108.9455239940435 1309.6444089487195 571.84054030478001 29.77236158773303 1410.4374542608857 41.161315862089396 22.844310142099857
leaf_count=16689 1270 31 3205 9103 8648 8543 87 11815 60097 1076 35 10644 54 103 920 681 4809 5770 31 28363 424 1596 48 16839 6284 3365 173 8973 257 133
internal_value=-1.5754e-05 -0.000902132 -0.00301977 0.000382646 -0.00634766 0.00102465 0.00397 0.00163197 0.00237322 -0.00110406 -0.000577599 -0.0019804 0.00121902 -4.44664e-05 0.00890046 -0.00220011 0.00513323 -0.000453348 0.000308916 0.00153567 0.00367149 -0.010248 0.0433194 -0.00580227 0.00303069 0.000559178 0.00676047 -0.00207606 0.0188038 0.0025177
internal_weight=36756.4 23899.7 9024.72 14875 3297.11 13120.4 3494.18 12856.7 10863.4 5727.61 5486.57 4404.62 2455.48 9626.22 420.79 193.416 1081.95 9205.43 7961.5 6092.86 3467.87 251.132 26.3072 3223.74 3326.99 2017.34 601.613 1415.73 140.887 64.0056
internal_count=210066 136884 61999 74885 28692 65782 19775 73182 61367 33307 32231 27387 16743 46007 1704 784 4844 44303 38533 29990 19640 1627 135 25487 18826 12542 3538 9004 814 390
is_linear=0
shrinkage=0.05


Tree=78
num_leaves=31
num_cat=0
split_feature=14 2 2 8 13 34 13 8 2 34 9 11 9 24 11 35 8 42 13 44 10 40 7 36 24 27 8 34 20 24
split_gain=20.5091 17.7009 15.6926 13.625 20.921 16.4454 15.6238 14.0863 24.5082 17.3513 15.6398 14.3617 15.2687 13.3418 13.2593 13.0327 12.9944 12.9128 12.7596 15.6575 11.8483 11.5989 13.3709 11.5254 11.4533 11.445 12.8792 12.7587 14.3361 11.2046
threshold=-0.044383333333333407 1.5000000000000002 2.5000000000000004 0.21290000000000001 0.48666666666666664 4.5750000000000011 -0.32000000000000001 0.35740000000000005 2.5000000000000004 5.6550000000000011 5.8850000000000007 0.25645000000000007 3.4450000000000007 -0.0033333333333334099 0.43105000000000004 0.24395000000000003 0.59175000000000011 2.5000000000000004 -0.35666666666666708 4.3550000000000013 0.55270000000000008 -3.4999999999999996 5.7650000000000006 7.0750000000000011 -0.0033333333333316335 -0.05000000000000026 0.48805000000000004 7.2250000000000005 0.5800000000000004 -0.058333333333333119
decision_type=2 2 2 2 2 2 2 2 2 2 2 2 2 2 2 2 2 2 2 2 2 2 2 2 2 2 2 2 2 2
left_child=2 13 -1 6 7 -6 29 8 9 11 24 -5 -13 -2 -12 -8 17 21 -11 -20 -14 22 -7 -21 -9 -4 27 -27 -29 -3
right_child=1 3 25 4 5 16 15 10 -10 18 14 12 20 -15 -16 -17 -18 -19 19 23 -22 -23 -24 -25 -26 26 -28 28 -30 -31
leaf_value=-0.0040281591305897906 -0.011975987234991176 -0.0061457670855990095 0.0055892551436412209 0.01065232659961609 -0.0022238662587069076 0.054966881446017649 -0.0043244478266992519 -0.0094766352156823719 0.0062206039266331642 -0.0012842263692458857 -0.0019575450513532231 -0.013841851324475503 -0.0035704910530145852 -0.00069869034986918415 0.0065106787245302186 0.012640858522945664 -0.0066433716187677032 0.0063109585231159769 -0.0047212596301426032 0.0062343783099637036 0.034193650404256697 0.0013809663443551058 0.0077342489756720787 0.046535567707015862 -0.0024649603280668666 -0.00029131365162212087 -0.0057847524539710697 0.0050716152722310778 0.035009222098905328 0.0030523435892778131
leaf_weight=4788.4695759154856 465.96333677880466 370.85447830334306 772.94038727134466 156.74361703917384 1546.9852697104216 21.248150154948235 136.10797062516212 1120.4082042165101 1542.9663104265928 2219.661473300308 2531.6819539219141 403.26382292062044 1968.1928265765309 599.94361933879554 565.50047642737627 672.60981572419405 301.8567401021719 3072.617648139596 375.93620309978724 1423.125422231853 20.991577841341496 3265.4281899333 50.82145944237709 17.964245200157166 1212.892077177763 2756.7961084321141 1059.9978310614824 167.43305280059576 52.535902470350266 3087.3117765411735
leaf_count=33251 6316 3067 3475 894 6729 89 690 6234 8369 14293 13276 2374 11133 7003 2861 3427 1287 13288 1933 7190 117 14156 211 88 6108 13997 5022 964 264 21960
internal_value=-1.53168e-05 0.000686978 -0.00200195 0.000945048 0.000439705 0.00242355 0.00352907 -0.000768649 0.000548559 -0.000780311 -0.00274037 -0.00400985 -0.00497045 -0.00562858 -0.000411371 0.00978558 0.00349469 0.0039721 0.00125916 0.00436614 -0.00317197 0.00181886 0.0216598 0.00673676 -0.00583184 1.53109e-05 -0.00105196 0.00063334 0.0122217 0.00206594
internal_weight=36749.2 27151.1 9598.17 26085.2 21818.3 8258.96 4266.88 13559.3 8128.85 6585.88 5430.48 2549.19 2392.45 1065.91 3097.18 808.718 6711.97 6410.12 4036.69 1817.03 1989.18 3337.5 72.0696 1441.09 2333.3 4809.7 4036.76 2976.77 219.969 3458.17
internal_count=210066 153093 56973 139774 110630 35760 29144 74870 46391 38022 28479 14518 13624 13319 16137 4117 29031 27744 23504 9211 11250 14456 300 7278 12342 23722 20247 15225 1228 25027
is_linear=0
shrinkage=0.05


Tree=79
num_leaves=31
num_cat=0
split_feature=4 24 13 28 13 8 34 7 4 4 17 9 19 21 27 26 8 13 34 20 44 48 39 4 5 8 34 13 41 11
split_gain=20.0649 22.2375 18.8355 17.9364 19.656 16.3158 15.7269 14.6997 13.6096 13.1057 12.9258 13.9506 27.903 13.0311 15.106 12.8236 12.7364 17.5912 17.5558 13.7036 13.7692 16.0172 16.5308 13.403 17.6998 13.2935 16.1001 14.4048 13.2732 12.6879
threshold=49.500000000000007 0.019999999999999133 -1.4850000000000003 3.5000000000000004 0.65999999999999981 0.53115000000000012 5.5250000000000012 3.5650000000000004 54.500000000000007 54.500000000000007 1.5000000000000002 3.5050000000000003 -0.025000000000000005 -1.0000000180025095e-35 0.064999999999999961 -0.034999999999999691 0.50160000000000016 -0.02499999999999902 6.3250000000000011 -2.6749999999999994 5.035000000000001 -1.4999999999999998 -3.4999999999999996 55.500000000000007 1.5000000000000002 0.35740000000000005 7.4050000000000011 -0.90999999999999981 2.5000000000000004 0.21925000000000003
decision_type=2 2 2 2 2 2 2 2 2 2 2 2 2 2 2 2 2 2 2 2 2 2 2 2 2 2 2 2 2 2
left_child=3 2 8 -1 -5 -6 -4 -8 10 -3 11 13 -13 14 -2 -14 17 19 23 -9 21 -21 -23 24 -19 27 -27 -22 -25 -26
right_child=1 9 6 4 5 -7 7 16 -10 -11 -12 12 15 -15 -16 -17 -18 18 -20 20 25 22 -24 28 29 26 -28 -29 -30 -31
leaf_value=0.00039321662995926303 0.022749074793969003 0.0034853760113332994 -0.0020161186758290597 -0.0084929013442418492 0.0037586228605042526 -0.019536445872642434 0.013922868892551551 0.013326722520564572 -0.015272102703728051 -0.0010350486756023224 -0.0063478619846143967 0.18776067659875992 0.11161621627473364 -0.0086579782471168255 0.17801766464332494 0.014607519343961728 -0.0032215881453501239 0.0014061109454224709 0.0059596999276509957 -0.015561036280080324 -0.003144029948210387 0.047656539126618845 -0.0032487220135529629 -0.016572566221602698 -0.043931949701389146 -0.0055982863771530077 0.0090728277869512822 0.0040452877090930359 -3.0557464242102774e-05 0.041283771592871894
leaf_weight=2106.1439184099436 8.2492461558431369 7276.3074728995562 7229.0812817700207 1897.526113813743 658.42436879873276 84.852708995342255 211.53854338079691 173.61466977372766 343.43962348625064 2056.5915099475533 481.30367075093091 2.8316728956997386 3.8062518872320643 64.066240357235074 1.9336523953825224 32.448877092450857 1853.22693028301 2322.0429537370801 2925.9720169752836 296.80238756537437 964.83824250847101 16.175690054893494 1133.6116492971778 209.76134363561869 4.8746557980775824 1325.9332090690732 217.70316797494888 2507.4586101472378 287.43679905682802 42.033671289682388
leaf_count=10628 139 37855 39114 14866 2910 371 1602 1133 4537 10780 7310 24 33 1064 38 275 8869 11005 13842 1687 7503 89 7508 1005 24 7852 1303 15121 1385 194
internal_value=-1.48671e-05 0.000435221 -0.000410761 -0.00304833 -0.00579311 0.00109925 -0.000111193 0.000838978 -0.00734754 0.00248926 -0.00277064 0.0124207 0.0365984 -0.000307035 0.0522334 0.024792 0.000645179 0.00122177 0.00323527 -0.000535644 -0.000908055 -0.00520567 -0.00253257 0.000453967 0.00202039 0.000331372 -0.00352918 0.00204761 -0.00700941 0.0324283
internal_weight=36740 31993.1 22660.2 4746.95 2640.8 743.277 21722.1 14493 938.079 9332.9 594.64 113.336 39.0868 74.2491 10.1829 36.2551 14281.5 12428.3 5792.12 6636.14 6462.52 1446.59 1149.79 2866.15 2368.95 5015.93 1543.64 3472.3 497.198 46.9083
internal_count=210066 181291 132656 28775 18147 3281 119236 80122 13420 48635 8883 1573 332 1241 177 308 78520 69651 27455 42196 41063 9284 7597 13613 11223 31779 9155 22624 2390 218
is_linear=0
shrinkage=0.05


Tree=80
num_leaves=31
num_cat=0
split_feature=13 4 40 0 40 28 24 3 8 34 44 21 14 8 12 14 20 44 15 20 21 34 34 13 30 46 22 46 3 13
split_gain=19.2481 24.8004 18.3454 22.6798 19.7764 27.8581 19.103 16.0987 19.3052 15.2445 14.9485 14.914 14.1466 13.7816 15.2106 13.758 13.6023 13.4059 17.8838 13.3055 12.957 18.4296 12.9773 12.8713 13.645 12.8246 16.3056 13.8345 14.8968 13.1579
threshold=0.99333333333333373 50.500000000000007 3.5000000000000004 3.5000000000000004 1.0000000180025095e-35 1.5000000000000002 -0.033333333333333652 51.500000000000007 0.39735000000000004 6.745000000000001 6.7150000000000007 -0.014999999999999998 -0.072966666666666624 0.44180000000000003 0.36995000000000006 0.069658333333333364 -2.2049999999999987 4.6750000000000007 -0.01666666666666668 1.8700000000000006 -0.014999999999999998 6.4750000000000005 6.6150000000000011 -0.68916666666666637 -1.0000000180025095e-35 7.0550000000000006 -0.10499999999999997 7.1750000000000007 43.500000000000007 2.1566666666666672
decision_type=2 2 2 2 2 2 2 2 2 2 2 2 2 2 2 2 2 2 2 2 2 2 2 2 2 2 2 2 2 2
left_child=1 12 4 15 5 -3 -5 8 17 25 -9 -12 -1 14 19 -4 -16 -6 -19 20 21 -14 -23 -7 -25 29 -27 -28 -29 -2
right_child=9 2 3 6 7 23 -8 10 -10 -11 11 -13 13 -15 16 -17 -18 18 -20 -21 -22 22 -24 24 -26 26 27 28 -30 -31
leaf_value=-0.010225214899625867 0.0015841144507442483 0.0026834725087660168 0.003397969149551875 -0.0090456294314882162 0.00018732898992056331 -0.010251051037536478 -0.0017922065063100028 -0.0034135069138690808 -0.00046262738709281935 0.011295260221474542 0.029374162331148247 0.0028168699861032126 -0.0021812234902113701 -0.0098485753392013684 -0.012653558986292482 0.024039501026617425 0.0055193444913291178 0.00056079569381970286 0.0064380253254408583 0.012905272034647614 -0.0060633308593883474 0.049727629856336303 0.0107898914833865 -0.016568233770929634 -0.0019400876359300747 0.084595843554062355 -0.025106831920258615 -0.010446827806488198 0.076704057787721158 0.011616658456993369
leaf_weight=713.21096946299076 4680.7449893504381 2162.6637402661145 519.90849789977074 1205.0815607067198 1973.4518396761268 773.13012243062258 3678.7366537190974 2190.8876913748682 3824.116942923516 470.16152590513229 64.565473832190037 291.71201048791409 431.05886545591056 574.33694147132337 115.54371867328882 95.563901135697961 946.06605721637607 1761.0500064007938 4884.2744846511632 118.10067325085402 2067.4808640684932 28.251121813431382 88.217854123562574 170.63178052008152 2425.4800298139453 4.0673174113035193 99.612486004829407 14.675830289721491 7.3635340183973303 351.34748557209969
leaf_count=4823 19772 10605 4085 10514 11108 5839 28003 11845 17621 1968 326 1604 2418 2867 1370 742 5539 11051 26924 619 14295 153 511 910 12603 17 419 61 31 1423
internal_value=-1.45598e-05 -0.000501433 0.00012253 -0.0024421 0.000809777 -0.00174527 -0.00358199 0.00175269 0.00249405 0.00267619 -0.00186888 0.00762965 -0.00369613 -0.00263031 -0.00153782 0.00660296 0.00354144 0.00380592 0.00488052 -0.00351073 -0.00425212 0.00258706 0.0202348 -0.00458801 -0.00290154 0.00189052 -0.0138832 -0.0171757 0.018671 0.0022846
internal_weight=36731.5 31103.5 26021.3 5499.29 20522 5531.91 4883.82 14990.1 12442.9 5627.97 2547.17 356.277 5082.27 4369.06 3794.72 615.472 1061.61 8618.78 6645.32 2733.11 2615.01 547.528 116.469 3369.24 2596.11 5157.81 125.719 121.652 22.0394 5032.09
internal_count=210066 186375 153780 43344 110436 29957 38517 80479 66704 23691 13775 1930 32595 27772 24905 4827 6909 49083 37975 17996 17377 3082 664 19352 13513 21723 528 511 92 21195
is_linear=0
shrinkage=0.05


Tree=81
num_leaves=31
num_cat=0
split_feature=5 25 4 13 32 13 4 28 6 8 44 14 45 7 44 14 10 22 8 48 11 13 14 13 48 12 13 45 34 26
split_gain=19.1637 22.075 18.9386 16.0847 15.552 13.4605 13.0943 18.2816 13.8074 12.7612 15.1799 13.3068 21.338 15.1041 12.6495 13.1595 12.3498 12.1955 18.5442 16.5504 14.9627 14.1598 13.9777 13.0212 12.2839 19.3228 14.267 12.6451 12.2047 13.4961
threshold=1.0000000180025095e-35 5.5000000000000009 48.500000000000007 -1.586666666666666 2.5000000000000004 0.34666666666666696 54.500000000000007 5.5000000000000009 0.115 0.47795000000000004 6.2250000000000005 0.09335000000000003 0.28245000000000003 5.6350000000000007 6.2250000000000005 -0.2763166666666666 0.22749999999999998 -2.6049999999999991 0.25310000000000005 1.0000000180025095e-35 0.46685000000000004 0.43999999999999978 -0.071799999999999989 -0.65333333333333299 1.5000000000000002 0.42825000000000008 0.95333333333333348 0.1847 3.5950000000000002 1.0000000180025095e-35
decision_type=2 2 2 2 2 2 2 2 2 2 2 2 2 2 2 2 2 2 2 2 2 2 2 2 2 2 2 2 2 2
left_child=1 2 16 -3 -4 -6 8 14 -2 10 -7 13 -13 -12 15 -8 -1 -10 20 23 22 -22 -19 -20 -21 26 -26 -28 29 -24
right_child=6 3 4 -5 5 9 7 -9 17 -11 11 12 -14 -15 -16 -17 -18 18 19 24 21 -23 28 -25 25 -27 27 -29 -30 -31
leaf_value=-0.0091781453427731106 -0.029486925142142618 -0.022014635297824599 -0.001877753744473093 -0.0037555958984069682 0.00014107369450246931 0.0040119398455206526 0.066995375865460755 -0.01100022637213436 -0.0072266515491211901 0.0001318485026253889 0.032146482418418144 -0.0025036283853603208 0.065853606014854363 0.0067827407060547188 0.0059736515781428322 -0.0024206981140917441 -0.0013852017362030707 -0.0018203274356244081 -0.015179672809966908 0.0069547761531244786 -0.011864268836252315 0.072432443065148996 -0.034211170257420494 -0.00067717841276214007 -0.0017004112639277084 0.01400032876985792 0.029813675897965092 0.0044935369410189869 0.01019490467140763 0.015301125970931619
leaf_weight=887.22704977542162 33.886639207601547 124.73039942979813 5532.5598293431103 3654.736954241991 8293.2397169470787 2109.168359592557 6.8560007363557807 428.73484893329442 313.32533440180123 1611.1636258065701 70.861790612339973 18.807627573609352 29.049220725893974 341.88217391073704 679.87478506192565 1641.3533861003816 1190.6321735903621 322.81681528687477 165.00556822866201 1577.4388685971498 139.3259369712323 5.166405886411666 32.763466505333781 2496.881223320961 2173.4092336557806 284.88492558896542 53.011055052280426 706.14037327468395 1771.4260244909674 23.733125384896994
leaf_count=6717 162 2261 30597 21846 51074 9321 37 3709 3240 7027 312 80 124 1505 3768 8895 6020 2533 958 7578 933 22 205 11347 12338 1515 224 3009 12544 165
internal_value=-1.41925e-05 -0.000852569 -0.000192891 -0.00435818 0.000328667 0.00130726 0.00154205 -0.00151216 0.00237576 0.0036205 0.00580777 0.0140312 0.0389894 0.0111373 0.000235144 -0.00213195 -0.00471272 0.00248303 0.002795 0.00158534 0.00672497 -0.00885019 0.00777135 -0.00157616 0.00334045 0.00156842 0.00036072 0.00626163 0.00946527 -0.013412
internal_weight=36720.1 23864.1 20084.6 3779.47 18006.7 12474.2 12856 2756.82 10099.2 4180.93 2569.77 460.601 47.8568 412.744 2328.08 1648.21 2077.86 10065.3 9752 7456.77 2295.23 144.492 2150.74 2661.89 4794.88 3217.45 2932.56 759.151 1827.92 56.4966
internal_count=210066 136884 112777 24107 100040 69443 73182 16409 56773 18369 11342 2021 204 1817 12700 8932 12737 56611 53371 36969 16402 955 15447 12305 24664 17086 15571 3233 12914 370
is_linear=0
shrinkage=0.05


Tree=82
num_leaves=31
num_cat=0
split_feature=17 5 2 24 9 13 40 8 23 9 10 8 34 7 40 4 12 34 8 44 22 44 27 19 6 20 44 11 8 20
split_gain=18.1555 18.7594 24.5431 18.1403 16.7659 13.5692 14.4316 14.4475 19.3318 13.9262 15.5805 15.3134 14.2219 13.7578 13.6991 14.1125 13.3477 13.1363 12.7846 12.6183 13.6425 12.2615 12.1251 17.1247 11.6673 14.8668 11.5399 11.5073 11.2275 13.0462
threshold=5.5000000000000009 1.0000000180025095e-35 1.5000000000000002 -0.046666666666665517 7.4450000000000012 1.6125 -3.4999999999999996 0.13360000000000002 7.0850000000000009 4.7750000000000012 0.27800000000000008 0.52510000000000012 5.6450000000000005 4.1350000000000007 4.5000000000000009 57.500000000000007 0.26055000000000006 3.5950000000000002 0.46255000000000002 5.1650000000000009 4.8450000000000015 7.7550000000000008 0.069999999999999854 -0.055 0.18500000000000003 -1.0000000180025095e-35 6.2750000000000012 0.45475000000000004 0.30570000000000003 0.42999999999999988
decision_type=2 2 2 2 2 2 2 2 2 2 2 2 2 2 2 2 2 2 2 2 2 2 2 2 2 2 2 2 2 2
left_child=1 2 27 -4 -2 6 -5 8 13 10 12 19 14 -8 15 21 -16 -3 -6 20 -11 -9 28 -24 25 -15 -7 -1 29 -21
right_child=4 17 3 5 18 26 7 9 -10 11 -12 -13 -14 24 16 -17 -18 -19 -20 22 -22 -23 23 -25 -26 -27 -28 -29 -30 -31
leaf_value=-0.011424781928465806 -0.0032079142444346575 -0.0096658800854560953 -0.0036676101995285282 0.010303243101426437 0.023044359701581814 0.0048100526951102137 0.0060575468729123332 -0.0048656518530297002 0.11993405651384115 -0.0012505250028016595 -0.010419563585582473 -0.0056084333056351451 0.00088714928587635053 0.17743373533602425 0.013495336006812029 0.014790167182833656 -0.028636584481395905 0.0023944268062053072 0.0011682316491133553 0.0055217233970419064 -0.071363763703654465 0.070826882752330234 0.082181327577969754 -0.0078736248863421864 0.0028808965037289309 0.032079788328917648 0.024169972186745908 0.010828557725826473 0.0021786132221837465 0.020679605559724326
leaf_weight=661.51588863506913 5477.8423716537654 230.67876432836056 3011.0818805359304 347.42418695241213 105.31771902740002 720.65509574115276 510.14650647342205 1746.6839381717145 3.8385714292526236 2565.3846875168383 537.65531441196799 834.16880263388157 2750.886946041137 3.3712218254804611 23.111669670790434 98.784470304846764 100.73176318407059 10644.012161873281 182.54466570168734 970.84099800884724 6.9568138867616645 5.3667213544249526 5.3639893829822531 333.02416856586933 5.2036047950387001 3.6788045316934568 86.176453769207001 63.685574667528272 4510.4496327005327 166.26434455811977
leaf_count=9168 32888 1270 18171 1628 523 2925 3973 9540 30 12448 3067 3906 16191 28 200 581 895 60097 869 5615 29 29 25 1718 34 25 349 831 22122 891
internal_value=-1.3815e-05 0.000466118 -0.000439985 -0.000101488 -0.00258983 0.000555819 0.000227356 -3.22164e-06 0.00813659 -0.000295496 -0.00235445 0.000858275 -0.00143684 0.0073151 -0.00467434 -0.00359708 -0.0207739 0.0021386 0.00917186 0.00148858 -0.00144014 -0.0046338 0.00274714 -0.00644611 0.0596701 0.101586 0.00687786 -0.00947054 0.00329798 0.00773807
internal_weight=36712.8 30947.1 20072.5 19347.3 5765.7 16336.2 15529.3 15181.9 526.239 14655.7 5263.22 9392.45 4725.57 522.4 1974.68 1850.84 123.843 10874.7 287.862 8558.28 2572.34 1752.05 5985.94 338.388 12.2536 7.05003 806.832 725.201 5647.55 1137.11
internal_count=210066 175786 114419 104420 34280 86249 82975 81347 4090 77257 30503 46754 27436 4060 11245 10150 1095 61367 1392 42848 12477 9569 30371 1743 87 53 3274 9999 28628 6506
is_linear=0
shrinkage=0.05


Tree=83
num_leaves=31
num_cat=0
split_feature=40 40 1 13 48 20 47 37 3 44 8 22 3 48 30 48 20 8 22 39 31 4 14 23 34 34 47 46 11 44
split_gain=17.796 31.2251 37.3567 22.2154 20.9202 17.8663 16.7606 23.6364 16.1151 14.9144 18.0132 15.3225 14.8614 14.6182 16.5487 14.3812 19.6327 13.3464 14.8207 12.6432 15.9803 12.5229 12.3504 12.4007 11.5611 11.2001 16.6475 12.3616 10.8752 10.8725
threshold=2.5000000000000004 1.0000000180025095e-35 2.5000000000000004 -2.8991666666666656 3.5000000000000004 -0.095000000000000182 3.5000000000000004 3.5000000000000004 27.500000000000004 6.5450000000000008 0.41450000000000004 0.09999999999999977 47.500000000000007 1.0000000180025095e-35 1.0000000180025095e-35 -1.4999999999999998 1.3100000000000005 0.18830000000000005 -0.14499999999999999 -3.4999999999999996 2.5000000000000004 49.500000000000007 0.060558333333333304 6.8050000000000006 3.3550000000000004 6.4750000000000005 2.5000000000000004 6.5850000000000009 0.28865000000000002 5.5450000000000008
decision_type=2 2 2 2 2 2 2 2 2 2 2 2 2 2 2 2 2 2 2 2 2 2 2 2 2 2 2 2 2 2
left_child=1 2 8 -2 12 -6 9 15 -1 11 -11 -3 13 -5 21 17 -17 -8 -19 -10 29 -15 23 -18 -20 -22 27 -27 -14 -21
right_child=3 6 -4 4 5 -7 7 -9 19 10 -12 -13 28 14 -16 16 22 18 24 20 25 -23 -24 -25 -26 26 -28 -29 -30 -31
leaf_value=-0.0059621726890835662 -0.024229995152406671 0.00039633179351804921 -0.0070209409948273974 -0.0047354918942681583 -0.011335050607110939 -0.0023447420504072222 0.0089738041620445186 0.011915252560444832 0.0075791263672978894 0.012800358003462043 0.0024027480025022754 0.0050716242598449974 -0.0091043247577280769 -0.0030262805074917809 -0.0086306562753197622 -0.0063547253958061364 0.012715838575886238 -0.0048032731886890508 -0.033024542526434518 0.00019630485878668839 -0.0027584838775823674 0.0027062709278533265 0.02648765235814704 -0.0079201240321929295 0.0028728051394551631 0.089883697279310726 -0.0019064746369998435 0.010910056749022536 -0.0017286755592273906 0.012936610628240745
leaf_weight=808.82482749223709 105.75998509489 3701.1876560002565 2316.5413289181888 1127.5982277542353 840.43009554967284 1613.6832596808672 482.36525808274746 400.94836163893342 760.87850406765938 877.72746926732361 792.77948918379843 3328.480058170855 688.14014704898 1116.7266003806144 395.14940258674324 1644.858052816242 143.34100429713726 1050.2276477143168 22.676253333687782 293.05484571307898 2333.4886235073209 6485.2912039868534 64.033671662211418 147.93574750423431 2059.6088274866343 5.0237718150019637 521.41800486668944 362.32191351801157 1825.8512371368706 390.73599757999182
leaf_count=4462 4364 20983 13373 6718 8518 9446 2973 2519 3606 4768 3586 14596 4545 7327 3153 8686 604 5367 99 1405 11781 39247 268 643 9153 27 2680 1871 11460 1838
internal_value=-1.34799e-05 0.000860912 -0.00169834 -0.00139961 -0.00122828 -0.00542354 0.00221605 0.000186838 0.000553407 0.00361921 0.00786592 0.00261004 -0.000343684 0.00059413 0.00134561 -0.000650642 -0.0040524 0.00123161 3.94098e-05 0.00168262 0.000534012 0.00186417 0.00660587 0.0022351 0.00248188 -0.000939235 0.00383728 0.0119901 -0.00374757 0.00747645
internal_weight=36707.1 22508.5 7792.29 14198.6 14092.9 2454.11 14716.2 6015.99 5475.75 8700.17 1670.51 7029.67 11638.8 9124.77 7997.17 5615.05 2000.17 3614.88 3132.51 4666.92 3906.04 7602.02 355.31 291.277 2082.29 3222.25 888.764 367.346 2513.99 683.791
internal_count=210066 115288 41043 94778 90414 17964 74245 30312 27670 43933 8354 35579 72450 56445 49727 27793 10201 17592 14619 23208 19602 46574 1515 1247 9252 16359 4578 1898 16005 3243
is_linear=0
shrinkage=0.05


Tree=84
num_leaves=31
num_cat=0
split_feature=14 40 44 15 13 8 13 8 34 27 24 28 9 20 32 26 8 9 13 34 34 7 24 26 35 23 13 44 27 35
split_gain=17.2139 21.9375 20.3757 17.8778 14.7285 19.6211 26.2176 20.774 14.923 14.6359 13.6969 13.5543 14.0037 12.9344 12.2032 14.7821 11.9771 20.2499 16.2628 15.3191 13.2207 12.8923 12.6637 12.5514 15.2113 11.8186 11.4425 14.4328 11.6076 11.5915
threshold=0.023841666666666653 4.5000000000000009 4.7150000000000007 -0.025000000000000033 1.2800000000000007 0.39735000000000004 -0.084999999999999729 0.28325000000000006 4.8450000000000006 -0.19499999999999981 0.12500000000000047 2.5000000000000004 4.8850000000000007 -2.0049999999999994 2.5000000000000004 -1.0000000180025095e-35 0.19580000000000003 4.1550000000000011 0.048333333333334234 6.705000000000001 4.8150000000000004 1.2850000000000004 0.061666666666666987 -0.015000000000000123 0.32375000000000004 7.0950000000000006 -0.61999999999999977 6.4050000000000011 -0.010000000000000229 0.35905000000000004
decision_type=2 2 2 2 2 2 2 2 2 2 2 2 2 2 2 2 2 2 2 2 2 2 2 2 2 2 2 2 2 2
left_child=1 2 -1 9 5 6 -5 11 25 -4 -7 -8 -13 -3 -15 -16 17 21 20 -20 22 -2 -18 24 -23 -9 -19 29 -29 -28
right_child=16 13 3 4 -6 10 7 8 -10 -11 -12 12 -14 14 15 -17 18 26 19 -21 -22 23 -24 -25 -26 -27 27 28 -30 -31
leaf_value=-0.0031227512114617557 -0.033952881164190353 -0.020592517612017896 0.054830555401611275 -6.7873931539883797e-05 0.0062528128008202677 -0.0016463046685993563 0.023799627456178894 -0.0040623623176982591 0.005640617924647021 -0.004257632043094233 -0.037791248031994053 0.0018966638521780205 0.020053520657067354 -0.011611631909351766 0.0030895019549890988 -0.0074751092924595893 -0.0071701010047768967 0.0076238601343453383 0.0013814764829090847 0.0079768099193317493 -0.00049866758472174374 -0.00043560991695431196 -0.039594389465587354 -0.0019175865783010234 0.018212066387754768 0.054439517234490933 0.0098936534750758351 0.013165132847442175 0.09583314050640189 0.036158389404707558
leaf_weight=5091.128482978791 25.314935425296426 138.74829064495862 10.534879252314566 5558.7072896678001 1251.8364696651697 5226.1760636642575 213.82563805580139 610.37029436975718 2014.8085798099637 2008.6710745692253 26.342209011316299 289.80707363784313 167.61359820514917 476.47430459782481 651.31382987834513 673.48612177558243 425.16515436209738 434.77219631522894 4868.0286801755428 1074.8325334787369 4034.7732375804335 220.69810382463038 32.408819414675236 725.69070876948535 216.77523515745997 8.7569145709276182 139.6086938008666 6.8386401981115368 11.201518081128595 60.088512875139713
leaf_count=27881 1050 3763 57 37032 5144 24926 973 2909 9466 13176 123 1466 815 3609 4946 5764 2503 2981 21718 4868 23312 2047 175 6201 1980 44 731 32 59 315
internal_value=-1.3198e-05 -0.000781052 -0.000340779 0.000473796 0.00105494 0.000594 0.00202897 0.00555546 0.00355435 -0.00394935 -0.00182758 0.0134077 0.00854992 -0.00588239 -0.0047493 -0.00228121 0.00151414 0.0052324 0.000858163 0.00257432 -0.00141211 0.00134684 -0.00946663 0.0021151 0.00880462 -0.00323491 0.0123095 0.0216658 0.0644955 0.0177967
internal_weight=36694.8 24418.6 22478.6 17387.5 15368.2 14116.4 8863.89 3305.18 2633.94 2019.21 5252.52 671.246 457.421 1940.02 1801.27 1324.8 12276.2 1840.99 10435.2 5942.86 4492.35 1188.48 457.574 1163.16 437.473 619.127 652.51 217.737 18.0402 199.697
internal_count=210066 142094 124012 96131 82898 77754 52705 15673 12419 13233 25049 3254 2281 18082 14319 10710 67972 15396 52576 26586 25990 11278 2678 10228 4027 2953 4118 1137 91 1046
is_linear=0
shrinkage=0.05


Tree=85
num_leaves=31
num_cat=0
split_feature=24 13 48 13 34 8 21 9 8 8 34 13 8 14 10 0 13 40 44 13 44 8 0 8 22 34 12 36 11 46
split_gain=15.8901 21.7661 22.4445 15.5767 15.4054 20.3535 24.7555 16.8114 19.3437 16.8465 16.3929 15.4913 16.276 22.5186 17.0646 15.338 15.0741 13.5283 13.2763 12.9495 14.3867 16.68 13.2706 13.4222 12.8847 12.6741 12.5998 13.7714 12.9562 12.556
threshold=0.031666666666665851 -1.0499999999999994 2.5000000000000004 2.1566666666666672 4.285000000000001 0.22930000000000003 0.085000000000000006 5.955000000000001 0.55375000000000008 0.44690000000000002 6.0650000000000004 -0.4666666666666654 0.28325000000000006 0.13887500000000005 0.17900000000000002 19.500000000000004 0.93333333333333413 1.5000000000000002 5.8250000000000011 -0.23500000000000007 5.2250000000000005 0.39085000000000009 20.500000000000004 0.30240000000000006 1.6000000000000005 4.9050000000000011 0.49290000000000006 6.9650000000000007 0.33985000000000004 6.8450000000000006
decision_type=2 2 2 2 2 2 2 2 2 2 2 2 2 2 2 2 2 2 2 2 2 2 2 2 2 2 2 2 2 2
left_child=1 2 25 4 -3 -6 7 9 -9 10 11 -7 13 14 -13 -2 18 -4 -14 20 -12 -22 -21 -24 -20 -1 27 -18 -28 -5
right_child=15 3 17 29 5 6 -8 8 -10 -11 19 12 16 -15 -16 -17 26 -19 24 22 21 -23 23 -25 -26 -27 28 -29 -30 -31
leaf_value=-0.011486072796029985 0.00096952356212835766 -0.0042688941151326149 0.00012847011999358828 0.019487893430990416 0.0037844605602567953 -0.0087051896804820807 -0.014757473572122128 0.0023763531969501705 -0.0060782679955158295 -0.0062924303065347133 -0.0088458791751520396 -0.0067297976488063828 -0.0073858117011588913 0.039317240840652051 0.0067615921467041283 0.0068083175676684933 0.0056431667575119158 -0.015956749953704743 -0.0022907595873097688 0.0051909280070894549 0.0025901251618988823 -0.014028702310922458 0.011250876841565744 -0.0078653597634178798 0.014575422339782923 -0.00062733692349200632 0.089593069048733834 -0.026067867475780507 -0.0032395862138438502 -0.0032834714583642888
leaf_weight=311.84216403774917 6494.2954389061779 2147.231368239969 170.42890554107726 180.01625527441502 3317.6702168136835 866.31973756104708 297.55020441859961 7100.0858442261815 747.79137013107538 1537.9160422608256 515.92508138716221 345.73041564971209 1691.4770556613803 42.999822072684765 727.74045775830746 1360.3689829520881 475.03764097392559 560.96991876512766 1151.982416190207 2341.7513592913747 1390.6377794183791 169.3747334331274 118.33532339334488 409.8732625991106 125.5786977186799 1943.2294672951102 8.6792024821042997 36.896237671375275 6.6293241977691642 91.206580862402916
leaf_count=3438 33972 11132 1693 730 20240 5821 1391 34838 3486 7318 3293 1889 8793 221 3887 7216 2063 9416 6061 11543 8710 1077 581 2017 581 18064 37 160 28 370
internal_value=-1.29004e-05 -0.000556051 -0.00459749 -8.90402e-05 -0.000215454 0.000156085 -0.000442561 -0.000227556 0.00157075 -0.00140728 -0.000686608 -0.00257038 -0.00141821 0.00383765 0.00241645 0.00198076 -0.00309656 -0.0122086 -0.00448006 0.00140024 -0.00160794 0.000785775 0.00357616 -0.00358272 -0.000632887 -0.00212894 0.00469429 0.00335768 0.0493921 0.0118304
internal_weight=36685.6 28830.9 2986.47 25844.4 25573.2 23426 20108.3 19810.8 7847.88 11962.9 10425 5479.07 4612.75 1116.47 1073.47 7854.66 3496.28 731.399 2969.04 4945.9 2075.94 1560.01 2869.96 528.209 1277.56 2255.07 527.242 511.934 15.3085 271.223
internal_count=210066 168878 32611 136267 135167 124035 103795 102404 38324 64080 56762 29541 23720 5997 5776 41188 17723 11109 15435 27221 13080 9787 14141 2598 6642 21502 2288 2223 65 1100
is_linear=0
shrinkage=0.05


Tree=86
num_leaves=31
num_cat=0
split_feature=5 24 4 0 34 27 0 4 28 6 13 8 20 46 34 14 15 44 14 13 22 8 0 12 13 21 34 11 13 22
split_gain=15.7653 18.5227 16.0656 13.1403 12.5369 15.429 12.3977 11.723 16.0038 12.6476 11.2961 11.3265 19.0499 14.8854 11.6075 15.1082 16.6335 11.2064 11.6086 11.0798 10.9274 10.9146 12.4558 19.8233 14.8332 11.25 10.9101 10.7668 10.6876 10.5347
threshold=1.0000000180025095e-35 -0.061666666666666085 48.500000000000007 21.500000000000004 5.285000000000001 -0.05000000000000026 8.5000000000000018 54.500000000000007 5.5000000000000009 0.115 -0.37633333333333313 0.13360000000000002 -0.26500000000000007 6.7950000000000008 6.705000000000001 0.018600000000000037 -0.023333333333333355 6.2250000000000005 -0.2763166666666666 -0.48666666666666697 -0.63000000000000045 0.12555000000000002 6.5000000000000009 0.32875000000000004 -1.3733333333333329 0.045000000000000005 4.6050000000000013 0.28010000000000007 -1.6233333333333331 -2.6049999999999991
decision_type=2 2 2 2 2 2 2 2 2 2 2 2 2 2 2 2 2 2 2 2 2 2 2 2 2 2 2 2 2 2
left_child=1 3 10 19 6 21 -4 9 17 -2 11 12 -3 14 15 -14 -17 18 -9 27 -15 22 23 24 -6 -23 -22 -1 -20 -11
right_child=7 2 4 -5 5 -7 -8 8 -10 29 -12 -13 13 20 -16 16 -18 -19 28 -21 26 25 -24 -25 -26 -27 -28 -29 -30 -31
leaf_value=-0.020041181111123418 -0.028438776590449574 -0.0069157021185350612 -0.0053187527061491855 -0.017465245620864638 0.049139105025118895 0.00010996753790110542 -0.00018026595847544976 0.061971943658475616 -0.010420930950000993 -0.0067730926365967836 -0.0019813273759578713 -0.014151239649302009 0.040521510768761378 -0.035540819718116144 -0.027811884691131189 0.052986554103389816 0.2139899353984851 0.005522591489436829 -0.022657375326917511 -0.0016267999316484747 0.1269006831908096 0.0045328764422400128 0.0089174431932958209 -0.0021778604506062027 0.14927858622448509 -0.0098435522328629843 -0.0022593078594483596 -0.0052532659959891514 -0.0015703342661822475 0.0025769154144444579
leaf_weight=177.11733979545534 33.600788235664368 181.35446122474968 1797.5007880609483 195.36434371210635 10.173274386674164 11446.330635452643 3383.222875520587 7.0395269766449919 424.63684939220548 310.84994108602405 1540.0749250352383 461.88059416227043 9.8816631846129948 9.8258222229778784 2.9885092731565228 3.0056472234427929 3.4403886869549742 682.15375851653516 62.468306627124548 1496.256497323513 2.6206133961677542 2470.8722721729428 57.625891521573067 10.788304520770906 5.8098350763320949 144.00984803959727 4.3470990564674139 403.49934272840619 1577.2011870890856 9761.4415981210768
leaf_count=1727 162 2682 9892 1303 111 66063 19015 37 3709 3240 7512 3250 85 78 25 23 25 3768 659 8122 19 11787 614 94 33 740 42 3642 8236 53371
internal_value=-1.26164e-05 -0.000774308 -0.000321499 -0.00506792 0.000141183 0.000911865 -0.00196311 0.00139818 -0.00149399 0.00218619 -0.00435045 -0.00972126 -0.000312252 0.0328523 0.0627852 0.0793674 0.138918 0.000133717 -0.00209864 -0.00390175 -0.00157689 0.00431232 0.0220098 0.0501914 0.0855396 0.00374112 0.0463188 -0.00976433 -0.00237371 0.00228836
internal_weight=36677.4 23818 21545.8 2272.24 19326.3 14145.6 5180.72 12859.4 2753.5 10105.9 2219.42 679.345 217.464 36.1097 19.3162 16.3277 6.44604 2328.86 1646.71 2076.87 16.7935 2699.28 84.3973 26.7714 15.9831 2614.88 6.96771 580.617 1639.67 10072.3
internal_count=210066 136884 122090 14794 108349 79442 28907 73182 16409 56773 13741 6229 2979 297 158 133 48 12700 8932 13491 139 13379 852 238 144 12527 61 5369 8895 56611
is_linear=0
shrinkage=0.05


Tree=87
num_leaves=31
num_cat=0
split_feature=17 5 2 24 9 13 34 8 40 8 27 47 8 23 9 10 10 34 9 44 3 7 8 22 11 44 37 3 33 17
split_gain=15.5282 15.6202 20.2989 14.7973 14.6856 11.7769 11.4106 11.2842 11.0049 12.8512 12.4615 12.6725 12.1897 16.0882 12.8803 13.9629 12.6847 12.1634 13.9581 12.7529 12.3027 11.7014 11.0254 10.8968 10.8601 10.714 10.4891 12.1221 10.7734 10.4586
threshold=5.5000000000000009 1.0000000180025095e-35 1.5000000000000002 -0.046666666666665517 7.4450000000000012 1.9291666666666669 3.5950000000000002 0.46255000000000002 -3.4999999999999996 0.46445000000000008 -0.12499999999999999 2.5000000000000004 0.13360000000000002 7.0850000000000009 4.7750000000000012 0.27800000000000008 0.22749999999999998 5.6550000000000011 1.3050000000000004 7.7550000000000008 61.500000000000007 4.1350000000000007 0.52510000000000012 4.2750000000000012 0.35455000000000009 5.1650000000000009 2.5000000000000004 52.500000000000007 0.13500000000000004 4.5000000000000009
decision_type=2 2 2 2 2 2 2 2 2 2 2 2 2 2 2 2 2 2 2 2 2 2 2 2 2 2 2 2 2 2
left_child=1 2 -1 29 24 8 -3 -6 9 10 -5 -12 13 21 15 16 17 19 -19 -14 23 -10 25 -20 -2 -16 28 -28 -8 -4
right_child=4 6 3 5 7 -7 26 -9 12 -11 11 -13 14 -15 22 -17 -18 18 20 -21 -22 -23 -24 -25 -26 -27 27 -29 -30 -31
leaf_value=-0.0086718809302634946 -0.0031619773176334715 -0.0090789946079472723 -0.0017631430816103964 -0.029065700645239556 0.021543294102655167 0.0094965269551896409 -0.0015426963856636569 0.0010489927672834081 0.0056104650219672009 -0.012043443540528805 0.030269461385178255 0.0079996534469888407 -0.0060726184839350154 0.10598827264370864 -0.0011406800331809522 -0.0097635157196251654 0.0039820286242806188 0.0071424364181854761 -0.0023789826759022287 0.071523361344152186 0.052771541468753617 0.054073392811761649 -0.0041649755475970966 -0.066726646448363403 0.024299817451219639 0.0026334037540390936 0.00092004095292488083 -0.0089110069723022049 0.0040535201705434931 -0.0089231043561838596
leaf_weight=714.64936591684818 5424.1110915206373 229.30941757187247 2345.7209013048559 16.492700092494488 106.26225271075964 355.99222473800182 998.26472976617515 182.55086757987738 512.31968411616981 60.69924408197403 97.263722389936447 186.12156135588884 1625.8628767691553 4.1192885972559443 2718.0581016615033 540.07814374566078 923.11566657200456 508.37237780541182 1681.0384736843407 5.312346287071704 10.080262534320353 12.765836603939531 962.66154643148184 6.6050751209259024 36.241817064583302 6102.3606105074286 3094.5985291786492 348.91020929068327 6209.7714316789061 651.72973162308335
leaf_count=9999 32674 1270 14083 76 523 1440 5643 869 3973 257 453 888 9306 30 13084 3090 5305 2813 10074 29 61 87 4436 29 214 30818 17089 1928 35437 4088
internal_value=-1.23636e-05 0.000431279 -0.000396749 -9.07579e-05 -0.00239852 0.000501995 0.00195642 0.00858941 0.000301537 0.00893742 0.0131842 0.0156431 0.000102091 0.00756085 -0.000159599 -0.0021446 -0.00128022 -0.00254614 -0.000125528 -0.00581991 -0.00230187 0.00678869 0.000915875 -0.00263083 -0.00297971 0.0014704 0.00219399 -7.60805e-05 0.00327848 -0.00331992
internal_weight=36671.4 30922.3 20041.4 19326.8 5749.17 16329.3 10880.9 288.813 15973.3 360.577 299.878 283.385 15612.8 529.205 15083.5 5300.47 4760.39 3837.27 2206.1 1631.18 1697.72 525.086 9783.08 1687.64 5460.35 8820.42 10651.5 3443.51 7208.04 2997.45
internal_count=210066 175786 114419 104420 34280 86249 61367 1392 84809 1674 1417 1341 83135 4090 79045 30707 27617 22312 12977 9335 10164 4060 48338 10103 32888 43902 60097 19017 41080 18171
is_linear=0
shrinkage=0.05


Tree=88
num_leaves=31
num_cat=0
split_feature=40 40 1 13 48 20 3 47 37 3 48 1 40 47 3 4 26 20 20 48 20 30 7 8 40 47 21 44 28 34
split_gain=15.1797 28.328 33.0366 18.9111 18.3481 16.6083 16.9557 15.3501 21.8512 14.4372 14.212 13.4606 15.5734 14.3137 14.6431 15.2632 13.2222 12.8756 12.844 12.7974 17.3785 12.6365 12.4691 12.4645 13.9044 13.1419 13.1309 12.4628 12.3863 16.3373
threshold=2.5000000000000004 1.0000000180025095e-35 2.5000000000000004 -2.8991666666666656 2.5000000000000004 1.3400000000000003 30.500000000000004 3.5000000000000004 3.5000000000000004 27.500000000000004 1.0000000180025095e-35 3.5000000000000004 1.5000000000000002 1.5000000000000002 20.500000000000004 53.500000000000007 0.27499999999999997 -3.0149999999999992 -1.3049999999999999 -1.4999999999999998 1.3100000000000005 1.0000000180025095e-35 2.1050000000000004 0.46445000000000008 -3.4999999999999996 2.5000000000000004 0.020000000000000014 7.3550000000000013 2.5000000000000004 5.6950000000000012
decision_type=2 2 2 2 2 2 2 2 2 2 2 2 2 2 2 2 2 2 2 2 2 2 2 2 2 2 2 2 2 2
left_child=1 2 9 -2 10 6 -6 11 19 -1 -5 -3 13 -13 15 17 18 -15 -8 22 -21 -12 28 24 25 26 -11 -14 29 -9
right_child=3 7 -4 4 5 -7 16 8 -10 23 21 12 27 14 -16 -17 -18 -19 -20 20 -22 -23 -24 -25 -26 -27 -28 -29 -30 -31
leaf_value=-0.0057081450442023462 -0.022859293932447417 0.0052850970147543279 -0.0066639299851809705 -0.0042983066597218631 0.00036628412041894563 0.0010037739559124197 -0.016705160398860063 0.17433387100921136 0.011396498581902444 0.029037444664309572 0.0015768466093799378 0.0086654326723697907 -0.0020428603620744664 0.031663338152490547 -0.00094492020945148017 -0.03891348468466093 0.094623272478714313 0.15925065359804008 -0.0061868435528011322 -0.006052443955490797 0.0061420181341689598 -0.0077482665721290214 0.00095059463341080344 -0.0042653135187901018 0.0015066537383989953 0.0045708088225061413 -0.0022742154054343623 0.021953948986841824 0.00053949464130834189 -0.0086103628852000885
leaf_weight=806.3777121976018 100.93582582660019 4599.2979225553572 2306.5783898457885 1455.0529679115862 964.29335187748075 1446.9694512076676 330.89454013109207 3.4229034483432752 402.46959609538317 134.54090504348278 7120.7717581391335 1030.6899866145104 2193.746284050867 4.0647564101964235 813.48299192450941 2.9871841967105865 3.1745556965470305 3.8506214432418329 2361.8445154502988 1639.477174565196 355.52078403532505 382.82663703337312 3605.5509817115963 772.4908390045166 3370.2176235802472 347.29328882694244 44.576492428779602 55.474693113937974 5.1902157627046108 1.8964961655437944
leaf_count=4462 4364 21370 13373 8730 9281 7249 3506 35 2519 623 42135 5549 12171 76 4381 49 23 33 16589 8686 1515 2901 17475 3389 17296 1677 223 304 64 18
internal_value=-1.20286e-05 0.000795247 -0.00164457 -0.00129412 -0.00113937 -0.00353111 -0.00532386 0.00208537 0.0001427 0.000469852 0.000224125 0.0034276 0.00134609 0.00473748 -0.000173463 0.057388 -0.00735915 0.0937312 -0.00747938 -0.000664511 -0.00387932 0.00110109 0.00110911 0.00153682 0.00268707 0.0102444 0.021245 -0.001451 0.0554919 0.10911
internal_weight=36666 22499.2 7782.08 14166.8 14065.8 5107.18 3660.21 14717.1 6013.53 5475.5 8958.65 8703.59 4104.3 1855.08 824.386 10.9026 2695.91 7.91538 2692.74 5611.06 1995 7503.6 3616.06 4669.12 3896.63 526.411 179.117 2249.22 10.5096 5.3194
internal_count=210066 115288 41043 94778 90414 36648 29399 74245 30312 27670 53766 43933 22563 10088 4539 158 20118 109 20095 27793 10201 45036 17592 23208 19819 2523 846 12475 117 53
is_linear=0
shrinkage=0.05


Tree=89
num_leaves=31
num_cat=0
split_feature=14 40 44 13 8 16 3 20 7 23 47 8 23 24 2 13 8 7 48 13 44 39 27 9 35 26 44 15 34 22
split_gain=14.958 16.7618 14.7521 15.0659 17.0428 30.1146 14.6002 14.4103 12.9608 12.4349 12.0587 13.3842 14.1612 11.9936 11.8391 11.7015 15.4517 20.8614 11.6477 11.5346 11.4168 10.9999 10.9888 10.7336 14.8947 10.7054 10.2743 12.0448 12.5052 13.3319
threshold=0.041416666666666734 4.5000000000000009 4.7550000000000008 1.3100000000000003 0.39735000000000004 3.5000000000000004 51.500000000000007 -2.6749999999999994 4.0750000000000011 6.8550000000000013 3.5000000000000004 0.20280000000000001 6.6950000000000012 0.12500000000000047 2.5000000000000004 1.148333333333333 0.23109999999999997 4.0150000000000006 4.5000000000000009 0.22666666666666793 7.6550000000000011 -3.4999999999999996 -0.17500000000000024 6.4850000000000012 0.39345000000000008 0.039999999999999598 5.785000000000001 -0.01666666666666668 5.9350000000000014 -2.4949999999999997
decision_type=2 2 2 2 2 2 2 2 2 2 2 2 2 2 2 2 2 2 2 2 2 2 2 2 2 2 2 2 2 2
left_child=1 2 -1 4 5 7 18 -4 -3 15 -10 12 -12 14 -6 16 17 19 26 -2 -8 -17 -19 -15 -25 -14 -7 28 -28 -30
right_child=9 8 3 -5 13 6 20 -9 10 -11 11 -13 25 23 -16 21 -18 22 -20 -21 -22 -23 -24 24 -26 -27 27 -29 29 -31
leaf_value=-0.0024140266122780456 0.00042822398779033101 -0.015362090390049972 0.076904445580706388 0.0055257502800248222 -0.009940677104630629 -0.0013576812597661594 -0.0051086925990676208 0.0051098626987888269 -0.0062286262364975161 -0.00086207530376119145 0.17743060914909842 0.00073712134943188694 0.057208037427664643 -0.056929630879789653 -0.0013150840479863929 0.049320204508491353 0.00068462611427933927 0.078639528727287258 -0.010840525828717832 0.056258320794292806 0.04065267867166128 0.0081148303358957383 0.012717787493779399 -0.029850667098369289 0.079605309066917596 -0.012948744351752948 -0.0067651967107902559 0.004475074516571728 -0.015575796283993512 0.0060609290661647504
leaf_weight=5942.8712036535144 744.21574511472136 256.65963612962514 7.0043792724609366 1351.7504703104496 427.93032973073423 2792.3080192878842 1578.4082245565951 3235.9596707746387 1271.8659615330398 3101.6980242002755 1.709126822650435 624.6820974200964 13.11354384571314 18.833076290786266 5652.6522922366858 16.587313041090965 4084.7694632001221 6.3848453760147086 215.74675207398832 9.3678413778543455 13.748453833162783 687.31926541030407 639.10707753896713 11.945432491600515 4.2011785805225363 9.2893632128834707 587.57642508484423 2703.3980922289193 81.512776497751474 562.45036138035357
leaf_count=32461 6604 5912 34 5538 2080 18347 10009 15238 9739 17418 18 4439 134 88 26898 67 20472 33 2146 43 87 2816 3700 56 20 106 4187 16865 825 3686
internal_value=-1.18475e-05 -0.000600327 -0.000236505 0.000435901 5.1396e-05 0.00116331 -0.000395117 0.00526493 -0.0048092 0.00172174 -0.00339901 0.00214803 0.0387013 -0.00209007 -0.00192212 0.00301692 0.00223792 0.00677293 0.000595177 0.00112225 -0.00471354 0.00908582 0.0133698 -0.031284 -0.00137137 0.0281175 0.000961927 0.00260797 -0.00149059 0.00332215
internal_weight=36655.1 27365.6 25188.3 19245.4 17893.7 11778.1 8535.15 3242.96 2177.32 9289.45 1920.66 648.794 24.112 6115.56 6080.58 6187.75 5483.84 1399.08 6942.99 753.584 1592.16 703.907 645.492 34.9797 16.1466 22.4029 6727.25 3934.94 1231.54 643.963
internal_count=210066 158913 138565 106104 100566 71424 56152 15272 20348 51153 14436 4697 258 29142 28978 33735 30852 10380 46056 6647 10096 2883 3733 164 76 240 43910 25563 8698 4511
is_linear=0
shrinkage=0.05


Tree=90
num_leaves=31
num_cat=0
split_feature=4 4 13 24 34 28 28 25 0 20 8 18 11 25 12 14 15 21 0 8 44 7 48 34 20 24 34 24 46 15
split_gain=14.1442 16.0638 26.1348 16.1853 17.8766 15.5267 15.2237 14.8014 16.8668 13.7776 13.8594 12.9316 12.3355 11.9188 11.811 11.75 16.7845 11.5982 11.4658 11.305 11.9096 11.5452 10.9833 12.5565 12.4243 11.6359 10.8165 17.239 10.9743 10.7935
threshold=49.500000000000007 54.500000000000007 -1.6233333333333331 0.02999999999999892 4.785000000000001 2.5000000000000004 4.5000000000000009 5.5000000000000009 23.500000000000004 1.8700000000000006 0.53775000000000017 4.5000000000000009 0.26945000000000002 4.5000000000000009 0.44750000000000006 0.11131666666666666 -0.038333333333333282 0.055000000000000014 1.5000000000000002 0.12555000000000002 3.4750000000000005 3.9950000000000006 3.5000000000000004 4.9350000000000014 -1.2649999999999999 -0.07499999999999972 7.6050000000000013 -0.038333333333333545 6.7650000000000006 -0.043333333333333286
decision_type=2 2 2 2 2 2 2 2 2 2 2 2 2 2 2 2 2 2 2 2 2 2 2 2 2 2 2 2 2 2
left_child=5 3 -3 4 11 17 7 8 18 12 -11 -2 14 -10 -7 -9 -17 -1 -4 21 -21 29 23 -14 -24 -25 -20 -28 -29 -5
right_child=1 2 6 19 -6 9 -8 15 13 10 -12 -13 22 -15 -16 16 -18 -19 26 20 -22 -23 24 25 -26 -27 27 28 -30 -31
leaf_value=0.0034847810610685705 -0.0015843746530121467 -0.016010212854763308 -0.010158128964111826 -0.013062277441765675 0.00099078506422879339 -0.013874174404161423 -0.0039498507362213057 -0.0062043408864383915 0.023940383569444241 0.0067255011012556072 -0.024174481987079083 -0.0098833170718319041 -0.010201498909177664 -0.0059037602237088718 0.010705619993321161 0.12151023604181255 0.010450953745945612 -0.017785959117345828 0.0014155295525403403 -0.012489789890429925 0.0032830009154079009 0.095042730074667556 -0.029965007691049535 -0.022368041470884968 -0.0070166529787694491 0.00023418125187049839 0.087429755772753207 0.042429691765937756 -0.0030226142506490769 0.016851936050716897
leaf_weight=1147.8831392489374 2160.9580006999895 298.73316930234432 212.58860809355974 35.349827965721488 15013.539577442221 566.87521157320589 2812.7080023512244 945.12629222869873 137.89940704405308 405.00197347998619 39.860033363103867 599.66289026103914 423.65463922172785 44.170120812952518 53.484313467517495 3.665362060070037 47.354830741882324 67.875749379396439 4039.3877337351441 122.5070368424058 5184.6534712575376 4.3074541911482802 76.534893911331892 59.027214331552386 257.15026339143515 1612.2164440378547 8.6447559967637044 19.78513540327549 40.392457239329815 205.16396044939756
leaf_count=5700 11568 4450 1060 421 86309 4025 18424 5271 664 1884 167 4110 2762 230 360 20 253 423 19974 569 25213 25 1101 406 1719 10228 48 98 202 2382
internal_value=-1.15878e-05 0.000365629 -0.00148006 0.00104693 0.000310831 -0.00256958 -0.00095783 0.000572567 0.00179267 -0.00426311 0.00395684 -0.00338707 -0.00546246 0.0167002 -0.011755 -0.00494265 0.0184296 0.00229724 0.0011645 0.0034035 0.00291891 0.0139083 -0.00385508 -0.0025131 -0.0122801 -0.000564114 0.00175041 0.0214058 0.0119212 0.0124553
internal_weight=36646.2 31936.6 8610.46 23326.1 17774.2 4709.56 8311.72 5499.01 4502.87 3493.8 444.862 2760.62 3048.94 182.07 620.36 996.146 51.0202 1215.76 4320.8 5551.98 5307.16 244.821 2428.58 2094.9 333.685 1671.24 4108.21 68.8223 60.1776 240.514
internal_count=210066 181291 50694 130597 101987 28775 46244 27820 22276 22652 2051 15678 20601 894 4385 5544 273 6123 21382 28610 25782 2828 16216 13396 2820 10634 20322 348 300 2803
is_linear=0
shrinkage=0.05


Tree=91
num_leaves=31
num_cat=0
split_feature=13 4 8 3 6 47 34 2 7 7 1 44 8 13 25 34 44 7 27 14 27 6 41 4 13 28 9 45 46 45
split_gain=13.977 18.1049 17.4685 17.3198 16.2406 18.2254 15.7353 15.7862 20.6045 15.6829 15.0301 14.1022 12.7497 13.5123 12.6001 12.3661 12.2653 13.6836 15.6363 12.2187 12.0333 12.7333 11.9335 11.9317 11.9084 11.5689 11.3706 11.3145 13.2002 11.3036
threshold=0.71833333333333316 50.500000000000007 0.54955000000000009 51.500000000000007 0.17500000000000002 5.5000000000000009 6.745000000000001 3.5000000000000004 5.7350000000000012 1.175 1.5000000000000002 6.4050000000000011 0.32585000000000003 -0.47666666666666629 1.5000000000000002 7.2550000000000008 6.8350000000000009 5.4750000000000005 -0.18999999999999992 -0.020899999999999998 0.050000000000000273 0.13500000000000004 3.5000000000000004 52.500000000000007 -0.96999999999999942 2.5000000000000004 7.7150000000000007 0.24484999999999998 7.0450000000000008 0.57235000000000014
decision_type=2 2 2 2 2 2 2 2 2 2 2 2 2 2 2 2 2 2 2 2 2 2 2 2 2 2 2 2 2 2
left_child=1 12 3 9 5 6 7 8 10 25 19 20 13 -1 -4 -15 -11 18 24 -2 -10 -22 -20 -6 -18 -3 27 28 -9 -25
right_child=4 2 14 -5 23 -7 -8 26 11 16 -12 -13 -14 15 -16 -17 17 -19 22 -21 21 -23 -24 29 -26 -27 -28 -29 -30 -31
leaf_value=-0.0046286904974782448 0.0029979617213436276 0.12898778734534622 0.0082119825432471587 -0.0027616387561305881 0.011896296394915396 -0.0088862878497205314 0.008342140475278639 -0.0034087630868260979 -0.0049768001818996151 0.00036463097143537139 0.0020889566354010251 0.0049309197625373967 -0.0070394528316926573 0.0015126880727759902 -0.01314769083566935 0.037684540840898589 0.15289753747397158 0.0013428303703583435 0.01355712941827034 0.041189237199340048 -0.052466141344362206 -0.013351108882398797 0.0026735268467749096 0.00033298575398161157 0.024677383814322669 -0.038333262916282883 0.013536740599753547 0.0035073229529179817 -0.047125109509565777 0.066712897845493516
leaf_weight=1589.9649387095124 37.872505933046341 1.066524066030978 83.5936125125736 4054.978527918458 633.93611139059067 445.02935810387135 759.96021200716496 412.136460095644 1436.4027606248856 16114.536055588163 900.31892198324203 309.78086850047112 1595.0968128144741 1344.6142491474748 396.67217722907662 24.050842195749283 3.2417625188827515 1829.3115545138717 497.94571575056762 46.850518897175789 23.100822910666466 209.46071897447109 509.63413529377431 448.24864014983177 4.1024462133646002 32.941019552759826 241.94644075632095 2627.7261719256639 18.022774875164032 6.5064381062984458
leaf_count=14671 163 11 407 24299 2739 1928 3238 1734 6235 98091 3954 1329 8445 7162 2066 125 22 9748 3494 197 101 921 3373 1951 20 1420 1009 11108 76 29
internal_value=-1.13629e-05 -0.000550454 8.07702e-06 0.000204744 0.00175772 0.000926084 0.00154782 0.000723468 -0.00192515 0.00083807 0.00398359 -0.00486658 -0.00343625 -0.00149364 -0.00942989 0.00214832 0.000898921 0.00392604 0.00858205 0.0241171 -0.00668512 -0.0172365 0.0080522 0.00746292 0.0812743 -0.0330858 0.00310235 0.00227676 -0.00524039 0.00128272
internal_weight=36639.1 28081.8 23528 23047.8 8557.3 7468.61 7023.58 6263.62 2963.79 18992.8 985.042 1978.75 4553.73 2958.63 480.266 1368.67 18958.8 2844.24 1014.92 84.723 1668.96 232.562 1007.58 1088.69 7.34421 34.0075 3299.83 3057.89 430.159 454.755
internal_count=210066 173354 142951 140478 36712 31993 30065 26827 12900 116179 4314 8586 30403 21958 2473 7287 114748 16657 6909 360 7257 1022 6867 4719 42 1431 13927 12918 1810 1980
is_linear=0
shrinkage=0.05


Tree=92
num_leaves=31
num_cat=0
split_feature=14 3 4 7 22 19 40 40 48 1 8 23 14 20 47 10 34 38 9 15 15 11 4 24 45 4 3 25 12 21
split_gain=13.7744 12.1708 13.6418 15.0857 15.0022 14.532 14.0572 17.2808 19.8352 16.3268 14.7841 14.0923 13.2219 13.5178 12.7391 12.6704 12.4983 12.432 12.2509 12.0006 11.3885 11.3249 11.3067 14.4037 18.6732 12.9745 12.3071 11.7108 11.3275 11.07
threshold=-0.088458333333333347 51.500000000000007 50.500000000000007 1.175 1.3100000000000001 0.15500000000000005 1.0000000180025095e-35 2.5000000000000004 1.0000000180025095e-35 1.5000000000000002 0.20280000000000001 6.9450000000000012 -0.05813333333333328 1.0000000180025095e-35 1.5000000000000002 0.16720000000000002 6.9450000000000012 1.0000000180025095e-35 4.2350000000000012 -0.021666666666666685 0.014999999999999994 0.20945 54.500000000000007 -0.11333333333333372 0.33185000000000003 53.500000000000007 38.500000000000007 4.5000000000000009 0.42430000000000007 0.030000000000000009
decision_type=2 2 2 2 2 2 2 2 2 2 2 2 2 2 2 2 2 2 2 2 2 2 2 2 2 2 2 2 2 2
left_child=21 2 4 -4 5 -2 9 8 10 -5 12 16 13 -8 -11 -14 17 29 -17 -7 -20 -1 23 24 25 -9 27 -25 -24 -10
right_child=1 -3 3 6 -6 19 7 22 11 14 -12 -13 15 -15 -16 18 -18 -19 20 -21 -22 -23 28 26 -26 -27 -28 -29 -30 -31
leaf_value=-0.00028365225804117048 -0.0032659846649174397 -0.0019913862657664518 -0.034914122552914255 0.002536706790817949 0.0040604275833068726 0.016973687720431122 0.021092808876199562 0.03282906039079226 0.0057381078143351333 0.00030316633922985358 -7.7551413279615503e-05 -0.0014249724829045298 -0.0012648593790445678 0.092248764177919135 -0.0064341825289819052 0.030634243835148497 0.013511127709897458 0.016617219175432834 0.0037198150423361949 0.099879337970561866 0.056186766881302697 -0.0056552229219208293 -0.0036214740124112989 0.0047584115213175357 -0.0011400327912632871 0.10426775536520463 -0.0012313471170074782 -0.0017903931819888302 0.0078991597806511923 -0.0046232161562002241
leaf_weight=2091.296627019532 3941.5741689763963 4830.6775042712688 28.819780920632184 1822.8886745907366 926.52535124868155 23.928544921800498 61.307509992271662 26.757988622412086 2929.9802415370941 1236.7351270876825 3875.552787207067 598.12456548586488 306.88091688044369 7.4900012239813796 1621.5286242850125 75.901817627251148 591.82610494084656 240.28503690287471 175.6359745785594 5.3387797698378554 10.989850126206873 1848.5789795527235 2233.4365170896053 2744.8365714792162 36.921341873705387 8.3355848528444749 2903.4119979701936 908.63704197388142 235.90034163370728 282.65256040729582
leaf_count=12539 25513 27576 1241 8620 4195 147 406 186 14448 6626 17819 3104 1990 41 8947 443 2964 1372 958 26 56 11045 15113 17799 250 61 16833 6655 1536 1557
internal_value=-1.10669e-05 0.000325512 0.00072721 0.00123812 -0.00166858 -0.00300534 0.00128355 0.00191038 0.00344384 -0.00116086 0.00108366 0.00573839 0.00813521 0.0288396 -0.00351902 0.00563365 0.00679768 0.00564701 0.0136977 0.0320969 0.00680944 -0.00280398 0.000367071 0.00144287 0.0236823 0.0497975 0.00119861 0.00312969 -0.00252089 0.0048265
internal_weight=36632.8 32692.9 27862.2 22964.8 4897.37 3970.84 22936 18254.9 9156.63 4681.15 4513.76 4642.87 638.206 68.7975 2858.26 569.409 4044.74 3452.92 262.528 29.2673 186.626 3939.88 9098.24 6628.9 72.0149 35.0936 6556.89 3653.47 2469.34 3212.63
internal_count=210066 186482 158906 129025 29881 25686 127784 103591 45158 24193 21713 23445 3894 447 15573 3447 20341 17377 1457 173 1014 23584 58433 41784 497 247 41287 24454 16649 16005
is_linear=0
shrinkage=0.05


Tree=93
num_leaves=31
num_cat=0
split_feature=44 21 22 13 8 34 13 3 10 13 27 12 7 20 44 13 46 48 7 31 23 47 33 8 7 3 8 13 16 8
split_gain=13.093 15.5331 14.8309 13.0884 16.2877 14.7774 15.2411 14.3928 15.3773 13.2754 11.7695 16.4626 11.6995 11.2499 11.3635 17.1724 19.6736 11.2402 10.6553 10.5955 10.4951 12.9487 12.8499 10.9656 10.278 13.1097 10.4573 17.9879 16.3919 19.5749
threshold=5.9450000000000012 -0.01 -2.9049999999999989 1.518333333333334 0.49840000000000007 5.4850000000000012 0.54999999999999949 30.500000000000004 0.84415000000000007 -2.7991666666666659 -0.034999999999999691 0.41864999999999997 3.8850000000000002 -0.095000000000000182 6.535000000000001 0.25999999999999918 6.7950000000000008 1.5000000000000002 3.9550000000000005 2.5000000000000004 6.785000000000001 2.5000000000000004 0.15500000000000003 0.46445000000000008 1.2850000000000004 55.500000000000007 0.19760000000000003 -0.12833333333333249 2.5000000000000004 0.33025000000000004
decision_type=2 2 2 2 2 2 2 2 2 2 2 2 2 2 2 2 2 2 2 2 2 2 2 2 2 2 2 2 2 2
left_child=2 10 -1 4 5 -3 7 9 17 -7 11 -2 19 14 -6 -16 -17 -9 -19 -13 21 23 -22 -8 25 -4 27 -26 29 -28
right_child=1 3 24 -5 13 6 20 8 -10 -11 -12 12 -14 -15 15 16 -18 18 -20 -21 22 -23 -24 -25 26 -27 28 -29 -30 -31
leaf_value=-0.010764986501031656 0.0053538333425332887 -0.0025578886477864212 -0.030165688258483783 0.012261761293775689 -0.018226147460805159 -0.023228507360233325 0.021115329685797199 0.0018229693862483111 0.099839448427407551 0.0067401270783466879 0.0018206450675780361 0.14361812458122125 0.019440499644288536 -0.007390524215882887 0.0017101913680359075 0.06884417618054707 0.0028150749094343905 -0.020956357180118314 -0.00246830382414632 0.0051221047484325327 -0.0054034582343502544 0.0088514142447983311 0.015475901909528737 0.05950755214514878 0.00055176561076475665 0.21845135962119699 0.0069120147788133959 0.011320955739820449 -0.0024317083554548273 -0.00035526892117843974
leaf_weight=366.74476985633373 1279.561032852158 2593.0461236545816 37.365329626947641 215.62119780480862 48.720525395125151 38.081729374825954 55.176049053668976 2643.9088663049042 3.8411926180124274 1247.1709271986037 3044.6851814193651 3.6530664172023526 163.8724584504962 1133.2870093416423 189.54381317459047 22.700088329613209 22.426143907010555 81.68218882381916 1698.0687869675457 2.2203453984111547 161.6430127620697 131.39454373717308 135.42877267301083 28.056111723184586 2991.2924682851881 0.53786944597959419 1069.4468314349651 445.50095212459564 9834.8710226677358 6937.4342267215252
leaf_count=4727 6075 16361 1689 881 257 1254 239 14535 21 8404 15760 35 752 5633 1085 109 104 839 11606 18 718 569 598 123 24790 4 4983 2226 55147 30524
internal_value=-1.08332e-05 0.0011279 -0.000795631 7.07584e-05 -0.000186091 0.000613443 0.00193459 0.00119411 -0.000158067 0.00585216 0.00358604 0.00729475 0.0219256 -0.00516244 0.00374772 0.00830978 0.03603 -0.000244898 -0.00331682 0.091262 0.0102015 0.018626 0.004115 0.0340567 -0.000624111 -0.0266377 -0.000577773 0.00194774 -0.00106425 0.000615393
internal_weight=36627 14943.8 21683.2 10449.8 10234.2 8817.5 6224.45 5712.75 4427.5 1285.25 4493.99 1449.31 169.746 1416.68 283.391 234.67 45.1262 4423.66 1779.75 5.87341 511.698 214.627 297.072 83.2322 21316.4 37.9032 21278.5 3436.79 17841.8 8006.88
internal_count=210066 85976 124090 63336 62455 55267 38906 36659 27001 9658 22640 6880 805 7188 1555 1298 213 26980 12445 53 2247 931 1316 362 119363 1693 117670 27016 90654 35507
is_linear=0
shrinkage=0.05


Tree=94
num_leaves=31
num_cat=0
split_feature=14 13 3 0 8 24 34 23 3 24 31 8 9 2 26 13 20 6 10 7 27 26 13 12 24 14 13 4 34 13
split_gain=13.0589 13.5279 11.8405 12.6771 12.1524 12.1256 11.4468 11.4002 11.2072 15.0275 13.3603 11.1041 18.9775 18.7457 16.6324 15.1709 18.5718 15.0933 13.3298 18.917 19.9872 13.3135 12.7912 15.2222 18.1533 12.6405 12.3967 13.5902 12.4967 12.328
threshold=-0.029749999999999967 -1.4850000000000003 53.500000000000007 9.5000000000000018 0.13360000000000002 0.071666666666667669 5.5250000000000012 6.6950000000000012 42.500000000000007 0.0033333333333334107 5.5000000000000009 0.35740000000000005 3.7550000000000003 2.5000000000000004 0.074999999999999747 -3.3591666666666655 -1.5149999999999999 0.13500000000000004 1.0000000180025095e-35 5.3450000000000006 -0.079999999999999613 -0.30499999999999966 0.20550000000000027 0.41055000000000003 0.038333333333333559 0.051475 0.26999999999999985 59.500000000000007 6.6250000000000009 2.0250000000000012
decision_type=2 2 2 2 2 2 2 2 2 2 2 2 2 2 2 2 2 2 2 2 2 2 2 2 2 2 2 2 2 2
left_child=1 7 3 6 5 -5 8 -1 9 -3 -11 12 15 14 17 16 -2 -13 19 20 22 -14 23 -17 25 -25 27 -15 29 -28
right_child=11 2 -4 4 -6 -7 -8 -9 -10 10 -12 13 21 26 -16 18 -18 -19 -20 -21 -22 -23 -24 24 -26 -27 28 -29 -30 -31
leaf_value=0.011002736725225936 -0.037647987310136376 -0.015256780001443241 -0.0058220741743479822 0.011880163698777275 0.00053581013634368911 0.081725325276529773 -0.00073595457025405701 -0.011959710074337174 0.00013528589406925509 -0.0012607217546571868 -0.05991126449846354 -0.024215568299242225 0.099668868803644284 -0.0022249127806642927 -0.021201270787290422 0.0058155052622750336 0.29206203044392559 -0.0024311624645632335 -0.0040009946024511887 0.023667219011003469 -0.0011863360806093628 0.0028034773789047222 0.050257609723468481 0.046821682865446586 0.013301922656358586 0.16589544001168272 -0.00033308399377821783 -0.056639121116019459 0.005496302362545692 0.009662237002162035
leaf_weight=61.306440148502588 35.480050787329674 511.07272797077894 1144.3425020575523 144.48840916156769 6538.5829522870481 6.4932423606514922 2591.0632702484727 456.83274720795453 450.66089908033609 423.96383381262422 9.937422186136244 85.6855348944664 3.5485970377922049 2946.4924610517919 159.38006326556206 176.6648180661723 0.43230396322905917 1103.5434550661594 1889.9898003507406 95.074043184518814 1583.3045873697847 9441.1067054308951 22.85440069437027 4.5708114970475453 13.753319792449473 4.3498510587960482 4889.3467100709677 11.519540332257746 1484.8549046441913 329.26250678300858
leaf_count=865 1540 2863 6767 1128 35594 41 14303 7105 2413 2119 49 413 19 15833 818 1326 11 5431 12699 481 14698 53827 100 39 99 35 21424 63 6630 1333
internal_value=-1.06025e-05 -0.00133514 -0.000988522 -0.000470434 0.000859644 0.014884 -0.00270227 -0.00924278 -0.00635282 -0.00944702 -0.00260397 0.000662475 0.00163638 -0.000511437 -0.00603353 -0.00133411 -0.033679 -0.00400076 -0.00102767 0.0019291 0.00078441 0.00283987 0.0148276 0.0107655 0.0493332 0.104884 0.000259372 -0.00243682 0.00144911 0.00029756
internal_weight=36620 12338.7 11820.6 10676.3 6689.56 150.982 3986.7 518.139 1395.63 944.974 433.901 24281.2 13271.1 11010.1 1348.61 3826.47 35.9124 1189.23 3790.56 1900.57 1805.5 9444.66 222.193 199.339 22.674 8.92066 9661.48 2958.01 6703.46 5218.61
internal_count=210066 73247 65277 58510 36763 1169 21747 7970 7444 5031 2168 136819 84874 51945 6662 31028 1551 5844 29477 16778 16297 53846 1599 1499 173 74 45283 15896 29387 22757
is_linear=0
shrinkage=0.05


Tree=95
num_leaves=31
num_cat=0
split_feature=5 9 8 9 40 23 7 8 13 8 36 21 25 44 13 44 26 35 22 8 39 13 15 45 8 21 7 21 11 7
split_gain=12.617 14.6109 15.9881 15.9971 15.4077 14.5126 13.5019 13.3568 13.8401 20.5551 12.3488 12.2952 12.7121 12.157 11.3758 11.0461 12.7035 16.195 11.6651 20.1365 12.8102 13.9695 12.3671 12.0539 13.9515 11.4593 16.1212 11.1548 12.5486 11.0571
threshold=1.0000000180025095e-35 4.7550000000000008 0.34945000000000004 5.7550000000000008 2.5000000000000004 7.4050000000000011 5.9050000000000011 0.44690000000000002 0.19500000000000053 0.22615000000000005 6.5650000000000004 0.025000000000000012 5.5000000000000009 7.7550000000000008 -0.60833333333333306 4.7950000000000008 0.024999999999999915 0.35010000000000002 -2.444999999999999 0.10155000000000002 1.5000000000000002 -0.74833333333333363 -0.01 0.15829999999999991 0.10155000000000002 0.039999999999999994 4.455000000000001 -0.044999999999999991 0.38110000000000005 3.8850000000000002
decision_type=2 2 2 2 2 2 2 2 2 2 2 2 2 2 2 2 2 2 2 2 2 2 2 2 2 2 2 2 2 2
left_child=1 4 5 -4 7 6 -3 8 9 13 -10 12 -5 15 -13 27 18 25 23 22 -21 -22 -20 24 -17 29 -27 28 -1 -18
right_child=-2 2 3 11 -6 -7 -8 -9 10 -11 -12 14 -14 -15 -16 16 17 -19 19 20 21 -23 -24 -25 -26 26 -28 -29 -30 -31
leaf_value=0.038447998969321079 0.001251398392137545 0.0022100842271909698 -0.0041578881006596007 0.0018205733243550253 -0.0050528334257413272 0.082000327000464265 0.025198296346856299 -0.012292485997628069 0.060479653674625003 -0.005326314304730558 0.0043308232979087776 -0.04220282865661585 -0.0044568485746951615 0.060802998565127997 -0.005354864236497313 -0.027187656392409255 0.021699786091174712 -0.0107606264216321 0.050559304051118054 0.0029430216879970995 0.0062370129340645619 0.03153427769535707 0.011586090816462828 -0.0072018650436038202 0.079274151453613509 -0.021022622896409309 0.071025869116939699 -0.0052170145730115955 -0.033800455211981328 0.0013358858039553493
leaf_weight=28.586843900382519 12855.147815416567 4822.6307820826769 2712.263937458396 5742.7332548126578 3226.7495404165238 5.7493337467312804 64.7313417121768 239.17906809411943 9.8825899958610517 1931.7069449052215 1071.5782397091389 21.800483487546444 938.24684590101242 8.634235527366398 534.16911301761866 4.7533849254250518 114.02616148814559 289.61734351143241 45.012620901688933 567.86706507951021 127.1964774467051 95.580131202936172 37.158584728837013 188.98240522108972 8.7274139821529371 59.265233665704727 5.1717590242624274 689.67289329320192 7.60993025638163 160.46596882492304
leaf_count=212 73182 27035 13217 26802 28692 35 326 1076 43 10644 4801 129 4847 54 2494 52 1005 2176 423 3286 812 482 435 1555 55 447 32 4652 59 1006
internal_value=-1.0434e-05 -0.000693145 0.000267929 -0.000882913 -0.00229277 0.00260795 0.00251455 -0.000727755 -0.000220364 -0.00147363 0.00484392 0.000344482 0.000939 0.00157856 -0.00679973 0.0013681 0.00356857 -0.00207835 0.00686943 0.00937765 0.00692932 0.0170906 0.0329353 -0.00394344 0.0417353 0.00534072 -0.0136347 -0.00379703 0.0232586 0.00979521
internal_weight=36614.9 23759.7 14842.3 9949.21 8917.42 4893.11 4887.36 5690.68 5451.5 4370.04 1081.46 7236.95 6680.98 2438.33 555.97 2429.69 1703.82 628.546 1075.28 872.815 790.644 222.777 82.1712 202.463 13.4808 338.929 64.437 725.87 36.1968 274.492
internal_count=210066 136884 74885 47489 61999 27396 27361 33307 32231 27387 4844 34272 31649 16743 2623 16689 11766 4666 7100 5438 4580 1294 858 1662 107 2490 479 4923 271 2011
is_linear=0
shrinkage=0.05


Tree=96
num_leaves=31
num_cat=0
split_feature=14 44 13 40 8 13 34 5 26 46 32 9 44 44 24 3 19 1 22 15 19 20 22 8 13 23 6 3 35 11
split_gain=12.4256 14.3143 14.5068 14.7946 17.0624 13.1842 11.5301 14.0663 13.8142 11.7025 14.6064 12.7418 11.9779 14.9462 19.2903 26.9864 21.814 11.6499 13.9789 11.0815 13.7538 17.0464 10.8122 14.9606 11.941 13.8049 11.0104 14.6168 13.2301 11.3127
threshold=0.041416666666666734 4.9750000000000005 1.3100000000000003 2.5000000000000004 0.42230000000000001 -0.8116666666666662 5.4850000000000012 1.0000000180025095e-35 -0.17500000000000024 6.9750000000000005 3.5000000000000004 4.6950000000000012 7.0250000000000012 7.3350000000000009 -0.008333333333333302 30.500000000000004 0.030000000000000009 5.5000000000000009 -1.9749999999999999 -0.013333333333333293 0.015000000000000001 -2.6749999999999994 -2.984999999999999 0.10155000000000002 -2.4991666666666652 6.8950000000000005 0.18500000000000003 54.500000000000007 0.40215000000000006 0.28010000000000007
decision_type=2 2 2 2 2 2 2 2 2 2 2 2 2 2 2 2 2 2 2 2 2 2 2 2 2 2 2 2 2 2
left_child=1 -1 3 4 19 6 8 -8 -5 12 11 17 -9 14 15 -14 -17 18 -11 22 -21 -22 -3 24 -24 -26 27 28 -25 -28
right_child=-2 2 -4 5 -6 -7 7 9 -10 10 -12 -13 13 -15 -16 16 -18 -19 -20 20 21 -23 23 26 25 -27 29 -29 -30 -31
leaf_value=-0.0023430219115282095 0.0015693388689300921 -0.014440773408930383 0.0052623428403157889 0.10151600419086973 -0.002248059653393713 -0.0010257528278082054 -0.0088549508793306173 -0.0018060709133379445 -0.015944377388969356 0.066812059756871836 0.0062842066637704801 -0.015395865669365126 0.22252561658974732 -0.0059841335715852635 0.0043402327635654325 -0.012028754217075718 0.19488325899545844 0.02993591114552855 0.24121292374755685 0.0023015077612092115 0.031966483210231315 0.0070005046641108005 -0.021765203063726635 -0.0049452846448287853 0.035291622307366814 -0.010908282188260876 -0.0034413796002476845 -0.018104201969975323 0.0079632210332135408 0.00593242444233626
leaf_weight=7892.6914589330554 9290.4571358524263 130.07361964695156 1310.4067875444889 2.5232457332313052 3049.4708513356745 5791.3900507539511 520.51970015559345 259.44349483028054 314.0398474726826 2.0207532290369272 14.012267302721739 2.2934280671179295 3.4014817737042886 15.297406082972882 8.0353868249803799 4.4363340623676777 1.7868708223104475 2.3699861383065581 2.663368247449398 4294.3875372614712 74.155984669923782 876.54719332978129 15.861135318875311 815.56128303706646 73.495877727866173 20.729889743030071 500.25337868928909 157.63691584765911 262.34834602475166 902.60324697196484
leaf_count=45537 51153 1330 5401 29 13915 34390 6530 3037 4549 26 150 22 44 157 87 46 19 40 22 22681 558 4557 326 4381 611 179 2922 887 1421 5059
internal_value=-1.02688e-05 -0.000547422 0.000182055 -0.000185396 0.000941022 -0.00199778 -0.00688082 -0.00380433 -0.0150081 0.00452143 0.0385767 0.0869842 0.00180076 0.030194 0.061532 0.10928 0.047382 0.12027 0.165976 0.00213814 0.0035062 0.00894788 -0.00035462 0.000312015 0.0183713 0.0251275 -0.000441506 -0.00388325 -0.00180353 0.00258976
internal_weight=36610.9 27320.5 19427.8 18117.4 11173.1 6944.23 1152.84 836.28 316.563 315.761 23.3598 9.34754 292.401 32.9575 17.6601 9.62469 6.2232 7.05411 4.68412 8123.65 5245.09 950.703 2878.56 2748.49 110.087 94.2258 2638.4 1235.55 1077.91 1402.86
internal_count=210066 158913 113376 107975 58827 49148 14758 10180 4578 3650 260 110 3390 353 196 109 65 88 48 44912 27796 5115 17116 15786 1116 790 14670 6689 5802 7981
is_linear=0
shrinkage=0.05


Tree=97
num_leaves=31
num_cat=0
split_feature=16 8 34 8 20 44 8 16 45 6 13 8 15 14 9 13 26 12 45 35 20 27 10 12 35 4 44 45 44 22
split_gain=11.8642 19.8714 16.9573 15.6569 20.3183 15.5287 19.2886 19.1392 13.7047 18.1769 14.5624 14.4553 13.5632 13.0706 12.9637 21.2916 13.5207 16.0115 13.4066 12.405 11.8994 15.3482 16.0129 14.3273 13.8771 13.7721 15.2098 11.863 11.8133 15.2782
threshold=2.5000000000000004 0.33210000000000006 5.3250000000000011 0.28325000000000006 -1.345 4.2350000000000012 0.35910000000000003 3.5000000000000004 0.41825000000000007 0.20500000000000004 0.34666666666666696 0.20979999999999996 0.012666666666666661 -0.050008333333333342 4.8950000000000005 -0.058333333333333341 0.1000000000000001 0.21515000000000004 0.26835000000000003 0.32010000000000005 0.19000000000000009 -0.14999999999999988 0.22005000000000002 0.30514999999999998 0.33644999999999997 55.500000000000007 7.1850000000000014 0.48285000000000006 6.3650000000000011 -2.0449999999999986
decision_type=2 2 2 2 2 2 2 2 2 2 2 2 2 2 2 2 2 2 2 2 2 2 2 2 2 2 2 2 2 2
left_child=1 -1 3 4 -2 -4 7 8 10 12 11 -7 28 -9 16 -16 19 -18 -17 -6 25 22 -22 -23 -25 26 -15 -26 -10 -30
right_child=2 -3 5 -5 14 6 -8 13 9 -11 -12 -13 -14 20 15 18 17 -19 -20 -21 21 23 -24 24 27 -27 -28 -29 29 -31
leaf_value=0.0072426567680685498 -0.0066565513434682297 0.00058677041261713905 -0.0044440094376271017 -0.0065056129071479913 -0.0042593115615025788 0.024010349867281389 -0.0017505930725184059 -0.0025520964176626837 0.0027043272259500511 0.099082905799479343 0.012428148733566059 -0.00022013724067446026 0.036453300473097278 0.0016801272544889304 0.00049798677234797969 0.038988291832201483 0.035141407307873421 -0.020871817940704519 0.012140669803264595 0.0036787302819785875 0.12665268987051795 -0.0021201340967221603 0.016904450732260996 0.0032504977251829911 0.016886068346339725 -0.0037912908619338898 0.015068225532163058 0.072161798070167815 -0.073658205906365945 0.043716937395882643
leaf_weight=1254.4909905940294 1176.0781625723466 10569.361729025841 1699.8823800487444 2034.1075863018632 856.21349320560694 66.013485848903656 5873.804760498926 2106.350032383576 154.13825386762619 6.6319482550024977 433.58062075823545 910.77931480109692 57.715842798352242 5091.6435257885605 444.73809831961989 61.474422641098499 14.124580813571809 131.88908290490508 190.88343085348606 1157.5308892792091 5.4050023183226577 314.00371496379375 8.6310869455337507 282.45824005454779 282.91200441122055 1152.6192900678143 221.36518837045878 10.051461666822432 3.0184057354927054 34.021188907325268
leaf_count=5828 12067 46978 10850 10828 5245 331 31171 16035 767 32 1942 4603 272 35614 2646 298 95 885 935 7254 30 1957 44 1745 1742 8124 1508 60 15 165
internal_value=-1.02243e-05 0.00129295 -0.000631986 -0.00292912 -0.00112523 0.000112699 0.000567933 0.00179028 0.00673268 0.0173871 0.00480236 0.0014174 0.0152103 0.000921343 0.00115185 0.00708039 -0.000761679 -0.0154534 0.0186808 0.000303596 0.00191418 0.00728915 0.0591662 0.00647047 0.0111583 0.00116312 0.00223794 0.0187826 0.00879711 0.0341519
internal_weight=36605.9 11823.9 24782.1 6067.04 4032.93 18715 17015.1 11141.3 1665.9 255.526 1410.37 976.793 248.894 9475.44 2856.85 697.096 2159.76 146.014 252.358 2013.74 7369.09 903.462 14.0361 889.425 575.422 6465.63 5313.01 292.963 191.178 37.0396
internal_count=210066 52806 157260 40253 29425 117007 106157 74986 8127 1251 6876 4934 1219 66859 17358 3879 13479 980 1233 12499 50824 5578 74 5504 3547 45246 37122 1802 947 180
is_linear=0
shrinkage=0.05


Tree=98
num_leaves=31
num_cat=0
split_feature=44 8 16 13 8 23 22 28 40 33 34 13 24 45 26 0 8 15 14 45 3 0 13 36 22 15 9 13 8 0
split_gain=11.9926 15.0159 19.3138 12.9004 16.2085 13.1344 12.4327 12.2728 13.4255 12.0785 11.3256 16.6502 10.749 11.5764 13.2567 12.0384 12.8609 10.2781 10.2381 11.6324 11.4941 12.9336 12.7772 13.4794 20.4603 12.0389 13.8832 11.1358 13.9188 22.6258
threshold=5.9450000000000012 0.55375000000000008 3.5000000000000004 1.5616666666666672 0.41745000000000004 7.0750000000000011 -2.9049999999999989 1.5000000000000002 1.0000000180025095e-35 0.14500000000000005 5.7950000000000008 0.74666666666666759 0.024999999999999915 0.19454999999999997 -0.010000000000000229 16.500000000000004 0.33450000000000008 -0.0050000000000000175 0.060558333333333304 0.33805000000000002 39.500000000000007 5.5000000000000009 -1.6633333333333327 6.7150000000000007 -1.7899999999999996 -0.0233333333333333 6.3850000000000007 -0.42666666666666647 0.27845000000000003 13.500000000000002
decision_type=2 2 2 2 2 2 2 2 2 2 2 2 2 2 2 2 2 2 2 2 2 2 2 2 2 2 2 2 2 2
left_child=6 2 3 4 5 12 -1 -4 -9 -3 -6 -12 13 14 -2 -16 17 -17 -10 -20 21 22 23 -21 -25 -24 -27 28 -23 -30
right_child=1 9 7 -5 10 -7 -8 8 18 -11 11 -13 -14 -15 15 16 -18 -19 19 20 -22 27 25 24 -26 26 -28 -29 29 -31
leaf_value=-0.009958944116134516 -0.034997373527650338 -0.011465839516521092 0.0063459971334836026 0.015170909433407065 -0.0035522176438753336 0.032313001366673387 -0.00060568884202151681 -0.0061246478815330891 -0.00082786089127575484 0.00047311082926835283 0.00059059999401186113 0.010926422729234359 0.011558711039557946 0.0050144324746950264 0.010633536001070691 -0.039482517394491719 -0.049122676949079319 0.057567233216989082 0.00029206951631529846 -0.019142641551391688 0.0023915739048173952 0.0079605578748506486 0.099383968416228888 0.29123380566060997 0.060246456944042383 0.0059225386261641489 0.088372436767750473 -0.0015099898189542748 0.00059194176516359797 0.069433818456598725
leaf_weight=361.31424273643643 38.30689749866724 415.81937155686319 676.31053379550576 233.2326535731554 996.7149416655302 47.595003627240658 21299.310782176442 985.81463360972703 5270.7789918882772 431.86641186848283 1797.6751452609897 497.47111926972866 598.87488405406475 1596.5355961546302 72.777713946998119 4.6747827008366585 21.035052485764027 6.5513586625456792 752.03124147187918 1.3797461912035931 242.64317447692156 71.942421372979879 5.7159030362963668 1.7241113018244503 2.1594168189913039 27.941253520548344 6.2471708804368964 85.296016581356525 19.696156620979309 30.291470348834991
leaf_count=4727 181 2028 3464 948 4477 236 119363 6271 36469 2001 8800 2117 2707 7780 354 24 102 33 4828 21 1467 630 33 25 37 161 31 445 121 185
internal_value=-1.00589e-05 0.00107978 0.00146858 0.00364606 0.00317268 0.00631022 -0.000761708 -0.000105034 -0.000686471 -0.00538336 0.000898197 0.00283088 0.00578105 0.00379235 -0.00981879 -0.000636357 -0.02606 0.0171538 0.000136046 0.00421003 0.010162 0.0176322 0.0418759 0.1151 0.162794 0.0322178 0.0209884 0.012348 0.0220423 0.0423087
internal_weight=36599.7 14939.1 14091.4 5911.45 5678.21 2386.35 21660.6 8179.97 7503.66 847.686 3291.86 2295.15 2338.76 1739.88 143.346 105.039 32.2612 11.2261 6517.85 1247.07 495.037 252.394 45.1676 5.26327 3.88353 39.9043 34.1884 207.226 121.93 49.9876
internal_count=210066 85976 81947 27759 26811 11417 124090 54188 50724 4029 15394 10917 11181 8474 694 513 159 57 44453 7984 3156 1689 308 83 62 225 192 1381 936 306
is_linear=0
shrinkage=0.05


Tree=99
num_leaves=31
num_cat=0
split_feature=48 40 40 20 44 34 13 8 44 8 13 34 16 8 4 4 21 20 45 8 34 14 15 23 3 14 11 7 13 45
split_gain=11.487 26.135 17.0949 16.505 14.9497 14.5499 16.0097 16.2523 16.2854 15.3327 14.997 14.1198 13.6587 21.2846 14.7465 14.4533 13.1567 22.9378 12.8999 12.5122 12.1244 11.9746 11.7461 11.5571 14.9171 11.4069 11.0579 13.4854 16.0625 12.4311
threshold=3.5000000000000004 1.5000000000000002 1.0000000180025095e-35 -1.3049999999999999 4.8350000000000009 4.3150000000000004 0.99333333333333373 0.22930000000000003 5.205000000000001 0.55375000000000008 -0.79916666666666647 4.4850000000000012 3.5000000000000004 0.34125 57.500000000000007 46.500000000000007 -0.089999999999999969 -2.8049999999999993 0.31915000000000004 0.035849999999999958 5.5850000000000009 -0.024266666666666627 0.015000000000000029 6.9450000000000012 56.500000000000007 -0.2763166666666666 0.44905 1.0000000180025095e-35 -3.232499999999999 0.27455000000000002
decision_type=2 2 2 2 2 2 2 2 2 2 2 2 2 2 2 2 2 2 2 2 2 2 2 2 2 2 2 2 2 2
left_child=5 2 -2 16 -4 21 7 10 20 12 26 18 13 -10 15 22 17 -3 -6 -12 -9 -1 -15 -13 -25 -21 27 28 -7 -29
right_child=1 3 4 -5 11 6 -8 8 9 -11 19 23 -14 14 -16 -17 -18 -19 -20 25 -22 -23 -24 24 -26 -27 -28 29 -30 -31
leaf_value=-0.0072314747137649724 -0.010572129068272006 -0.018340935580807589 -0.0038991948305348309 -0.0030478647920410334 0.012464766294511409 0.031517789083862095 0.0035775537872107135 -0.0066433699970690104 0.0089380933020782854 -0.0078099950472201949 0.084088021949677821 0.013885085726394514 -0.00077308055344717751 -0.013563736649902231 -0.015500918754636684 0.0021709792511039288 -0.014553769617477383 0.20291313893490007 0.062368140542336629 0.06995877906582898 -0.0013720844112636453 -0.00058201103443665764 0.02075989814307537 -0.018202240402816868 0.088782538943230488 0.0048799280448770365 0.0086330962133889678 0.0047107267864423125 0.23703540285000019 -0.0026096692801095014
leaf_weight=1084.8334188731387 130.77833844907582 3.0159374615177512 160.30428380146623 2967.6173962950706 24.932112721726298 16.032003721222285 4004.3410145938396 1540.6064480021596 1042.2121047750115 552.95521013252437 5.0155940279364577 366.31506255827844 7304.9988719448447 233.78643225878477 130.45292983949184 4672.8995724022388 418.74076173454523 1.9153466150164593 26.945798274129629 6.7501254603266707 3736.7288526240736 1801.243168503046 27.90030724555254 49.320890627801418 3.4886965453624716 2698.6002696789801 355.65025438647717 758.17001030035317 1.0106557682156552 2466.9220958929509
leaf_count=6096 749 125 894 18431 136 306 16765 7903 4961 2740 30 2068 41728 1121 625 21850 6095 30 155 43 19097 9727 131 282 20 14965 2928 6970 13 23082
internal_value=-9.86998e-06 -0.00248565 0.00588119 -0.00436584 0.00928958 0.0003071 0.000637995 0.000177303 -0.000544712 0.00034946 0.00237976 0.0137783 0.000685855 0.00243091 0.00109196 0.00153062 -0.0135976 0.0675958 0.038385 0.00518858 -0.00291092 -0.00308145 -0.00990425 0.0107326 -0.0111346 0.00504231 0.000263745 -0.000654342 0.0437053 -0.000888756
internal_weight=36594.5 4153.37 762.085 3391.29 631.307 32441.1 29555 25550.7 19242.5 13965.2 6308.15 471.003 13412.3 6107.25 5065.04 4934.59 423.672 4.93128 51.8779 2710.37 5277.34 2886.08 261.687 419.125 52.8096 2705.35 3597.79 3242.13 17.0427 3225.09
internal_count=210066 28985 4304 24681 3555 181081 165258 148493 100156 73156 48337 2661 70416 28688 23727 23102 6250 155 291 15038 27000 15823 1252 2370 302 15008 33299 30371 319 30052
is_linear=0
shrinkage=0.05


Tree=100
num_leaves=31
num_cat=0
split_feature=4 28 40 28 40 48 2 0 3 20 45 47 47 31 8 44 9 34 10 45 22 20 35 1 22 15 7 26 3 15
split_gain=11.2307 13.4771 13.3816 21.1969 17.765 15.9238 13.4546 14.5165 13.9737 13.6362 13.4335 13.3527 12.1955 15.2557 12.0146 12.0108 12.7838 12.6172 12.5271 11.9348 11.8403 13.2937 13.1329 12.5347 11.6498 12.0302 14.8227 11.4881 12.1919 11.4419
threshold=49.500000000000007 2.5000000000000004 1.0000000180025095e-35 1.5000000000000002 2.5000000000000004 2.5000000000000004 3.5000000000000004 3.5000000000000004 39.500000000000007 2.8550000000000009 0.54640000000000011 1.5000000000000002 3.5000000000000004 3.5000000000000004 0.47635 6.5850000000000009 7.2150000000000007 7.2550000000000008 0.78020000000000012 0.11294999999999997 2.1100000000000012 0.62000000000000044 0.46685000000000004 2.5000000000000004 0.09999999999999977 0.023333333333333362 5.7150000000000007 0.13000000000000037 25.500000000000004 0.026666666666666682
decision_type=2 2 2 2 2 2 2 2 2 2 2 2 2 2 2 2 2 2 2 2 2 2 2 2 2 2 2 2 2 2
left_child=1 -1 3 -2 10 -6 7 -7 -9 14 12 -5 15 -14 -8 18 -17 -18 24 -11 21 22 -13 -23 25 26 -4 28 -12 -26
right_child=2 -3 4 11 5 6 9 8 -10 19 27 20 13 -15 -16 16 17 -19 -20 -21 -22 23 -24 -25 29 -27 -28 -29 -30 -31
leaf_value=0.0022382465538374361 0.0018315793086882545 -0.0038810749587644515 0.00088054908892269386 -0.00062307244188845748 0.00085265820711446128 0.004418178861164245 0.0048708967710400066 -0.0023323818931857737 -0.0094690525188378099 0.081057488181753651 0.051368254136500174 -0.0066406203295932961 -0.0007112521591178143 0.0094854635894040685 -0.0054280036451202001 0.0093330270655749611 -0.012452890273225724 0.015717986639520894 0.049507425716153297 0.01187128450462344 -0.018909037782734783 0.0071911356969207394 -0.023755757496009423 -0.0062043238912822532 0.0055656144159630071 0.011305539210675513 -0.0083679315009793018 0.069832231918737678 0.0084155950688327794 -0.0048421871052724509
leaf_weight=1214.5040752626956 2662.5752361230552 3472.0235409690067 2407.3363384064287 1775.6827398315072 7855.7028255620971 384.92378042079508 530.76276491209865 1352.9758599316701 1391.156755220145 6.4769179672002783 17.851782657206059 1346.5428298301995 4780.1447379812598 397.30813048034906 607.08517469465733 1203.5562676899135 139.96277152001858 55.510670304298401 13.997841283679007 165.71663697063923 174.31517960131168 340.03448712080717 122.25994504056871 359.03601770102978 2535.0289792902768 221.29209810495377 528.31518753618002 8.7858077343553287 221.58739067614079 294.77628967165947
leaf_count=6123 12721 22652 14027 9731 48194 3118 3095 12444 10607 27 114 8305 23584 2364 3248 6025 623 254 59 695 782 1578 773 1776 11128 1315 2359 47 1067 1231
internal_value=-9.75173e-06 -0.00229527 0.000326013 -0.00164508 0.00085805 -0.0005 -0.00289375 -0.00467487 -0.00595037 0.00136049 0.00215991 -0.00389306 0.00193258 7.12249e-05 -0.000623959 0.00323493 0.00740685 -0.00445291 0.00226227 0.0144737 -0.00637213 -0.00536406 -0.00806525 0.000311354 0.00215181 6.35738e-05 -0.000783856 0.0136785 0.011618 0.00448145
internal_weight=36587.2 4686.53 31900.7 6780.45 25120.3 12294.8 4439.1 3129.06 2744.13 1310.04 12825.5 4117.87 12577.2 5177.45 1137.85 7399.78 1399.03 195.473 6000.75 172.194 2342.19 2167.87 1468.8 699.071 5986.75 3156.94 2935.65 248.225 239.439 2829.81
internal_count=210066 28775 181291 35666 145625 81428 33234 26169 23051 7065 64197 22945 62969 25948 6343 37021 6902 877 30119 722 13214 12432 9078 3354 30060 17701 16386 1228 1181 12359
is_linear=0
shrinkage=0.05


Tree=101
num_leaves=31
num_cat=0
split_feature=17 5 2 27 12 9 42 9 8 7 23 9 40 22 26 4 3 46 34 0 3 7 45 8 13 3 9 48 34 44
split_gain=11.1973 12.4857 14.7959 12.7209 14.5172 13.5975 13.796 12.2913 11.7803 22.3796 13.5623 12.3866 11.5873 13.2043 11.786 13.8783 12.2077 11.7831 12.2167 11.6938 11.1256 11.1117 10.6537 10.5213 11.5285 12.2413 11.4587 11.8134 12.0156 11.4445
threshold=5.5000000000000009 1.0000000180025095e-35 1.5000000000000002 0.06000000000000006 0.15170000000000003 2.3650000000000007 3.5000000000000004 7.4450000000000012 0.13689999999999999 4.4350000000000014 7.1050000000000013 4.6950000000000012 2.5000000000000004 1.0000000000000009 -0.10999999999999986 53.500000000000007 42.500000000000007 6.8250000000000011 6.9150000000000009 19.500000000000004 47.500000000000007 4.3750000000000009 0.29400000000000004 0.34945000000000004 -0.21666666666666742 51.500000000000007 5.8850000000000007 1.0000000180025095e-35 4.1550000000000011 5.1450000000000005
decision_type=2 2 2 2 2 2 2 2 2 2 2 2 2 2 2 2 2 2 2 2 2 2 2 2 2 2 2 2 2 2
left_child=1 2 -1 8 5 6 -5 -2 9 10 -4 12 13 14 15 16 19 18 21 -10 -7 -16 -18 24 29 -26 -25 -28 -29 -13
right_child=7 -3 3 4 -6 20 -8 -9 11 -11 -12 23 -14 -15 17 -17 22 -19 -20 -21 -22 -23 -24 26 25 -27 27 28 -30 -31
leaf_value=-0.0075228798483919796 -0.0025776125111503286 0.0017300327460639368 0.0058878095045861046 0.028049216238003147 -0.0042686389186120622 0.016187651572126063 0.14246734056710014 0.008000692465419134 0.0060484632212132053 0.12475029502039406 0.093813509174897766 -0.0067378336700539831 -0.0049902581350987326 0.007495596025800866 0.004669285316823253 -0.01080849053059646 0.01000184176778718 -0.0058904309900834765 0.014179240644820469 0.072240972832518499 -0.011891238453347565 -0.0044241822208655312 0.094971049287518122 -0.0027496509356741711 0.0083147851257316368 -0.0011891278160690352 -0.0021155398693214682 -0.011296105217918771 0.0038205314091283786 0.0027012669929216133
leaf_weight=698.67697936948389 5426.5915739089251 10878.325436503626 575.98263096995652 9.5828687436878663 2513.3114740811288 104.4854755140841 3.6334324777126303 289.24040921777487 42.710425660014153 4.0328909531235686 4.4193769656121722 425.96523763611913 1888.1724907308817 490.16819060593843 572.36572097241879 33.657734267413616 5.5971352010965374 1139.552960306406 153.94163430482149 7.9076851010322562 53.260364130139351 813.28623496741056 10.821626067161558 2479.0933512486517 1418.7884661108255 445.10976126044989 1570.7099645659328 137.31991718709469 3077.7837727740407 1304.7680402137339
leaf_count=9999 32888 61367 4507 63 14134 556 24 1392 224 30 34 2663 13284 2210 3345 170 29 6146 863 39 312 4136 55 12010 6839 2160 6931 598 14928 8130
internal_value=-9.53222e-06 0.000366934 -0.00037503 -0.000116089 -0.00330962 0.0107888 0.0595051 -0.00204231 0.000400249 0.0073729 0.00655731 0.000145839 -0.00187161 -7.08385e-05 -0.00140502 0.0153884 0.0285412 -0.0020362 0.000816571 0.0163892 0.00670726 -0.00066798 0.0660052 0.00110411 0.00331663 0.0060452 9.36673e-06 0.00143856 0.00317489 0.000378131
internal_weight=36579.3 30863.4 19985.1 19286.4 2684.27 170.962 13.2163 5715.83 16602.2 584.435 580.402 16017.7 5158.18 3270.01 2779.84 100.695 67.0369 2679.15 1539.59 50.6181 157.746 1385.65 16.4188 10859.5 3594.63 1863.9 7264.91 4785.81 3215.1 1730.73
internal_count=210066 175786 114419 104420 15089 955 87 34280 89331 4571 4541 84760 30501 17217 15007 517 347 14490 8344 263 868 7481 84 54259 19792 8999 34467 22457 15526 10793
is_linear=0
shrinkage=0.05


Tree=102
num_leaves=31
num_cat=0
split_feature=13 8 34 20 16 44 24 8 16 9 22 12 20 14 26 44 8 8 13 46 34 12 2 19 40 22 4 40 20 2
split_gain=10.7667 14.1347 17.1214 16.7363 15.0081 19.9556 13.133 13.0316 17.202 13.0636 21.5419 12.9186 15.3028 13.8634 12.8656 21.3094 13.5845 11.9971 16.5315 12.8859 12.861 16.5554 13.6549 12.034 11.8699 11.7511 11.7424 11.4465 11.3303 11.2577
threshold=1.9291666666666669 0.49840000000000007 5.3250000000000011 -1.345 3.5000000000000004 6.1850000000000014 0.11833333333333453 0.25310000000000005 2.5000000000000004 4.8950000000000005 -0.34500000000000014 0.32225000000000004 -2.0849999999999986 0.10028333333333332 -0.029999999999999801 7.1950000000000012 0.39735000000000004 0.38800000000000001 0.31333333333333285 7.2150000000000007 6.7350000000000012 0.48085000000000006 3.5000000000000004 -1.0000000180025095e-35 -1.4999999999999998 0.55999999999999994 53.500000000000007 4.5000000000000009 0.27000000000000018 3.5000000000000004
decision_type=2 2 2 2 2 2 2 2 2 2 2 2 2 2 2 2 2 2 2 2 2 2 2 2 2 2 2 2 2 2
left_child=1 2 3 24 5 6 17 9 -9 28 -11 -7 -13 25 -6 16 -16 18 -4 23 21 22 -19 29 -1 -14 -25 -26 -5 -20
right_child=-2 -3 4 7 14 11 -8 8 -10 10 -12 12 13 -15 15 -17 -18 20 19 -21 -22 -23 -24 26 27 -27 -28 -29 -30 -31
leaf_value=-0.021740587116715261 0.0058718451761614714 -0.0030531740927996747 -0.00039573056620547927 0.0024437272251568512 0.0025106023099230068 0.010899984111913784 -0.023306928902951177 0.00036220372980263067 -0.0052011861201696069 -0.0017745668508526498 0.018730473428406849 0.059747332254590016 -0.0025188062624276978 0.020279411319656711 -0.00092536005999961646 0.0081955525412303731 -0.0068932571762128124 -0.0061637972513612777 0.00017585144594343234 0.073354630438657684 0.0046394799325707821 0.01966160543500978 0.0012200358331196154 0.014059843609317477 -0.0036605371520790162 0.0076293965419204982 0.0027614017820274451 -0.01964929047783575 -0.0068393345814296586 0.0211616656901999
leaf_weight=119.63294719532132 761.98626090586185 3717.5317616146058 1501.3095780834556 1525.5142180072144 3453.1037581590936 976.01888597011566 54.411239713430405 3222.1951446533203 2442.8015572838485 235.25010204315186 281.17945562303066 11.910237535834311 755.80243547260761 104.633639536798 8256.0296598300338 588.44572508987039 1078.0598217099905 1510.519184961915 758.37519487738609 7.216440111398696 858.43595784902573 82.416201889514923 1069.4199085310102 652.74044404178858 1123.6001356374472 458.19424960762262 355.04935793578625 124.32528607454151 418.97709288075566 69.786351710557938
leaf_count=836 3094 17392 7713 9620 23286 4579 245 14505 13110 1306 1551 58 3724 477 57546 3736 6062 7024 3467 32 3930 373 4705 2912 9625 2021 1590 2768 2475 304
internal_value=-9.35489e-06 -0.000134488 0.000203576 -0.0015783 0.000952019 0.00250336 0.00116081 -0.000717064 -0.00203678 0.00232091 0.00938977 0.006531 0.00332612 0.00281651 -0.000118061 -0.00103285 -0.00161463 0.00135473 0.00349928 0.00667187 -0.000682424 -0.00239839 -0.0031031 0.00640977 -0.00669571 0.00131139 0.0100793 -0.00525343 0.000443518 0.00194425
internal_weight=36574.9 35812.9 32095.4 9493.48 22601.9 9226.24 6919.68 8125.92 5665 2460.92 516.43 2306.56 1330.54 1318.63 13375.6 9922.54 9334.09 6865.27 3344.48 1843.17 3520.79 2662.36 2579.94 1835.95 1367.56 1214 1007.79 1247.93 1944.49 828.162
internal_count=210066 206972 189580 55796 133784 43154 32295 42567 27615 14952 2857 10859 6280 6222 90630 67344 63608 32050 16018 8305 16032 12102 11729 8273 13229 5745 4502 12393 12095 3771
is_linear=0
shrinkage=0.05


Tree=103
num_leaves=31
num_cat=0
split_feature=14 11 20 14 18 24 43 27 2 8 3 3 4 7 8 15 44 24 13 40 44 2 20 9 36 48 8 13 22 19
split_gain=10.647 10.1276 10.7423 10.7807 12.2988 15.4004 14.5573 10.2496 10.0677 10.3331 11.3117 9.97383 11.4313 12.8844 12.4231 13.973 16.2618 13.4491 14.6733 13.4859 13.4196 15.7048 13.217 13.0595 12.8282 14.7783 12.5758 16.2323 12.3294 12.8069
threshold=-0.088458333333333347 0.20945 4.8450000000000015 -0.14748333333333338 2.5000000000000004 0.10666666666666604 0.14500000000000005 0.064999999999999961 3.5000000000000004 0.48185000000000006 33.500000000000007 51.500000000000007 50.500000000000007 1.175 0.35375000000000001 0.013333333333333352 3.7350000000000008 0.023333333333333876 0.31333333333333285 1.0000000180025095e-35 6.2250000000000005 3.5000000000000004 2.5850000000000013 6.7550000000000008 7.0750000000000011 1.0000000180025095e-35 0.54955000000000009 0.25999999999999918 1.3100000000000001 0.15500000000000005
decision_type=2 2 2 2 2 2 2 2 2 2 2 2 2 2 2 2 2 2 2 2 2 2 2 2 2 2 2 2 2 2
left_child=1 2 3 -1 6 -6 -5 -8 9 -3 -11 12 28 -14 15 16 -15 19 -19 23 21 -16 -17 -18 25 -23 27 -22 29 -2
right_child=11 8 -4 4 5 -7 7 -9 -10 10 -12 -13 13 14 20 22 17 18 -20 -21 26 24 -24 -25 -26 -27 -28 -29 -30 -31
leaf_value=-0.0033143763003831584 -0.0030106161684396882 -0.006482879428492132 -0.050532689384072307 0.032970029505861524 -0.0015344827204393638 0.082612011435338251 0.0098918099897943659 -0.015437742908446454 0.001019526269136428 0.001612210742338818 -0.04528801673792452 -0.0018144689423884375 -0.033569348475844557 -0.0075976083720573897 -0.0035050963891026508 0.0074388961669343253 -0.0039730624308659005 0.0038652573303022374 0.015925901426770302 0.0020956904769581868 0.00027766600385489528 -0.0034819759731476024 -0.020567836336495331 0.039537640596375719 -0.02536102962617727 0.0040819072552898648 -0.0046969618003282892 0.0064832755689227771 0.0036419998889811438 0.030006686164415194
leaf_weight=1071.9773534899577 3925.4602919081226 1297.8567794971168 10.499417200684546 61.410052095539868 582.1333569213748 5.4887732136994591 306.30887864716351 45.92691386025399 482.97483823075891 20.06026696972549 35.800097048282623 4815.7254046201706 26.74049125239253 454.63496865518391 3867.8609393946826 1556.176123435609 1379.121071530506 2106.0870964089409 286.49601732194424 5283.5026883818209 2414.8593994192779 943.2964578345418 43.297791890799999 17.463809594511986 44.457981154322624 2047.325897924602 608.29714914411306 1869.656405761838 927.35960254818201 29.5912851896137
leaf_count=6430 25513 8439 44 337 3786 31 1659 252 2336 99 171 27576 1241 2752 18432 9668 8371 12794 1239 36403 13247 4021 216 87 191 9040 2945 8378 4195 173
internal_value=-9.16856e-06 -0.00247118 -8.52804e-05 0.000170198 0.00390085 -0.0007485 0.0105057 0.00658917 -0.00517801 -0.00738915 -0.0284455 0.00028648 0.000650008 0.0011174 0.00115786 0.00235635 0.00163035 0.00209277 0.00530944 0.000940666 2.73494e-05 -0.00139249 0.00668075 -0.00342898 0.00129979 0.00169612 0.0020305 0.00298564 -0.00154691 -0.00276358
internal_weight=36567.8 3920.44 2083.74 2073.25 1001.27 587.622 413.646 352.236 1836.69 1353.72 55.8604 32647.4 27831.7 22949.3 22922.5 11126.8 9527.31 9072.67 2392.58 6680.09 11795.8 6902.94 1599.47 1396.58 3035.08 2990.62 4892.81 4284.52 4882.41 3955.05
internal_count=210066 23584 12539 12495 6065 3817 2248 1911 11045 8709 270 186482 158906 129025 127784 71530 61646 58894 14033 44861 56254 31684 9884 8458 13252 13061 24570 21625 29881 25686
is_linear=0
shrinkage=0.05


Tree=104
num_leaves=31
num_cat=0
split_feature=48 40 40 20 44 34 48 48 34 28 8 13 3 14 7 18 14 34 3 34 26 9 35 21 20 44 45 8 27 11
split_gain=10.1564 22.7933 14.9583 14.6588 13.2225 12.6442 14.9406 26.2121 25.6192 17.3536 18.0064 17.1161 15.7951 14.0261 13.4258 12.8074 13.9359 12.5273 12.4495 22.1069 11.9576 15.7926 11.7259 11.4573 16.8104 17.579 11.155 11.0461 19.6918 16.6032
threshold=3.5000000000000004 1.5000000000000002 1.0000000180025095e-35 -1.3049999999999999 4.8350000000000009 5.0050000000000008 1.0000000180025095e-35 1.5000000000000002 7.5850000000000009 2.5000000000000004 0.46615000000000001 0.6883333333333338 27.500000000000004 -0.082416666666666749 7.3050000000000006 3.5000000000000004 -0.14140833333333333 4.4850000000000012 26.500000000000004 7.3650000000000011 -0.060000000000000046 1.135 0.44419999999999998 -0.089999999999999969 -3.0949999999999993 4.9750000000000005 0.31915000000000004 0.26875000000000004 -1.0000000180025095e-35 0.34385000000000004
decision_type=2 2 2 2 2 2 2 2 2 2 2 2 2 2 2 2 2 2 2 2 2 2 2 2 2 2 2 2 2 2
left_child=5 2 -2 23 -4 -1 9 8 13 10 12 14 -7 18 15 -9 -17 26 19 -8 21 -11 -15 24 -3 -26 -6 28 29 -19
right_child=1 3 4 -5 17 6 7 11 -10 20 -12 -13 -14 22 -16 16 -18 27 -20 -21 -22 -23 -24 -25 25 -27 -28 -29 -30 -31
leaf_value=-0.0016264659698652492 -0.0099990218102468144 -0.03146121650028013 -0.0038014990520668043 -0.002867822878143602 0.011652400161745242 -0.0041974775792509881 0.010217881998573226 0.0013627901132761972 0.02335570462858319 0.030896099643699278 -0.0045651096907375404 0.0042147004494750501 0.0034065674463953457 0.0038785282144185558 -0.016497527885724724 -0.01988262186562733 -0.0023911031365308304 0.09694643654855184 -0.0051733089117808806 0.14164313541713983 -0.0042575753109340246 0.00091274277752216343 0.011729852212395357 -0.013802291030261513 0.017657999987908939 0.27541658936229058 0.057717666675001555 0.0046825561242895873 0.0112114642356974 0.02268765718788374
leaf_weight=6807.4772427603602 129.92356403172016 2.5126170376315713 160.08912349492311 2959.9831967446953 25.067415544763207 805.48497639596462 77.989591766148806 3383.8432264886796 171.85568486899137 47.2796466415748 1186.6266210377216 1932.9095054864883 4488.2606390975416 4740.2122984044254 138.98263108730316 118.12029448337853 3166.6565928328782 14.187860265374185 632.09570840373635 3.3365930151194325 3575.0542284958065 617.49343122728169 528.58560049068183 412.33679176401347 1.2971134670078748 1.3498041750863192 27.62465719692409 296.30033814534545 94.99526334181428 16.033946540206671
leaf_count=37803 749 109 894 18431 136 4380 636 21465 922 316 5180 8385 22046 25814 732 918 23055 92 3442 24 19908 3158 2897 6095 23 23 155 1433 747 98
internal_value=-8.96059e-06 -0.00234052 0.00545725 -0.00410492 0.00862317 0.000288879 0.000797907 0.00182237 0.0043221 -0.000625475 0.00100171 6.23406e-05 0.00224955 0.00377531 -0.00111666 -0.000796098 -0.0030201 0.0128176 -0.00280414 0.0156099 -0.00311255 0.0030452 0.0046662 -0.0128758 0.0611708 0.149103 0.0358028 0.00994434 0.0223953 0.057549
internal_weight=36564 4141.7 764.222 3377.48 634.299 32422.3 25614.8 14894.6 6154.08 10720.2 6480.37 8740.51 5293.75 5982.22 6807.6 6668.62 3284.78 474.209 713.422 81.3262 4239.83 664.773 5268.8 417.496 5.15953 2.64692 52.6921 421.517 125.217 30.2218
internal_count=210066 28985 4304 24681 3555 181081 143278 88290 33735 54988 31606 54555 26426 32813 46170 45438 23973 2661 4102 660 23382 3474 28711 6250 155 46 291 2370 937 190
is_linear=0
shrinkage=0.05


Tree=105
num_leaves=31
num_cat=0
split_feature=5 4 25 40 44 13 8 16 27 27 21 9 15 9 8 48 8 18 44 23 14 35 19 7 33 34 34 22 46 42
split_gain=10.1171 12.4072 11.1007 11.0976 10.707 10.7158 11.078 20.172 14.8393 16.6762 12.8652 12.3719 12.2486 11.9397 12.2436 11.7704 11.2747 11.0868 12.7232 12.3266 10.9423 10.7287 10.4738 10.8172 12.521 23.9994 10.4562 13.0015 10.2096 10.1001
threshold=1.0000000180025095e-35 48.500000000000007 5.5000000000000009 -2.4999999999999996 4.1550000000000011 1.9291666666666669 0.33025000000000004 2.5000000000000004 -0.21000000000000038 -0.26500000000000007 0.025000000000000012 4.9150000000000009 0.038333333333333316 5.5850000000000009 0.52510000000000012 1.0000000180025095e-35 0.22615000000000005 4.5000000000000009 6.1750000000000007 6.8650000000000011 0.062933333333333383 0.32315000000000005 1.0000000180025095e-35 1.6150000000000004 0.12500000000000003 6.8450000000000006 6.0750000000000011 -1.3599999999999999 6.6750000000000007 3.5000000000000004
decision_type=2 2 2 2 2 2 2 2 2 2 2 2 2 2 2 2 2 2 2 2 2 2 2 2 2 2 2 2 2 2
left_child=1 -1 4 -4 -3 6 7 12 9 -9 13 16 21 29 15 -15 17 18 22 20 -19 -6 23 24 25 -10 -17 -28 -23 -8
right_child=-2 2 3 -5 5 -7 10 8 11 -11 -12 -13 -14 14 -16 26 -18 19 -20 -21 -22 28 -24 -25 -26 -27 27 -29 -30 -31
leaf_value=-0.0040738734016099809 0.0011207049806134899 -0.0035328266410768229 0.010626554930646789 -0.0034567608388072846 0.023664704307554001 0.0099863566674238246 -0.0051305120011854825 -0.031198303873718244 -0.051148584699919397 0.06999411337757569 -0.0067963468887642783 0.0043973286610583459 -0.035839831881408955 -0.0011927245312557651 -0.0039371473483456633 0.00068572997431211595 -0.0029175839614818512 -0.0013112558351455925 0.012890457620941887 -0.0097476928696488864 0.013051334531547047 -0.026755391812370816 -0.0049586752394951677 0.0069539103021183006 -0.031205913755022283 0.44933511580633367 -0.040254207219961813 0.0071825809341205171 0.010502146062973398 0.0014724947920853795
leaf_weight=2344.8322702236474 12852.844131456688 1689.9288118882105 146.13140825554729 3270.7021664455533 174.37305288761854 301.55519080162048 1718.2874328289181 5.5305688809603479 0.59850418940186756 15.431025683879851 792.21188224665821 2055.0970005430281 12.463778868317602 1549.9428842738271 947.17809914052486 1220.4805252328515 2153.0565410032868 637.61839978024364 372.04133948590606 334.16578830592334 167.43494226504117 20.401305697858334 348.0636262120679 664.95897323824465 26.993017151020467 0.39935995545238256 14.571183122694491 1661.0162707753479 186.27203182131052 873.5709031932056
leaf_count=14811 73182 9330 823 21210 796 1223 8429 32 30 83 3802 11553 56 6908 4392 5660 12840 5254 3072 2815 1263 96 2502 4721 1243 16 82 8500 861 4481
internal_value=-8.90828e-06 -0.000621376 -0.000242381 -0.00285444 0.000255009 0.000648838 0.000472324 0.00192967 0.00129103 0.0432952 -0.000718971 0.00116079 0.0129354 -0.000116023 0.00122431 0.0023239 -0.000252797 0.00199517 0.00495409 -0.00167499 0.00167587 0.0145308 0.00211777 0.00567221 -0.0247762 0.149152 0.00420596 0.00677006 0.00682435 -0.00290501
internal_weight=36558.2 23705.3 21360.5 3416.83 17943.6 16253.7 15952.2 7174.9 6781.39 20.9616 8777.26 6760.43 393.51 7985.05 5393.19 4446.01 4705.33 2552.27 1413.05 1139.22 805.053 381.046 1041.01 692.95 27.9909 0.997864 2896.07 1675.59 206.673 2591.86
internal_count=210066 136884 122073 22033 100040 90710 89487 47233 45424 115 42254 45309 1809 38452 25542 21150 33756 20916 11584 9332 6517 1753 8512 6010 1289 46 14242 8582 957 12910
is_linear=0
shrinkage=0.05


Tree=106
num_leaves=31
num_cat=0
split_feature=28 47 47 0 40 28 39 8 2 13 8 22 20 7 3 40 44 9 44 15 25 7 13 45 48 8 2 6 34 35
split_gain=9.71635 20.2107 17.7366 17.5504 14.7639 14.67 12.9948 12.7722 12.6597 12.5927 15.0897 16.5513 13.9341 16.195 13.5475 19.6053 15.0025 14.3686 13.7355 13.8365 13.0576 12.8303 15.532 12.9974 12.3458 13.7529 12.1638 17.932 13.6579 12.2974
threshold=5.5000000000000009 3.5000000000000004 4.5000000000000009 21.500000000000004 1.0000000180025095e-35 1.5000000000000002 -3.4999999999999996 0.54465000000000008 3.5000000000000004 1.3100000000000003 0.34455000000000008 -1.8749999999999998 0.3000000000000001 4.7150000000000007 39.500000000000007 1.5000000000000002 6.3150000000000004 5.4050000000000011 6.5450000000000008 0.036666666666666667 4.5000000000000009 3.9150000000000005 0.70333333333333348 0.35885000000000006 2.5000000000000004 0.25985000000000008 2.5000000000000004 0.13500000000000004 6.1450000000000005 0.35505000000000003
decision_type=2 2 2 2 2 2 2 2 2 2 2 2 2 2 2 2 2 2 2 2 2 2 2 2 2 2 2 2 2 2
left_child=2 3 4 8 6 -4 7 -1 -2 10 11 12 13 24 18 16 20 -17 -13 -20 21 -16 -23 -24 25 -6 27 -12 -29 -30
right_child=1 -3 5 -5 9 -7 -8 -9 -10 -11 26 14 -14 -15 15 17 -18 -19 19 -21 -22 22 23 -25 -26 -27 -28 28 29 -31
leaf_value=0.0063057693689689918 -0.0045506772543155716 0.0024100666766378176 0.0034413615013337627 -0.01275898515011941 0.0014661260778915015 -0.0030680876140985942 -0.0022423050376535309 -0.029911546862485844 0.0022788317054082455 0.0057586184123453498 -0.028008835311359365 0.004367317496949857 -0.019080970888574623 0.018731126251321624 0.025768111890759688 -0.0028671864268409683 0.019113567023803697 0.0054779907351686918 0.012209425880494517 0.079946419945829364 -0.0033724486429621853 0.0033267630336756265 0.014929418374652049 0.07482571240843687 -0.013926263073232451 -0.02496873165604872 0.00047587120690096153 -0.0079775830152133322 -0.0035422928041054132 0.012018964008850457
leaf_weight=682.17594462633133 2456.2786390986294 1845.1607379755005 1033.5264249257743 493.09655464440584 786.52461086586118 5324.7154160346836 4833.0769620146602 25.243745476007462 937.55488557368517 1674.383050352335 78.362782411277294 3521.8584232050925 118.53114663809538 94.696952633559704 91.6552479788661 2182.1740008536726 202.07133936136961 675.46012632548809 488.22339246608317 7.6572572868317357 365.54096093028784 527.37193197757006 26.214693784713745 13.838444530963896 203.10087455436587 52.4851089194417 6599.8737013116479 687.29539984837174 315.71443956717849 212.35245248302817
leaf_count=3269 23216 15094 4954 4288 6363 28505 25989 108 5163 6828 373 19695 741 547 503 13128 1056 3557 2845 45 1955 2520 108 57 2171 324 30744 3314 1543 1063
internal_value=-8.77568e-06 -0.00189907 0.000342746 -0.00394466 0.000954178 -0.00200998 -0.00131589 0.00501338 -0.00266401 0.00161875 0.00121693 0.00257513 -0.00276713 -0.00106614 0.00340287 0.00137503 0.00666231 -0.000894634 0.00546431 0.0132554 0.00420672 0.0084103 0.00560653 0.0356237 -0.00286513 -0.000187533 -0.00039313 -0.0048263 -0.00333156 0.00271538
internal_weight=36556.2 5732.09 30824.1 3886.93 24465.9 6358.24 5540.5 707.42 3393.83 18925.4 17251 9357.4 1255.34 1136.81 8102.07 4084.33 1226.69 2857.63 4017.74 495.881 1024.62 659.08 567.425 40.0531 1042.11 839.01 7893.6 1293.73 1215.36 528.067
internal_count=210066 47761 162305 32667 128846 33459 29366 3377 28379 99480 92652 55615 10146 9405 45469 22884 6199 16685 22585 2890 5143 3188 2685 165 8858 6687 37037 6293 5920 2606
is_linear=0
shrinkage=0.05


Tree=107
num_leaves=31
num_cat=0
split_feature=44 13 21 34 17 23 8 16 8 36 9 43 15 3 10 9 10 13 36 42 8 16 20 30 8 27 28 45 34 41
split_gain=9.59035 10.6937 11.9201 11.4812 9.77342 9.9856 9.77685 16.6732 11.8918 11 10.5933 11.0406 10.6923 10.4492 9.90506 9.82753 11.0471 9.63322 9.48289 9.33763 9.32805 15.845 12.1862 11.2522 10.8599 14.6149 13.8441 13.2823 13.21 13.141
threshold=5.4150000000000009 2.3658333333333341 0.050000000000000003 3.7650000000000001 1.5000000000000002 6.5950000000000006 0.46800000000000003 2.5000000000000004 0.31305000000000005 7.0950000000000006 7.0950000000000006 0.18500000000000003 -0.022666666666666651 47.500000000000007 0.56615000000000015 5.995000000000001 0.16100000000000003 -2.7991666666666659 6.8250000000000011 1.5000000000000002 0.41745000000000004 3.5000000000000004 1.3400000000000003 -3.4999999999999996 0.22930000000000003 -0.16500000000000001 1.5000000000000002 0.23819999999999994 5.8950000000000005 3.5000000000000004
decision_type=2 2 2 2 2 2 2 2 2 2 2 2 2 2 2 2 2 2 2 2 2 2 2 2 2 2 2 2 2 2
left_child=1 2 4 -3 5 -1 7 8 14 10 -10 12 -12 -11 15 16 19 -2 -5 -6 21 -19 23 -22 25 -23 -27 -28 29 -26
right_child=17 3 -4 18 6 -7 -8 -9 9 13 11 -13 -14 -15 -16 -17 -18 20 -20 -21 22 24 -24 -25 28 26 27 -29 -30 -31
leaf_value=-0.023767113861630884 -0.014285543234056553 -0.030275467800772768 -0.0070765251900096904 0.029482223020995343 -0.039999460350218383 0.002354837021534583 -0.0053013717795819641 -0.0022569849711148531 0.00015488799349111027 -0.04043306205289067 -0.058117553937058655 0.035705455453990814 0.009109862459994433 0.040095259529321997 0.067909221381060134 -0.014164371941644383 0.013704156351616021 0.004275620784496878 0.00093973627919384474 0.0019974860391853487 -0.04242010760669309 0.033030689037072111 0.0031118143788085454 -0.0015934695184531178 -0.00063954617466990956 0.011380522433101906 0.0087932653879010097 -0.00014269418462044647 0.00098823007030583786 -0.0082896524968576624
leaf_weight=37.107509643770754 107.05781174544245 13.726863786578177 788.84399369731545 72.1953344643116 14.631667748093603 2598.177638746798 1401.6729688812047 6892.0805142233148 2535.5131624415517 27.253579527139667 6.2116739451885215 40.820528969168663 123.63498900830746 4.7270217686891547 6.8880685567855826 47.765860140323639 413.29562896490097 3801.9587601721287 48.750480219721794 138.70936614274979 16.924946323037148 39.196672091260552 1680.6045574694872 5935.9202042687684 1368.6405406668782 377.52059392258525 492.61971407104284 2668.177785532549 3895.8630107529461 951.68640114367008
leaf_count=194 3771 56 5041 293 66 14350 6053 45633 11503 122 27 177 540 22 32 220 1942 18069 198 658 85 236 7372 29278 8306 2100 3810 21036 23333 5543
internal_value=-8.65455e-06 -0.000967877 -0.00109317 0.0130591 -0.000762837 0.00198701 -0.00138469 -0.000849175 0.00203902 0.000621991 0.000966501 0.0130242 0.0058938 -0.0285302 0.00828416 0.0076157 0.0094517 0.00067524 0.0179774 -0.00200983 0.000750687 0.00153603 -0.00064806 -0.00170955 0.00047251 0.00266724 0.00233088 0.00125 -0.000790589 -0.00377725
internal_weight=36548.2 15212 15077.3 134.673 14288.5 2635.29 11653.2 10251.5 3359.45 2738.16 2706.18 170.667 129.847 31.9806 621.291 614.403 566.637 21336.2 120.946 153.341 21229.1 13595.7 7633.45 5952.85 9793.7 3577.51 3538.32 3160.8 6216.19 2320.33
internal_count=210066 87127 86580 547 81539 14544 66995 60942 15309 12391 12247 744 567 144 2918 2886 2666 122939 491 724 119168 82433 36735 29363 64364 27182 26946 24846 37182 13849
is_linear=0
shrinkage=0.05


Tree=108
num_leaves=31
num_cat=0
split_feature=34 24 13 8 13 44 10 48 24 7 20 11 15 7 34 8 44 6 40 21 8 2 44 34 13 2 8 35 11 27
split_gain=9.7414 13.1462 12.5534 13.5733 26.101 14.8038 14.1538 14.0277 15.0612 18.9242 29.8959 14.4527 14.1035 13.7729 13.4332 11.9993 11.8678 11.7673 11.6191 11.5857 14.8221 19.0319 13.5085 12.2248 11.4972 11.4513 11.2068 13.7145 11.504 11.09
threshold=4.285000000000001 0.11333333333333374 0.99333333333333373 0.26505000000000006 -0.79916666666666647 5.5250000000000012 0.10065000000000002 2.5000000000000004 0.085000000000001311 2.5950000000000002 -3.0949999999999993 0.46005000000000001 -0.026666666666666682 1.0000000180025095e-35 6.035000000000001 0.44690000000000002 3.7850000000000006 0.115 1.5000000000000002 0.045000000000000005 0.45375000000000004 3.5000000000000004 6.1450000000000005 7.2950000000000008 1.6616666666666677 2.5000000000000004 0.26340000000000002 0.31525000000000009 0.27665000000000006 -0.1350000000000002
decision_type=2 2 2 2 2 2 2 2 2 2 2 2 2 2 2 2 2 2 2 2 2 2 2 2 2 2 2 2 2 2
left_child=1 -1 3 4 7 14 -6 13 18 10 -10 -11 -12 -2 -5 25 -8 -7 -9 20 24 -22 23 -23 -4 -16 -18 -28 -29 -20
right_child=2 -3 19 5 6 17 16 8 9 11 12 -13 -14 -15 15 -17 26 -19 29 -21 21 22 -24 -25 -26 -27 27 28 -30 -31
leaf_value=-0.003051718826181295 0.046588902760144643 0.029264448042696442 0.005400931068793878 -0.005276338429539452 -0.0013051192350833746 -0.015461754840884216 -0.0038119646175086858 0.0017789049848582915 -0.032989490969644784 -0.0023104501130733856 0.33785358146761657 0.11677670405928449 0.12859473574234281 -5.2597704873371868e-05 -0.0025945165125812984 -0.0082424327384407522 0.00558763643832259 0.00023406833660600179 0.051200443085130033 -0.0091157209276542406 -0.0063502562708275014 0.00062669132983387307 0.01077474116808206 0.033427015103360463 0.018565722468768264 0.0035520461585011793 -0.0022826138866258749 0.097320337668359569 0.030489085454447448 -0.01105475147751995
leaf_weight=3016.370594731532 15.896592243574558 31.802141208201647 1499.5870875716209 3064.4118589889258 1063.7554174102843 120.59232787415385 336.71543195098639 256.69802937097847 2.4370838822796941 27.340225748717788 1.1451082155108454 2.8095868080854407 2.7125258222222319 3655.6605825591832 1553.9238231703639 462.58538431860507 3632.4390115253627 12201.765690678731 7.2201491557061663 201.47510679066181 680.92040729522705 1691.8642248213291 465.92091374099255 28.892229840159416 186.46725139021873 1478.9625086188316 29.460841871798038 7.6244008243083945 41.422993689775467 775.16305060870945
leaf_count=17041 241 167 6383 15791 6111 628 1866 2282 62 206 21 20 38 30546 8410 2164 20396 64525 67 841 2902 7051 1942 120 761 7277 159 45 223 11780
internal_value=-8.43094e-06 -0.00271456 0.000237831 -0.000155888 0.00134789 -0.00094102 0.00382723 -0.00132173 -0.00634359 0.02525 0.104103 0.00878699 0.190712 0.000149344 -0.00285981 -0.000741292 0.00517605 8.04617e-05 -0.0074517 0.00261753 0.00313667 0.000949302 0.00322235 0.00117742 0.00685688 0.000402805 0.00599159 0.0246816 0.040878 -0.0104802
internal_weight=36544 3048.17 33495.9 28740.7 9858.5 18882.2 5111.42 4747.08 1075.53 36.4445 6.29472 30.1498 3.85763 3671.56 6559.88 3495.47 4047.66 12322.4 1039.08 4755.13 4553.65 2867.6 2186.68 1720.76 1686.05 3032.89 3710.95 78.5082 49.0474 782.383
internal_count=210066 17208 192858 172858 74063 98795 28800 45263 14476 347 121 226 59 30787 33642 17851 22689 65153 14129 20000 19159 12015 9113 7171 7144 15687 20823 427 268 11847
is_linear=0
shrinkage=0.05


Tree=109
num_leaves=31
num_cat=0
split_feature=5 34 20 8 26 26 13 8 8 13 44 8 34 12 36 43 7 45 46 10 47 14 14 42 45 9 0 44 21 0
split_gain=9.12231 11.8013 18.4603 13.9519 13.0514 12.286 13.5779 16.275 12.7405 12.8577 12.4008 13.7282 12.9357 12.0942 12.5275 12.8161 11.2771 11.1805 10.5887 14.1604 11.2333 12.1059 11.6355 10.8146 10.7887 10.577 10.5756 10.3131 10.2714 13.9502
threshold=1.0000000180025095e-35 5.3050000000000006 -1.345 0.16990000000000002 -0.1350000000000002 -0.060000000000000046 -0.64166666666666716 0.21990000000000001 0.49840000000000007 0.49833333333333446 4.6550000000000011 0.31305000000000005 6.5150000000000006 0.22189999999999996 6.7750000000000012 0.18500000000000003 6.6750000000000007 0.7320500000000002 6.6950000000000012 0.26540000000000002 5.5000000000000009 -0.20965000000000003 0.072416666666666726 1.5000000000000002 0.45475000000000004 5.8850000000000007 6.5000000000000009 6.2750000000000012 -0.0099999999999999863 4.5000000000000009
decision_type=2 2 2 2 2 2 2 2 2 2 2 2 2 2 2 2 2 2 2 2 2 2 2 2 2 2 2 2 2 2
left_child=1 2 -1 4 -4 -3 16 18 9 10 12 -12 -9 14 15 -10 -7 25 19 26 21 -20 -23 -24 27 -13 28 -25 -8 -30
right_child=-2 5 3 -5 -6 6 7 8 13 -11 11 17 -14 -15 -16 -17 -18 -19 20 -21 -22 22 23 24 -26 -27 -28 -29 29 -31
leaf_value=-0.0093969249978101393 0.0010641073786343362 0.0034884008184410172 0.074230343314708305 -0.0020910782144392954 0.0060684994149793649 -0.0033839810660277313 -0.012045057308497819 -0.01040132618001788 0.035646229882670986 0.003538349527163909 0.0043490283698444905 -0.0038419340125096881 0.0019697994265101136 -0.0050255286900082038 -0.0016863513047312266 -0.05140373679303787 0.10644794167897161 0.06308530503928024 0.080782339851391757 0.051600111911245077 -0.024416440956494489 0.0030235881412870782 0.098910272606342886 0.016187686305000924 -0.052558257765173845 0.0014864240679949676 -0.0028104147450177452 0.070026373993724703 0.0050652005555357101 0.094088802754468612
leaf_weight=821.57300073374063 12853.02517195791 2318.2045153751969 7.1388018429279319 5357.1030230578035 432.36624984722584 3206.9448193479329 7.6101660728454616 587.98745301365852 51.519356019794941 2708.7664639949799 1521.091280400753 2029.3845939710736 329.83971979469061 1733.8591785058379 88.640999794006348 4.6062865704298011 2.3388278484344474 6.7344878315925589 5.4443301931023589 29.471029207110405 30.732812784612179 524.20626762136817 4.391071878373622 71.899829529225826 5.0344849526882163 1721.3435366153717 49.479242458939552 10.150671273469923 7.5187579095363644 10.611011430621145
leaf_count=8307 73182 12969 47 26897 2953 27313 39 3252 236 11888 8318 10988 1773 8249 408 20 14 35 32 162 166 2915 22 377 25 9048 276 50 42 63
internal_value=-8.36756e-06 -0.000590338 -0.00238263 -0.00138847 0.00717564 0.000104636 -0.000427192 0.000372811 -0.000124531 0.000664833 -0.000591334 0.000341382 -0.00595551 -0.00386631 0.0100176 0.028502 -0.00330394 -0.00128099 0.00746187 0.0222222 0.00509133 0.00655134 0.00589494 0.0223493 0.0184889 -0.00139656 0.0107119 0.0228482 0.0367055 0.057169
internal_weight=36539 23686 6618.18 5796.61 439.505 17067.8 14749.6 11540.3 10783.8 8905.15 6196.38 5278.55 917.827 1878.63 144.767 56.1256 3209.28 3757.46 756.55 104.69 651.859 621.127 615.682 91.4761 87.085 3750.73 75.2192 82.0505 25.7399 18.1298
internal_count=210066 136884 38204 29897 3000 98680 85711 58384 54215 45302 33414 28389 5025 8913 664 256 27327 20071 4169 582 3587 3421 3389 474 452 20036 420 427 144 105
is_linear=0
shrinkage=0.05


Tree=110
num_leaves=31
num_cat=0
split_feature=14 44 15 8 9 22 45 23 24 14 26 35 12 13 21 9 34 48 27 12 34 24 46 41 20 3 21 48 48 34
split_gain=9.02347 13.6974 12.2411 12.1982 14.3733 13.6924 13.1226 16.5229 11.294 10.7885 10.5073 13.4456 10.5312 13.388 10.4762 13.0988 12.122 10.4327 10.0523 9.96535 11.7395 10.2737 10.7123 9.95739 13.1997 12.0605 10.3888 9.86802 10.583 17.7419
threshold=0.023841666666666653 4.9750000000000005 -0.025000000000000033 0.19580000000000003 4.1550000000000011 -0.36000000000000015 0.32375000000000004 6.6150000000000011 0.02166666666666606 -0.20965000000000003 -0.015000000000000123 0.32375000000000004 0.30785000000000001 -2.0008333333333326 0.015000000000000001 4.8950000000000005 7.1750000000000007 4.5000000000000009 -0.18500000000000003 0.42825000000000008 4.1950000000000012 0.051666666666667201 6.705000000000001 4.5000000000000009 -2.3249999999999988 39.500000000000007 -0.044999999999999991 3.5000000000000004 1.0000000180025095e-35 5.4450000000000012
decision_type=2 2 2 2 2 2 2 2 2 2 2 2 2 2 2 2 2 2 2 2 2 2 2 2 2 2 2 2 2 2
left_child=1 27 18 4 10 6 8 -8 -5 -4 11 -2 13 -13 -9 16 -16 -6 -3 -11 -21 23 -23 -22 -25 -26 -27 28 -1 -30
right_child=3 2 9 5 17 -7 7 14 -10 19 -12 12 -14 -15 15 -17 -18 -19 -20 20 21 22 -24 24 25 26 -28 -29 29 -31
leaf_value=-0.0042503046602591753 -0.0010628672209577325 0.038913677163321329 -0.0094143358015494859 -0.0093008785331697309 0.011844028461227025 0.0015127161810509757 -0.033560073242254844 -0.0023599510039621577 0.00056956364563806063 0.00043565894362507002 -0.0021466326512385964 -0.037029559878558355 0.024292837837055343 0.012564924195603981 0.0016057420589838127 0.013759372037234485 -0.041419746541658059 -0.02583046032803751 -0.0038747164761829128 -0.012760216578413256 0.0072073464601723081 0.0624656787915484 0.014932827874370612 0.050869827560421688 -0.018574464639721955 0.062977549782029407 0.00064552892712722225 -0.0074608438208574801 -0.004471897336759091 0.0027132789423984539
leaf_weight=2482.9892515391111 224.47735269926488 13.825467733666299 261.23154747206718 908.83957053348422 640.55185076594353 7703.786465857178 34.159693524241447 740.99089005589485 425.49074774608016 13765.512828468345 731.50127402227372 17.481234982609749 144.38623651303351 61.413837229833007 292.32859036698937 307.95871537923813 17.341682240366936 18.918357450515032 1913.3556707631797 87.160689443349838 887.91996985953301 13.449786357581614 99.850823128595948 10.353363068774341 111.49222809635103 7.1276400685310355 107.57254450768232 856.96622165013105 1386.0166348060593 2260.0962041486055
leaf_count=12836 2269 76 1531 5037 3960 37975 169 3948 2101 78609 6815 354 1420 420 1663 1582 101 158 13663 481 5106 68 508 109 599 33 590 6112 8179 13594
internal_value=-8.23679e-06 -0.000567004 0.000188362 0.00109681 0.00485176 0.000434892 -0.00260984 0.000784999 -0.0061534 0.000659889 0.00154591 0.00757841 0.016266 0.00157599 0.00164854 0.00645765 -0.000803706 0.0107633 -0.00356776 0.000834284 0.00497586 0.00622479 0.0205754 0.00477883 -0.00433706 -0.00686401 0.00451893 -0.00243528 -0.00173261 -1.80611e-05
internal_weight=36534.5 24264.9 17278.9 12269.6 1838.73 10430.9 2727.11 1392.78 1334.33 15351.7 1179.26 447.759 223.281 78.8951 1358.62 617.629 309.67 659.47 1927.18 15090.4 1324.93 1237.77 113.301 1124.47 236.546 226.192 114.7 6986.07 6129.1 3646.11
internal_count=210066 142094 101373 67972 15396 52576 14601 7463 7138 87634 11278 4463 2194 774 7294 3346 1764 4118 13739 86103 7494 7013 576 6437 1331 1222 623 40721 34609 21773
is_linear=0
shrinkage=0.05


Tree=111
num_leaves=31
num_cat=0
split_feature=40 40 1 13 3 16 36 48 3 27 20 15 9 34 24 34 4 20 7 48 28 20 3 22 13 7 23 12 12 9
split_gain=9.10006 20.1954 23.2978 12.1812 13.1693 16.9169 15.2094 14.9746 12.1578 11.4809 12.4669 12.4634 12.1571 11.2568 11.1579 10.7736 10.7712 16.39 10.4121 10.2213 14.0076 14.2411 12.737 12.2171 11.7011 11.2475 14.6666 13.5726 12.2559 11.6065
threshold=2.5000000000000004 1.0000000180025095e-35 2.5000000000000004 -2.8991666666666656 30.500000000000004 5.5000000000000009 6.9750000000000005 2.5000000000000004 27.500000000000004 -1.0000000180025095e-35 -2.1249999999999987 0.14733333333333337 2.1450000000000005 6.0250000000000012 0.11833333333333453 3.1450000000000005 49.500000000000007 -0.039999999999999807 7.8250000000000011 1.0000000180025095e-35 2.5000000000000004 2.3750000000000013 24.500000000000004 -1.385 -3.3591666666666655 5.9250000000000007 6.7950000000000008 0.24564999999999998 0.51805000000000012 6.035000000000001
decision_type=2 2 2 2 2 2 2 2 2 2 2 2 2 2 2 2 2 2 2 2 2 2 2 2 2 2 2 2 2 2
left_child=1 2 8 9 16 7 -7 13 -1 10 11 12 -2 -6 -15 -3 17 -5 -18 20 25 -22 24 -24 -21 28 27 29 -17 -27
right_child=3 15 -4 4 5 6 -8 -9 -10 -11 -12 -13 -14 14 -16 19 18 -19 -20 22 21 -23 23 -25 -26 26 -28 -29 -30 -31
leaf_value=-0.0053683291025778991 -0.014045062447445128 -0.013845787692573754 -0.0056987379797543885 -0.010675994397444197 -0.0017000101855682019 -0.0090390870388655786 0.0170909731620612 -0.0037027142950311585 0.0012964096994623467 -0.029078016625958287 0.21245362091669906 0.25470413568451233 0.1148026785777152 0.0028662477166559669 -0.034804353660126873 0.0038495222339005272 0.003407857509186664 0.0047009111656176154 -0.066202081912733579 -0.034583352954541992 -0.0025992707164087482 0.013862694572405958 -0.0044134195050976391 0.0031524176633925885 0.011017257724691856 0.044196604261860374 0.0040022620251115972 -0.0093626624886968702 0.028195652535272231 -0.00058514095117086608
leaf_weight=801.80488188937306 17.399674725718807 110.55357961170375 2277.7864005491138 381.9419447844848 3069.0987495146692 1037.2251996286213 58.848908293992281 3452.8784090094268 4668.1430239975452 69.400497189722955 0.75747460126876731 0.49052369687706132 2.0459649227559558 2956.1869098730385 19.788501627743244 2625.509461954236 2678.9322895286605 317.22084705904126 5.3828041702508918 14.400040272623299 3163.886259643361 137.06852835416794 584.02159915678203 6177.0180394221097 609.57501401565969 22.180300235748291 621.69432583451271 557.21697981655598 52.730630695819855 41.618198931217194
leaf_count=4462 752 560 13373 3976 16438 9814 555 21762 23208 3531 28 26 27 16041 107 12908 19855 1840 26 462 16323 572 3675 29509 4635 93 2688 2386 258 176
internal_value=-8.11771e-06 0.000616343 -0.00144985 -0.00100535 -0.000887224 -0.00175456 -0.00763615 -0.00107582 0.000319468 -0.0193316 0.0133553 0.00579054 -0.000488401 0.000424633 0.00261576 0.00170405 0.0018285 -0.00369926 0.00326827 0.00182174 0.000484244 -0.00191571 0.0031297 0.00249888 0.00996489 0.0025047 -0.00142665 -0.00686149 0.00432886 0.0149838
internal_weight=36532.8 22465.2 7747.73 14067.6 13977.5 10594 1096.07 9497.95 5469.95 90.0941 20.6936 19.9362 19.4456 6045.07 2975.98 14717.5 3383.48 699.163 2684.32 14606.9 7221.9 3300.95 7385.01 6761.04 623.975 3920.95 1242.71 621.015 2678.24 63.7985
internal_count=210066 115288 41043 94778 90414 64717 10369 54348 27670 4364 833 805 779 32586 16148 74245 25697 5816 19881 73685 35404 16895 38281 33184 5097 18509 5343 2655 13166 269
is_linear=0
shrinkage=0.05


Tree=112
num_leaves=31
num_cat=0
split_feature=16 8 34 2 44 8 13 34 40 34 12 8 14 12 9 27 45 0 26 11 8 9 7 23 9 14 46 13 9 34
split_gain=8.73752 16.8349 18.1364 13.3152 12.6929 13.3041 13.3838 13.8559 16.3905 11.5523 11.6313 11.3647 11.3522 11.5601 12.7353 15.9352 13.4588 16.8876 15.5985 15.2607 14.8272 11.5626 11.5621 11.7789 11.1531 10.9805 14.0768 12.2363 10.9563 10.9435
threshold=2.5000000000000004 0.42395000000000005 7.035000000000001 3.5000000000000004 3.7350000000000008 0.35910000000000003 0.8283333333333337 5.3650000000000011 4.5000000000000009 6.2650000000000006 0.32735000000000009 0.29430000000000006 -0.045166666666666654 0.33265000000000006 1.0200000000000002 -0.055000000000000153 0.36724999999999997 17.500000000000004 0.050000000000000273 0.30440000000000006 0.052950000000000004 6.8350000000000009 5.3450000000000006 6.785000000000001 1.6650000000000003 -0.2763166666666666 6.7350000000000012 0.19500000000000053 3.2150000000000003 6.1350000000000007
decision_type=2 2 2 2 2 2 2 2 2 2 2 2 2 2 2 2 2 2 2 2 2 2 2 2 2 2 2 2 2 2
left_child=1 2 -1 -3 -2 6 7 8 -6 -7 -11 -8 25 21 15 -15 22 -18 19 -19 -21 -14 -17 -24 -16 26 27 -9 -13 -22
right_child=4 3 -4 -5 5 9 11 12 -10 10 -12 28 13 14 24 16 17 18 -20 20 29 -23 23 -25 -26 -27 -28 -29 -30 -31
leaf_value=0.002844599937514796 -0.0063185801812815417 -0.0035478511211199174 0.018274482405864639 0.001060038019295209 -0.0011260042779401124 -0.0051210033918564586 0.037782712949678561 0.10691663752516088 -0.01266278713677267 0.0022362860338203611 -0.0029244751042919021 0.065157868545753936 5.8730646430892608e-05 0.033765387494773286 -0.016692836620544365 -0.0021804433596027263 0.010472112320997561 0.22559111445829602 -0.027541670496110796 -0.05305499253335625 0.035686702895905101 0.024291976602292816 -0.0040577875736992159 0.092339865727822296 0.0034647844363304234 -0.00185430485743712 0.0072647727224033889 -0.012913510152288796 0.0012850011919318738 0.11498849575845026
leaf_weight=4259.6585650593042 915.96703516785055 2265.553079597652 199.35676189512014 5090.2284749224782 4846.1715969359502 2255.8654054868966 41.822524577379227 7.6558573739603144 328.75194729585201 1898.4514162428677 2569.5124370958656 7.2917762994766226 4391.5090106269345 72.516854154877365 69.825739497318864 200.93516242131591 69.607376865111291 1.5661253184080184 4.4490382922813287 2.4003649353981045 7.8882824219763306 49.781372509896755 5.9858040958642942 6.7339072003960609 3976.3793732915074 2848.4774686731398 32.616144250147045 2.9517799913883209 84.706629231572151 9.700061731040476
leaf_count=19454 5914 10120 899 22333 30979 11685 179 61 4853 10086 13785 31 29120 520 1124 2006 683 18 51 76 52 269 33 36 24347 20672 240 13 363 64
internal_value=-8.07112e-06 0.00111032 0.00353445 -0.000359175 -0.000542825 -0.000320479 0.000421562 0.00029711 -0.00185891 -0.00220429 -0.000731652 0.0161719 0.00124578 0.00213277 0.0039406 0.01267 0.0077236 0.0233158 0.0576961 0.0752896 0.0635134 0.000330355 0.000746022 0.0469758 0.00311692 -0.00147476 0.0235373 0.0735716 0.00634755 0.079422
internal_weight=36524.3 11814.8 4459.02 7355.78 24709.5 23793.6 17069.7 16935.9 5174.92 6723.83 4467.96 133.821 11761 8869.28 4427.99 381.783 309.266 95.6112 26.0039 21.5548 19.9887 4441.29 213.655 12.7197 4046.21 2891.7 43.2238 10.6076 91.9984 17.5883
internal_count=210066 52806 20353 32453 157260 151346 115790 115217 35832 35556 23871 573 79385 58399 29010 3539 3019 944 261 210 192 29389 2075 69 25471 20986 314 74 394 116
is_linear=0
shrinkage=0.05


Tree=113
num_leaves=31
num_cat=0
split_feature=4 4 13 8 13 13 44 48 34 43 11 28 32 14 0 27 21 22 33 26 15 35 9 48 24 44 46 13 15 8
split_gain=8.59561 12.2472 20.9867 12.8134 16.6009 12.6149 13.2227 12.3599 13.9672 13.1518 12.6687 11.6924 11.3656 14.2821 11.3514 12.5274 11.4601 10.816 14.7543 10.559 11.9717 13.261 10.4214 15.3639 11.6058 10.9313 10.3983 11.6934 11.1152 10.1884
threshold=49.500000000000007 54.500000000000007 -1.6233333333333331 0.19760000000000003 -0.155 -0.86666666666666681 3.9350000000000005 1.5000000000000002 7.6050000000000013 0.18500000000000003 0.19955000000000003 2.5000000000000004 2.5000000000000004 -0.095450000000000035 18.500000000000004 0.079999999999999641 0.050000000000000003 0.41000000000000042 0.19500000000000003 -0.084999999999999951 -0.011833333333333333 0.22625000000000003 6.5750000000000011 1.0000000180025095e-35 -0.066666666666665084 6.5850000000000009 6.995000000000001 0.6016666666666669 0.02 0.44035000000000007
decision_type=2 2 2 2 2 2 2 2 2 2 2 2 2 2 2 2 2 2 2 2 2 2 2 2 2 2 2 2 2 2
left_child=11 3 -3 4 19 -5 -7 8 9 -4 -10 14 13 -8 16 17 -1 -16 -19 20 -2 -22 25 -24 -25 -15 27 28 -12 -14
right_child=1 2 7 5 -6 6 12 -9 10 -11 26 -13 29 22 15 -17 -18 18 -20 -21 21 -23 23 24 -26 -27 -28 -29 -30 -31
leaf_value=0.00078541924232890497 0.0024328147572954149 -0.014584675731881486 0.0013168444184896142 -0.0044938463593001193 0.016201977194053745 -0.0045464558213194946 -0.0087459721874118216 -0.0032365137784401894 0.084984614583333215 -0.0066848953638175695 0.02079247011479193 -0.0034975282934312287 0.0029763126215305437 -0.0021707089441094186 0.0054174406562963488 -0.024161641081931546 -0.021477714082869529 0.018904761291285585 0.079336955301053294 0.0018570735959403354 -0.015648585436573676 0.033848702187298428 -0.0047045851664400942 0.040048433011336003 0.0085604245914812273 0.0049396844882294384 -0.043275130009689119 -0.043809164132154854 0.093577369211601938 7.5581562343398755e-05
leaf_weight=812.93687597289681 116.23210439644754 288.61076811887324 4305.1208240501583 1216.641143091023 254.98649042844772 1108.0138424411416 519.90534559637308 3308.9166164621711 7.0890415012836447 583.06999418511987 56.695770613849163 3450.2189849670976 8008.3707605525851 3352.1856117844582 194.07842692360282 24.879689037799835 62.228403754532337 108.12390357255936 11.140665978193281 2360.3552729496732 16.095806432887912 84.94488384667784 247.93983305245638 31.25383148342371 459.4894693121314 644.45105848088861 6.9336870014667502 6.3264624476432791 5.7800985202193251 4866.7462783306837
leaf_count=4057 1099 4450 22450 9059 1266 5360 2643 20347 39 3018 297 22652 41915 16741 1016 134 396 471 49 22004 134 783 1062 146 2014 3264 36 27 30 23107
internal_value=-7.99231e-06 0.000285508 -0.00133071 0.000880187 0.0040319 0.000443737 0.000755992 -0.000868723 0.000707379 0.000362386 0.0210682 -0.00201283 0.00108004 -0.000879444 0.00220883 0.00998809 -0.000797595 0.0126996 0.0245498 0.002828 0.0133757 0.0259638 -1.57532e-05 0.00544027 0.0105658 -0.00102417 0.0150855 0.0209669 0.0275263 0.00187985
internal_weight=36519.8 31856.2 8568.54 23287.6 2832.61 20455 19238.4 8279.93 4971.02 4888.19 82.8251 4663.61 18130.3 5255.23 1213.39 338.223 875.165 313.343 119.265 2577.63 217.273 101.041 4735.32 738.683 490.743 3996.64 75.736 68.8023 62.4759 12875.1
internal_count=210066 181291 50694 130597 25286 105311 96252 46244 25897 25468 429 28775 90892 25870 6123 1670 4453 1536 520 24020 2016 917 23227 3222 2160 20005 390 354 327 65022
is_linear=0
shrinkage=0.05


Tree=114
num_leaves=31
num_cat=0
split_feature=13 8 16 44 8 40 34 26 34 8 40 36 13 34 36 35 46 35 34 13 7 26 8 12 46 19 4 8 9 13
split_gain=8.50564 11.2064 13.6995 14.7373 13.5451 14.4008 11.9111 11.9052 11.5509 11.2667 12.5501 10.8818 10.9624 13.6112 10.7507 11.2581 10.6304 10.371 14.5412 13.6601 13.0791 10.2161 10.1561 10.8255 20.0258 10.0574 10.0262 10.6484 16.1963 10.8266
threshold=1.9291666666666669 0.49840000000000007 2.5000000000000004 6.1850000000000014 0.32419999999999999 -2.4999999999999996 5.0650000000000004 -0.029999999999999801 6.1550000000000011 0.31440000000000007 4.5000000000000009 6.6850000000000014 0.51083333333333336 6.9750000000000005 6.9150000000000009 0.32105000000000006 6.6850000000000014 0.30335000000000001 6.2150000000000007 0.99333333333333373 7.0850000000000009 -0.12499999999999999 0.46615000000000001 0.35505000000000003 6.9850000000000012 0.14500000000000005 55.500000000000007 0.40070000000000006 6.2150000000000007 -0.36666666666666575
decision_type=2 2 2 2 2 2 2 2 2 2 2 2 2 2 2 2 2 2 2 2 2 2 2 2 2 2 2 2 2 2
left_child=1 2 3 4 5 14 9 11 -7 10 -4 12 -8 -14 15 -1 -10 19 -19 -6 -21 -18 25 -24 -25 -2 27 28 -9 -29
right_child=22 -3 6 -5 17 8 7 26 16 -11 -12 -13 13 -15 -16 -17 21 18 -20 20 -22 -23 23 24 -26 -27 -28 29 -30 -31
leaf_value=0.066551330060163991 0.020296092578749442 -0.0027220774677234848 -0.00062095268783033232 0.0063697589771113039 -0.0071518319592782063 0.0018798653268890136 0.010053004531231501 0.00010252078232632903 -0.017446585154351432 -0.0072796272103894085 -0.013094532914880353 0.0013120805316728804 -0.023545421386112642 0.063161686250566382 -0.011093316366368308 0.019354893912854654 0.086607102434503647 -0.00054082776560080759 0.0063154059512549252 0.00097193693713243335 0.069225283530686299 0.01727878893671134 -0.0024459000799737234 0.01471536743710811 -0.052111688132257 -0.050781360908698628 -0.0035205915292230183 -0.012123678409163584 0.0078754421174082913 -0.0017902845492196136
leaf_weight=21.823285415768623 130.99778291583061 3706.5638814922422 3359.7760974345729 1533.2766133397818 981.05301608890295 774.32690569013357 606.21549771819264 8974.871798126027 21.974053598940372 1041.3601186536252 214.52907628007233 4420.9051069375128 43.763041228055954 5.0482482016086569 13.348488941788672 30.011329025030136 5.4827732145786277 2661.1094179004431 1090.1363005116582 827.28538885712624 7.0789922624826422 172.39710585027933 397.83111482858658 215.298549041152 11.826267868280409 5.1735152006149283 2459.7382739288732 296.05570345371962 724.2552746348083 1762.7003172636032
leaf_count=94 532 17392 22050 6878 4554 3622 3986 59256 102 5461 3458 27477 192 22 59 132 25 11988 4836 3511 29 792 1618 875 48 21 16215 1841 3952 9048
internal_value=-7.87035e-06 -0.000119208 0.000181827 0.0019536 0.000928593 0.00616827 -0.000421329 0.000124523 0.00464587 -0.002703 -0.00136961 0.0022032 0.00821756 -0.0145778 0.0289209 0.0392254 0.0153627 -4.97175e-05 0.00145164 -0.00315201 0.00155102 0.0194157 0.00522236 0.00252635 0.0112357 0.0175957 -0.000617601 -1.02976e-05 0.000682942 -0.00327626
internal_weight=36516.2 35755.1 32048.5 8139.3 6606.03 1039.36 23909.2 19293.6 974.181 4615.67 3574.31 5075.93 655.027 48.8113 65.1831 51.8346 199.854 5566.66 3751.25 1815.42 834.364 177.88 761.127 624.956 227.125 136.171 14217.6 11757.9 9699.13 2058.76
internal_count=210066 206972 189580 36622 29744 4826 152958 121989 4541 30969 25508 31677 4200 214 285 226 919 24918 16824 8094 3540 817 3094 2541 923 553 90312 74097 63208 10889
is_linear=0
shrinkage=0.05


Tree=115
num_leaves=31
num_cat=0
split_feature=44 22 4 13 8 12 36 16 8 11 15 9 34 8 44 26 16 1 31 0 34 22 27 45 7 27 22 27 22 43
split_gain=8.32055 10.907 13.0218 9.37181 11.9627 11.593 10.681 9.43168 12.0039 11.3396 11.5091 10.5753 11.6986 11.087 11.2853 10.032 9.67136 11.2991 12.9085 13.1905 15.5881 9.99031 9.53969 11.9156 13.8402 18.6695 16.7847 11.261 10.8678 9.82234
threshold=5.7150000000000007 -1.8749999999999998 61.500000000000007 1.5616666666666672 0.49840000000000007 0.30345000000000005 6.9450000000000012 3.5000000000000004 0.2387 0.28605000000000008 -0.01833333333333333 6.3550000000000013 4.9750000000000005 0.36545000000000005 5.8750000000000009 0.020000000000000021 4.5000000000000009 1.5000000000000002 2.5000000000000004 19.500000000000004 5.3050000000000006 2.8150000000000008 -0.020000000000000014 0.22254999999999997 3.7050000000000005 -0.055000000000000153 -1.6999999999999993 -0.024999999999999908 0.17999999999999997 0.18500000000000003
decision_type=2 2 2 2 2 2 2 2 2 2 2 2 2 2 2 2 2 2 2 2 2 2 2 2 2 2 2 2 2 2
left_child=1 2 -1 4 7 6 -5 -2 9 10 -9 -10 -13 14 15 -14 -11 18 19 -18 -21 22 23 24 25 -19 -27 28 -25 -24
right_child=3 -3 -4 5 -6 -7 -8 8 11 16 -12 12 13 -15 -16 -17 17 21 -20 20 -22 -23 29 27 -26 26 -28 -29 -30 -31
leaf_value=-0.0057771542310580959 0.0027395796884531025 -0.0004238444289725498 0.048980522888497344 0.00088371123765122739 -0.0026995710696319547 0.012966077599980336 -0.042145553522278383 -0.0089541975732203918 -0.0021670279665383838 0.011143282934975509 0.0024903918523370111 -0.027372963638068966 0.078609723014724409 0.0014922487737766155 0.010474439355053777 0.0030150179284188852 0.022581380227461825 0.017173486970920211 0.0048895989742091632 0.16745412608311772 0.03837280961924467 -0.044378157586326933 0.00019950361749390637 0.0054264780908978259 0.010949360707467029 0.058921005617496941 0.20319115746336106 0.032129167774583231 -0.020904785619964759 -0.024292967739696778
leaf_weight=1221.6362036578357 5521.9983549714088 17453.755322073586 10.954667054116724 147.0681526362896 2406.3606992876157 329.31528881192207 15.989900574088095 367.6002758173272 4983.6457145661116 439.082175668329 545.90095342602581 30.709119893610477 11.955654785037042 931.49112053215504 205.31082372367382 6.9342618212103835 58.212879803031683 8.9300202801823634 128.38076611980796 3.62539194524288 6.5908537395298481 11.743658065795897 1085.3166094608605 418.55874929297715 30.231776434928179 4.6364330081269145 3.5671194717288 35.64502114802599 43.234421156346798 42.538941734470427
leaf_count=11011 25928 96284 85 599 11799 1340 65 3398 29693 2393 4676 169 61 5201 1165 39 324 78 728 21 37 69 10634 3058 173 47 24 277 258 432
internal_value=-7.66438e-06 -0.000744859 -0.00529049 0.000765172 0.000571934 0.00756741 -0.00333585 0.00109937 0.000136227 0.00260378 -0.002115 -0.00115705 0.00308553 0.00389487 0.0138771 0.0508598 0.00446156 0.00290203 0.0142384 0.0317777 0.0841793 0.00157746 0.00190011 0.00733312 0.0312965 0.0671985 0.121653 0.00505136 0.00296127 -0.000724271
internal_weight=36510.9 18686.3 1232.59 17824.6 17332.2 492.373 163.058 14925.8 9403.84 3233.8 913.501 6170.05 1186.4 1155.69 224.201 18.8899 2320.29 1881.21 196.81 68.4291 10.2162 1684.4 1672.66 544.804 47.3653 17.1336 8.20355 497.438 461.793 1127.86
internal_count=210066 107380 11096 102686 100682 2004 664 88883 62955 26627 8074 36328 6635 6466 1265 100 18553 16160 1110 382 58 15050 14981 3915 322 149 71 3593 3316 11066
is_linear=0
shrinkage=0.05


Tree=116
num_leaves=31
num_cat=0
split_feature=5 24 0 11 9 6 0 34 13 8 44 45 8 27 0 13 21 6 0 7 28 13 44 34 44 24 34 19 48 40
split_gain=8.17746 10.968 11.8972 9.77072 14.8409 9.73714 9.49257 9.42757 9.61127 18.8565 14.5507 13.3558 12.4698 12.9093 11.6184 12.0606 11.3283 11.5911 11.0425 15.1401 10.7794 10.6787 12.9681 11.1341 10.1747 10.9459 12.0817 10.3698 10.0969 14.1949
threshold=1.0000000180025095e-35 -0.061666666666666085 21.500000000000004 0.27915000000000006 4.8850000000000007 0.115 4.5000000000000009 4.2250000000000005 0.35833333333333367 0.32270000000000004 8.0350000000000019 0.27715000000000006 0.33025000000000004 -0.11499999999999976 1.5000000000000002 -0.56333333333333313 0.020000000000000014 0.20500000000000004 18.500000000000004 5.6950000000000012 5.5000000000000009 1.6125 4.8950000000000005 4.8450000000000006 7.1450000000000005 0.078333333333333602 5.245000000000001 0.055000000000000014 -2.4999999999999996 1.5000000000000002
decision_type=2 2 2 2 2 2 2 2 2 2 2 2 2 2 2 2 2 2 2 2 2 2 2 2 2 2 2 2 2 2
left_child=1 2 3 4 -1 -2 -5 -3 10 -10 12 -11 18 14 -14 -16 21 -18 19 -9 24 -13 23 -23 25 -20 -27 -26 -24 -30
right_child=5 7 -4 6 -6 -7 -8 8 9 11 -12 16 13 -15 15 -17 17 -19 20 -21 -22 22 28 -25 27 26 -28 -29 29 -31
leaf_value=-0.01678852080614647 -0.017007704398444307 -0.0039303109018991008 -0.015852704920789669 0.0055341155604018387 -0.0012356287752919813 0.0011129706246124753 -0.0032653919806008153 -0.0009164573354381076 0.0088984260999469111 -0.0036332792574060506 0.029965900930715324 0.0016833881140914217 -0.056893807488024688 -0.0023827687017420056 -0.061464909937457339 -0.0085499533866566467 -0.0062960811095239197 0.073157507594318619 0.0036432268059930768 0.03683748084001523 -0.0055185604527737443 -0.018202486907935474 -0.0086267238690772973 0.0061283241641477198 0.01779867850509954 -0.03150357433451937 0.051827638231820607 0.087305509105701229 0.035586695070927009 0.01141883302065127
leaf_weight=271.2096949564293 74.567614890635014 1578.6908339355141 190.25592613406479 448.00467019714415 353.05561822652817 12774.939082809724 970.21551416441798 6050.634200874716 777.78553454577923 1414.9544553458691 38.457067349925637 3898.566948287189 15.60752786695957 4280.8606855627149 11.502203978598116 168.79266467690468 465.5783461779356 4.6359523236751548 1700.7870861366391 26.671996347606182 287.79438122641295 59.428060725331306 37.636249616742134 225.19882953166962 63.682971872389317 5.4151823893189457 22.105200819671154 5.8598452135920516 88.18824790418148 195.32667742669582
leaf_count=2259 363 8860 1303 2842 2017 72819 6373 42129 3496 6198 226 17451 76 23338 67 797 2033 21 10413 135 3811 244 152 919 383 30 120 37 358 796
internal_value=-7.57046e-06 -0.000559087 -0.00389402 -0.00278008 -0.00799252 0.00100781 -0.000485696 -0.000211533 8.42922e-05 0.00154775 -0.000743038 0.000652963 -0.000836472 -0.00295714 -0.0155084 -0.0119257 0.00187213 -0.00551273 0.000326555 -0.000750763 0.00346573 0.00264305 0.00881908 0.00104822 0.0049039 0.00414939 0.0354306 0.0236555 0.0157062 0.0189363
internal_weight=36506.4 23656.9 2232.74 2042.49 624.265 12849.5 1418.22 21424.2 19845.5 7167.3 12678.2 6389.51 12639.7 4476.76 195.902 180.295 4974.56 470.214 8162.95 6077.31 2085.64 4504.35 605.778 284.627 1797.85 1728.31 27.5204 69.5428 321.151 283.515
internal_count=210066 136884 14794 13491 4276 73182 9215 122090 113230 31668 81562 28172 81336 24278 940 864 21974 2054 57058 42264 14794 19920 2469 1163 10983 10563 150 420 1306 1154
is_linear=0
shrinkage=0.05


Tree=117
num_leaves=31
num_cat=0
split_feature=4 12 4 13 8 27 36 35 8 34 40 20 47 44 22 13 8 35 19 46 35 24 26 43 25 26 37 4 14 10
split_gain=8.25935 14.1597 11.2085 19.1421 12.6236 14.8513 16.1277 14.5874 14.1061 12.4506 11.4836 11.1167 11.0417 11.9069 11.9003 14.7322 16.0413 15.6155 11.8239 15.1663 10.7686 10.6048 12.0699 10.4464 15.7199 12.5115 10.7997 11.3024 10.5616 12.1517
threshold=50.500000000000007 0.49290000000000006 54.500000000000007 -1.6233333333333331 0.10554999999999996 -0.10499999999999997 6.7150000000000007 0.30955000000000005 0.061350000000000009 4.9750000000000005 4.5000000000000009 -2.4149999999999987 4.5000000000000009 3.9350000000000005 -2.2049999999999987 -2.3108333333333322 0.11564999999999996 0.34325000000000006 0.025000000000000012 6.6850000000000014 0.34835000000000005 0.12500000000000047 -0.22500000000000006 0.17500000000000002 5.5000000000000009 -0.095000000000000182 1.5000000000000002 59.500000000000007 0.12521666666666667 0.40640000000000004
decision_type=2 2 2 2 2 2 2 2 2 2 2 2 2 2 2 2 2 2 2 2 2 2 2 2 2 2 2 2 2 2
left_child=1 21 4 -4 5 6 -2 -8 9 -9 23 -11 13 -6 15 16 -15 -18 -16 -20 -10 22 -1 26 25 -25 27 -5 -28 -30
right_child=2 -3 3 10 12 -7 7 8 20 11 -12 -13 -14 14 18 -17 17 -19 19 -21 -22 -23 -24 24 -26 -27 28 -29 29 -31
leaf_value=0.082459301184123798 -0.024872909950744291 0.010730158273823984 -0.013954926601606871 0.003673774165646973 -0.0041218759036937011 0.0062006791845428573 0.013996288650421313 0.14945632082082255 0.21527042156611467 -0.056708169037919247 -0.0074540232485145229 0.093842626995439063 -0.0015731170323896968 -0.055996055267080735 0.0012330114893526014 -0.0068213185521548599 0.028350275896106447 0.23503020291786383 0.015389047250337363 0.0035321104435184249 0.092939096152914707 -0.028186061305275158 -0.0020687323949689254 -0.01993026525686778 -0.012770705296174785 -0.00013274338810864101 -0.0021209941301334307 -0.010448656071715079 0.019530971734302408 -0.010024562462294419
leaf_weight=4.2263382636010638 7.1854423517361274 220.40500520169735 284.81295261718333 2759.9742774143815 961.21992300637066 569.13985873479396 10.157703991979362 1.9337209416553358 2.8797076642513275 3.2084419727325426 596.46142582595348 1.9846267662942421 4207.9098952040076 1.573351852595805 13064.531073680148 499.93927908316255 1.7724165990948679 1.8867632802575824 305.06799315474927 2325.981969607994 4.7934773657470942 38.945485452190042 5713.1098447116092 84.523635804653168 367.13510022312403 1429.435274194926 2714.7163202278316 149.34067422524095 118.024399317801 49.306427106261253
leaf_count=27 77 1313 4450 14384 4877 8960 104 28 20 53 5047 24 21865 19 67873 3424 21 22 1761 13454 36 216 35198 419 2195 7446 14991 900 635 227
internal_value=-7.41034e-06 -0.00170716 0.000325395 -0.00121016 0.000923213 0.00806812 0.0411338 0.0601375 0.0918057 0.0411552 -0.000771185 0.000827588 0.000722177 0.00128496 0.00160575 -0.00594778 0.0775138 0.13492 0.00184887 0.00490691 0.138849 -0.00218337 -0.00200625 -0.000251657 -0.00348887 -0.00123803 0.000799824 0.00294884 -0.00136953 0.010822
internal_weight=36501.6 5976.69 30524.9 8553.73 21971.2 601.283 32.1431 24.9577 14.8 7.12679 8268.92 5.19307 21369.9 17162 16200.8 505.172 5.23253 3.65918 15695.6 2631.05 7.67319 5756.28 5717.34 7672.46 1881.09 1513.96 5791.36 2909.31 2882.05 167.331
internal_count=210066 36754 173312 50694 122618 9302 342 265 161 105 46244 77 113316 91451 86574 3486 62 43 83088 15215 56 35441 35225 41197 10060 7865 31137 15284 15853 862
is_linear=0
shrinkage=0.05


Tree=118
num_leaves=31
num_cat=0
split_feature=40 47 40 40 28 41 13 15 20 44 20 4 20 23 19 26 34 20 22 3 36 4 9 48 28 46 35 24 11 44
split_gain=8.22765 14.6531 13.6381 20.9057 16.962 22.8331 17.4361 20.8401 16.5524 16.5598 15.1591 14.9589 13.433 14.5898 14.2958 12.89 12.1936 13.1574 18.8889 11.8917 13.5401 11.9486 12.2228 11.9113 13.0247 11.3808 22.001 13.2371 11.5107 11.1796
threshold=-3.4999999999999996 2.5000000000000004 1.0000000180025095e-35 1.5000000000000002 3.5000000000000004 3.5000000000000004 -2.3108333333333322 -0.011666666666666678 -0.55500000000000005 5.1450000000000005 -1.2649999999999999 48.500000000000007 -1.2049999999999998 7.0250000000000012 -0.16499999999999995 -0.020000000000000014 5.1250000000000009 -0.58999999999999952 0.22999999999999979 47.500000000000007 6.8550000000000013 52.500000000000007 4.3250000000000011 1.0000000180025095e-35 5.5000000000000009 7.035000000000001 0.39445000000000002 -0.041666666666666512 0.28865000000000002 3.1250000000000004
decision_type=2 2 2 2 2 2 2 2 2 2 2 2 2 2 2 2 2 2 2 2 2 2 2 2 2 2 2 2 2 2
left_child=1 -1 10 12 5 6 7 -5 -7 -10 -2 -6 13 14 15 -4 -8 -18 -19 20 23 -21 25 -13 -25 -23 27 -27 -29 -12
right_child=2 -3 3 4 11 8 16 -9 9 -11 29 19 -14 -15 -16 -17 17 18 -20 21 -22 22 -24 24 -26 26 -28 28 -30 -31
leaf_value=0.015025330393470208 -0.0086499151595611622 0.00023508730402079498 -0.0088367875224815047 0.015066673873967665 -0.0053907639534903455 -0.0081111906642398757 -0.0014779264128098101 0.18048398737598384 -0.0066341882960532427 0.0049099754619212933 -0.017074694330039258 -0.0042738980711348627 0.0012527028297056363 -0.01353239146975045 0.0064692938364497472 0.12355648596227738 0.013558164422664191 -0.0037661576677102473 0.0097833739632756534 0.00083608587049919343 -0.0025398543467044636 -0.01304419918112007 -0.0032315906683765237 0.0033818163289558202 -0.0010084423281165012 0.1409381090229456 -0.053629470301005559 -0.049100151850135373 0.074947611818967655 -0.00098489950801976538
leaf_weight=251.11297746375203 783.82870298996568 502.71104811877012 2.9364770501852036 4.873257040977478 1847.5899028889835 627.51399087905884 460.07168123871088 3.1250365041196337 437.98074708878994 1068.5362848415971 109.90883283689618 884.63574328925461 5239.8928732387722 92.802248058840632 2140.6213895380497 4.9168881047517052 611.73012693226337 428.44530560076237 643.60299500823021 1186.2032102160156 3377.6121473787352 543.22974164783955 1672.8451534919441 4880.5691348686814 2583.7130811735988 3.9570389986038217 5.6446380205452433 2.9620803073048592 5.0727021209895611 6090.5070216953754
leaf_count=1174 5805 2408 45 54 13127 3615 2117 29 2012 4954 548 5437 24150 560 12357 83 3020 1954 2665 7486 21732 4304 10169 27056 21967 31 43 21 35 31108
internal_value=-7.41785e-06 0.005162 -0.000116434 0.000364843 -0.000434438 0.0023765 0.00601085 0.0796974 -0.00128819 0.00155381 -0.00209833 -0.00114335 0.00263837 0.00587792 0.00671633 0.0740529 0.00573594 0.00770704 0.00436829 -0.000625247 0.000131341 -0.00321951 -0.00537322 0.00121199 0.00186216 -0.0117609 0.0277679 0.0660822 0.0292165 -0.00127011
internal_weight=36499.2 753.824 35745.3 28761.1 21279.9 4285.88 2151.85 7.99829 2134.03 1506.52 6984.24 16994 7481.17 2241.28 2148.47 7.85337 2143.85 1683.78 1072.05 15146.4 11726.5 3419.91 2233.71 8348.92 7464.28 560.866 17.6365 11.9918 8.03478 6200.42
internal_count=210066 3582 206484 169023 131828 20420 9839 83 10581 6966 37461 111408 37195 13045 12485 128 9756 7639 4619 98281 76192 22089 14603 54460 49023 4434 130 87 56 31656
is_linear=0
shrinkage=0.05


Tree=119
num_leaves=31
num_cat=0
split_feature=17 9 7 46 30 8 8 13 18 14 7 34 36 13 0 11 27 3 48 39 34 24 11 10 36 34 2 8 19 26
split_gain=7.96408 10.1623 9.96942 9.92707 9.70768 9.94747 9.913 15.4032 15.0285 11.4035 14.0147 11.1668 10.9759 10.9091 11.3102 11.8536 15.346 11.0302 15.9021 13.3077 17.2107 13.6265 12.7722 12.1658 12.5678 10.4309 10.6242 13.3263 10.2435 10.1548
threshold=5.5000000000000009 7.4450000000000012 6.9350000000000014 6.785000000000001 1.5000000000000002 0.54125000000000012 0.22930000000000003 0.048333333333334234 4.5000000000000009 0.019974999999999996 4.8350000000000009 6.7350000000000012 6.785000000000001 -0.48666666666666697 5.5000000000000009 0.35254999999999997 -0.020000000000000014 29.500000000000004 1.5000000000000002 2.5000000000000004 5.8050000000000006 -0.056666666666666192 0.46005000000000001 0.24330000000000004 6.7250000000000005 5.9750000000000005 2.5000000000000004 0.30105000000000004 -0.055 0.11999999999999968
decision_type=2 2 2 2 2 2 2 2 2 2 2 2 2 2 2 2 2 2 2 2 2 2 2 2 2 2 2 2 2 2
left_child=4 2 -2 -4 6 -6 8 25 -1 10 -10 -9 13 14 15 16 -11 -17 19 21 -21 -19 -23 -20 -25 26 -8 -28 -29 -13
right_child=1 -3 3 -5 5 -7 7 11 9 12 -12 29 -14 -15 -16 17 -18 18 23 20 -22 22 -24 24 -26 -27 27 28 -30 -31
leaf_value=0.0042499392549948415 -0.0016758892015325336 0.0073948956568568036 -0.021123985043811522 -0.0033077575261030029 -0.011040973224140882 0.062537458312039482 -0.0055216910057551338 0.00027292456757320124 -0.0036363192830554817 0.12199458611645989 0.043280558545504076 0.0032027349683614935 -0.0013059412254090852 0.020996806664640762 0.0001339720742229517 -0.0080291034672198228 0.019309765981013718 -0.050625923377207366 -0.032815861940446327 0.19148028477960247 0.036351655232610615 0.060078191489290694 -0.014264200712379061 0.092978032073188888 -0.033047851378648053 -0.00046641403316650173 0.015135059670663224 0.055482005058109546 -0.0029819228954205274 0.018126178478150484
leaf_weight=3655.3549068756402 5073.9961596215144 289.769929908216 134.36798939853907 186.99442812800407 239.128377831541 4.6835546884685746 2504.0339663177729 12312.860889159143 1701.0286498107016 5.8861444629728785 16.067498005926609 2448.743735589087 706.40617938153446 125.05758933722973 375.10627213213593 43.145257268100977 9.5285111013799888 4.5609759315848306 16.30349109694362 3.1827800795435897 4.0798027738928795 23.611945725977428 7.6489569768309584 4.8747619204223138 3.3293140418827534 5811.5313152680174 142.72381640225649 7.6040086522698394 509.73484964668751 119.55709518492222
leaf_count=27594 31381 1392 642 865 1928 24 15280 56040 14700 38 90 11320 5482 636 3260 448 92 32 130 26 30 133 43 38 23 34096 823 41 2863 576
internal_value=-7.42615e-06 -0.00172688 -0.00221679 -0.0107571 0.000309895 -0.00962755 0.000389173 -8.82256e-05 0.00208774 -0.000503759 -0.0031973 0.00089847 0.00296663 0.00778557 0.00448953 0.0174406 0.0585204 0.0117222 0.0243299 0.0426209 0.104336 0.0301088 0.041888 -0.00782591 0.0418352 -0.00172412 -0.00403416 0.00160898 -0.0021226 0.00389744
internal_weight=36490.9 5685.13 5395.36 321.362 30805.8 243.812 30562 23856.8 6705.17 3049.82 1717.1 14881.2 1332.72 626.316 501.258 126.152 15.4147 110.737 67.592 43.0845 7.26258 35.8219 31.2609 24.5076 8.20408 8975.63 3164.1 660.063 517.339 2568.3
internal_count=210066 34280 32888 1507 175786 1952 173834 121039 52795 25201 14790 67936 10411 4929 4293 1033 130 903 455 264 56 208 176 191 61 53103 19007 3727 2904 11896
is_linear=0
shrinkage=0.05


Tree=120
num_leaves=31
num_cat=0
split_feature=13 6 36 20 8 16 44 34 14 44 8 12 32 6 22 13 8 2 13 8 20 8 4 9 12 34 13 9 27 44
split_gain=7.76088 10.1449 10.0652 11.4241 9.41281 13.506 12.0834 11.2522 11.9071 11.4747 14.2512 13.1827 12.2874 13.7722 12.7925 13.3953 11.2709 14.1666 11.2867 11.157 12.6274 11.1569 11.0839 10.711 13.9393 11.433 13.1052 10.8286 10.5707 10.5014
threshold=2.3658333333333341 0.16500000000000004 6.8750000000000009 0.5800000000000004 0.49840000000000007 2.5000000000000004 6.1850000000000014 3.5050000000000003 -0.12099999999999997 5.245000000000001 0.22774999999999998 0.53870000000000007 3.5000000000000004 0.15500000000000003 3.3250000000000006 -0.29166666666666669 0.34945000000000004 2.5000000000000004 -0.65333333333333299 0.37220000000000003 0.5800000000000004 0.47175000000000006 58.500000000000007 5.5850000000000009 0.31915000000000004 5.8250000000000011 -0.049999999999999371 5.6950000000000012 0.12500000000000003 6.5150000000000006
decision_type=2 2 2 2 2 2 2 2 2 2 2 2 2 2 2 2 2 2 2 2 2 2 2 2 2 2 2 2 2 2
left_child=4 2 3 -2 5 6 19 8 -7 10 11 -9 14 28 15 -12 17 -11 -18 -1 21 -21 -19 29 25 -25 -27 -28 -14 -20
right_child=1 -3 -4 -5 -6 7 -8 9 -10 16 12 -13 13 -15 -16 -17 18 22 23 20 -22 -23 -24 24 -26 26 27 -29 -30 -31
leaf_value=0.0040664283955587606 0.062417239280015781 0.039442691237668741 -0.015207031124781549 0.0081569588100165302 -0.0023315935802960511 0.029698303561379903 0.0059344173456119731 0.0010097100869943894 -0.01166782575719707 0.00077805434799050038 -0.011757331478588791 -0.025604787007813209 0.0076634910389229332 -0.0032198059220204787 -0.027537368054911956 -0.0032514371705664523 -0.010925857600710048 0.0056599638414722448 -0.006490007220155497 -0.0020569233542607327 0.0015938243927444207 -0.013347453988528156 0.039679547144597212 -0.0046358259424018385 -0.0016334881186909973 0.0014492066495177963 0.041717981579257254 0.011064707924063354 -0.037307968679185712 0.0011518440885873399
leaf_weight=2111.4222095310688 10.653773933649061 25.51345582306385 43.015723064541817 108.42847172915936 4050.7348821917549 18.394132039509714 1553.0654928982258 3299.8090018546209 320.6657134424895 8975.1551247332245 616.87443161383271 47.192809734493494 489.01233833283186 1365.9275608211756 66.875109285116196 1853.9241191074252 289.1248383410275 1323.5725906714797 1235.8656312152743 1386.8667241409421 3054.2746046110988 259.79154620319605 24.383838299661875 243.51897738128901 1976.8526348397136 482.24387779086828 30.557471387088299 504.06492922455072 13.4255343824625 706.59424362331629
leaf_count=9709 43 104 175 442 18813 125 6945 26412 2092 63039 4138 359 2591 7565 315 9742 1937 7278 6530 6237 13496 1142 151 1236 10311 2736 146 2415 78 3764
internal_value=-7.37279e-06 0.0101359 0.00552311 0.0130114 -5.97964e-05 0.000225556 0.0019545 -0.00038001 -0.0094237 -0.000249777 -0.00182511 0.000634445 -0.00369348 -0.000616239 -0.00595911 -0.00537507 0.000523632 0.00149587 -0.0013116 0.00104717 -0.00030893 -0.00383822 0.00627536 -0.000774943 0.00098631 0.00509534 0.00742575 0.0128168 0.00646182 -0.00371019
internal_weight=36487.8 187.611 162.098 119.082 36300.2 32249.5 8365.42 23884 339.06 23545 7753.04 3347 4406.04 1868.37 2537.67 2470.8 15791.9 10323.1 5468.82 6812.36 4700.93 1646.66 1347.96 5179.7 3237.24 1260.39 1016.87 534.622 502.438 1942.46
internal_count=210066 764 660 485 209302 190489 37529 152960 2217 150743 51200 26771 24429 10234 14195 13880 99543 70468 29075 30584 20875 7379 7429 27138 16844 6533 5297 2561 2669 10294
is_linear=0
shrinkage=0.05


Tree=121
num_leaves=31
num_cat=0
split_feature=14 11 20 14 20 43 2 35 7 44 44 6 9 11 8 41 27 12 8 13 10 9 22 14 10 7 3 8 13 44
split_gain=7.58241 9.30254 10.0082 9.54498 11.0051 9.11553 8.47526 9.97807 12.203 10.3413 10.3157 9.60266 10.5512 9.61579 11.7362 9.43012 10.6849 9.16603 8.75729 14.0179 8.61557 13.0801 14.749 10.0815 10.0427 9.06281 8.37832 9.88272 15.9398 10.5674
threshold=-0.088458333333333347 0.20945 4.8450000000000015 -0.14748333333333338 2.6650000000000009 0.18500000000000003 3.5000000000000004 0.55760000000000021 6.3450000000000006 6.9650000000000007 4.1550000000000011 0.13500000000000004 5.9750000000000005 0.23104999999999992 0.45750000000000007 3.5000000000000004 0.044999999999999936 0.40305000000000002 0.55375000000000008 0.81166666666666709 0.34390000000000004 6.1950000000000012 0.24999999999999981 -0.11774999999999998 0.45015000000000005 7.4050000000000011 51.500000000000007 0.44690000000000002 1.6616666666666677 5.8150000000000004
decision_type=2 2 2 2 2 2 2 2 2 2 2 2 2 2 2 2 2 2 2 2 2 2 2 2 2 2 2 2 2 2
left_child=1 2 3 -1 -5 -6 7 8 10 -9 17 -8 13 14 -13 16 -15 -3 20 -20 -14 22 -22 -24 -23 -26 27 28 29 -2
right_child=26 6 -4 4 5 -7 11 9 -10 -11 -12 12 18 15 -16 -17 -18 -19 19 -21 21 24 23 -25 25 -27 -28 -29 -30 -31
leaf_value=-0.002846442571471439 1.8594957639512023e-05 -0.025018396300441417 -0.048712266237823182 0.0027745503022536585 0.036289910507538339 -0.024812850385522417 -0.011563092964352971 0.0063301476083233972 -0.028100080222752424 0.080518007917812662 -0.0049305463112188606 0.054576107404317953 -0.028016865893815052 0.0083647582543077848 -0.025177039714540272 -0.047531927324946259 -0.065639724644951672 0.012462397664044916 -0.049099607355964359 0.01283699169747685 0.087266961318288386 -0.013587101462552573 -0.02274833362343491 0.054872419468267965 0.013176991692299245 0.077837291614615903 -0.0016870316527784715 -0.0010765845617034366 0.015211271996820919 0.0023042023037281056
leaf_weight=1064.9580460367724 12039.629381055012 114.40990232303739 10.406024888157843 949.8612471818924 41.172042153775692 7.1661933809518805 115.796551335603 63.880176234059036 69.595489755272865 5.0701574841514221 1069.5113801248372 10.3381709381938 12.476261734962462 26.386650212109089 8.3294344916939718 22.367587015032768 5.9834822863340369 19.024240062572062 15.845797374844549 21.572221234440804 12.425942413508894 36.484953977167606 8.5200514346361178 8.2182942777872068 171.94271517544985 5.5954580381512633 4799.550526432693 6829.4647183073685 198.60422146320343 8719.836457955651
leaf_count=6430 73048 722 44 5845 187 33 563 417 331 32 7084 50 61 128 39 109 29 123 87 93 63 181 38 37 830 28 27576 31711 811 53336
internal_value=-7.22732e-06 -0.00209152 0.00019942 0.000446118 0.00395888 0.0272314 -0.00469623 -0.00673994 -0.0077437 0.0117854 -0.006566 0.000988417 0.00495424 -0.0119978 0.0189905 -0.022566 -0.00531466 -0.0196746 0.00920005 -0.0133919 0.0125065 0.0145855 0.0459985 0.0153624 0.010305 0.0152149 0.000242049 0.000575246 0.00111352 0.000978645
internal_weight=36484.4 3897.34 2073.56 2063.16 998.199 48.3382 1823.77 1341.49 1272.54 68.9503 1202.95 482.284 366.487 73.4053 18.6676 54.7377 32.3701 133.434 293.082 37.418 255.664 243.187 29.1643 16.7383 214.023 177.538 32587.1 27787.5 20958.1 20759.5
internal_count=210066 23584 12539 12495 6065 220 11045 8709 8260 449 7929 2336 1773 355 89 266 157 845 1418 180 1238 1177 138 75 1039 858 186482 158906 127195 126384
is_linear=0
shrinkage=0.05


Tree=122
num_leaves=31
num_cat=0
split_feature=40 47 40 40 48 48 28 13 28 13 15 20 27 3 34 38 8 9 39 22 45 34 8 20 30 4 19 3 20 22
split_gain=7.43758 13.0685 12.2836 18.9882 15.7648 18.1281 20.622 14.4915 14.4207 14.7679 13.8571 13.1941 12.9992 12.4788 12.2203 12.2079 11.9946 13.1002 14.128 12.4184 12.2668 11.9204 12.0321 11.9055 11.7258 11.7601 11.7192 11.3212 11.63 12.4597
threshold=-3.4999999999999996 2.5000000000000004 1.0000000180025095e-35 1.5000000000000002 3.5000000000000004 1.0000000180025095e-35 3.5000000000000004 -2.4074999999999993 1.5000000000000002 -0.68916666666666637 -0.011666666666666678 -0.55500000000000005 0.19999999999999976 47.500000000000007 5.1250000000000009 1.0000000180025095e-35 0.31935000000000008 5.1850000000000014 -2.4999999999999996 3.2350000000000008 0.23475000000000004 5.9750000000000005 0.44690000000000002 -1.3049999999999999 1.0000000180025095e-35 50.500000000000007 -0.16499999999999995 56.500000000000007 -0.58999999999999952 0.76000000000000012
decision_type=2 2 2 2 2 2 2 2 2 2 2 2 2 2 2 2 2 2 2 2 2 2 2 2 2 2 2 2 2 2
left_child=1 -1 8 16 5 11 7 10 15 -10 -7 -5 23 24 -9 -2 19 18 -18 26 -20 -11 -23 -6 25 -8 -4 28 -16 -30
right_child=2 -3 3 4 12 6 13 14 9 21 -12 -13 -14 -15 27 -17 17 -19 20 -21 -22 22 -24 -25 -26 -27 -28 -29 29 -31
leaf_value=0.014191512935728521 0.0023334450649425699 0.00024386642070865604 0.05976380320407737 -0.0072167812387094674 -0.011736387988787712 0.0088249430509377055 -0.002327299690146794 -0.0019350535992947338 -0.009465413036365479 -0.0049344064535529995 0.16140331158000859 -0.00091529936729588647 0.071209470560979329 -0.0029055278291788447 0.014022159880062852 -0.0087101961517766606 0.067789833607166644 0.0022862776272068223 -0.019981732864805146 0.031288809344035357 -0.0027709325243578083 0.0036700072012348173 -0.0054710884173303602 -0.002588302136128253 -0.006282171472714035 0.0023528808685922774 0.0041808403544496492 -0.011848483708128386 0.00025552857180807028 0.011392604234499854
leaf_weight=252.22709908336401 2192.1766347885132 502.58963531628251 9.5096982847899181 1193.2821449786425 404.6496723452583 3.0425182320177555 1651.2371362773702 452.99082087725401 885.6454404424876 1936.4551148191094 2.9126193113625041 2733.6607173560187 5.8020872743800274 2536.9757006950676 559.18155914917588 282.48644301667809 6.7442318499088278 3041.34944409132 117.56238545849919 43.277894899249077 867.38849597424269 1155.6823776885867 522.8465238660574 2937.2023919541389 515.345050631091 7172.5046192249283 3401.8245996385813 73.517134144902229 582.60969404131174 441.39787459373474
leaf_count=1174 10593 2408 137 8267 6242 35 11303 2085 7046 9944 24 13423 37 16084 2738 1357 31 13384 535 192 3973 5983 2538 18402 4665 43755 18943 363 2596 1809
internal_value=-7.05965e-06 0.00490457 -0.000110823 0.000345796 -0.000416617 0.0001718 0.00101433 0.00556226 -0.00199312 -0.00367892 0.08345 -0.00283013 -0.00356618 0.000204141 0.0053424 0.0010728 0.00251119 0.000659052 -0.00433136 0.00467344 -0.00482519 -0.00226126 0.000822639 -0.003696 0.00104889 0.00147705 0.00433579 0.00733227 0.00822295 0.00505616
internal_weight=36484.1 754.817 35729.3 28754 21266.3 17918.7 13991.7 2115.65 6975.29 4500.63 5.95514 3926.94 3347.65 11876.1 2109.7 2474.66 7487.66 4033.04 991.695 3454.61 984.951 3614.98 1678.53 3341.85 9339.09 8823.74 3411.33 1656.71 1583.19 1024.01
internal_count=210066 3582 206484 169023 131828 107147 85457 9650 37461 25511 59 21690 24681 75807 9591 11950 37195 17923 4539 19272 4508 18465 8521 24644 59723 55058 19080 7506 7143 4405
is_linear=0
shrinkage=0.05


Tree=123
num_leaves=31
num_cat=0
split_feature=14 23 9 15 6 20 40 15 8 45 14 13 44 6 9 3 7 11 44 37 34 23 4 3 8 7 26 10 12 35
split_gain=7.31901 9.67167 9.19706 11.9982 13.9625 9.52145 9.01462 9.40042 9.39276 11.4459 16.859 11.2267 13.3191 10.0775 13.1584 11.2127 9.80062 9.43168 9.3587 9.67273 9.73523 9.27048 9.57819 9.26633 9.98277 11.5498 16.6366 11.2522 9.53689 9.97124
threshold=0.041416666666666734 6.8550000000000013 7.7650000000000006 -0.013333333333333348 0.12500000000000003 2.2550000000000012 4.5000000000000009 0.039166666666666662 0.55375000000000008 0.24945000000000003 -0.10898333333333331 1.5616666666666672 6.1750000000000007 0.16500000000000004 7.6750000000000007 46.500000000000007 7.7550000000000008 0.29825000000000007 2.7950000000000004 1.5000000000000002 4.0750000000000011 6.705000000000001 52.500000000000007 58.500000000000007 0.34125 5.285000000000001 -0.05000000000000026 0.19530000000000003 0.20740000000000003 0.46890000000000004
decision_type=2 2 2 2 2 2 2 2 2 2 2 2 2 2 2 2 2 2 2 2 2 2 2 2 2 2 2 2 2 2
left_child=6 -2 5 -4 -5 -3 8 -8 11 10 -10 16 13 14 15 -13 18 -17 -1 23 -21 -18 -23 24 27 26 -26 -20 29 -27
right_child=1 2 3 4 -6 -7 7 -9 9 -11 -12 12 -14 -15 -16 17 21 -19 19 20 -22 22 -24 -25 25 28 -28 -29 -30 -31
leaf_value=-0.011221661780639096 0.0023453983476057084 -0.00074670538651202439 -0.036376862998832644 -0.041970687229942558 0.038318879195352942 -0.012550662672114727 -0.0029543607291359826 -0.022248743276589947 0.029574660964809804 -0.0032380034751866497 -0.03075796902326235 0.0014330141284647675 0.021800127383969047 0.013207415855347541 0.025303384263952983 -0.030843139697668394 0.087124808638919651 -0.001206007764208867 -0.00017697700427390633 -0.006988873491412125 -0.00079441946355934823 0.060052747869625681 -0.018410533422038234 -0.008610093743056128 0.01790810616780026 0.004692232215192561 -0.016433144419772682 0.0043385477740754512 -0.00053552482737463907 0.029770217387510123
leaf_weight=191.70432665199041 6192.7807061215863 2855.1503095086664 8.4312785491347295 6.1968230456113806 42.908786803483963 181.71214433759451 2063.8788676774129 65.120346669107676 13.592841416597365 857.90383109822869 78.150755288079381 542.89640322327614 107.99109876155853 196.83728340268135 49.308260202407837 54.512201055884361 5.8480848371982601 52.890644162893295 2278.8381144525483 674.1994882915169 10711.925416470505 6.5729120075702694 9.5270107537507993 250.84883759915829 42.215112313628197 363.09986392408609 214.28535380214453 3496.3108842745423 4814.7061303108931 44.494445748627186
leaf_count=1064 33735 16356 41 29 198 794 18748 1600 59 3902 341 2214 438 805 200 225 25 216 15293 3946 63034 30 42 1479 209 1682 1120 19384 22649 208
internal_value=-7.01262e-06 0.00120482 -0.0010778 0.0187259 0.0281868 -0.001453 -0.00042097 -0.00354452 -0.000155591 -0.00503308 -0.021819 3.65321e-05 0.00521134 0.00321296 0.000400982 -0.00148722 -0.000188435 -0.0162483 -0.000220189 -0.000128055 -0.00116121 0.0332074 0.0136227 0.00089444 0.00110629 -0.000422615 -0.0107812 0.00255675 8.61619e-05 0.00742983
internal_weight=36474.8 9287.18 3094.4 57.5369 49.1056 3036.86 27187.7 2129 25058.7 949.647 91.7436 24109 1004.44 896.445 699.608 650.299 23104.6 107.403 23082.6 22890.9 11386.1 21.948 16.0999 11504.8 11253.9 5478.8 256.5 5775.15 5222.3 407.594
internal_count=210066 51153 17418 268 227 17150 158913 20348 138565 4302 400 134263 4098 3660 2855 2655 130165 441 130068 129004 66980 97 72 62024 60545 25868 1329 34677 24539 1890
is_linear=0
shrinkage=0.05


Tree=124
num_leaves=31
num_cat=0
split_feature=5 4 19 20 3 0 34 27 11 34 15 44 36 46 46 10 44 10 45 10 9 1 11 15 46 44 45 12 44 43
split_gain=7.21726 9.57109 9.37468 10.2014 13.786 17.113 20.6403 19.9207 16.3543 15.0422 10.4646 14.7013 11.2016 11.8159 10.1339 9.81688 9.58379 9.42152 10.4447 9.45019 10.4101 10.2819 9.74513 9.3933 11.5734 9.37113 9.25501 16.8563 10.5977 9.42787
threshold=1.0000000180025095e-35 48.500000000000007 0.015000000000000001 -0.12999999999999964 20.500000000000004 16.500000000000004 4.8450000000000006 -0.010000000000000229 0.29640000000000005 5.9850000000000012 -0.0083333333333333506 6.6450000000000005 6.6250000000000009 7.0150000000000006 6.5850000000000009 0.52090000000000003 6.2150000000000007 0.044500000000000005 0.40215000000000006 0.16720000000000002 3.7850000000000006 3.5000000000000004 0.34044999999999997 -0.018333333333333295 6.705000000000001 3.7350000000000008 0.38125000000000003 0.45315000000000005 5.7950000000000008 0.15500000000000003
decision_type=2 2 2 2 2 2 2 2 2 2 2 2 2 2 2 2 2 2 2 2 2 2 2 2 2 2 2 2 2 2
left_child=1 -1 3 4 5 6 -2 -8 9 -9 11 -6 17 14 -14 -13 -5 18 -12 20 21 -19 -23 26 -25 -21 -4 29 -29 -28
right_child=2 -3 23 16 10 -7 7 8 -10 -11 12 15 13 -15 -16 -17 -18 19 -20 25 -22 22 -24 24 -26 -27 27 28 -30 -31
leaf_value=-0.0035710739938199388 -0.016521766140568772 -0.00019292358062538204 -0.0014332349894378379 -1.6273041706259345e-05 -0.012090464316783922 -0.010674374836347039 0.23094860205288575 0.28857517413720574 0.0097551087411535883 0.050960060922991157 -0.046081094918053706 0.012880785022789935 -0.05047161113313095 0.015822301220612046 -0.0023885804856082992 -0.031121678792668823 0.0043626140407305889 0.098715390341599624 0.055569853478169062 0.10865917336657134 0.14300083600429836 0.066730159946444295 -0.050217596210234416 0.014448140624938158 0.0038249268895067254 0.010549060641736174 -0.0030471705020953966 0.014732260492003577 0.072501909240544324 0.010506792624994618
leaf_weight=2325.6720530381426 4.5958291562274125 21299.667246988043 1441.7175342207775 4360.3050922658294 507.93136056698859 11.804371139034627 2.5862419269978991 1.2973773907870048 4.4146609529852867 1.3687005806714294 11.128563581034539 103.60912180505693 11.015942338854073 90.388263201341033 2085.0234709540382 14.44215878844261 1751.4565613120794 4.2035278528928739 3.2694678530096999 2.5140173435211173 2.8684855177998534 3.1425729021430016 4.1123803779482841 309.65346708428115 1490.2938730949536 76.382572442293167 246.0355443386361 17.159508970566097 14.773634510114787 268.10511983558536
leaf_count=14811 50 122073 10490 21052 3570 179 29 25 60 21 83 711 67 546 12517 81 8734 25 22 13 20 25 31 1809 8572 431 1713 140 98 2068
internal_value=-6.82194e-06 -0.000525468 0.00094706 7.35894e-05 -0.00234324 0.0338571 0.0707128 0.112185 0.0688072 0.166589 -0.0026664 -0.00839644 -0.00110283 -0.00187799 -0.00264129 0.00749761 0.00123859 0.0146452 -0.0229985 0.0204591 0.0578168 0.036492 0.000439773 0.00303585 0.00565249 0.0136753 0.000666472 0.00621002 0.041459 0.00402071
internal_weight=36470.9 23625.3 12845.6 9057.86 2946.1 26.0672 14.2628 9.66698 7.08074 2.66608 2920.03 625.983 2294.05 2186.43 2096.04 118.051 6111.76 107.622 14.398 93.2236 14.327 11.4585 7.25495 3787.74 1799.95 78.8966 1987.79 546.074 31.9331 514.141
internal_count=210066 136884 73182 48292 18506 364 185 135 106 46 18142 4362 13780 13130 12584 792 29786 650 105 545 101 81 56 24890 10381 444 14509 4019 238 3781
is_linear=0
shrinkage=0.05


Tree=125
num_leaves=31
num_cat=0
split_feature=13 8 7 20 6 7 21 22 14 11 0 10 14 23 24 23 8 13 23 44 13 11 24 34 26 8 10 2 43 35
split_gain=7.12339 9.1161 14.4538 12.1394 10.1792 9.4243 9.01278 10.2135 9.38203 15.1973 14.0621 9.09898 9.41332 8.94989 8.91347 8.68069 8.59733 17.1556 14.3244 12.0565 12.3249 10.2395 10.0775 10.0077 13.8459 13.6748 13.3546 11.1208 14.6522 12.3368
threshold=2.3658333333333341 0.64415000000000011 7.6650000000000009 1.0299999999999998 0.16500000000000004 7.8950000000000005 0.085000000000000006 3.3250000000000006 0.065533333333333374 0.31915000000000004 14.500000000000002 0.17900000000000002 0.015050000000000037 6.7250000000000005 0.051666666666667201 7.0850000000000009 0.46255000000000002 0.57499999999999962 6.5550000000000006 6.495000000000001 1.779166666666667 0.5011500000000001 -0.10333333333333304 6.3150000000000004 0.32999999999999968 0.22930000000000003 0.18545000000000003 2.5000000000000004 0.17500000000000002 0.34154999999999996
decision_type=2 2 2 2 2 2 2 2 2 2 2 2 2 2 2 2 2 2 2 2 2 2 2 2 2 2 2 2 2 2
left_child=6 2 3 -2 13 -3 16 15 9 -9 -11 -12 -13 -5 -10 -8 17 23 -18 20 -19 -21 -20 24 25 27 -27 -1 29 -29
right_child=1 5 -4 4 -6 -7 7 8 14 10 11 12 -14 -15 -16 -17 18 19 22 21 -22 -23 -24 -25 -26 26 -28 28 -30 -31
leaf_value=0.00073031110504936773 0.043557305339849431 0.0067559905768190126 0.060990102892806458 0.020424617698469816 0.037470109446816599 -0.059303389676533536 -0.00056801513114809775 -0.018838154188611889 -0.037558336564752354 -0.010373904275480569 -0.019574902901969542 0.055927912586820332 0.011018881487359493 -0.011401603175554919 0.025639667707435046 0.066028118126607638 -0.038506347117143985 0.0016440814807668572 -0.01729620222459561 0.0086940747935803763 0.014416790619773868 0.047928481150375908 -0.0011810485097262522 0.0011593595582846245 0.089618576782574691 -0.0059137375869435542 -0.0012090757828748543 0.0090165059845150382 -0.022341620601051815 0.062268164087786709
leaf_weight=5403.2721789209172 21.885651737451553 13.200609728693964 14.758543714880942 30.635885238647461 18.605879157781601 9.1355406492948514 325.4390905527398 152.77420796453953 50.189500786364079 70.711963400244713 10.292533650994299 22.225518748164177 24.565572887659073 79.184306785464287 6.2770996689796439 4.9679329190403214 26.137462608516216 4986.6562333628535 98.465978929772973 531.61788179725409 196.30219921469688 17.166671335697174 6570.0123054096475 8702.0211850199848 4.2153555415570727 1914.7712585777044 7107.1759744957089 20.678368732333183 13.644226334989069 22.943863563239574
leaf_count=43577 89 54 60 125 76 37 2293 701 224 314 48 99 109 323 27 35 120 21923 501 2293 800 72 30560 54665 28 11334 39220 130 83 146
internal_value=-6.82342e-06 0.00971622 0.0137727 0.00913663 0.00327085 -0.0202625 -5.70449e-05 -0.00581357 -0.0119376 -0.00819513 0.00452815 0.022988 0.0323504 -0.00252323 -0.0305329 0.000433311 5.08351e-05 0.000424597 -0.0015638 0.00287403 0.00212784 0.00992138 -0.001419 -0.00018085 -0.0009859 -0.00101227 -0.00220757 0.000962607 0.0228805 0.0370251
internal_weight=36469.9 187.406 165.07 150.312 128.426 22.3362 36282.5 667.443 337.036 280.57 127.796 57.0836 46.7911 109.82 56.4666 330.407 35615.1 28920.5 6694.62 5731.74 5182.96 548.785 6668.48 23188.7 14486.7 14482.5 9021.95 5460.54 57.2665 43.6222
internal_count=210066 764 673 613 524 91 209302 3850 1522 1271 570 256 208 448 251 2328 205452 174271 31181 25088 22723 2365 31061 149183 94518 94490 50554 43936 359 276
is_linear=0
shrinkage=0.05


Tree=126
num_leaves=31
num_cat=0
split_feature=13 8 22 2 15 8 34 13 24 9 3 44 27 14 21 16 35 20 27 4 46 45 14 20 34 8 15 32 19 4
split_gain=7.07411 21.3737 10.9649 10.5905 13.078 8.94925 12.8649 12.5156 9.56656 8.88645 12.5875 10.3593 10.6877 14.0491 10.337 12.4964 13.9975 21.3258 12.57 11.2175 10.9958 10.6871 10.0548 9.62829 10.8585 8.81736 13.8557 12.1162 11.5982 11.1895
threshold=-0.34833333333333222 0.29595000000000005 2.8150000000000008 2.5000000000000004 0.03333333333333334 0.49840000000000007 4.6650000000000009 -0.093333333333333476 0.11833333333333453 3.1450000000000005 25.500000000000004 4.1250000000000009 -0.079999999999999613 -0.031158333333333368 -0.014999999999999998 3.5000000000000004 0.33985000000000004 -0.45999999999999969 0.079999999999999641 47.500000000000007 6.7950000000000008 0.12600000000000003 0.091216666666666654 0.09999999999999977 5.4250000000000007 0.22615000000000005 -0.01833333333333333 3.5000000000000004 0.020000000000000014 57.500000000000007
decision_type=2 2 2 2 2 2 2 2 2 2 2 2 2 2 2 2 2 2 2 2 2 2 2 2 2 2 2 2 2 2
left_child=2 9 25 4 -3 6 -5 -8 -9 11 22 -2 13 -13 -14 16 18 -18 21 -19 -21 -16 -11 -15 -25 26 -1 -27 -29 -30
right_child=1 3 -4 5 -6 -7 7 8 -10 10 -12 12 14 23 15 -17 17 19 -20 20 -22 -23 -24 24 -26 27 -28 28 29 -31
leaf_value=-0.0026159823779316267 -0.011808862268993562 -0.0018731647754832216 -0.030108236136301061 -0.003072077899634781 -0.016190683400822786 -0.0016660342221354063 -0.0029115665534518538 0.002535628088718443 -0.016050140675356137 0.017047369477239668 0.0035993632054370597 -0.017505413341841032 -0.013528630941466946 0.019688382284034377 0.059214770289976272 -0.00404931912648926 -0.017167090425958376 -0.0074053629720671702 0.065373484692793277 0.085885572103467978 0.034909888806336616 -0.0099918165530992684 -0.014325999806650168 0.10251590078983697 0.015285808844469723 -0.0050171271111093948 0.0022920564743049965 -0.0022825741675662043 0.0057948312141568124 -0.02354038380026019
leaf_weight=2372.5439723208547 184.15610089898109 4265.8524262532592 32.344360336661339 1624.9531948715448 165.68897783756256 4059.8073080852628 1274.2730633541942 8768.2865219935775 69.787514373660088 277.24717807024717 3735.4728829488158 18.965760305523872 121.24119228869677 40.007061064243317 6.0375793576240531 235.68065620213747 17.000911474227905 7.8479798436164847 6.9549619704484931 19.078125715255737 23.746314659714699 73.342330642044544 28.12942423671484 8.7439629882574064 6.0264815241098395 2453.8218118501827 3650.5695132184774 2062.3637695498765 823.51748388260603 33.842550128698349
leaf_count=22078 969 21365 201 7402 800 18701 7109 40569 313 1409 19125 92 613 184 31 1318 88 41 36 101 127 377 133 42 28 16318 31631 13296 5331 238
internal_value=-6.63141e-06 0.000463864 -0.00103738 -0.000248466 -0.00240848 0.000357478 0.00105739 0.00172095 0.00238887 0.0034598 0.00439726 -0.00146737 0.00178992 0.019584 -0.000778324 0.00318859 0.0142649 0.0312907 0.000919221 0.0475485 0.0576194 -0.00472801 0.0141574 0.0324255 0.0669252 -0.000954874 0.000358748 -0.00242729 -0.000250716 0.00463688
internal_weight=36467.3 25038.3 11429 20228.6 4431.54 15797.1 11737.3 10112.3 8838.07 4809.68 4040.85 768.829 584.673 73.7433 510.93 389.689 154.008 67.6733 86.3349 50.6724 42.8244 79.3799 305.377 54.7775 14.7704 11396.7 6023.11 5373.55 2919.72 857.36
internal_count=210066 120973 89093 96259 22165 74094 55393 47991 40882 24714 20667 4047 3078 346 2732 2119 801 357 444 269 228 408 1542 254 70 88892 53709 35183 18865 5569
is_linear=0
shrinkage=0.05


Tree=127
num_leaves=31
num_cat=0
split_feature=13 22 8 24 9 9 22 7 47 35 14 34 24 12 3 48 23 0 40 13 12 13 48 8 9 3 13 43 11 4
split_gain=6.88637 11.8884 11.3319 12.4959 12.4092 12.7356 11.753 11.9675 12.1369 12.8212 12.0049 11.7471 13.2178 12.1147 10.9944 13.737 11.412 11.043 11.4072 12.3945 23.6394 10.9377 10.7843 11.1165 13.3483 13.2208 13.1833 13.6891 12.5037 11.1952
threshold=0.99333333333333373 3.4450000000000007 0.39735000000000004 0.12500000000000047 3.8150000000000004 1.0000000180025095e-35 -0.7899999999999997 3.5250000000000004 5.5000000000000009 0.37475000000000008 -0.011758333333333341 5.0050000000000008 0.10999999999999989 0.29895000000000005 43.500000000000007 1.0000000180025095e-35 6.6950000000000012 3.5000000000000004 -3.4999999999999996 -0.95499999999999974 0.28395000000000004 -2.4074999999999993 4.5000000000000009 0.31770000000000004 5.4250000000000007 25.500000000000004 0.65999999999999981 0.13500000000000004 0.22870000000000004 47.500000000000007
decision_type=2 2 2 2 2 2 2 2 2 2 2 2 2 2 2 2 2 2 2 2 2 2 2 2 2 2 2 2 2 2
left_child=1 2 4 -4 5 11 7 8 -6 -10 -11 12 -1 -14 15 16 -7 -18 19 20 -19 -16 23 25 26 28 29 -28 -8 -25
right_child=-2 -3 3 -5 6 14 22 -9 9 10 -12 -13 13 -15 21 -17 17 18 -20 -21 -22 -23 -24 24 -26 -27 27 -29 -30 -31
leaf_value=-0.006070708897644825 0.0016037712229970567 -0.0096198569702249468 -0.0016115222777460239 -0.025399990553667897 0.0060557204453859535 0.0057458645865765363 0.036838641734875957 -0.0015433573202727026 0.023093058610923409 0.1874017669007699 0.040527126098878159 0.0041861479296392686 0.13382295534103852 0.0053348780278944996 0.078164317755065021 0.00092812319659465884 -0.021840729724240726 0.17611451346360343 -0.0070407624842468534 0.001141951862231686 0.018498366522541394 -0.0081335072400669992 -0.005258062769742452 -0.017450916164219513 0.0027885029636812667 0.0031653183669318251 0.050803674078395977 0.0045334856858720947 0.0094031096147438719 -0.0030110868228531412
leaf_weight=457.41884917765856 5616.4127938300371 338.40168146789074 8261.0511955711991 55.576096065342426 240.04737313464284 181.81388278491795 48.343127653002739 4585.5310352519155 17.921723347157243 2.6355739533901215 2.946762688457965 1392.6131459530443 3.2355225607752791 4.2368205897510052 3.6859130188822737 1949.7508072806522 123.90497739333659 3.3645030036568633 890.34481890872121 23.158378213644028 8.1206211782991868 951.17306430265307 490.63026326522231 146.66623874753714 2733.9856810569763 5757.7050814181566 16.956554487347603 278.99799633026123 294.63399715349078 1582.9147547222674
leaf_count=4231 23691 1580 41435 278 1799 1128 295 27309 138 23 22 12260 22 30 38 18490 834 24 5929 116 61 6562 3414 808 13870 34082 73 1246 1708 8570
internal_value=-6.55681e-06 -0.000299747 -0.000196371 -0.00177049 0.000393523 -0.0015504 0.00111263 -0.00094786 0.0094132 0.0437032 0.109871 0.00188878 -0.00499314 0.0609702 -0.00309521 -0.00168259 -0.00581861 -0.00782318 -0.00594549 0.0222033 0.0646711 -0.00780038 0.00199288 0.00232045 0.00050935 0.00373341 -0.00256696 0.00718451 0.0132702 -0.00423557
internal_weight=36464.2 30847.8 30509.4 8316.63 22192.7 5992.82 16199.9 4849.08 263.551 23.5041 5.58234 1857.5 464.891 7.47234 4135.32 3180.46 1230.71 1048.89 924.988 34.6435 11.4851 954.859 11350.8 10860.2 4759.52 6100.68 2025.54 295.955 342.977 1729.58
internal_count=210066 186375 184795 41713 143082 49725 93357 29291 1982 183 45 16543 4283 52 33182 26582 8092 6964 6130 201 85 6600 64066 60652 24567 36085 10697 1319 2003 9378
is_linear=0
shrinkage=0.05


Tree=128
num_leaves=31
num_cat=0
split_feature=44 21 7 44 15 22 13 22 28 14 12 7 6 9 11 34 8 13 36 23 43 13 31 12 3 36 24 17 35 12
split_gain=6.96133 9.7245 9.56902 16.6621 16.2657 9.33272 12.0285 9.26285 9.2616 10.8941 10.0242 12.1008 9.37899 10.4181 15.6397 9.28986 9.26066 11.3238 11.4801 9.18449 9.0999 8.92824 8.86524 15.4071 10.0474 12.0345 11.5934 9.6638 14.1519 8.6756
threshold=5.9450000000000012 -0.01 2.1050000000000004 6.0450000000000008 0.13550000000000004 3.1450000000000009 1.518333333333334 -2.9049999999999989 4.5000000000000009 0.22220833333333337 0.56595000000000006 5.9050000000000011 0.12500000000000003 8.0050000000000008 0.38695000000000002 7.8050000000000006 0.42545000000000005 0.58833333333333326 6.6150000000000011 7.2250000000000005 0.13500000000000004 -3.3591666666666655 3.5000000000000004 0.51805000000000012 31.500000000000004 6.5850000000000009 0.0099999999999993445 5.5000000000000009 0.41825000000000007 0.21205000000000004
decision_type=2 2 2 2 2 2 2 2 2 2 2 2 2 2 2 2 2 2 2 2 2 2 2 2 2 2 2 2 2 2
left_child=7 2 3 4 -2 6 16 19 9 10 12 -12 -4 22 20 -10 17 21 -19 -1 -15 -3 24 -24 25 26 -14 28 -26 -9
right_child=1 5 8 -5 -6 -7 -8 29 15 -11 11 -13 13 14 -16 -17 -18 18 -20 -21 -22 -23 23 -25 27 -27 -28 -29 -30 -31
leaf_value=-0.0092085739711218108 0.38021982863176662 -0.032726599765010959 -0.0035434646132600578 0.026475852499248942 0.027641060013302229 -0.012441686784449825 0.012651615031690489 0.0027806773508954477 -0.00086580379072768879 -0.022177982772493308 0.061223956530628301 0.0011544112294751758 0.11373447715108048 -0.030907710332171386 0.067350303251985447 -0.041330384913549886 -0.0022576227749513816 0.050562878375725831 0.0072652375651969872 0.10332767749328986 0.023055162355171025 0.00055982263449007817 -0.0018208084987312194 0.082657525311617852 0.0070148109141268348 -0.0011268024334972462 0.0083975713128907666 -0.00076413383384239244 0.019729762318353564 -0.00076476608509944187
leaf_weight=350.16861290950328 0.69195583928376325 20.209191357716918 371.55949112772942 12.805383091792462 0.62040568049997091 148.94536107033491 189.30148930847645 1894.8435757905245 1062.6926941592246 39.545816287398338 16.896437451243401 16.640918999910355 4.479969769716261 10.397174343466757 16.321305751800537 14.37588859349489 3268.288084693253 15.905202873051165 408.67807379364967 1.822487574070691 31.425742596387863 6362.089820003137 579.95946526527405 5.4479263573884955 1224.7109999358654 536.01898815855384 6.2650085762143135 284.83425933122635 266.45031087100506 19298.92232917808
leaf_count=4707 19 894 1728 366 21 684 774 10681 5960 183 84 73 21 47 72 86 16869 71 1793 20 137 42251 2934 27 5675 2562 29 1377 1239 108682
internal_value=-6.559e-06 0.000823791 0.00276544 0.0438652 0.213542 -1.56628e-05 0.000164648 -0.000581388 0.00263616 0.0039125 0.00421854 0.031418 0.00394525 0.00488329 0.0258395 -0.00140589 -6.99682e-05 0.000980422 0.0088872 -0.0086259 0.00964 0.000454423 0.0044643 -0.00103464 0.0058502 -7.65406e-05 0.0523163 0.00767483 0.0092868 -0.000447783
internal_weight=36461.3 14915.6 4502.14 14.1177 1.31236 10413.4 10264.5 21545.8 4488.02 3410.95 3371.41 33.5374 3337.87 2966.31 58.1442 1077.07 10075.2 6806.88 424.583 351.991 41.8229 6382.3 2908.17 585.407 2322.76 546.764 10.745 1776 1491.16 21193.8
internal_count=210066 85976 22640 406 40 63336 62652 124090 22234 16188 16005 157 15848 14120 256 6046 61878 45009 1864 4727 184 43145 13864 2961 10903 2612 50 8291 6914 119363
is_linear=0
shrinkage=0.05


Tree=129
num_leaves=31
num_cat=0
split_feature=14 11 20 26 35 13 9 34 3 4 9 35 21 15 14 33 20 20 43 46 33 26 45 6 9 2 35 7 44 44
split_gain=6.90995 8.28716 9.17362 9.41255 9.84479 12.5068 9.79482 19.4754 12.8292 11.6029 8.86229 13.1269 16.4142 10.8998 9.09877 8.65631 11.538 8.34412 8.90979 9.78487 8.29639 10.0623 9.01099 8.78369 8.73865 7.71348 8.96389 11.0709 9.46675 8.82821
threshold=-0.088458333333333347 0.20945 4.8450000000000015 0.074999999999999747 0.28075000000000006 1.101666666666667 5.4250000000000007 7.3450000000000006 61.500000000000007 50.500000000000007 3.4450000000000007 0.45404999999999995 0.015000000000000001 0.018333333333333323 -0.16133333333333327 0.14500000000000005 0.11999999999999945 2.1950000000000007 0.16500000000000004 6.9450000000000012 0.15500000000000003 0.14000000000000015 0.22615000000000005 0.19500000000000003 4.5550000000000006 3.5000000000000004 0.55760000000000021 6.3450000000000006 4.1550000000000011 6.9650000000000007
decision_type=2 2 2 2 2 2 2 2 2 2 2 2 2 2 2 2 2 2 2 2 2 2 2 2 2 2 2 2 2 2
left_child=1 2 3 17 5 -5 7 8 9 -6 11 12 13 14 -11 16 -8 -1 -19 -20 23 22 -22 -12 -24 26 27 28 -3 -28
right_child=-2 25 -4 4 6 -7 15 -9 -10 10 20 -13 -14 -15 -16 -17 -18 18 19 -21 21 -23 24 -25 -26 -27 29 -29 -30 -31
leaf_value=0.00086040062014831387 0.0002314494809284245 -0.018886728654834036 -0.046874652541052678 -0.026302111432339938 -0.038688791801574543 0.027313844631632334 0.040309224626560725 0.097440213162663172 0.10825031343739569 0.068076188150393527 -0.030868673354611839 -0.027368170805927523 0.13074562113797039 0.098078778386595886 -0.037618169074026292 -0.022115217989064524 -0.030276864069911119 0.027309918721557448 -0.0051666822287826505 0.052157358850874316 0.068168582467100947 -0.042335453276575556 -0.022210123049036246 0.041773554733063142 0.032827720768889915 0.00096219786312238924 0.0059650911649770585 -0.026875038510945443 -0.0046913496845183318 0.073228716874814054
leaf_weight=1597.7695439560339 32567.061995352618 131.99029012955725 10.31384041905403 92.531745023094118 16.024022459052503 12.325488641858099 14.650993101298811 5.7659817785024634 2.8492961041629306 3.0041065402328995 28.283765804022551 6.5763708222657433 5.1384599544107905 3.6780551234260193 6.3197209266945746 72.362110510468483 9.57159376144409 64.126252979040146 62.846709400415421 8.4445232003927213 8.5231937989592534 7.0045152492821208 12.38700393214822 4.8792790137231341 17.263367515057325 481.72986096888781 64.057592811994255 68.836615458130836 1066.020513552241 5.2802172116935244
leaf_count=9758 186482 845 44 623 128 53 82 40 18 22 190 60 41 37 61 382 49 292 282 39 52 50 91 37 108 2336 417 331 7084 32
internal_value=-6.46987e-06 -0.00199805 0.000163139 0.000398378 -0.00735298 -0.0199998 -0.00144028 0.00764701 0.0034008 0.000892043 0.0070463 0.03315 0.0550895 0.0251895 -0.00356379 -0.0134548 0.012417 0.00187039 0.0137871 0.00162341 -0.00118945 0.0127512 0.0228591 -0.0201808 0.00983462 -0.00446205 -0.00641764 -0.00737573 -0.00625532 0.0110874
internal_weight=36457.6 3890.56 2072.64 2062.33 329.139 104.857 224.282 127.697 121.931 119.082 103.058 24.7167 18.1403 13.0019 9.32383 96.5847 24.2226 1733.19 135.417 71.2912 78.3411 45.1781 38.1736 33.163 29.6504 1817.92 1336.19 1266.85 1198.01 69.3378
internal_count=210066 23584 12539 12495 2124 676 1448 935 895 877 749 221 161 120 83 513 131 10371 613 321 528 301 251 227 199 11045 8709 8260 7929 449
is_linear=0
shrinkage=0.05


Tree=130
num_leaves=31
num_cat=0
split_feature=14 23 40 43 36 7 8 12 11 24 12 11 20 46 34 12 23 15 23 8 45 14 7 23 13 44 3 7 47 36
split_gain=6.59545 8.76124 8.27416 8.955 8.94677 9.00174 10.1085 8.75301 10.4351 15.9638 9.58333 9.29435 12.6013 9.32227 8.99329 18.8066 8.56664 10.0647 8.53132 8.15987 10.5083 15.3438 9.91668 10.6121 9.25123 12.0218 9.52615 10.6484 9.37929 9.4332
threshold=0.041416666666666734 6.8550000000000013 4.5000000000000009 1.0000000180025095e-35 7.2650000000000006 5.9750000000000005 0.47635 0.28135000000000004 0.34865000000000002 0.023333333333333876 0.25535000000000008 0.24015000000000003 0.86499999999999988 6.7550000000000008 7.6450000000000005 0.40404999999999996 6.6050000000000013 0.013333333333333352 6.8050000000000006 0.55375000000000008 0.24945000000000003 -0.10898333333333331 7.705000000000001 6.8450000000000006 1.5616666666666672 6.1750000000000007 46.500000000000007 6.1050000000000013 4.5000000000000009 6.7250000000000005
decision_type=2 2 2 2 2 2 2 2 2 2 2 2 2 2 2 2 2 2 2 2 2 2 2 2 2 2 2 2 2 2
left_child=2 -2 19 -4 5 16 7 8 11 10 -10 12 -7 -14 -9 18 17 -5 -16 22 21 -21 24 -24 -1 26 27 -26 -27 -30
right_child=1 -3 3 4 -6 6 -8 14 9 -11 -12 -13 13 -15 15 -17 -18 -19 -20 20 -22 -23 23 -25 25 28 -28 -29 29 -31
leaf_value=-0.00020718889875759799 0.002228711965863747 -0.0010298603653468262 0.09944456771196801 0.0071845879996616947 0.089071534064745175 0.073872895472577679 -0.0049166670622415067 0.00096293069145022636 -0.0048280168339594736 0.14941567526821248 0.093246506377286098 -0.0031282651107893533 0.073529923530877936 -0.016313810118596068 0.073430325720090311 0.16236557259047968 -0.0068580452422999085 0.09019342018989715 -0.044414979603777688 0.028061141689115967 -0.0029775301381397383 -0.029417871270072976 0.04254531978835982 -0.030954165957270859 0.019350571848625223 0.027620482368092759 -0.0083410678771497059 0.0026373678489441687 0.04284128594695491 -0.032191376919410063
leaf_weight=23065.726112147793 6195.658875297755 3092.3205429771915 2.1146894535049787 17.404581417329613 2.6069628894329062 11.724781565368177 444.55353031307459 325.24993135780096 7.2676450461149198 3.6472223326563826 3.7896547690033913 40.081009313464165 3.808006525039672 11.941109791398047 2.625874422490595 2.6887232065200806 1236.4026718074456 4.6212878478690973 3.6995239928364754 13.652123749256132 856.16067569330335 77.64242828451097 25.137018382549289 6.103476643562316 112.54356467723846 87.20952832698822 157.84065197408199 622.08888202905655 5.9274467080831554 14.281544819474218
leaf_count=130047 33735 17418 19 169 20 81 2591 2060 45 21 24 251 20 62 21 20 14871 40 33 59 3902 341 109 27 461 354 648 2535 24 58
internal_value=-6.40027e-06 0.00114381 -0.000399617 -0.00339569 -0.00349817 -0.00361203 0.000327177 0.00592391 0.0205349 0.0587055 0.0287849 0.0122265 0.0346271 0.00540966 0.00232826 0.0515924 -0.00630743 0.0246008 0.00450636 -0.000145494 -0.00469703 -0.0208225 3.34665e-05 0.0281857 -3.07893e-06 0.00470538 0.00280333 0.00519778 0.0205083 -0.0101837
internal_weight=36456.5 9287.98 27168.5 2124.23 2122.11 2119.51 861.077 416.523 82.2594 14.7045 11.0573 67.5549 27.4739 15.7491 334.264 9.01412 1258.43 22.0259 6.3254 25044.3 947.455 91.2946 24096.9 31.2405 24065.6 999.892 892.473 734.632 107.419 20.209
internal_count=210066 51153 158913 20348 20329 20309 5229 2638 504 90 69 414 163 82 2134 74 15080 209 54 138565 4302 400 134263 136 134127 4080 3644 2996 436 82
is_linear=0
shrinkage=0.05


Tree=131
num_leaves=31
num_cat=0
split_feature=40 12 40 40 31 28 41 13 44 20 13 8 4 12 24 35 15 44 38 21 30 45 20 3 34 44 40 23 4 48
split_gain=6.51772 12.1454 10.8043 16.7285 13.7789 13.3748 18.0205 14.5073 14.0413 14.5395 13.1855 12.5264 12.4605 12.004 13.1224 14.5706 13.8328 11.8549 11.6524 15.0251 12.048 11.0882 11.0324 10.8945 13.3967 10.789 11.1264 10.7557 10.701 11.0252
threshold=-3.4999999999999996 0.39399999999999996 1.0000000180025095e-35 1.5000000000000002 2.5000000000000004 3.5000000000000004 3.5000000000000004 -2.5958333333333323 5.1450000000000005 -0.55500000000000005 -0.65333333333333299 0.14674999999999996 48.500000000000007 0.31265000000000004 0.010000000000001121 0.37885000000000008 -0.029999999999999988 3.1250000000000004 1.0000000180025095e-35 0.10500000000000002 1.0000000180025095e-35 0.35254999999999997 -1.3049999999999999 26.500000000000004 5.1250000000000009 5.5050000000000008 -1.4999999999999998 7.1150000000000011 53.500000000000007 1.0000000180025095e-35
decision_type=2 2 2 2 2 2 2 2 2 2 2 2 2 2 2 2 2 2 2 2 2 2 2 2 2 2 2 2 2 2
left_child=1 -1 4 18 25 6 7 -5 -8 -10 -6 13 -7 -12 15 -15 -16 -13 21 20 -20 22 27 -9 -25 -2 -27 -4 29 -14
right_child=2 -3 3 5 10 12 8 23 9 -11 11 17 28 14 16 -17 -18 -19 19 -21 -22 -23 -24 24 -26 26 -28 -29 -30 -31
leaf_value=0.0076238186547769793 -0.0025452912969817984 -0.0086408524267518119 0.0048194185718938819 0.1058556552244069 -0.0073169796841871223 -0.004912863046368213 -0.0075861852188501199 0.014599738562021351 -0.0061166244330347862 0.0045813483065452907 -0.0074836506567553841 -0.019893841073104539 -0.0046006603434272106 0.084748697302905296 0.073175560882900323 -0.00044601225302447922 -0.021966144883178374 -0.0015057474196165993 0.022531054790201607 0.10338736160158767 0.0039132988589086924 0.0041823747645445579 -0.0014615054891839547 -0.0043706710188460328 0.0059856202851551882 -0.012754283784948429 0.010993070107535011 -0.041312243636716657 -0.0021705630560076741 0.0011351767114868593
leaf_weight=614.8995649330318 379.85191436111927 141.12127904221416 1143.65850488469 3.5825788341462603 1245.3279046490788 1835.6545708142221 607.5240884386003 267.49407294020057 451.69427875801921 1069.8823528066278 25.686812713742256 89.336058005690575 934.47440803982317 17.255481913685802 5.2949884533882168 7.0770803391933432 13.718431293964384 4651.5084852427244 124.15641474723816 4.3057188577949992 289.54829018004239 3001.7014549542218 2916.3067523725331 394.95613308995962 1491.569951839745 55.085312359035015 471.67219554260373 12.776330294087527 6088.267565490678 8096.8145033754408
leaf_count=2915 1888 667 6560 35 9253 13127 3013 1297 2614 4954 149 437 5670 101 28 43 72 22937 640 25 1696 14805 13392 1799 6708 274 2279 77 40371 52240
internal_value=-6.2912e-06 0.0045878 -0.000103591 0.000324581 -0.00187084 -0.000391913 0.00210329 0.00532365 -0.00116018 0.00140555 -0.00273156 -0.00154435 -0.00102276 0.019601 0.0356514 0.05997 0.00452957 -0.00185225 0.00235592 0.0104677 0.00950065 0.00187661 0.000177215 0.00515645 0.00381747 0.00387788 0.00850971 0.00430975 -0.000550469 0.000541685
internal_weight=36452.2 756.021 35696.2 28734.4 6961.81 21241.9 4286.7 2157.6 2129.1 1521.58 6055.21 4809.88 16955.2 69.0328 43.346 24.3326 19.0134 4740.84 7492.45 418.01 413.705 7074.44 4072.74 2154.02 1886.53 906.609 526.758 1156.43 15119.6 9031.29
internal_count=210066 3582 206484 169023 37461 131828 20420 9839 10581 7568 33020 23767 111408 393 244 144 100 23374 37195 2361 2336 34834 20029 9804 8507 4441 2553 6637 98281 57910
is_linear=0
shrinkage=0.05


Tree=132
num_leaves=31
num_cat=0
split_feature=13 36 15 24 21 22 14 11 0 0 12 4 10 14 41 3 34 24 14 13 8 8 2 44 13 48 8 44 8 34
split_gain=6.49481 8.6241 9.2689 8.23946 7.66686 8.94488 8.60346 13.7992 12.6732 8.76496 8.47405 8.92248 8.17352 8.32525 8.50718 8.12496 7.74646 14.865 10.6144 9.41878 12.0318 11.9436 14.4327 11.6216 11.1425 13.0508 12.8213 14.7526 11.0576 11.3724
threshold=2.3658333333333341 6.7950000000000008 -0.0016666666666666702 0.083333333333334383 0.085000000000000006 3.3250000000000006 0.065533333333333374 0.31915000000000004 14.500000000000002 4.5000000000000009 0.41055000000000003 55.500000000000007 0.17900000000000002 0.015050000000000037 2.5000000000000004 44.500000000000007 4.3450000000000006 0.14500000000000005 0.20275833333333335 0.99333333333333373 0.39735000000000004 0.45375000000000004 3.5000000000000004 6.1450000000000005 -0.67666666666666642 2.5000000000000004 0.19394999999999998 4.9750000000000005 0.22615000000000005 7.9050000000000011
decision_type=2 2 2 2 2 2 2 2 2 2 2 2 2 2 2 2 2 2 2 2 2 2 2 2 2 2 2 2 2 2
left_child=4 2 -2 -3 16 -6 7 10 -9 -8 11 -7 -10 14 -14 -15 17 18 -1 20 24 -21 -23 -24 25 28 -26 -28 -18 -30
right_child=1 3 -4 -5 5 6 9 8 12 -11 -12 -13 13 15 -16 -17 19 -19 -20 21 -22 22 23 -25 26 -27 27 -29 29 -31
leaf_value=-0.0028452600755946005 0.04994992244166091 -0.0054057136958410214 0.011752264446815441 0.061329963789002441 0.0004684990489256599 -0.0081109269835724467 0.026512523399692747 -0.0096375518666344841 -0.018523881168678879 -0.036095429304165975 -0.050083487627041123 -0.04484877638635712 0.025938525863226966 0.036233303927658299 0.088054958685885795 -0.021694681412960271 0.0017697482596761101 0.056095261627664997 0.020624730899338195 0.0057736398756653455 -0.0016819551982705017 -0.0060351295707023241 0.00045478201707720991 0.0095078749826061262 0.0066514612923805842 -0.0052893595491365379 -0.0015082774864669537 0.0021754013042503202 -0.0036425329070716057 0.035334957772872655
leaf_weight=3166.935524309054 20.039974123239517 85.643283113837242 76.536737650632858 4.8891498744487754 330.05751330964267 114.32895366847515 6.3006073087453833 70.360741138458252 10.19958560168743 49.583091147243977 17.869068711996078 19.320010505616665 12.71552810072899 13.754647746682169 9.7298048585653287 10.810890793800352 3335.6627039788291 10.864705247804521 48.917537361383438 1661.6452176123857 8112.8660856364295 660.94200050830841 1602.3316585421562 455.20445913076401 1078.944678992033 1445.0915238987654 4043.9739765934646 8289.1834483630955 1661.8645461648703 18.927120715379715
leaf_count=18139 82 349 313 20 2328 527 28 314 48 223 82 92 55 60 44 49 27861 57 273 7029 40758 2831 6699 1898 6012 17616 21392 43884 10885 118
internal_value=-6.25062e-06 0.00928529 0.0196784 -0.00180169 -5.41991e-05 -0.0053733 -0.0111294 -0.00754369 0.00457294 -0.0290367 -0.0177453 -0.0134217 0.0220498 0.0308528 0.0528653 0.0107401 4.51837e-05 -0.00229099 -0.00248825 0.000278083 -5.93495e-05 0.00243409 0.000392818 0.00245767 0.000603034 -0.00110267 0.00142479 0.000967543 0.000103395 -0.00320361
internal_weight=36445.5 187.109 96.5767 90.5324 36258.4 665.03 334.973 279.089 127.571 55.8837 151.518 133.649 57.2105 47.0109 22.4453 24.5655 35593.4 3226.72 3215.85 32366.6 27986.5 4380.12 2718.48 2057.54 19873.6 6461.55 13412.1 12333.2 5016.45 1680.79
internal_count=210066 764 395 369 209302 3850 1522 1271 570 251 701 619 256 208 99 109 205452 18469 18412 186983 168526 18457 11428 8597 127768 56480 71288 65276 38864 11003
is_linear=0
shrinkage=0.05


Tree=133
num_leaves=31
num_cat=0
split_feature=5 34 24 9 48 0 47 48 6 10 21 8 8 20 12 22 3 13 22 20 28 30 20 9 7 44 23 9 24 26
split_gain=6.45456 9.36397 11.8583 10.3869 10.1591 13.3464 12.7488 14.2092 20.813 13.2382 11.6728 17.7593 13.0773 10.9675 10.8319 10.7848 9.77453 9.25936 9.24419 11.5253 12.5597 13.0314 10.5508 9.92771 9.3488 15.3006 10.3618 12.7455 10.9006 10.3069
threshold=1.0000000180025095e-35 6.3250000000000011 -0.046666666666667293 3.8750000000000004 2.5000000000000004 3.5000000000000004 2.5000000000000004 1.5000000000000002 0.20500000000000004 0.27310000000000006 0.0099999999999999898 0.10155000000000002 0.061350000000000009 -1.6999999999999993 0.25055000000000005 3.8850000000000011 27.500000000000004 1.4416666666666669 -0.26500000000000007 -0.064999999999999933 2.5000000000000004 -1.0000000180025095e-35 -0.76000000000000034 3.9950000000000006 4.3750000000000009 4.2350000000000012 6.9850000000000012 4.2350000000000012 -0.043333333333334327 -0.10999999999999986
decision_type=2 2 2 2 2 2 2 2 2 2 2 2 2 2 2 2 2 2 2 2 2 2 2 2 2 2 2 2 2 2
left_child=1 2 -1 -4 6 17 7 10 13 -10 11 12 -3 -9 -8 -15 -7 -6 19 20 -5 -22 -23 -20 25 -21 28 -28 -27 -30
right_child=-2 4 3 18 5 16 14 8 9 -11 -12 -13 -14 15 -16 -17 -18 -19 23 24 21 22 -24 -25 -26 26 27 -29 29 -31
leaf_value=-0.0045721891861980396 0.00089606934359642636 0.031908713102303803 -0.0034611850727287613 0.0016378319401248312 0.010449062050789062 0.0056905905446850945 0.0064388184731737439 -0.015857268790058106 0.027719171512376718 0.12770484547753358 0.0025622741846593783 0.012313984791694099 0.19289045982962899 0.00066844465748188428 -0.00060717766879631876 0.05544143306198325 -0.005105153663265115 -0.044385256121075981 0.015822223594742522 -0.016156091533087575 0.035729249367659546 -0.0050835543348494742 -0.015492631930199834 0.00078309075486067284 -0.0010345957053272078 0.098262818231331275 -0.019644613091651369 0.096747335498540837 0.084942491949230745 0.0094030015060342573
leaf_weight=2285.5241148704663 12840.13688246347 2.7340078847482792 2617.9659004099667 449.9885651320219 239.03858974203467 241.20877907983959 630.75873413309455 106.13864332996309 11.539248604327442 4.6423223018646231 442.65880792587996 665.056177072227 2.3423940762877464 708.19348658248782 4033.3304278366268 9.102603152394293 1603.3987813573331 7.9548792243003836 111.45071384310722 46.749942481517792 16.504313126206398 638.27907741442323 393.54783144965768 7126.6694477051497 997.47608289495111 3.6642650440335265 3.3470475748181325 7.9123088344931602 4.6263707652688018 188.68516669049859
leaf_count=15006 73182 27 20486 2426 1645 2481 3500 678 90 27 2308 3102 16 3602 22365 38 10380 33 668 260 103 4131 2324 35044 4976 22 20 43 27 1056
internal_value=-6.09573e-06 -0.00049693 -0.00125852 -0.000657773 0.000805517 -0.00223194 0.00176572 0.00515797 0.000247358 0.056404 0.00886309 0.0130251 0.10619 -0.000856194 0.000345704 0.00136352 -0.00369346 0.00868302 7.69662e-05 -0.00239038 -0.00534941 -0.00834863 -0.00905367 0.00101466 0.0011495 0.00969347 0.0154968 0.0621477 0.0128302 0.0112108
internal_weight=36440.6 23600.5 14892.4 12606.9 8708.1 2091.6 6616.5 1952.41 839.616 16.1816 1112.79 670.133 5.0764 823.435 4664.09 717.296 1844.61 246.993 9988.9 2750.78 1498.32 1048.33 1031.83 7238.12 1252.46 254.985 208.235 11.2594 196.976 193.312
internal_count=210066 136884 86592 71586 50292 14539 35753 9888 4435 117 5453 3145 43 4318 25865 3640 12861 1678 51100 15388 8984 6558 6455 35712 6404 1428 1168 63 1105 1083
is_linear=0
shrinkage=0.05


Tree=134
num_leaves=31
num_cat=0
split_feature=15 6 4 12 8 13 34 8 22 21 24 19 24 0 20 26 34 24 34 14 12 11 1 17 45 43 19 48 0 12
split_gain=6.31342 13.3456 11.7409 12.6853 11.2973 12.331 14.9736 14.7222 13.7419 11.9593 11.0983 10.9411 10.5919 10.308 10.3059 11.8166 17.641 18.477 11.4941 11.6995 12.7863 9.96109 12.4072 10.5048 10.0589 12.3699 9.91173 9.71234 9.40073 12.0861
threshold=-0.024499999999999991 0.18500000000000003 48.500000000000007 0.49290000000000006 0.22930000000000003 -0.093333333333333476 6.4650000000000007 0.52510000000000012 -2.2449999999999988 -0.055 0.1000000000000001 0.15500000000000005 0.0083333333333333055 23.500000000000004 0.60500000000000009 0.079999999999999641 5.0850000000000009 -0.071666666666666753 5.6050000000000013 -0.034716666666666625 0.24564999999999998 0.37445000000000001 3.5000000000000004 4.5000000000000009 0.36724999999999997 0.15500000000000003 -0.044999999999999991 4.5000000000000009 16.500000000000004 0.40620000000000006
decision_type=2 2 2 2 2 2 2 2 2 2 2 2 2 2 2 2 2 2 2 2 2 2 2 2 2 2 2 2 2 2
left_child=27 2 3 11 10 14 9 8 -8 -7 -4 -2 -11 -5 -6 -16 17 -17 -18 -20 -21 23 -23 -12 25 -24 -3 -1 29 -22
right_child=1 26 4 13 5 6 7 -9 -10 12 21 -13 -14 -15 15 16 18 -19 19 20 28 22 24 -25 -26 -27 -28 -29 -30 -31
leaf_value=-0.0013665327885400346 -0.0041176542804242143 0.036281966529750923 0.0023792201821664968 0.017396216551530338 -0.0026281638404116554 -0.007447307124450739 0.066861363978183361 -0.0024638884507144059 0.0041533117275711108 -0.0013914310405024463 -0.015541305434892927 0.057777779494762961 0.001817635418432992 -0.053601897786871536 0.0018345808361997782 -0.017957650427046879 -0.053018704910983185 0.11945478685026288 -0.01593649613471956 -0.035072825276421631 0.087917159523274585 0.0024048388560827436 0.12030800304028499 0.04057007856023577 0.13279439703980939 0.0020232420663759162 0.0033276665116833866 -0.016356019137336902 0.0044248805966098821 -0.0064245284987885986
leaf_weight=4565.4985806364566 2536.5444927625358 23.013455776497722 3947.020335114561 99.938052338548005 5873.1139535717666 579.29516008496284 8.7565723359584791 1019.7417452633381 3819.9895379915833 6243.2656664401293 20.454133808612823 7.1599091961979857 4371.8873826190829 5.3879636153578749 421.8915248401463 3.4431329146027556 5.9651520177721968 8.4503776654601079 15.197803132236002 5.2183392196893683 16.156464785337455 8.7433283701539057 3.5477466471493226 14.084920432418583 5.2889977023005477 5.8629764635115862 2677.7403212971985 110.68632581736892 8.0908418446779233 4.2979468405246726
leaf_count=31278 14585 161 30738 565 36045 2512 41 4927 17947 29870 133 33 19425 27 2602 25 43 52 107 33 104 44 25 98 36 40 17370 1122 52 26
internal_value=-6.07731e-06 0.000246473 -6.59952e-05 -0.00323937 0.00025231 -0.000184915 0.000553751 0.00287482 0.00429673 -0.000451542 0.00269823 -0.00394343 -6.9766e-05 0.0137643 -0.00204765 0.00492874 0.0244648 0.0796743 0.01251 0.0204936 0.0368917 0.0244145 0.0495695 0.00734074 0.0776228 0.0466154 0.00360847 -0.00172134 0.0500475 0.0680938
internal_weight=36435.7 31759.5 29058.8 2649.03 26409.8 22404.8 16042.9 4848.49 3828.75 11194.4 4005 2543.7 10615.2 105.326 6361.83 488.712 66.8201 11.8935 54.9265 48.9614 33.7636 57.9821 23.443 34.5391 14.6997 9.41072 2700.75 4676.18 28.5453 20.4544
internal_count=210066 177666 160135 15210 144925 113811 74722 22915 17988 51807 31114 14618 49295 592 39089 3044 442 77 365 322 215 376 145 231 101 65 17531 32400 182 130
is_linear=0
shrinkage=0.05


Tree=135
num_leaves=31
num_cat=0
split_feature=44 21 22 13 26 8 20 48 10 8 14 11 10 46 22 8 2 27 36 20 34 45 17 16 11 47 12 13 36 40
split_gain=6.26067 9.39965 10.6729 10.9792 9.77336 9.14626 12.4223 9.99291 9.89925 9.60199 8.73118 11.0491 13.3711 9.97812 8.60783 8.69146 14.5996 13.3748 11.8321 12.7431 12.6676 20.0824 13.5774 11.1901 10.7779 10.6347 10.5733 10.3209 10.2079 9.65384
threshold=6.0950000000000006 -0.01 3.1450000000000009 1.518333333333334 0.1000000000000001 0.49455000000000005 -0.095000000000000182 4.5000000000000009 0.6654000000000001 0.5073000000000002 -0.15372499999999997 0.22870000000000004 0.56615000000000015 6.7150000000000007 -2.9049999999999989 0.37220000000000003 2.5000000000000004 0.044999999999999936 7.0750000000000011 0.50000000000000033 7.2550000000000008 0.5011500000000001 5.5000000000000009 2.5000000000000004 0.27290000000000009 5.5000000000000009 0.42285000000000006 2.3658333333333341 6.7550000000000008 -3.4999999999999996
decision_type=2 2 2 2 2 2 2 2 2 2 2 2 2 2 2 2 2 2 2 2 2 2 2 2 2 2 2 2 2 2
left_child=14 10 3 5 -5 -3 -7 -8 9 -9 -2 12 -12 -14 -1 23 17 -17 19 27 25 22 26 -16 -24 -21 -22 28 -18 -19
right_child=1 2 -4 4 -6 6 7 8 -10 -11 11 -13 13 -15 15 16 18 29 -20 20 21 -23 24 -25 -26 -27 -28 -29 -30 -31
leaf_value=-0.0080047159123046562 -0.010149802813259869 0.00065136307101513308 -0.01437166753715366 0.016684195577300564 -0.036609984591567807 0.0052967107033978743 -0.0073492151183976884 -0.035755326357793389 0.079662240361139142 0.018704438361312175 0.014629858876835941 0.0024725340365416223 0.048532207453763798 -0.033782155982240575 0.0037543422125278104 -0.004719698472623898 -0.0078432471859436661 0.060646450278531883 -0.017868281489318422 0.00091775980600360553 0.0079266617768698772 0.088010396442008865 0.067701660791647397 -0.00020215705615474821 0.0016122914972932665 -0.0097937404026945171 -0.043912908410786378 0.038133432504111615 -0.0013074267673989831 -0.021948118389322233
leaf_weight=375.76906498894095 124.03573670145124 7527.6128146452829 127.57045328617096 143.47828218340874 9.1511626392602903 296.85910578817129 1033.2465993296355 10.164781734347342 5.2704006731510153 39.724738642573357 324.82206808310002 3473.4626347124577 4.348066300153735 24.01936174929142 2089.0343979671597 803.60751365683973 955.22332123667002 3.6150385886430731 101.3400549069047 4404.6602402627468 126.78103663027287 8.7371815294027311 16.548319347202781 12364.992812331766 9.8355007916688901 244.58687813580036 10.663565710186957 14.789993882179258 1594.8759932070971 165.65113996714354
leaf_count=5075 645 47527 591 586 38 1656 5222 55 28 215 1680 17424 20 109 9603 3979 4532 16 452 19444 586 40 79 80880 48 1092 48 60 7501 835
internal_value=-6.07139e-06 0.000866409 -1.01309e-05 0.000191966 0.0134889 -3.57382e-05 -0.00376949 -0.00624226 0.0144931 0.00760849 0.00290608 0.00332927 0.0117549 -0.0211653 -0.000498443 -0.000375352 -0.0016481 -0.00741029 -0.000899456 -0.000666656 0.00084799 0.0141503 0.0102112 0.000369674 0.0430645 0.000354251 0.00390472 -0.00351409 -0.00375563 -0.0201841
internal_weight=36434.5 13143.8 9193.08 9065.51 152.629 8912.88 1385.27 1088.41 55.1599 49.8895 3950.69 3826.65 353.189 28.3674 23290.7 22914.9 8460.92 972.874 7488.04 7386.7 4821.81 172.566 163.828 14454 26.3838 4649.25 137.445 2564.89 2550.1 169.266
internal_count=210066 75796 55918 55327 624 54703 7176 5520 298 270 19878 19233 1809 129 134270 129195 38712 4830 33882 33430 21337 801 761 90483 127 20536 634 12093 12033 851
is_linear=0
shrinkage=0.05


Tree=136
num_leaves=31
num_cat=0
split_feature=14 11 20 14 18 24 43 27 7 11 13 13 44 9 44 27 45 20 15 12 45 15 35 30 34 20 7 0 20 15
split_gain=6.23454 7.43874 8.46602 8.49243 10.1817 12.1913 12.1634 9.03384 9.9064 8.9728 8.58486 8.1776 13.4429 14.2121 10.7552 8.55215 11.1504 8.45223 9.62247 10.3516 10.1899 8.16002 8.10551 9.42516 11.1731 9.6501 8.55936 13.8604 16.6943 8.43479
threshold=-0.088458333333333347 0.20945 4.8450000000000015 -0.14748333333333338 2.5000000000000004 0.10666666666666604 0.14500000000000005 0.064999999999999961 7.0250000000000012 0.084500000000000006 2.0250000000000012 -0.44666666666666605 4.0050000000000008 5.5650000000000004 3.7850000000000006 -0.029999999999999801 0.34585000000000005 -1.1449999999999998 -0.015000000000000005 0.40515000000000001 0.26025000000000004 -0.064999999999999947 0.32375000000000004 -1.0000000180025095e-35 3.5950000000000002 -2.9349999999999992 3.6450000000000005 10.500000000000002 -1.2899999999999991 -0.058333333333333307
decision_type=2 2 2 2 2 2 2 2 2 2 2 2 2 2 2 2 2 2 2 2 2 2 2 2 2 2 2 2 2 2
left_child=1 2 3 21 6 22 9 8 11 -5 -10 12 14 15 -8 16 -14 -13 -19 20 -20 -1 29 -24 -25 -26 27 -27 -29 -6
right_child=-2 -3 -4 4 5 -7 7 -9 10 -11 -12 17 13 -15 -16 -17 -18 18 19 -21 -22 -23 23 24 25 26 -28 28 -30 -31
leaf_value=-0.060892507502561637 0.00021997975152750454 -0.0042388661111221757 -0.045238413291787197 0.086066097778178613 0.06185281287615424 0.071740668195316562 0.039535409986910415 -0.014727433773078558 -0.051975869277956444 0.023621259246078989 0.024180914782055526 -0.03269048902074155 0.009941873647730845 0.13159134153697258 0.22441672367383678 -0.0034762792603429773 0.13220021036483021 0.082237832582146897 -0.0037070279061744184 -0.014719098373267481 0.020893695949720233 -0.0024094787155888673 0.049660624980472849 0.067519865171228391 -0.056004896099627402 -0.0093308837437703889 0.00055236228888048196 0.027413645233756768 0.17173352309867995 -0.0078668612288419065
leaf_weight=5.9983449494466177 32548.620596588589 1812.3528330819681 10.224134236574171 6.4140856638550749 4.4013431603088966 5.7714916616678229 1.5592818362638348 45.445376481860876 11.67235215008259 55.793570810928941 5.4181766360998145 12.000612102448939 4.7365235164761605 2.8080406039953223 1.5875105848535893 20.311580061912537 3.0762238344177604 4.5605114251375189 60.180721864104271 38.795317314565182 140.05304654687643 1056.0775884212926 11.31795624643564 6.5521145276725283 7.1182918027043334 8.025086256675424 230.49756648018956 5.2707002153620124 3.2328664474189264 302.10718562360853
leaf_count=70 186482 11045 44 33 39 31 25 252 50 304 22 67 34 18 16 226 24 20 294 190 673 6360 67 39 124 81 1359 68 28 1981
internal_value=-5.94742e-06 -0.00189957 0.000147565 0.000372737 0.00368274 -0.000568953 0.00967735 0.00607733 0.00915948 0.0300598 -0.027832 0.011342 0.0343489 0.0243328 0.132805 0.0136237 0.0580804 0.00827435 0.0102925 0.00891984 0.0134999 -0.00273978 -0.00129033 0.00499206 0.00305281 0.00139078 0.00304469 0.037801 0.0822808 -0.00686571
internal_weight=36432 3883.36 2071.01 2060.78 998.708 584.295 414.413 352.205 306.76 62.2077 17.0905 289.669 34.0792 30.9324 3.14679 28.1243 7.81275 255.59 243.59 239.029 200.234 1062.08 578.523 272.015 260.697 254.145 247.026 16.5287 8.50357 306.509
internal_count=210066 23584 12539 12495 6065 3817 2248 1911 1659 337 72 1587 343 302 41 284 58 1244 1177 1157 967 6430 3786 1766 1699 1660 1536 177 96 2020
is_linear=0
shrinkage=0.05


Tree=137
num_leaves=31
num_cat=0
split_feature=44 7 13 8 8 16 2 26 12 24 19 5 16 15 12 12 12 9 44 24 11 1 34 0 15 8 24 46 13 10
split_gain=6.12446 9.30183 9.09645 10.2612 9.98954 16.8615 10.9401 14.1395 12.6068 10.3837 9.86573 9.5526 9.31875 9.24889 9.12303 11.7442 9.77956 8.98942 13.9332 10.045 8.88421 10.5594 8.84198 10.6777 8.64866 8.64281 11.6131 10.6745 9.97887 11.0388
threshold=4.2750000000000012 1.6150000000000004 1.9291666666666669 0.44335000000000002 0.35910000000000003 3.5000000000000004 2.5000000000000004 0.079999999999999641 0.59320000000000006 0.12500000000000047 -0.044999999999999991 1.0000000180025095e-35 1.5000000000000002 0.03333333333333334 0.35505000000000003 0.25055000000000005 0.35805000000000003 4.3950000000000005 4.3150000000000004 -0.061666666666666974 0.18360000000000001 2.5000000000000004 5.8850000000000007 17.500000000000004 0.05166666666666668 0.10554999999999996 -0.009999999999999341 7.0850000000000009 -2.2224999999999988 1.0000000180025095e-35
decision_type=2 2 2 2 2 2 2 2 2 2 2 2 2 2 2 2 2 2 2 2 2 2 2 2 2 2 2 2 2 2
left_child=-1 -2 4 12 5 -3 7 8 13 -8 -11 -10 -4 -6 15 20 -16 19 22 -7 -5 -22 23 -19 -17 26 27 -21 29 -27
right_child=1 2 3 14 6 17 9 -9 11 10 -12 -13 -14 -15 16 24 -18 18 -20 25 21 -23 -24 -25 -26 28 -28 -29 -30 -31
leaf_value=-0.0017458887118846291 -0.012979403998676737 0.0038423759690530499 0.038481268550785264 -0.015705535403767439 -0.0023811437724441894 -0.0075815898619853639 -0.00016545355625041894 -0.0167139048453183 0.01187648717915106 0.04761682594259465 -0.022298836122249907 0.11396311493855278 -0.025749512859401372 -0.022092878364682593 0.064370368537972442 -0.0046531318146342746 0.010679233360508321 0.031250409070468825 0.0012325970883565194 -0.0052571846517617711 0.06930260761374793 0.015385702984713191 0.0076771194636333405 0.11062470329972095 -0.071594111752693007 -0.010040080670424369 0.0087437467379265499 0.10774139605857032 -0.001508799450107224 0.062986115471193163
leaf_weight=4440.8252389654517 132.60733534023166 4001.3839608803391 39.309572264552116 16.942517757415771 1425.114258190617 565.76152039319277 12783.763483062387 209.3104292768985 5.4391367603093368 5.3920215517282477 78.555610969662666 3.9597916603088379 6.5941855013370505 62.101837828755379 8.8880351930856687 237.96728034317493 185.25674206018448 16.946012601256374 6403.3954641371965 253.66505265980959 11.110449731349943 49.711916759610176 24.37342082336545 5.6495160758495322 4.9249387085437766 8.829099368304016 506.56989861465991 2.1073321904987088 4922.2568646371365 12.503553494811056
leaf_count=25286 5609 19328 160 69 7275 4976 61669 1140 32 24 374 19 27 307 36 970 755 103 39317 3325 45 203 152 33 20 117 5670 26 32866 133
internal_value=-5.90592e-06 0.000235634 0.000290641 0.00660287 0.000177554 0.00101145 -0.000779353 -0.00454178 -0.00283944 -0.000280552 -0.0178081 0.0548858 0.0292544 -0.00320425 0.00458309 -0.000596104 0.0131372 0.000121058 0.00143162 -0.00122684 0.0163151 0.0252347 0.0285649 0.0510962 -0.00601044 -0.000596746 0.00435867 -0.00432618 -0.00136091 0.0327622
internal_weight=36431.2 31990.4 31857.8 560.706 31297.1 16723.4 14573.6 1705.93 1496.62 12867.7 83.9476 9.39893 45.9038 1487.22 514.802 320.657 194.145 12722.1 6450.36 6271.69 77.7649 60.8224 46.9689 22.5955 242.892 5705.93 762.342 255.772 4943.59 21.3327
internal_count=210066 184780 179171 2285 176886 106046 70840 8773 7633 62067 398 51 187 7582 2098 1307 791 86718 39605 47113 317 248 288 136 990 42137 9021 3351 33116 250
is_linear=0
shrinkage=0.05


Tree=138
num_leaves=31
num_cat=0
split_feature=34 24 26 13 24 14 44 20 22 15 36 46 1 26 20 15 14 43 12 12 12 33 24 14 27 21 13 8 2 8
split_gain=5.9686 11.3954 10.7272 10.6589 10.0961 9.73262 10.6858 10.0674 9.18601 9.15256 8.96142 8.93362 8.59938 8.53155 12.6231 8.49409 9.54219 8.5995 13.778 10.6932 10.8187 9.61128 9.23188 9.00158 8.48177 8.4342 10.3444 10.3216 10.194 12.9358
threshold=4.4050000000000011 0.14500000000000005 -0.015000000000000123 2.0250000000000012 -0.0033333333333334099 -0.0046166666666666292 7.2750000000000012 2.3150000000000008 -2.6749999999999994 -0.051666666666666645 6.8650000000000011 7.0650000000000004 2.5000000000000004 0.020000000000000021 2.6650000000000009 -0.026666666666666682 -0.064083333333333339 0.14500000000000005 0.29640000000000005 0.31590000000000001 0.34515000000000001 0.16500000000000004 0.024999999999999026 -0.086841666666666636 0.050000000000000273 0.085000000000000006 0.99333333333333373 0.39735000000000004 2.5000000000000004 0.26505000000000006
decision_type=2 2 2 2 2 2 2 2 2 2 2 2 2 2 2 2 2 2 2 2 2 2 2 2 2 2 2 2 2 2
left_child=1 2 4 5 9 6 11 8 -7 -1 -6 15 -13 14 -9 -4 17 18 21 -19 -21 -17 24 -22 -20 26 27 28 29 -2
right_child=25 -3 3 -5 10 7 -8 13 -10 -11 -12 12 -14 -15 -16 16 -18 19 22 20 23 -23 -24 -25 -26 -27 -28 -29 -30 -31
leaf_value=0.070467343114233291 0.0011414893176702613 0.045013019098116551 -0.017926782315130698 0.017368610177461392 -0.00079885730444941494 -0.023348123248140479 0.032425790462458012 -0.030853272162317192 0.0046451753532344769 -0.017203842407730634 -0.010722433372250754 0.061899072107435199 -0.0004459877320078176 -0.026543973720504228 0.03295268873768549 0.060715444437564076 -0.0077314427070423594 0.0098586902754941742 0.015222190505536123 -0.026978239378715768 -0.011059896568400611 -0.030619726071941716 0.10998099996654927 0.014813268504137262 0.070954905704213977 -0.0057803774888732099 0.0025592788268427084 -0.0015473059020188027 0.0026525468512044507 -0.0018452633004906668
leaf_weight=3.0212584733963004 9101.4459067266434 12.889666965231298 118.08819815795869 84.242689371109009 744.79300584644079 30.16444478277117 19.808478343300521 13.32013548910618 1029.9527366263792 202.90337002277374 327.55079039372504 9.7563119605183619 12.771114810369907 52.297084495425224 18.541375756263733 3.4882415737956789 597.23118691425771 136.63492239732295 29.078678839839995 55.822652929462492 86.300740773789585 16.528226982802153 3.8063949309289447 55.067832123488188 8.9209372196346504 577.51785958651453 4431.2961896359921 8075.9812390152365 4543.511582583189 6025.0808087289333
leaf_count=26 68986 66 842 343 4116 341 116 59 5790 1219 1784 47 86 234 81 21 3444 796 187 324 516 103 19 336 53 3361 18655 40632 23738 33745
internal_value=-5.80475e-06 -0.00191706 -0.00208233 -9.93242e-05 -0.0057773 -0.000739801 -0.00398128 0.00252725 0.00384866 -0.0159176 -0.00383004 -0.00461751 0.0265548 -0.014118 0.00627774 -0.0052496 -0.00374184 0.00228045 0.0194097 -0.000891776 -0.00834084 -0.0147029 0.0357426 -0.000981425 0.0283062 0.000208515 0.000316003 -4.22689e-05 0.000575658 -4.81708e-05
internal_weight=36427.8 3672.98 3660.09 2381.82 1278.27 2297.58 1153.3 1144.28 1060.12 205.925 1072.34 1133.5 22.5274 84.1586 31.8615 1110.97 992.88 395.649 61.8225 333.826 197.191 20.0165 41.806 141.369 37.9996 32754.8 32177.3 27746 19670 15126.5
internal_count=210066 20949 20883 13738 7145 13395 6890 6505 6131 1245 5900 6774 133 374 140 6641 5799 2355 383 1972 1176 124 259 852 240 189117 185756 167101 126469 102731
is_linear=0
shrinkage=0.05


Tree=139
num_leaves=31
num_cat=0
split_feature=13 8 48 24 8 36 4 9 8 8 30 18 3 46 15 19 8 46 12 12 6 2 8 44 8 13 27 9 7 13
split_gain=6.08603 13.4915 10.3103 14.2545 13.6488 22.7258 12.5526 20.5188 10.8124 10.7358 10.2367 10.0914 17.192 11.0403 15.7388 14.5749 9.83649 9.5204 9.28005 10.883 9.08782 12.0199 12.1872 10.975 11.352 11.9135 10.4984 9.9559 15.6473 11.1715
threshold=-0.95499999999999974 0.21290000000000001 2.5000000000000004 0.085000000000001311 0.015050000000000003 6.8250000000000011 42.500000000000007 2.1450000000000005 0.32945000000000002 0.25100000000000006 -2.4999999999999996 4.5000000000000009 20.500000000000004 6.6050000000000013 -0.02166666666666665 1.0000000180025095e-35 0.15505000000000005 7.3850000000000007 0.35505000000000003 0.28495000000000004 0.18500000000000003 2.5000000000000004 0.33025000000000004 4.1850000000000014 0.44035000000000007 1.6125 0.21500000000000033 4.8950000000000005 5.2250000000000005 0.76333333333333309
decision_type=2 2 2 2 2 2 2 2 2 2 2 2 2 2 2 2 2 2 2 2 2 2 2 2 2 2 2 2 2 2
left_child=2 11 8 6 5 -5 7 -4 10 -6 -1 12 18 14 15 -13 -17 -12 19 -2 21 23 -23 -3 25 -25 27 -22 -29 -30
right_child=1 20 3 4 9 -7 -8 -9 -10 -11 17 13 -14 -15 -16 16 -18 -19 -20 -21 26 22 -24 24 -26 -27 -28 28 29 -31
leaf_value=0.086248743431682595 0.017723651354135846 -0.0065710359168272697 0.26157436102646731 -0.053211321429773688 0.026884651159188196 0.24794315561097463 -0.0075212873310893762 -0.055742574601601952 -0.021311479764097474 -0.059952138410158784 -0.00020134683760090981 0.15216626151426721 0.0050554065879204607 -0.0008512956320303423 -0.013342513497670986 0.094902227106772652 0.0089894839590474035 0.097425787080081885 -0.0023883641951172496 0.10792123311319475 -0.00065598253284957495 0.0050303800967441007 -1.8211347112246406e-05 -0.0010013952846211927 -0.012017357459249887 0.03991167364870328 0.05626960899749768 0.010602164313854532 -0.0034169860307262123 0.0088325016545364229
leaf_weight=3.4336252138018599 5.4111796766519573 1101.7628214322031 1.1124939518049353 1.0084562413394444 28.799006626009941 1.6537114921957252 985.55618604086339 0.93984758853912342 60.824727971106768 4.0612433589994898 3333.3413062114269 3.4103651493787828 1956.9364797994494 1278.7039467655122 12.790161643177269 4.9990209490060797 9.9891612455248815 2.4990778751671305 5.6358742564916602 8.7551751136779767 1453.5618353337049 1295.5315966121852 15461.198779840022 7581.8463614992797 237.00955564528704 17.835086822509766 9.0446161627769452 705.9069583825767 576.90538530051708 274.78352183103561
leaf_count=27 34 5805 29 26 248 39 14605 11 433 32 29705 19 11346 7639 73 31 63 18 38 58 8179 6759 73867 41738 1143 73 54 3828 2962 1184
internal_value=-5.71358e-06 0.000234566 -0.00174413 -0.00614477 0.024974 0.133863 -0.00726405 0.116263 -0.00041993 0.0161524 -3.9391e-05 0.00326911 0.00552447 -0.0001344 0.0292576 0.0588719 0.037644 -0.000128209 0.0518787 0.0734681 -0.000112754 -0.000417709 0.000372116 -0.00189838 -0.00124145 -0.00090538 0.00248173 0.00232016 0.00509753 0.000535111
internal_weight=36425.2 32002 4423.23 1023.13 35.5224 2.66217 987.609 2.05234 3400.1 32.8602 3339.27 3286.63 1976.74 1309.89 31.1887 18.3985 14.9882 3335.84 19.8022 14.1664 28715.4 25695.2 16756.7 8938.45 7836.69 7599.68 3020.2 3011.16 1557.6 851.689
internal_count=210066 164893 45173 14990 345 65 14645 40 30183 280 29750 19301 11476 7825 186 113 94 29723 130 92 145592 129385 80626 48759 42954 41811 16207 16153 7974 4146
is_linear=0
shrinkage=0.05


Tree=140
num_leaves=31
num_cat=0
split_feature=34 20 40 40 21 11 24 8 9 13 16 4 4 26 3 8 22 17 12 24 10 1 35 20 36 0 7 47 26 13
split_gain=6.05237 10.5727 14.0913 11.3247 10.7474 17.1993 10.0831 9.88344 15.0696 12.559 10.8151 9.83225 11.9927 11.0575 12.0958 9.79012 9.4893 10.0633 11.5392 9.24404 9.19387 9.33612 16.1033 9.00261 8.88588 9.59222 8.98901 8.80092 8.70298 8.47027
threshold=5.6950000000000012 -1.345 -1.4999999999999998 4.5000000000000009 0.20500000000000004 0.34865000000000002 0.12500000000000047 0.28325000000000006 4.9150000000000009 -0.084999999999999729 2.5000000000000004 57.500000000000007 55.500000000000007 0.105 53.500000000000007 0.27965000000000007 -0.45999999999999969 5.5000000000000009 0.34315000000000007 0.14500000000000005 0.35015000000000002 4.5000000000000009 0.34625 1.5600000000000001 7.0550000000000006 14.500000000000002 4.4750000000000005 5.5000000000000009 -0.22500000000000006 0.029166666666666344
decision_type=2 2 2 2 2 2 2 2 2 2 2 2 2 2 2 2 2 2 2 2 2 2 2 2 2 2 2 2 2 2
left_child=1 2 -1 4 -4 -6 28 8 11 15 -9 12 19 -13 -15 16 24 18 -18 -3 21 22 -19 -12 25 -10 -26 -20 -2 -25
right_child=6 7 3 -5 5 -7 -8 10 9 -11 23 13 -14 14 -16 -17 17 20 27 -21 -22 -23 -24 29 26 -27 -28 -29 -30 -31
leaf_value=-0.018480639259930945 0.03717501665813553 5.8682445101916409e-05 -0.0019494295903903344 -0.015520291629594589 0.1568856361953393 -0.013790787790047061 -0.013485938717266553 2.559676681390626e-05 0.0031659252967181865 0.012832493639273846 -0.0028949680874319132 0.013561934320154262 -0.010254036344907279 -0.031850918030279188 0.076838584050101189 -0.035889174010173143 0.0041146411678745732 0.11706073271788105 0.030942407810170759 0.048884027666345378 -0.045853424403591948 -0.02601464450795106 -0.012681864335116852 -0.04241558480098382 0.078028541671558621 -0.014484572320564347 -0.022109781358072195 -0.026734006429175634 0.00057021043655998741 -0.0099288978655506007
leaf_weight=159.05239544808865 16.2500378228724 2589.3899074178189 1633.5185310021043 163.10277637559921 2.7555471248924723 3.178877092897892 127.83652068302035 5426.076110035181 188.1173553802073 478.70462591201067 2532.038584003225 211.28152734227479 304.01232771389186 24.228902656584982 2.8621409907937041 16.579580888152122 129.27117391675711 4.1134586110711115 91.948000833392143 9.7306098602712137 14.209820080548523 10.608027055859564 5.7135257497429848 21.913565494120121 6.5709400400519353 130.28399641811848 3.4009644538164139 7.1267625316977492 21871.202389591374 237.77398570626974
leaf_count=1154 92 15901 13781 3813 24 25 685 24016 1094 2275 13661 1348 1952 174 20 97 785 24 558 54 97 92 33 134 37 765 20 38 126148 1169
internal_value=-5.80018e-06 -0.000802533 -0.00421427 -0.00295545 -0.00170542 0.0654599 0.000515609 -0.000264808 0.00169951 0.0067749 -0.00127547 -5.60668e-05 -0.000857601 0.0097058 -0.020368 0.00200505 0.00306746 0.0101449 0.0139546 0.000241475 -0.0149652 0.00651344 0.0416268 -0.00380427 -0.00260075 -0.00405633 0.0438759 0.0267936 0.000597387 -0.0126703
internal_weight=36422.9 14407.6 1961.61 1802.56 1639.45 5.93442 22015.3 12446 4228.15 1086.65 8217.8 3141.51 2903.13 238.373 27.091 607.944 591.364 262.991 228.346 2599.12 34.6448 20.435 9.82698 2791.73 328.373 318.401 9.9719 99.0748 21887.5 259.688
internal_count=210066 83141 18797 17643 13830 49 126925 64344 25364 5915 38980 19449 17907 1542 194 3640 3543 1627 1381 15955 246 149 57 14964 1916 1859 57 596 126240 1303
is_linear=0
shrinkage=0.05


Tree=141
num_leaves=31
num_cat=0
split_feature=44 27 22 27 31 13 45 21 20 8 45 13 34 4 3 46 23 43 27 24 3 46 48 20 44 19 33 44 23 22
split_gain=6.19554 8.65495 7.56361 9.47438 13.5217 12.6712 10.3272 12.5318 11.1606 10.8823 15.9133 10.989 9.63841 9.57792 9.7477 10.0454 8.93803 9.50401 16.3483 8.86093 8.76079 10.9188 8.75792 8.3527 17.3176 8.16761 9.50541 9.75329 8.69786 7.63702
threshold=5.4150000000000009 -0.23999999999999974 -0.7899999999999997 -0.069999999999999826 1.5000000000000002 -0.41666666666666669 0.36660000000000009 -1.0000000180025095e-35 -1.3299999999999992 0.22615000000000005 0.34490000000000004 0.19500000000000053 6.3150000000000004 48.500000000000007 28.500000000000004 6.8050000000000006 6.6650000000000009 0.16500000000000004 -0.095000000000000182 0.075000000000000636 33.500000000000007 6.6850000000000014 -1.4999999999999998 -3.5949999999999993 4.2550000000000008 -0.039999999999999994 0.14500000000000005 4.2350000000000012 6.8350000000000009 -1.0149999999999999
decision_type=2 2 2 2 2 2 2 2 2 2 2 2 2 2 2 2 2 2 2 2 2 2 2 2 2 2 2 2 2 2
left_child=1 -1 3 4 5 -3 7 29 -8 10 25 -12 23 -7 15 -15 17 -14 -19 -10 -16 -22 -21 24 -6 26 -9 -28 -29 -5
right_child=-2 2 -4 6 12 13 8 9 19 -11 11 -13 16 14 20 -17 -18 18 -20 22 21 -23 -24 -25 -26 -27 27 28 -30 -31
leaf_value=-0.027254599611815283 0.00054410256496069853 0.0051871236584034794 -0.00017493341350523456 0.0065526101018516889 0.23799504524323761 0.084291978711105428 -0.0086803820675264692 -0.043038582099992992 0.0032146638671880045 -0.014051405565422715 -0.02394923728102917 0.08017705403226727 0.10730597109007677 -0.062892825302545974 0.090137271488941961 0.031589842551676704 0.0019482847085362277 -0.021023601093807617 0.11279839804888257 0.10580611019862013 0.091631003059823773 0.013736753966957109 0.00050613357911181989 -0.013212543872251523 -0.010337692763380715 -0.0026642608969762779 0.0021612480413879761 0.030931941846511071 0.14246972054381601 -0.010929639556593818
leaf_weight=30.80589559301734 21285.145421836525 129.02966233715415 12162.443308230489 250.24560991488397 1.0238570198416703 7.9399721175432196 247.4130827318877 3.170872187241911 604.02076911274344 547.82435070350766 116.27766692917794 2.5902804285287848 4.2956279274076214 5.6454778611659986 6.4716972261667243 5.6075091063976288 69.281255895271897 7.5540091805160037 3.2702070474624625 4.2100347876548767 5.37974590063095 27.476498246192932 3.7188825830817214 149.9719117032364 2.2334843808785081 641.26775277685374 5.2081396467983705 3.1743252500891685 3.8895595818758011 83.252256186679006
leaf_count=154 122939 973 66022 1974 17 39 2420 28 3761 3192 965 12 27 28 32 26 449 48 18 21 26 138 21 941 44 5173 33 23 30 492
internal_value=-5.80418e-06 -0.000779183 -0.000725183 -0.00300039 0.00390291 0.0139396 -0.00416686 -0.00647373 0.000280921 -0.0086566 -0.00484602 -0.0216802 -0.00401859 0.0332375 0.0252232 -0.0158109 0.00954949 0.0443793 0.0194066 0.003904 0.0369643 0.0264908 0.0564175 -0.0114921 0.067719 -0.00179894 0.0341334 0.0540733 0.0923476 0.00218845
internal_weight=36419.8 15134.7 15103.9 2941.44 425.181 187.551 2516.26 1656.9 859.363 1323.4 775.579 118.868 237.63 58.5209 50.5809 11.253 84.4011 15.1198 10.8242 611.95 39.3279 32.8562 7.92892 153.229 3.25734 656.711 15.4429 12.272 7.06388 333.498
internal_count=210066 87127 86973 20951 2806 1262 18145 11922 6223 9456 6264 977 1544 289 250 54 542 93 66 3803 196 164 42 1002 61 5287 114 86 53 2466
is_linear=0
shrinkage=0.05


Tree=142
num_leaves=31
num_cat=0
split_feature=40 1 40 48 48 48 34 20 34 20 46 31 3 21 39 10 27 0 0 23 6 20 38 21 39 24 7 16 11 17
split_gain=5.86569 17.0735 15.0949 12.5968 15.6308 15.6641 24.237 18.3576 13.456 14.265 13.3987 12.9115 11.737 11.7217 11.6308 11.2932 11.2234 10.9678 10.6595 15.6205 10.6918 10.631 10.4901 13.4093 10.8807 12.363 11.3323 10.663 10.4825 16.7725
threshold=1.0000000180025095e-35 2.5000000000000004 1.5000000000000002 3.5000000000000004 1.0000000180025095e-35 1.5000000000000002 7.5850000000000009 -1.345 5.205000000000001 -1.3949999999999998 6.5750000000000011 3.5000000000000004 29.500000000000004 0.060000000000000012 -1.4999999999999998 0.37270000000000009 0.19999999999999976 20.500000000000004 10.500000000000002 6.785000000000001 0.18500000000000003 -0.55500000000000005 1.0000000180025095e-35 0.10500000000000002 1.0000000180025095e-35 -0.056666666666666192 5.4150000000000009 4.5000000000000009 0.35254999999999997 3.5000000000000004
decision_type=2 2 2 2 2 2 2 2 2 2 2 2 2 2 2 2 2 2 2 2 2 2 2 2 2 2 2 2 2 2
left_child=1 -1 22 4 21 6 8 12 13 10 -10 -12 -7 -6 -9 28 -5 -14 19 -13 -21 -4 -2 24 25 -24 -26 -28 29 -8
right_child=2 -3 3 16 5 7 15 14 9 -11 11 18 17 -15 -16 -17 -18 -19 -20 20 -22 -23 23 -25 26 -27 27 -29 -30 -31
leaf_value=0.00028146873521155082 0.0017966810523548015 -0.0048924715766217736 -0.0065839830033278439 -0.0033071087043246485 -0.00092621728364296763 -0.00026964888999851937 0.094836832635128487 -0.0284114690818668 -0.054098062159164122 0.0024000052597640685 0.0089333703172142214 0.032229106125176973 -0.014665874463719742 -0.024533856269951918 0.00052248158469484537 0.034162729701651816 0.065065537445683413 0.0040829330058411396 0.012380636922740084 0.17032889593131528 0.034556455118491057 -0.00091014954392998012 -0.040816838109570763 0.096771110545139274 0.027883227655250038 0.0043085803591005863 0.010241327416855276 -0.043298151000051882 -0.023612378131409484 0.0033302807040629713
leaf_weight=5457.1255512237549 7074.521676408127 2252.6766472253948 1183.4161647539586 3320.8260166728869 1380.0472508966923 384.01426195632666 6.412980658933523 34.906508669257164 8.145602314732967 3635.6417213277891 770.86556432489306 12.687275307253005 474.81455831229687 54.663391704671085 6960.2753585549071 89.190651416778564 6.0129187488928428 93.336727114394307 19.485922249034047 4.5229473263025275 2.134192606434226 2730.3720219796523 16.566843029111624 4.3992352820932856 111.27093610540032 181.07697952724993 95.694765001535416 10.300811171531675 19.958174990490079 22.851553546264768
leaf_count=27670 34834 13373 8267 24644 7807 6702 40 184 61 18086 5842 110 4151 324 40391 434 37 818 183 40 26 13423 120 25 665 1071 425 55 116 142
internal_value=-5.78697e-06 -0.00123027 0.000323055 -0.000358366 0.00016707 0.000949277 0.00287165 -0.000508492 0.0023855 0.00374215 0.00970855 0.0103504 -0.00702192 -0.00182568 0.000378099 0.0235528 -0.00318353 -0.0115858 0.0384824 0.0647752 0.126802 -0.00262575 0.00225212 0.00993616 0.00901546 0.000526091 0.0167381 0.00503828 0.00432786 0.0233829
internal_weight=36418.2 7709.8 28708.4 21214.6 17887.7 13974 6026.61 7947.35 5888.19 4453.48 817.842 809.696 952.166 1434.71 6995.18 138.413 3326.84 568.151 38.8303 19.3444 6.65714 3913.79 7493.83 419.31 414.91 197.644 217.267 105.996 49.2227 29.2645
internal_count=210066 41043 169023 131828 107147 85457 33211 52246 32479 24348 6262 6201 11671 8131 40575 732 24681 4969 359 176 66 21690 37195 2361 2336 1191 1145 480 298 182
is_linear=0
shrinkage=0.05


Tree=143
num_leaves=31
num_cat=0
split_feature=14 47 46 22 8 13 24 12 28 40 26 11 7 35 44 7 21 19 12 11 15 21 0 19 27 22 0 10 34 26
split_gain=5.81747 8.62225 7.54921 7.52253 9.5849 12.81 9.71184 13.7486 10.7581 9.49234 9.44628 9.84616 8.96449 13.5296 12.0674 9.5578 9.20853 8.93605 10.5486 8.87468 10.1679 8.83398 10.9112 8.55286 11.9135 8.92673 9.1715 8.12773 8.07695 9.09259
threshold=0.050408333333333312 5.5000000000000009 7.0550000000000006 -1.9749999999999999 0.22930000000000003 0.30166666666666725 -0.10833333333333293 0.26495000000000002 5.5000000000000009 1.0000000180025095e-35 0.16500000000000006 0.24784999999999999 4.6950000000000012 1.0000000180025095e-35 4.8550000000000013 4.7550000000000008 -0.014999999999999998 0.025000000000000012 0.28010000000000007 0.40225000000000005 -0.006666666666666674 0.18500000000000003 9.5000000000000018 -0.055 0.06000000000000006 3.4450000000000007 10.500000000000002 0.22005000000000002 6.8850000000000007 -0.044999999999999922
decision_type=2 2 2 2 2 2 2 2 2 2 2 2 2 2 2 2 2 2 2 2 2 2 2 2 2 2 2 2 2 2
left_child=-1 3 -3 -2 5 6 7 -5 9 -9 11 -8 13 14 -6 16 27 18 -7 20 -20 -13 -23 24 25 26 -17 -14 29 -25
right_child=1 2 -4 4 12 17 10 8 -10 -11 -12 21 15 -15 -16 23 -18 -19 19 -21 -22 22 -24 28 -26 -27 -28 -29 -30 -31
leaf_value=-0.0003408347475795235 -0.0042194028322940294 -0.004126823382048366 -0.042212029984118965 -0.035909107274584483 0.10035490625237647 -0.029441619045557078 0.078017479420022948 0.10977200481461301 0.15705227589463325 0.0027343513724538701 -0.046371246945336529 0.0040410287533503 -0.001001548226196714 -0.0057029710617280066 0.0084507385178076173 0.032868137951008236 0.0088011194245013937 0.067352744466994116 0.047657512602178743 0.047367542036804627 -0.051569667051650038 0.10010163701730626 0.0022862921865401025 -0.0041140693769982526 -0.026836854270565765 -0.03610108406332864 0.0083462082145319017 0.063974025003764201 0.0054576390320910523 0.0015275153622943151
leaf_weight=28425.702920781448 514.73358705732971 492.10707827657461 13.364928605034946 3.9820903390645972 5.5898009091615668 9.0243693590164167 4.5645720195025197 3.3939186409115774 2.8040499417111269 5.3149877414107323 9.1142865195870382 1230.9238801738247 6.8238742873072651 605.47924888320267 9.8935729796066862 67.739863313734531 75.82373907789588 12.054747849702833 4.6425439268350601 24.886213108897209 5.8159616589546186 5.3697031959891302 6.0782030709087849 946.06190215051174 17.612530052661896 7.697365090250968 87.233673386275768 16.332005470991135 878.15003322809935 2914.2924246639013
leaf_count=166141 4091 2577 71 33 32 40 37 20 39 36 68 8933 34 3561 61 296 436 53 20 109 27 32 41 4374 81 32 395 80 4427 13889
internal_value=-5.83476e-06 0.00118644 -0.00513381 0.00161346 0.00204442 0.00586604 0.00483157 0.0441741 0.0718732 0.0444476 0.00434623 0.00471694 0.0011444 -0.00452275 0.0416299 0.00184572 0.017229 0.0291783 0.0188066 0.0311255 -0.0075226 0.00444763 0.0481671 0.00153617 0.0122252 0.0164545 0.0190649 0.0448262 0.00112949 0.000144925
internal_weight=36412.6 7986.91 505.472 7481.43 6966.7 1327.97 1271.55 15.495 11.513 8.70891 1256.05 1246.94 5638.73 620.963 15.4834 5017.77 98.9796 56.4238 44.3691 35.3447 10.4585 1242.37 11.4479 4918.79 180.283 162.671 154.974 23.1559 4738.5 3860.35
internal_count=210066 43925 2648 41277 37186 9488 9239 128 95 56 9111 9043 27698 3654 93 24044 550 249 196 156 47 9006 73 23494 804 723 691 114 22690 18263
is_linear=0
shrinkage=0.05


Tree=144
num_leaves=31
num_cat=0
split_feature=5 19 20 3 0 34 27 34 11 10 26 12 20 14 22 0 24 44 15 18 15 13 20 13 47 46 11 35 7 0
split_gain=5.78304 8.78532 8.60921 11.7765 14.7244 15.692 13.8389 16.1628 14.9193 10.5954 20.2381 11.7335 12.7108 13.6094 11.4138 10.523 11.8445 10.0037 16.4252 15.956 11.0068 9.91504 11.1683 14.3293 11.1041 9.75853 9.71047 8.98416 12.6139 13.857
threshold=1.0000000180025095e-35 0.015000000000000001 -0.16 20.500000000000004 16.500000000000004 4.8450000000000006 -1.0000000180025095e-35 5.995000000000001 0.29640000000000005 0.40440000000000004 -0.055000000000000153 0.29175000000000006 -2.5649999999999991 0.060558333333333304 4.0650000000000013 5.5000000000000009 -0.036666666666667506 6.6950000000000012 -0.0083333333333333506 5.5000000000000009 -0.01833333333333333 -0.63000000000000045 -0.76000000000000034 0.076666666666666453 2.5000000000000004 6.6350000000000007 0.30895000000000006 0.29825000000000007 5.785000000000001 4.5000000000000009
decision_type=2 2 2 2 2 2 2 2 2 2 2 2 2 2 2 2 2 2 2 2 2 2 2 2 2 2 2 2 2 2
left_child=-1 2 3 4 5 -2 -7 8 -8 10 11 -5 13 -13 17 25 21 18 -12 -19 -21 -17 23 24 -23 -11 -18 -27 29 -29
right_child=1 -3 -4 9 -6 6 7 -9 -10 15 14 12 -14 -15 -16 16 26 19 -20 20 -22 22 -24 -25 -26 27 -28 28 -30 -31
leaf_value=-0.00047072413902935357 -0.01507244642272897 0.0028702104553207587 0.0010522853180247513 -0.0078372959125184629 -0.010966423642861853 0.17711054174888186 0.22356841790921778 -0.026146966817452735 0.023723077778078971 -0.0363160292610199 -0.01717625259915441 0.024752881126432123 0.0093816226070149167 0.13198416384939862 -0.062408880014132341 -0.018028207335521341 0.0066229191480563308 0.00026078092208771007 -0.0049071715775338733 0.028622997618086017 0.14191614222311372 0.018455441901842794 0.0075433135280938007 -0.0062018816323552222 0.088291792849045411 0.043189365339833335 -0.0086742665238474827 0.01598129033541899 -0.0050639384718764039 0.082366824981207967
leaf_weight=23574.781745320186 4.4470486650243428 3787.0742306998 6182.3721681777388 104.76833433937281 11.828498936258255 3.5619201362133017 1.9258594717830413 3.2216008929535747 1.8131378218531606 8.6035185456275922 360.69373809918761 9.2649123733863217 249.26411549933255 4.3473590258508912 9.1109588593244535 19.483173597604036 153.66194019466639 253.56858854368329 1119.3243863079697 6.6201440431177616 3.1705922670662385 8.7677004635334033 57.063758693635464 10.33587224036455 16.225201234221458 28.936638936400414 319.34124670177698 34.915942918509245 52.954335771501064 10.144637778401373
leaf_count=136884 49 24890 30171 679 179 33 27 51 24 48 2665 98 1539 39 42 143 820 1619 7142 52 23 51 311 50 95 154 1660 192 280 56
internal_value=-5.74567e-06 0.000848186 2.02323e-06 -0.00226246 0.0307279 0.0636735 0.0969533 0.0559348 0.126658 -0.0025737 -0.00435378 0.00631185 0.0119509 0.0589994 -0.00659127 0.00266484 -0.000244316 -0.00629956 -0.00789726 0.00267912 0.0653114 0.0143862 0.0212215 0.0433149 0.0637927 0.015217 -0.00370475 0.0187093 0.0114822 0.0309269
internal_weight=36411.6 12836.8 9049.74 2867.37 26.7981 14.9696 10.5225 6.9606 3.739 2840.57 2120.13 367.645 262.876 13.6123 1752.49 720.434 584.879 1743.38 1480.02 263.359 9.79074 111.876 92.3925 35.3288 24.9929 135.555 473.003 126.952 98.0149 45.0606
internal_count=210066 73182 48292 18121 363 184 135 102 51 17758 13898 2355 1676 137 11543 3860 3130 11501 9807 1694 75 650 507 196 146 730 2480 682 528 248
is_linear=0
shrinkage=0.05


Tree=145
num_leaves=31
num_cat=0
split_feature=8 13 12 9 0 46 13 20 26 43 13 34 12 37 40 47 21 9 34 6 16 39 20 12 22 44 19 6 44 23
split_gain=5.6687 15.0654 11.5221 10.4481 16.4339 10.4389 12.6439 18.4633 11.0261 12.0598 18.8509 10.2071 9.79779 9.49453 9.11759 14.0605 14.7355 9.25217 9.24203 13.1001 11.6013 9.88458 12.4681 10.2518 9.76461 9.70831 9.71136 9.6302 13.4196 11.2052
threshold=0.44690000000000002 1.6616666666666677 0.31195000000000006 5.955000000000001 4.5000000000000009 6.7550000000000008 0.74666666666666759 1.3700000000000006 -0.05000000000000026 0.16500000000000004 0.15499999999999961 6.9050000000000011 0.24564999999999998 1.5000000000000002 -3.4999999999999996 2.5000000000000004 0.010000000000000004 7.4250000000000007 5.9650000000000007 0.13500000000000004 4.5000000000000009 -1.4999999999999998 -2.2449999999999988 0.38794999999999996 0.68000000000000005 3.9050000000000007 -0.044999999999999991 0.18500000000000003 7.3750000000000009 6.6150000000000011
decision_type=2 2 2 2 2 2 2 2 2 2 2 2 2 2 2 2 2 2 2 2 2 2 2 2 2 2 2 2 2 2
left_child=1 14 -3 4 12 6 7 -6 9 10 -7 -9 13 -2 15 16 -1 -17 19 24 -20 22 -21 25 -16 -24 -27 -28 29 -29
right_child=3 2 -4 -5 5 8 -8 11 -10 -11 -12 -13 -14 -15 18 17 -18 -19 20 21 -22 -23 23 -25 -26 26 27 28 -30 -31
leaf_value=0.028743233195329537 0.027577850534941634 0.025222417234956024 0.0036604022619747103 -8.3427977518030509e-05 0.0072169322256631563 -0.020597526430127806 -0.0034734523890377895 0.037983163611368616 -0.0071517264988460857 -0.0090658522522983481 0.023538272837255365 0.12347584669101699 -0.017106051126607954 -0.013224562998398366 -0.0035657275671037991 -0.0001944567418375917 0.0015993132849556595 0.064628664652818066 0.0023205971685237776 -0.026852187213995599 -0.00071367529828387003 3.1924921795641799e-05 -0.020903989010434901 0.004884703215802211 -0.016623842300355275 0.030017247846043284 -0.0074195394708559577 0.066519089498046038 0.094217430572709107 0.00047707981182482209
leaf_weight=115.59032487869263 26.149851582944393 104.00170043110847 153.25765570998192 6078.6633861139417 262.68631560355425 30.855524033308029 332.35255895555019 17.440904743969444 987.00465800892562 93.799292795360088 112.0430896282196 4.3650635927915564 316.24199795722961 31.35026977211237 461.21958686038852 378.17329776659608 88.112105540931225 5.5858792513608924 7560.2370829507709 58.44881122931838 5400.445520920679 12082.183354534209 93.061333991587162 304.11717570573092 207.60540745779872 20.485046207904816 818.89776516333222 6.5880495253950349 4.0171013772487631 255.97656676918268
leaf_count=525 120 425 627 28231 1407 175 1433 84 4666 415 499 22 1482 142 4400 1870 437 25 37900 494 41677 74013 492 1634 940 110 4289 36 23 1473
internal_value=-5.80027e-06 0.000333011 0.0123772 -0.00115457 -0.00409507 -0.00215403 0.00314961 0.0108869 -0.00482748 0.00486436 0.0140082 0.0550969 -0.013654 0.00533152 0.000221798 0.00638481 0.017002 0.000749088 8.90477e-05 -0.000786823 0.00105628 -0.000451905 -0.00419534 -0.00331435 -0.00761901 -0.00539393 -0.00408883 -0.00473248 0.00352175 0.00213415
internal_weight=36411 28118 257.259 8292.95 2214.29 1840.55 616.845 284.492 1223.7 236.698 142.899 21.806 373.742 57.5001 27860.7 587.462 203.702 383.759 27273.3 14312.6 12960.7 13643.8 1561.59 1503.14 668.825 1199.03 1105.96 1085.48 266.582 262.565
internal_count=210066 171390 1052 38676 10445 8701 2946 1513 5755 1089 674 106 1744 262 170338 2857 962 1895 167481 87904 79577 82564 8551 8057 5340 6423 5931 5821 1532 1509
is_linear=0
shrinkage=0.05


Tree=146
num_leaves=31
num_cat=0
split_feature=4 12 4 13 8 27 36 17 13 25 23 7 48 3 13 22 40 19 3 22 14 27 26 8 3 38 15 40 24 10
split_gain=5.66645 11.6528 9.15054 17.0139 11.8079 11.4457 13.2575 11.9521 11.801 9.33439 10.2168 10.9208 8.97493 10.7057 13.7345 11.2418 14.3324 12.4376 14.7444 23.45 10.86 10.8527 10.6837 10.7872 9.81591 9.90481 9.87918 9.81371 9.40968 9.34017
threshold=50.500000000000007 0.37405000000000005 54.500000000000007 -1.6233333333333331 0.10554999999999996 -0.10499999999999997 6.7150000000000007 3.5000000000000004 -1.2566666666666664 2.5000000000000004 6.8250000000000011 2.6850000000000005 1.0000000180025095e-35 38.500000000000007 -2.2224999999999988 -0.7899999999999997 2.5000000000000004 0.06500000000000003 48.500000000000007 -1.9399999999999997 0.25395000000000006 -0.21000000000000038 -0.034999999999999691 0.14945000000000003 50.500000000000007 1.0000000180025095e-35 0.039166666666666662 1.0000000180025095e-35 -0.091666666666665439 0.47295000000000004
decision_type=2 2 2 2 2 2 2 2 2 2 2 2 2 2 2 2 2 2 2 2 2 2 2 2 2 2 2 2 2 2
left_child=1 -1 4 -4 5 6 -2 8 -8 10 11 -9 -6 14 22 17 24 21 -19 -20 27 -15 -14 -24 25 -17 -26 29 -29 -16
right_child=2 -3 3 -5 12 -7 7 9 -10 -11 -12 -13 13 15 20 16 -18 18 19 -21 -22 -23 23 -25 26 -27 -28 28 -30 -31
leaf_value=-0.0027570803402159013 -0.024429161441553916 0.0022421494843979334 -0.013240495925972307 -0.00070881378415002787 -0.00071515986186599279 0.0060418264994315501 -0.0038261983341987813 -0.013674503941604183 0.10126191941763969 -0.0093921381466269185 0.17745894156169661 0.12192890786763602 0.14458147102935692 0.079578604667917552 0.0002650182858645175 0.0047416014301275497 -0.0011723101425713241 0.00026753725610393671 0.16867514747896256 0.01332919461242687 -0.022615883825339061 -0.0057518925384245434 -0.054702400300815648 0.11000613291654444 6.7151996465664249e-05 0.018263793344827178 -0.050471972514730838 0.017549089726749068 0.003434873143203461 -0.014594988639934163
leaf_weight=4351.472966699861 7.1120042549446216 1592.1268977709115 280.05003304500133 8243.002649795264 7954.7494968920946 569.22595355380327 10.897424867376683 2.3628380754962546 3.5390752404928234 1.9826790243387211 3.5462281443178654 3.9952753335237503 2.9853093065321445 3.7394849956035605 530.42039263993502 1608.380932547152 3512.9382889345288 16.679657801985744 4.1139266528189182 5.9324950575828534 41.513309929519892 1050.1436171345413 2.2012942880392066 1.8126155920326708 925.61347948014736 147.87362751364708 9.7716092616319639 120.79457267001271 5267.9294529687613 132.07462085783482
leaf_count=27003 77 9751 4450 46244 39115 8960 129 35 19 21 37 24 36 20 2910 7491 20785 104 30 42 217 6890 33 28 4593 714 43 740 28904 621
internal_value=-5.71195e-06 -0.00141792 0.000269802 -0.00112058 0.000809867 0.00771182 0.0361428 0.052508 0.0219359 0.089637 0.109461 0.0715352 0.000614946 0.00140544 0.00295082 0.000111524 0.000931207 -0.00459489 0.0290898 0.0769421 0.0028704 -0.00544912 0.0729514 0.0196773 0.00367657 0.00588015 -0.000460811 0.00304525 0.00375126 -0.00269746
internal_weight=36409 5943.6 30465.4 8523.05 21942.3 602.661 33.4355 26.3235 14.4365 11.887 9.90434 6.35811 21339.7 13384.9 6099.73 7285.19 6204.58 1080.61 26.7261 10.0464 6092.73 1053.88 6.99922 4.01391 2691.64 1756.25 935.385 6051.22 5388.72 662.495
internal_count=210066 36754 173312 50694 122618 9302 342 265 148 117 96 59 113316 74201 33489 40712 33626 7086 176 72 33392 6910 97 61 12841 8205 4636 33175 29644 3531
is_linear=0
shrinkage=0.05


Tree=147
num_leaves=31
num_cat=0
split_feature=14 26 11 20 23 46 10 24 44 46 20 22 13 7 26 11 15 36 3 9 45 20 27 20 43 46 12 8 34 23
split_gain=5.61512 6.9048 8.27763 8.21678 8.13939 9.7717 13.2596 10.9918 8.70973 11.4832 10.3888 9.75048 10.5063 10.0644 8.49076 13.9917 9.1675 7.97722 9.91233 8.57106 12.9493 9.6362 8.28333 7.23961 7.85136 8.74059 7.02513 9.67455 6.85628 11.6695
threshold=-0.088458333333333347 0.074999999999999747 0.20945 4.8450000000000015 7.0550000000000006 7.0650000000000004 0.23044999999999996 -0.036666666666666618 4.535000000000001 6.6150000000000011 -1.6699999999999995 -0.23000000000000018 0.63000000000000023 4.955000000000001 0.06000000000000006 0.22870000000000004 -0.0039999999999999888 6.9650000000000007 57.500000000000007 5.0950000000000006 0.41825000000000007 0.47000000000000003 0.044999999999999936 2.1950000000000007 0.16500000000000004 6.9450000000000012 0.40305000000000002 0.46085000000000004 5.8350000000000009 7.1250000000000009
decision_type=2 2 2 2 2 2 2 2 2 2 2 2 2 2 2 2 2 2 2 2 2 2 2 2 2 2 2 2 2 2
left_child=1 2 3 23 8 6 -6 -8 14 10 -10 13 -13 -12 -4 -16 -17 18 -3 21 22 -20 -21 28 -25 26 27 -26 29 -1
right_child=-2 17 4 -5 5 -7 7 -9 9 -11 11 12 -14 -15 15 16 -18 -19 19 20 -22 -23 -24 24 25 -27 -28 -29 -30 -31
leaf_value=-0.0033026515623061923 0.00020861081625154536 -0.0064317423669983031 -0.014736079905154843 -0.045592312124474628 -0.01087795004341544 -0.0047380714347191842 0.040294070468538126 0.14625734893148754 0.11955041580893151 -0.0031811568666693527 -0.00038481957075175077 -0.025364808327861595 0.050701509076994493 0.10575597158676864 -0.056064929768279551 0.10708466527188643 0.014367785311654981 -0.02564203250015127 -0.024552038498127805 0.046364585781147355 -0.019048491760915033 0.07428091202972871 0.14550575437081173 0.025425486413804051 0.023384429640493431 0.048715930452963394 -0.039179320480330043 -0.020466681050548555 0.0038273834505625488 0.067303834139757907
leaf_weight=736.63635775633156 32530.271823104471 537.36852901149541 243.06055652163923 9.2275306582450849 5.8414871701970688 17.856671191751957 5.9700988903641692 4.1476240009069434 2.7673874245956531 1195.736081677489 3.8482731208205241 14.004651065915825 6.7166109681129447 5.322125107049942 3.9882076140493146 4.5984821692109099 6.3443921171128741 50.801490610465407 10.843080487102272 4.8410830125212652 4.0424435809254637 3.19239717721939 3.730322539806366 64.568509019911289 27.197252422571182 8.5738674253225309 12.189515411853789 23.39955960214138 854.07307340484113 5.8988483790308228
leaf_count=4500 186482 3500 1464 40 47 107 34 23 31 7200 25 84 30 28 24 31 34 333 84 30 24 20 20 292 127 39 56 99 5219 39
internal_value=-5.75168e-06 -0.00180448 -0.000888375 0.00146472 -0.00358442 0.0206717 0.0491025 0.0837323 -0.00413626 -0.00238221 0.0268693 0.0182888 -0.000708595 0.061215 -0.0124879 0.0241097 0.0533298 -0.00666492 -0.00495563 0.0248093 0.0547205 -0.00207229 0.0895114 0.00171535 0.0127925 0.00136193 -0.00510455 0.00310456 0.000772279 -0.00274174
internal_weight=36407.1 3876.79 3261.97 1741.76 1520.2 33.8159 15.9592 10.1177 1486.39 1228.4 32.659 29.8917 20.7213 9.1704 257.992 14.9311 10.9429 614.819 564.018 26.6493 12.6138 14.0355 8.57141 1732.54 135.929 71.3602 62.7863 50.5968 1596.61 742.535
internal_count=210066 23584 19573 10411 9162 211 104 57 8951 7398 198 167 114 53 1553 89 65 4011 3678 178 74 104 50 10371 613 321 282 226 9758 4539
is_linear=0
shrinkage=0.05


Tree=148
num_leaves=31
num_cat=0
split_feature=13 10 36 48 31 24 44 23 19 46 26 20 7 39 27 10 34 21 17 26 20 12 22 36 4 15 8 18 8 35
split_gain=5.57188 13.4637 10.8743 7.79583 6.95838 9.70928 5.66259 10.2444 9.56947 10.2865 11.6477 8.7847 12.9379 13.4489 8.37224 8.08773 7.96806 8.57308 8.14321 10.101 15.1708 11.7401 7.89417 10.6571 7.60038 8.31281 13.4876 16.4418 8.94342 8.65979
threshold=-3.3591666666666655 0.050400000000000007 6.8750000000000009 -2.4999999999999996 1.5000000000000002 -0.021666666666666941 4.5150000000000006 7.0250000000000012 0.010000000000000004 6.9150000000000009 0.11999999999999968 -2.0049999999999994 3.5650000000000004 1.5000000000000002 0.06000000000000006 0.56870000000000009 6.6250000000000009 0.06500000000000003 3.5000000000000004 0.039999999999999598 -0.40999999999999998 0.32360000000000005 0.30999999999999989 7.1750000000000007 59.500000000000007 0.0049999999999999637 0.11564999999999996 1.5000000000000002 0.097250000000000017 0.35505000000000003
decision_type=2 2 2 2 2 2 2 2 2 2 2 2 2 2 2 2 2 2 2 2 2 2 2 2 2 2 2 2 2 2
left_child=1 3 4 -1 5 -3 7 -2 11 10 -10 -9 13 -13 24 22 17 18 19 20 21 -11 -14 -24 -8 -26 27 28 -27 -28
right_child=6 2 -4 -5 -6 -7 14 8 9 16 -12 12 15 -15 -16 -17 -18 -19 -20 -21 -22 -23 23 -25 25 26 29 -29 -30 -31
leaf_value=0.12206603443063856 -0.0017639864406256409 -0.015591817934355276 0.10758120961854012 -0.030791471980904081 -0.034579606156090424 0.11801949904003134 0.00073073791056360452 -0.061097929864393656 -0.023802265188962956 0.15279575531068323 0.092240210982989693 -0.018182870839355211 0.021057827057732049 0.12616490896718466 -0.0017721732198682908 0.061027572397148615 0.021672363972553774 0.055996897055152289 -0.03909069481222853 -0.026723142778256888 -0.026650213335259215 0.015987910086931664 0.0056743104200837231 -0.05424832992582556 -0.013679209059917971 -0.058144796584249286 -0.016689299631384418 0.1377822508818444 0.070797628683688843 0.018380689165368284
leaf_weight=0.84946371801197429 6091.2782089011744 3.0474363937973976 3.2527369521558276 46.181229436770082 5.7663279734551907 2.455094810575245 25541.278099210002 3.7661298858001819 3.6131344325840455 3.2081339620053768 5.3858487363904715 2.3597320280969134 89.620473712682724 5.1036566309630871 4166.5332884509116 8.4572972506284696 15.555234685540198 3.7019370701163998 33.929730755276978 18.410700164735317 5.7210443019866961 3.0676257573068142 70.20808832347393 8.2967318892478925 183.58807850908488 2.7700802236795408 41.602198585867882 4.0529543682932854 2.6135946698486805 30.513185732066631
leaf_count=14 34556 26 26 2372 49 19 145002 52 27 21 35 21 514 48 24521 38 100 24 235 110 31 27 326 38 1297 34 262 37 19 185
internal_value=-5.67273e-06 -0.0150364 0.0270473 -0.0280306 0.00380133 0.0440223 1.9783e-05 -0.00133383 0.00801046 -0.00514459 0.0456486 0.014496 0.0160429 0.0805258 0.000307536 0.0133175 -0.0106125 -0.0179935 -0.0222509 -0.00346048 0.0322392 0.0859233 0.0109175 -0.000658576 0.000643312 -0.00777854 0.00550492 0.0617165 0.00445245 -0.00185062
internal_weight=36406.2 61.5523 14.5216 47.0307 11.2689 5.50253 36344.6 6371.68 280.405 92.5934 8.99898 187.812 184.046 7.46339 29973 176.583 83.5944 68.0392 64.3372 30.4075 11.9968 6.27576 168.125 78.5048 25806.4 265.14 81.552 9.43663 5.38367 72.1154
internal_count=210066 2506 120 2386 94 45 207560 36203 1647 610 62 1037 985 69 171357 916 548 448 424 189 79 48 878 364 146836 1834 537 90 53 447
is_linear=0
shrinkage=0.05


Tree=149
num_leaves=31
num_cat=0
split_feature=13 8 7 20 6 7 36 15 20 12 27 7 35 8 16 13 23 34 8 44 9 13 4 40 23 20 35 2 9 0
split_gain=5.51489 7.96811 13.144 10.0473 8.83916 8.51903 7.83784 11.5602 8.87579 8.52731 7.61344 7.34117 6.97862 6.59918 11.7495 11.4632 10.689 9.99766 11.5608 17.8977 17.7369 13.6024 11.8045 10.8321 13.7402 10.6177 9.78995 15.6118 9.30606 13.8962
threshold=2.3658333333333341 0.64415000000000011 7.6650000000000009 1.0299999999999998 0.16500000000000004 7.8950000000000005 6.7650000000000006 -1.0000000180025095e-35 1.8700000000000006 0.38575000000000004 0.010000000000000233 7.1250000000000009 0.30895000000000006 0.44690000000000002 1.5000000000000002 1.779166666666667 6.5550000000000006 5.9250000000000007 0.28325000000000006 5.5550000000000006 4.8650000000000011 -1.0000000180025095e-35 49.500000000000007 4.5000000000000009 6.535000000000001 -0.24999999999999975 0.33265000000000006 2.5000000000000004 5.955000000000001 4.5000000000000009
decision_type=2 2 2 2 2 2 2 2 2 2 2 2 2 2 2 2 2 2 2 2 2 2 2 2 2 2 2 2 2 2
left_child=13 2 3 -2 6 -3 7 -5 -9 -10 -6 -8 -13 14 15 -1 -15 18 20 -20 23 22 -22 -16 -25 -21 -26 -28 29 -18
right_child=1 5 -4 4 10 -7 11 8 9 -11 -12 12 -14 16 17 -17 28 -19 19 25 21 -23 -24 24 26 -27 27 -29 -30 -31
leaf_value=0.0032413624158936279 0.03942732875764568 0.0062716834629822915 0.057523986648770245 0.065440354188281466 0.057105945062795073 -0.056614575971885656 -0.028760843648278318 -0.060303134132140404 0.024618589531068557 -0.03765632051511017 -0.011093330777012677 0.037018767387524083 -0.01458950263621654 -0.029867457193933428 -0.00039204186843497094 0.018883114283859026 -0.012958564671244031 0.0010134507479296324 -0.0057633138655710132 -0.0040620537811662336 -0.011587683372682379 0.011788433734225938 0.0037975925701994938 0.14050666436851358 -0.019079378311576623 0.0017857789577850635 -0.0039790755346629982 0.11228909303570374 -0.00016224182144539625 -0.0022059473440118674
leaf_weight=1450.5635363385081 21.670227184891701 13.139004573225977 14.676883369684218 8.5614151656627637 12.389723718166353 9.1259465068578702 36.500007569789886 5.0970872044563285 24.719303771853451 7.0689736157655707 6.1104973405599585 10.696099743247034 16.900649458169937 32.62596832960844 4971.9976989915594 127.42090499401093 360.236711403355 13548.623487918638 2507.1236172243953 1179.1016067154706 141.18359817937016 502.47746827453375 1066.2141302637756 1.5165038863196958 163.78644395899028 2271.7053628154099 168.59480978082865 2.9374747909605494 5911.0077464655042 1811.2003431702033
leaf_count=6398 89 54 60 35 51 37 149 21 101 29 25 44 69 151 34729 520 1694 83028 12922 6518 906 2369 6563 18 2921 11226 3201 28 27530 8580
internal_value=-5.68639e-06 0.00856669 0.0123686 0.00794186 0.00261324 -0.0195041 -0.00278549 0.0130978 0.000948683 0.0107701 0.0345802 -0.0140473 0.00541311 -4.98653e-05 0.000312811 0.00450442 -0.00130585 6.34523e-05 -0.00092842 -0.00254823 0.000446575 0.00487549 0.00199856 -0.000979895 -0.00965715 -0.000212359 -0.0103363 -0.00198799 -0.00119055 -0.00398978
internal_weight=36405 186.656 164.391 149.714 128.044 22.265 109.544 45.4468 36.8854 31.7883 18.5002 64.0968 27.5967 36218.3 28103.2 1577.98 8115.07 26525.3 12976.6 5957.93 7018.71 1709.88 1207.4 5308.83 336.835 3450.81 335.319 171.532 8082.44 2171.44
internal_count=210066 764 673 613 524 91 448 186 151 130 76 262 113 209302 171347 6918 37955 164429 81401 30666 50735 9838 7469 40897 6168 17744 6150 3229 37804 10274
is_linear=0
shrinkage=0.05


Tree=150
num_leaves=31
num_cat=0
split_feature=15 6 4 12 8 13 34 8 22 21 10 36 44 19 35 32 0 20 26 24 34 44 33 41 45 7 10 26 46 40
split_gain=5.57702 11.313 9.95429 11.216 9.84698 10.9316 12.4441 12.6772 12.1182 10.7202 9.55171 10.633 10.8999 9.53755 9.45316 13.4651 9.37185 9.30893 10.5737 15.9856 19.2176 12.5506 13.4521 13.7514 10.9469 9.31554 11.2412 13.9318 11.2257 9.42667
threshold=-0.024499999999999991 0.18500000000000003 48.500000000000007 0.49290000000000006 0.22930000000000003 -0.093333333333333476 6.4650000000000007 0.52510000000000012 -2.2449999999999988 -0.055 0.7158500000000001 6.6450000000000005 5.8950000000000005 0.15500000000000005 0.35905000000000004 2.5000000000000004 23.500000000000004 0.60500000000000009 0.079999999999999641 -0.071666666666666753 5.0850000000000009 5.2650000000000006 0.15500000000000003 2.5000000000000004 0.33400000000000002 4.6150000000000011 0.067050000000000012 1.0000000180025095e-35 6.7750000000000012 3.5000000000000004
decision_type=2 2 2 2 2 2 2 2 2 2 2 2 2 2 2 2 2 2 2 2 2 2 2 2 2 2 2 2 2 2
left_child=-1 2 3 13 -4 17 9 8 -8 -7 -11 -12 -13 -2 15 -14 -5 -6 25 24 -21 -22 23 -23 -20 26 -19 28 29 -28
right_child=1 -3 4 16 5 6 7 -9 -10 10 11 12 14 -15 -16 -17 -18 18 19 20 21 22 -24 -25 -26 -27 27 -29 -30 -31
leaf_value=-0.0016196822195233664 -0.0038134312912315644 0.00332497013692362 0.0025187890014635918 0.016365363992264827 -0.002481493525558382 -0.00702777547042474 0.062106734492459195 -0.0023224335562581034 0.0038182504323209156 -0.00019001356172395904 -0.036962231163944773 0.032519709617155605 0.07642194001053676 0.053601240045428614 -0.026119762563738866 -0.003941804492547051 -0.052060399870069565 0.068037680340817183 0.019505729756708085 0.10672410000500168 -0.01601268893552046 0.12981937320661577 -0.0078540491277217933 0.030111060658585764 -0.047161040606270271 -0.0014734673086551008 0.085204017373551905 -0.02298831202965804 0.0029355288689322163 0.007251352043335442
leaf_weight=4665.4882013378665 2527.6607562676072 2704.0726030934602 4008.3078305264935 100.60135527793318 5859.9747971966863 577.64002275466919 8.9376775920391065 1018.0627679303288 3826.0685462132096 10488.456576354802 9.2857271730899793 61.140385463833809 7.4893990755081203 7.253968007862567 19.478697463870049 17.143222808837891 5.2660456746816626 9.8992463722825033 14.723945684731008 8.9926480576395971 12.201496597379444 6.4555000737309474 7.1839694157242766 7.4472049400210381 10.583730116486548 355.05999137461185 11.208125315606596 20.25888093188405 19.763070300221443 5.9302502647042266
leaf_count=32400 14585 17531 31114 565 36045 2512 41 4927 17947 48797 40 262 32 33 87 77 27 68 102 52 73 41 47 47 80 2162 64 140 122 46
internal_value=-5.54879e-06 0.00023174 -5.63624e-05 -0.00298321 0.000236501 -0.000172199 0.000523158 0.00263742 0.00395409 -0.00039456 -3.3189e-05 0.0143276 0.0188526 -0.00364913 -9.06747e-05 0.0204923 0.0129617 -0.00192806 0.00469446 0.0230555 0.0418682 0.0243477 0.0477016 0.076409 -0.00837447 0.00175455 0.0188459 0.0103267 0.0286166 0.0582307
internal_weight=36402 31736.5 29032.5 2640.78 26391.7 22383.4 16033.7 4853.07 3835.01 11180.6 10603 114.537 105.252 2534.91 44.1113 24.6326 105.867 6349.68 489.708 67.5885 42.2808 33.2882 21.0867 13.9027 25.3077 422.12 67.0596 57.1603 36.9014 17.1384
internal_count=210066 177666 160135 15210 144925 113811 74722 22915 17988 51807 49295 498 458 14618 196 109 592 39089 3044 442 260 208 135 88 182 2602 440 372 232 110
is_linear=0
shrinkage=0.05


Tree=151
num_leaves=31
num_cat=0
split_feature=44 21 22 13 21 15 44 10 26 7 10 46 27 11 46 21 35 14 11 26 11 9 13 22 26 20 13 15 7 24
split_gain=5.48722 8.36253 9.38944 9.65545 8.83796 12.0415 15.4563 11.7785 8.78925 8.75198 12.8846 9.56773 8.67797 8.54769 10.5358 8.26316 8.12637 7.96681 11.735 9.09153 12.1103 9.63591 9.42436 11.2227 9.28895 8.03738 9.87876 10.139 9.19697 11.3437
threshold=6.0950000000000006 -0.01 3.1450000000000009 1.518333333333334 0.045000000000000005 -0.010833333333333332 6.4650000000000007 0.15420000000000003 0.1000000000000001 6.5150000000000006 0.56870000000000009 6.6050000000000013 0.1000000000000001 0.33775000000000005 6.9150000000000009 0.06500000000000003 0.29145000000000004 -0.13615833333333335 0.23104999999999992 -0.024999999999999908 0.16740000000000002 6.035000000000001 -0.008333333333333524 -1.0549999999999999 -0.020000000000000014 2.7550000000000012 -0.008333333333333524 0.026666666666666655 7.0650000000000004 -0.046666666666666405
decision_type=2 2 2 2 2 2 2 2 2 2 2 2 2 2 2 2 2 2 2 2 2 2 2 2 2 2 2 2 2 2
left_child=-1 17 3 4 -3 9 7 -7 -5 10 11 12 15 14 -8 -6 -11 -2 19 20 -19 22 23 -22 -21 26 -20 -28 29 -29
right_child=1 2 -4 8 5 6 13 -9 -10 16 -12 -13 -14 -15 -16 -17 -18 18 25 24 21 -23 -24 -25 -26 -27 27 28 -30 -31
leaf_value=-0.00046693573863566638 -0.008061904671190584 -0.0004945986786707 -0.013527982179812839 0.015666447442074793 -0.0045282395352678681 0.0083588938718322566 0.052780600566635895 0.10713323917691549 -0.035039774908219183 0.094754284323259719 -0.051725904689469505 0.0024788130452879815 0.11821627490300871 -0.028870920978624644 -0.042543209475020043 0.086173166553394076 0.019694143870720479 -0.021262967356261452 -0.00046875752614783801 0.075475606018555838 0.065261242968835481 -0.014008253682135589 0.056491452776431084 -0.030157561164330417 0.015470503779591555 -0.014449419713634984 0.0065241631132799006 -0.030572816349217977 -0.024169530322142446 0.0039279750035078062
leaf_weight=23260.423301103525 163.80106203909963 8224.9753219904378 126.79873641580343 143.46037939190865 8.0852227322757226 4.4727524705231181 12.709651181474333 9.2805407270789129 9.0874796062707883 4.2167495638132122 10.759114444255827 589.20260979235172 3.0579937808215609 9.3256593160331231 3.7551425546407691 3.6422617435455313 24.893410742282867 41.644636718556285 1435.5868975752965 6.6277398094534865 4.6013441402465132 17.807497575879097 17.47294844686985 9.329851567745207 239.90341398585588 69.914314061403275 1651.3067950829864 26.678168535232544 45.657056197524071 222.795495480299
leaf_count=134270 855 50082 591 586 55 27 73 49 38 21 57 4090 23 51 20 30 125 203 8335 34 31 80 76 53 1240 296 7391 125 196 963
internal_value=-5.52161e-06 0.000811221 -1.61376e-05 0.000172947 -4.0639e-05 0.00542293 0.032204 0.0750105 0.0126458 0.00377811 0.00250958 0.0034757 0.0432017 0.0093766 0.03104 0.0236413 0.030567 0.00273414 0.00320082 0.012101 -0.00141921 0.0153733 0.0320339 0.00135838 0.0170837 0.00233093 0.00267782 0.00499856 -0.00353742 0.000238536
internal_weight=36401.3 13140.9 9187.72 9060.92 8908.38 683.401 39.5437 13.7533 152.548 643.857 614.747 603.988 14.7855 25.7905 16.4648 11.7275 29.1102 3953.13 3789.33 337.387 90.8563 49.2116 31.4041 13.9312 246.531 3451.94 3382.02 1946.44 295.131 249.474
internal_count=210066 75796 55918 55327 54703 4621 220 76 624 4401 4255 4198 108 144 93 85 146 19878 19023 1717 443 240 160 84 1274 17306 17010 8675 1284 1088
is_linear=0
shrinkage=0.05


Tree=152
num_leaves=31
num_cat=0
split_feature=24 0 20 10 15 14 21 24 41 42 44 40 43 9 11 17 45 3 24 19 9 15 26 4 15 19 44 12 7 33
split_gain=5.3059 13.4248 10.0017 10.7438 10.4612 12.6087 10.1975 10.708 9.05489 8.9793 10.4252 8.93816 16.2218 10.4497 14.5705 15.3741 11.8679 11.6225 11.2689 16.3611 9.24768 9.09806 8.77259 8.64322 8.62397 11.9095 8.64557 8.54951 8.17368 10.4001
threshold=0.031666666666665851 19.500000000000004 -2.9349999999999992 0.37940000000000002 -0.0083333333333333506 0.069658333333333364 0.010000000000000004 0.063333333333333033 2.5000000000000004 2.5000000000000004 3.4750000000000005 4.5000000000000009 1.0000000180025095e-35 5.8250000000000011 0.33695000000000003 5.5000000000000009 0.55590000000000017 23.500000000000004 -0.13166666666666635 1.0000000180025095e-35 4.7150000000000007 0.035000000000000017 -0.15499999999999978 52.500000000000007 0.013333333333333352 0.010000000000000004 5.4150000000000009 0.30265000000000003 4.8750000000000009 0.16500000000000004
decision_type=2 2 2 2 2 2 2 2 2 2 2 2 2 2 2 2 2 2 2 2 2 2 2 2 2 2 2 2 2 2
left_child=11 2 3 4 5 -2 7 8 -7 10 -6 -1 -13 18 17 16 28 -15 19 -14 -21 22 -20 -8 25 27 -26 -11 29 -16
right_child=1 -3 -4 -5 9 6 23 -9 -10 24 -12 12 13 14 15 -17 -18 -19 21 20 -22 -23 -24 -25 26 -27 -28 -29 -30 -31
leaf_value=-6.4986292061786679e-05 -0.010563809029191927 0.0056581123010640087 -8.4020744255510559e-05 0.094046568966273336 0.11805004320103039 0.061996653201238407 0.052266892215066432 0.010331582708641141 0.21062039848939615 0.038928674512532679 -0.0036103967056912109 0.14039079412583103 -0.0079857498065046741 0.080852763718688381 0.012424843705335855 0.097409920123464375 -0.061401534557132542 -0.0063112174810639396 0.083983148673458075 0.029629799907561184 0.16003930350567594 -0.027242039238848145 -0.0061452631466840935 -0.04199143178860236 0.13516111604866624 0.039242678158852705 -0.02235123596174568 0.16336620964948606 0.0059787623078381806 0.1080395154171076
leaf_weight=26326.027106701396 61.4203722756356 1362.2771815275773 6357.4994633449242 4.0471172258257857 1.9208048302680278 2.045248910784724 4.8918850868940336 2.8539365772157907 2.0540441302582622 2.0464115897193613 21.147732564248145 1.9606119580566872 7.61095426045358 3.8566921427845946 7.7756833769381029 4.6642340272665015 6.4066247269511214 457.17519057169557 2.7057361602783194 2.3584064347669482 3.2093299962580204 52.270106726326048 1247.1542000425979 4.8367053251713514 1.0235359231010068 13.194274944253264 5.8523382553830743 4.2406780365854502 420.22736816853285 4.4840256310999393
leaf_count=147213 864 7216 32186 30 19 30 57 39 33 23 329 21 74 30 74 33 40 3044 20 36 32 1701 13892 46 17 111 146 42 2630 38
internal_value=-5.42609e-06 0.00114569 0.000198376 0.0138433 0.0112981 -9.40021e-05 0.0384545 0.0846956 0.136468 0.0292997 0.00651968 -0.00032201 -0.00336739 -0.00349436 0.000642237 0.00711174 0.00615212 -0.00558206 -0.00633926 0.0396639 0.1048 -0.00680485 -0.00595015 0.00540504 0.0492374 0.0662287 0.0010959 0.122863 0.00715282 0.0473962
internal_weight=36399.2 7851.35 6489.07 131.575 127.528 78.1022 16.6818 6.95323 4.09929 49.4258 23.0685 28547.9 2221.86 2219.9 904.59 443.558 438.894 461.032 1315.31 13.1787 5.56774 1302.13 1249.86 9.72859 26.3572 19.4814 6.87587 6.28709 432.487 12.2597
internal_count=210066 41188 33972 1786 1756 1069 205 102 63 687 348 168878 21665 21644 5889 2815 2782 3074 15755 142 68 15613 13912 103 339 176 163 65 2742 112
is_linear=0
shrinkage=0.05


Tree=153
num_leaves=31
num_cat=0
split_feature=13 6 47 34 4 34 11 45 45 10 7 20 2 7 1 27 15 11 35 8 15 20 9 22 27 7 14 14 8 11
split_gain=5.2759 12.4984 12.2518 11.267 10.1754 10.0911 10.7094 12.4338 9.90207 11.1045 9.69423 9.63648 9.20111 14.882 12.3979 10.9529 12.6187 10.2192 10.3627 9.14193 10.0676 10.9827 10.1209 11.2731 10.31 12.2544 11.5479 11.1841 12.7632 10.8057
threshold=0.71833333333333316 0.17500000000000002 5.5000000000000009 6.745000000000001 52.500000000000007 5.6050000000000013 0.23819999999999994 0.42430000000000007 0.57235000000000014 0.16100000000000003 4.3750000000000009 -0.505 3.5000000000000004 5.7350000000000012 1.5000000000000002 0.050000000000000273 0.03166666666666669 0.28955000000000003 0.33644999999999997 0.35910000000000003 -0.01833333333333333 0.23999999999999957 4.4150000000000009 2.3550000000000009 -0.020000000000000014 4.9350000000000014 -0.088458333333333347 -0.18056666666666668 0.30570000000000003 0.28605000000000008
decision_type=2 2 2 2 2 2 2 2 2 2 2 2 2 2 2 2 2 2 2 2 2 2 2 2 2 2 2 2 2 2
left_child=19 2 3 12 5 6 -3 10 9 -6 -8 -4 13 14 17 -15 -17 -2 -19 20 22 -22 23 24 29 -26 27 -27 -29 -1
right_child=1 4 11 -5 8 -7 7 -9 -10 -11 -12 -13 -14 15 -16 16 -18 18 -20 -21 21 -23 -24 -25 25 26 -28 28 -30 -31
leaf_value=-0.0075337272145951295 -0.0043603251042220988 -0.014024464153425576 -0.060423451872496294 0.0066033241092089681 -0.021479640684762241 0.017776270688612438 0.06600705685036691 -0.014303464406074688 0.061136487389149764 0.0024345029232512756 0.011272673850035532 -0.0066984570960803309 0.0019750100949323906 -0.0028886778853901346 0.0014200702656762319 -0.010480921035204028 -0.049731423363714854 0.054208220625066195 0.01219616964766462 -0.0016235955204303464 0.0002632964261442798 0.0037094801692508714 0.00085928455973562795 -0.017788130011147287 -0.0062227041111841686 -0.033010680597864495 0.0042372215316324518 0.12379116592936426 0.018100293440391244 0.0045268486696296833
leaf_weight=251.78206939715892 26.571222215890884 62.110003918409348 8.5108908712863904 760.93170462548733 55.398508980870247 258.63281954824924 8.3534340411424619 49.494737774133682 6.606990545988082 392.280317902565 256.23619209229946 432.17203885316849 3293.7868338823318 1692.2211417704821 898.31520648300648 249.36917655169964 22.308840110898018 29.090758070349693 29.62571407854557 9247.8811299279332 10289.328174575232 2981.9373142328113 2420.4869121424854 132.02919196337461 1690.5591743178666 3.1020088270306578 128.3155555203557 6.0639927238225919 5.4001936241984367 707.8276467975229
leaf_count=1876 114 272 38 3238 244 1106 36 215 29 1707 1110 1890 13927 7378 3954 1110 98 121 125 48168 69212 16696 14512 749 16409 20 771 37 36 4868
internal_value=-5.51586e-06 0.00108238 0.000350339 0.000859253 0.00608511 0.0101734 0.0049465 0.008698 0.000372003 -0.000524779 0.0130007 -0.00773605 0.000158942 -0.00187049 0.00314974 -0.00438482 -0.013704 0.0213679 0.0330108 -0.000338624 0.000299683 0.00103762 -0.00153238 -0.00351146 -0.0028366 -0.00503432 0.00902646 0.0512155 0.0740056 0.0013624
internal_weight=36396.7 8532.02 7442.9 7002.22 1089.11 634.827 376.194 314.084 454.286 447.679 264.59 440.683 6241.29 2947.5 983.603 1963.9 271.678 85.2877 58.7165 27864.7 18616.8 13271.3 5345.57 2925.08 2793.05 1833.44 142.882 14.5662 11.4642 959.61
internal_count=210066 36712 31993 30065 4719 2739 1633 1361 1980 1951 1146 1928 26827 12900 4314 8586 1208 360 246 173354 125186 85908 39278 24766 24017 17273 864 93 73 6744
is_linear=0
shrinkage=0.05


Tree=154
num_leaves=31
num_cat=0
split_feature=34 24 26 21 22 20 14 8 9 24 23 46 48 0 8 15 33 24 14 3 46 44 29 35 6 20 10 21 26 3
split_gain=5.33915 8.52964 9.37922 12.8555 10.4797 9.70748 9.51096 13.7746 13.1467 9.33969 8.89254 8.76369 11.2122 8.66917 8.30778 18.9313 11.1735 10.4504 9.52443 8.5678 13.9127 16.3227 8.40413 8.1665 9.60796 9.60768 7.98463 7.97267 10.404 8.17224
threshold=4.2250000000000005 0.11833333333333453 -0.015000000000000123 0.025000000000000012 -1.6999999999999993 -2.2449999999999988 -0.0046166666666666292 0.37870000000000009 6.5250000000000012 0.01166666666666716 6.9250000000000007 7.0650000000000004 1.0000000180025095e-35 15.500000000000002 0.37870000000000009 0.013333333333333352 0.14500000000000005 -1.0000000180025095e-35 -0.05813333333333328 21.500000000000004 6.8750000000000009 4.5750000000000011 1.0000000180025095e-35 0.31115000000000004 0.14500000000000005 1.405 0.43770000000000003 0.030000000000000023 0.020000000000000021 23.500000000000004
decision_type=2 2 2 2 2 2 2 2 2 2 2 2 2 2 2 2 2 2 2 2 2 2 2 2 2 2 2 2 2 2
left_child=1 2 3 10 5 -4 11 -8 -9 -5 -1 14 -13 -14 19 16 -16 18 26 20 -6 -22 -18 -10 -25 -26 -17 28 -7 -30
right_child=-2 -3 4 9 6 27 7 8 23 -11 -12 12 13 -15 15 17 22 -19 -20 -21 21 -23 -24 24 25 -27 -28 -29 29 -31
leaf_value=-0.0071767285994068022 0.00016545303300260041 0.028220158384004792 -0.043008408522073577 -0.010374978767512727 0.00037675111503527805 -0.017014747859270915 0.0091593313843841648 -0.012593916594141441 0.033412526604220415 0.016064523704347192 -0.023976066739522892 0.07928673851929445 -0.048765688161094022 0.057447210426150898 -0.044431190068825024 0.022372055128745589 0.024179051552570427 0.0095912241718431133 -0.036605628579387699 -0.0083054212940769333 0.24553214072254481 0.02966299521268469 -0.016210543211122218 0.026842569319711414 0.011991026124399659 -0.053158557306297975 -0.023063764390812678 -0.025893587810596575 0.071417699552320982 0.0090631206771682737
leaf_weight=674.54100540094078 33708.382641344331 22.919181764125824 22.624581011943519 50.933868043124676 9.2965234173461777 42.774545891210437 552.49867381807417 171.4404601380229 29.072832554578781 97.035831781104207 89.189430905506015 7.3162710070610038 4.8092610910534841 3.1991053726524115 7.1606765836477271 17.492036744952202 116.45116124674678 43.139679208397865 44.273102596402168 510.3724997844547 1.4538427153602236 2.2020392715930939 14.480911180377005 17.130917638540268 10.614622518420221 12.120952621102331 21.62136310338974 40.637256522662938 6.0323256477713576 40.76019898429513
leaf_count=3714 194768 117 372 321 158 275 3191 760 123 568 517 35 29 20 33 81 531 185 202 3051 15 34 67 72 46 51 96 300 54 280
internal_value=-5.42756e-06 -0.00215184 -0.00241347 -0.00652519 -0.000270126 -0.0127781 0.000927494 0.00481233 -0.00517899 0.00696356 -0.00913858 -0.00290709 0.0345415 -0.00633678 -0.00363543 0.00358462 0.0163859 -0.0103869 -0.0207226 -0.00728624 0.0328732 0.115508 0.019712 0.0132607 -0.00143515 -0.022742 -0.00274426 -0.0075252 0.000808682 0.0171017
internal_weight=36392 2683.6 2660.68 911.7 1748.98 152.829 1596.15 792.878 240.38 147.97 763.73 803.268 15.3246 8.00837 787.944 264.619 138.093 126.526 83.3865 523.325 12.9524 3.65588 130.932 68.9393 39.8665 22.7356 39.1134 130.204 89.5671 46.7925
internal_count=210066 15298 15181 5120 10061 1281 8780 4243 1052 889 4231 4537 84 49 4453 1195 631 564 379 3258 207 49 598 292 169 97 177 909 609 334
is_linear=0
shrinkage=0.05


Tree=155
num_leaves=31
num_cat=0
split_feature=37 48 45 23 48 20 47 4 22 11 45 26 18 14 13 4 40 33 45 9 36 8 47 48 28 8 7 44 4 24
split_gain=5.25848 11.3889 14.3033 10.3439 9.61309 16.6978 8.79243 8.62226 19.1736 16.3694 14.1959 13.4936 9.44458 10.489 9.09338 8.8069 9.34952 9.44702 11.782 9.35711 8.88925 10.4945 8.71072 8.67387 19.4624 11.8909 11.3866 10.8442 12.8131 15.9243
threshold=1.5000000000000002 2.5000000000000004 0.57235000000000014 6.7250000000000005 4.5000000000000009 0.32000000000000001 4.5000000000000009 61.500000000000007 -2.0849999999999986 0.37355000000000005 0.32010000000000005 -0.034999999999999691 2.5000000000000004 0.050408333333333312 -3.3591666666666655 55.500000000000007 -3.4999999999999996 0.15500000000000003 0.26025000000000004 5.8650000000000011 6.7350000000000012 0.20280000000000001 5.5000000000000009 1.0000000180025095e-35 1.5000000000000002 0.11564999999999996 4.1550000000000011 5.7350000000000012 45.500000000000007 0.046666666666666419
decision_type=2 2 2 2 2 2 2 2 2 2 2 2 2 2 2 2 2 2 2 2 2 2 2 2 2 2 2 2 2 2
left_child=1 6 3 -3 -5 -6 -1 14 9 10 -9 -10 13 -13 -2 23 17 18 -17 20 -20 -22 -19 24 -16 26 27 28 29 -25
right_child=7 2 -4 4 5 -7 -8 8 11 -11 -12 12 -14 -15 15 16 -18 22 19 -21 21 -23 -24 25 -26 -27 -28 -29 -30 -31
leaf_value=0.0017365260970696188 -0.026328224410937157 0.0038019653510952575 -0.03157647824847519 -0.0031596878972851242 -0.028366233430816165 0.12717179434267042 -0.0010722931751493889 0.19525006405508474 0.097212076232734021 0.0032620084036433365 0.059798157481508601 0.0020567069760681809 -0.019534190998547279 0.094280963629092635 0.0013009651376080142 -0.022914843637477672 -0.0041564022114684036 -0.0086785199290583762 0.016615170473215656 3.4306747000197382e-05 0.0079100311264743203 0.093747052315154331 0.061252150858386645 0.017148739424425428 -0.0047679695446934513 0.00033981236773321854 0.1070304716125554 0.020008188533757642 -7.5513163703496309e-05 0.12117877728038653
leaf_weight=12550.297428513877 34.614885764196515 692.98571374826133 40.445745185948908 2818.3295429879799 3.191618616692721 3.7564755901694298 3581.1316979741678 3.3362836949527246 3.5668445229530326 5.3026677891612053 4.6032480150461197 10.601747676730154 30.900691077113152 4.3472990728914729 2581.7542133890092 9.8912953995168191 2296.8544148560613 54.519888427108526 11.038570150732996 11.853692501783369 4.706514090299609 14.628177560865877 4.8491283506155005 16.672188356518749 2705.23497980088 8476.8417163640261 2.9328041076660147 133.38120137900114 274.13126530032605 4.7200383068993679
leaf_count=67352 1226 5051 319 22205 33 21 20142 27 21 36 38 65 214 26 12268 51 13644 271 56 52 27 69 24 253 15167 45760 19 1803 3764 62
internal_value=-5.36941e-06 0.000548173 -0.00201205 -0.00167217 -0.00301487 0.0557251 0.00111298 -0.000657974 0.0178549 0.0712852 0.116717 0.00353712 -0.00375025 0.0288762 -0.000727691 -0.000674321 -0.00347004 0.0106703 0.0262045 0.0377103 0.052414 0.0728523 -0.00296674 -0.000200017 -0.00180437 0.000752112 0.00884544 0.00817406 0.00283285 0.0401022
internal_weight=36391.4 19690.1 3558.71 3518.26 2825.28 6.94809 16131.4 16701.3 62.6588 13.2422 7.93953 49.4166 45.8497 14.949 16638.6 16604 2408.34 111.487 52.1182 42.227 30.3733 19.3347 59.369 14195.7 5286.99 8908.68 431.837 428.905 295.523 21.3922
internal_count=210066 115123 27629 27310 22259 54 87494 94943 427 101 65 326 305 91 94516 93290 14194 550 255 204 152 96 295 79096 27435 51661 5901 5882 4079 315
is_linear=0
shrinkage=0.05


Tree=156
num_leaves=31
num_cat=0
split_feature=44 14 13 30 20 26 46 8 12 26 27 10 26 3 45 24 9 13 35 24 26 33 24 22 4 12 43 10 45 26
split_gain=5.23617 7.64625 8.58963 8.30067 8.58566 7.71302 7.84432 13.1616 7.80318 13.001 10.7423 9.40334 8.76135 9.01271 14.3114 9.85442 10.196 7.78332 8.23822 13.6134 7.40398 13.1477 8.76938 7.26944 7.22304 13.1077 10.8403 8.47763 8.57446 8.41795
threshold=6.5050000000000008 0.080350000000000033 1.6125 -1.4999999999999998 -0.37999999999999962 0.14500000000000005 7.0750000000000011 0.32585000000000003 0.41864999999999997 -0.064999999999999933 0.15499999999999983 0.26300000000000007 -0.17000000000000035 22.500000000000004 0.38195000000000001 0.021666666666666948 2.1450000000000005 0.42666666666666725 0.39540000000000003 0.016666666666667943 -0.13000000000000031 0.14500000000000005 0.11333333333333374 3.4450000000000007 46.500000000000007 0.50135000000000007 0.13500000000000004 0.56615000000000015 0.26025000000000004 -0.055000000000000153
decision_type=2 2 2 2 2 2 2 2 2 2 2 2 2 2 2 2 2 2 2 2 2 2 2 2 2 2 2 2 2 2
left_child=-1 2 24 4 -3 6 8 -8 10 11 12 -10 -5 14 15 16 -14 18 -11 -20 21 -15 -22 -4 25 26 -2 29 -29 -26
right_child=1 3 23 5 -6 -7 7 -9 9 17 -12 -13 13 20 -16 -17 -18 -19 19 -21 22 -23 -24 -25 27 -27 -28 28 -30 -31
leaf_value=-0.00032688233635000386 -0.031339886157886077 0.1005950508895849 0.023221002581583827 -0.049028378573437392 0.01646924913026596 -0.027373471876777019 -0.011136402597427599 0.079638686707130479 0.088417714643339307 -0.025026242692428702 0.066374469965049268 0.011015804669094456 -0.030182328123148472 0.1034584157296447 0.12092582751234307 -0.016120431986874264 0.10133053067518545 0.014263943557734261 -0.012772723086313302 0.072418880147455053 0.0053679554077796189 0.0060883914067281948 -0.064674048935687831 -0.009679619711118817 0.0057337601247290162 0.064177111122427771 -0.0046969888797966384 -0.022402249006642005 -0.0027807149802698918 0.00049767375608419787
leaf_weight=28268.381359426305 44.991898222826421 4.4690620377659789 72.010133698582649 7.1704726144671431 9.4376066625118238 18.505195462144911 7.129347342997792 9.0773542374372465 5.364126791246238 81.731010862626135 7.4340434968471518 14.614699728786944 2.095110538415617 5.3322337418794623 4.2471970943734041 9.2367658438160998 4.9696321152150631 24.003560915589333 19.955302920192484 6.1298238635063163 776.0235827350989 9.9103147909045202 4.4946928173303595 21.893929243087769 905.05330403335392 6.2952173948287955 252.10200131125748 60.707662917673588 671.97608062252402 5054.0405537588522
leaf_count=163324 285 27 294 37 44 105 45 46 32 477 42 70 54 28 42 82 32 104 117 29 4158 51 22 89 5144 37 1587 301 3433 29928
internal_value=-5.41903e-06 0.00111364 0.000528437 0.00513619 0.043504 0.00461176 0.00520429 0.0397066 0.00463529 -0.00578877 0.00653964 0.0317975 0.00599948 0.00648284 0.0391769 0.0178781 0.0623293 -0.0114854 -0.0172181 0.00724671 0.00563859 0.0401509 0.00496461 0.0155502 0.000326784 -0.00721896 -0.00873179 0.000668889 -0.00440649 0.00129292
internal_weight=36388.8 8120.4 7089.07 1031.33 13.9067 1017.42 998.919 16.2067 982.713 151.799 830.914 19.9788 823.48 816.31 20.5487 16.3015 7.06474 131.82 107.816 26.0851 795.761 15.2425 780.518 93.9041 6995.17 303.389 297.094 6691.78 732.684 5959.09
internal_count=210066 46742 41098 5644 71 5573 5468 91 5377 829 4548 102 4506 4469 210 168 86 727 623 146 4259 79 4180 383 40715 1909 1872 38806 3734 35072
is_linear=0
shrinkage=0.05


Tree=157
num_leaves=31
num_cat=0
split_feature=5 24 2 36 19 46 26 45 20 44 9 11 15 17 11 22 14 24 25 20 8 13 34 15 15 44 21 10 43 44
split_gain=5.06591 8.51396 10.4177 10.2167 8.60311 9.25455 11.1126 8.23474 11.4419 12.0962 15.0931 9.84407 8.86343 9.09278 10.7914 10.1717 10.2607 12.33 10.003 9.00345 10.6443 11.8508 11.7673 10.8981 11.0046 8.92038 13.3735 8.72921 10.682 8.36918
threshold=1.0000000180025095e-35 0.12500000000000047 1.5000000000000002 6.785000000000001 0.015000000000000001 7.3050000000000006 -0.22000000000000017 0.45285000000000003 1.1700000000000008 4.035000000000001 2.6750000000000003 0.39960000000000007 -0.022666666666666651 5.5000000000000009 0.19955000000000003 -2.5449999999999986 -0.13193333333333329 -0.0066666666666663757 3.5000000000000004 1.0299999999999998 0.18830000000000005 -1.1549999999999998 6.5850000000000009 -0.014499999999999983 -0.011666666666666678 5.3750000000000009 0.030000000000000023 0.55270000000000008 0.14500000000000005 3.7850000000000006
decision_type=2 2 2 2 2 2 2 2 2 2 2 2 2 2 2 2 2 2 2 2 2 2 2 2 2 2 2 2 2 2
left_child=-1 4 3 -3 -2 6 -6 12 9 10 29 -12 13 -8 15 16 17 -15 -17 20 21 22 -14 -24 -25 26 -20 -11 -29 -9
right_child=1 2 -4 -5 5 -7 7 8 -10 27 11 -13 19 14 -16 18 -18 -19 25 -21 -22 -23 23 24 -26 -27 -28 28 -30 -31
leaf_value=-0.00044083691998365995 6.2842524881101438e-05 -0.029734887033068293 -0.019339742832678294 0.091793275919324652 0.079755979117797263 -0.068158098111806203 0.00078540474234212317 0.070618557339811136 -0.021001262533834615 0.0083291470831419728 -0.00088872992278276372 0.077393674371567064 -0.0045147272029247504 0.025153315638342361 -0.016502819612539917 -0.023191920904962689 -0.0057069744777594562 0.23752107415770821 0.017043008443391485 0.015228139345251863 0.0015108330558929474 0.021352593478680029 -0.003760954653199556 0.12113418086086336 0.032305775708963119 -0.0070862829664424922 0.13502704847537897 0.014351157784342879 0.10453568713632347 0.20039198315746801
leaf_weight=23553.632957276888 8985.2749705966562 2.878546714782714 84.277786236256361 4.3320351466536522 4.7094387281686059 4.5750183388590804 1185.7357369698584 3.0482096727937487 26.668784592300653 269.3953882586211 11.587456475943329 6.1459826454520217 134.00094339251518 1.2334408452734353 162.76935497764498 18.759709268808365 2.005512995645403 1.5328823346644638 6.6413857312873024 171.934211011976 1524.3975500389934 157.07747692242265 15.602851977571843 4.4645892418920985 15.918105219490828 9.6192814623936993 3.7624825835227966 8.5485734865069372 5.3310139514505854 2.0970925996080041
leaf_count=136884 47990 21 439 34 31 29 8845 30 124 1845 68 31 1469 20 1327 143 32 22 51 787 8321 947 169 44 157 84 25 44 28 25
internal_value=-5.34774e-06 0.000793865 -0.0144046 0.0432778 0.000902983 0.00291197 0.00299861 0.00290217 0.0104097 0.0131459 0.0481173 0.0262421 0.00217059 -0.000900257 -0.0105877 0.0115179 0.0804033 0.142831 0.00304226 0.00428328 0.00326689 0.0114516 0.00230255 0.0276883 0.0517626 0.0276211 0.0597111 0.0103214 0.0489902 0.123511
internal_weight=36388 12834.3 91.4884 7.21058 12742.8 3757.56 3752.99 3748.28 332.823 306.154 22.8787 17.7334 3415.46 1392.06 206.324 43.5547 4.77184 2.76632 38.7829 2023.4 1851.46 327.064 169.986 35.9855 20.3827 20.0231 10.4039 283.275 13.8796 5.1453
internal_count=210066 73182 494 55 72688 24698 24669 24638 2195 2071 154 99 22443 10549 1704 377 74 42 303 11894 11107 2786 1839 370 201 160 76 1917 72 55
is_linear=0
shrinkage=0.05


Tree=158
num_leaves=31
num_cat=0
split_feature=13 7 8 3 45 14 14 48 3 7 4 0 7 46 35 7 26 30 20 22 16 14 44 6 26 0 21 44 43 6
split_gain=5.10064 11.8502 13.4934 9.80542 9.62933 14.8055 9.28758 9.23702 16.1843 16.6348 14.2226 10.7144 15.8262 11.4198 9.82408 13.6184 10.2133 8.96006 8.70773 10.4426 8.58125 11.8219 8.53074 8.39691 8.25727 9.62112 12.633 9.76769 8.04809 8.42303
threshold=-1.1749999999999994 4.1750000000000007 0.11564999999999996 54.500000000000007 0.28465000000000007 0.095524999999999985 0.089175000000000018 1.5000000000000002 23.500000000000004 1.2850000000000004 42.500000000000007 20.500000000000004 5.1050000000000013 6.7350000000000012 0.28540000000000004 4.0150000000000006 1.0000000180025095e-35 -1.4999999999999998 -3.7449999999999988 -0.49000000000000005 4.5000000000000009 0.031033333333333333 2.3650000000000007 0.10500000000000002 -0.1350000000000002 18.500000000000004 -0.0099999999999999863 3.7350000000000008 0.21500000000000002 0.19500000000000003
decision_type=2 2 2 2 2 2 2 2 2 2 2 2 2 2 2 2 2 2 2 2 2 2 2 2 2 2 2 2 2 2
left_child=7 3 -3 18 -5 6 -6 17 9 22 -11 -10 13 14 -13 -16 -17 -1 19 -2 21 -19 -9 -4 25 26 -12 -28 29 -20
right_child=1 2 23 4 5 -7 -8 8 11 10 24 12 -14 -15 15 16 -18 20 28 -21 -22 -23 -24 -25 -26 -27 27 -29 -30 -31
leaf_value=0.093066690046072792 0.12175660572907215 0.073486824063443035 -0.020376499127672844 0.0075504002057190656 -0.0064594016599508162 -0.043901895163099447 0.075071273704072072 0.2030932858162891 -0.012078275652621734 0.16773849438275526 0.1231498242869677 -0.026881296177575367 0.1431984573343513 -0.0049721680173888602 0.024740745428690439 0.20150450647635726 0.052548316600353751 0.077456246798745576 0.0059388295017995304 0.0074175760673433292 -9.2874144791048758e-05 -0.021382017471255704 -0.031143615186552016 -0.00011095681349275928 0.0037928096752892432 0.14138251054386206 0.16132521909460026 -0.0084510197124445345 -0.015237878644472104 -0.0010835921493975204
leaf_weight=2.6024368479847899 3.4587916508316994 6.2232783883810034 51.200616341084242 125.70436780154705 259.18892051652074 27.528787240386009 3.5407339408993712 0.3927676547318687 666.50688932742923 1.3552326671779145 2.7196927219629297 4.8138693766668466 1.9932193383574475 112.9203032553196 11.077262616716324 2.3026692755520335 2.3004183620214462 8.1465192735195142 2056.1145630553365 4.7246906012296659 1681.3442771248519 4.8126293495297423 37.547089780680835 30355.796408072114 347.77520264033228 2.0362392626702777 0.91492561995983201 11.442294277250765 52.800824604928493 538.92959102988243
leaf_count=19 20 45 289 768 1679 166 21 17 7741 27 26 56 20 1309 141 22 27 53 12980 27 15522 31 2137 156128 6823 35 10 170 322 3435
internal_value=-5.37403e-06 0.000168927 -0.000130014 0.00312849 -0.0040096 -0.00901598 -0.00536064 -0.00201588 -0.00536129 0.00279701 0.00606178 -0.00947326 0.00334918 0.00125983 0.0355973 0.0547782 0.127063 0.000361919 0.00424639 0.0557436 0.000219525 0.0407508 -0.0287187 -0.000145081 0.0054613 0.0393685 0.0255909 0.00411917 0.00408723 0.00448044
internal_weight=36388.2 33485.2 30413.2 3071.99 415.963 290.258 262.73 2903 1206.1 404.183 366.244 801.915 135.408 133.415 20.4942 15.6804 4.60309 1696.91 2656.03 8.18348 1694.3 12.9591 37.9399 30407 364.888 17.1132 15.0769 12.3572 2647.84 2595.04
internal_count=210066 175880 156462 19418 2634 1866 1700 34186 18561 9245 7091 9316 1575 1555 246 190 49 15625 16784 47 15606 84 2154 156417 7064 241 206 180 16737 16415
is_linear=0
shrinkage=0.05


Tree=159
num_leaves=31
num_cat=0
split_feature=44 23 46 14 4 19 12 34 13 22 23 8 16 24 12 8 14 24 8 34 28 9 9 12 23 24 3 44 8 12
split_gain=5.09445 9.52756 8.5033 17.4018 13.373 10.4826 9.79717 8.43757 7.62827 13.2398 10.0185 9.9719 14.3139 13.0988 9.8137 9.29321 11.287 9.08056 17.7727 8.66341 11.8526 9.32383 15.6359 12.1332 10.7104 9.78765 10.7848 11.5947 10.8527 10.14
threshold=4.5150000000000006 7.0250000000000012 6.9150000000000009 0.052533333333333411 52.500000000000007 0.010000000000000004 0.31675000000000003 6.6550000000000011 1.148333333333333 3.8850000000000011 7.0450000000000008 0.39735000000000004 3.5000000000000004 0.12500000000000047 0.43600000000000005 0.47635 0.25395000000000006 0.061666666666666987 0.36545000000000005 5.3650000000000011 5.5000000000000009 1.0200000000000002 3.5050000000000003 0.29275000000000007 7.0750000000000011 0.038333333333332671 28.500000000000004 4.535000000000001 0.39565000000000006 0.38794999999999996
decision_type=2 2 2 2 2 2 2 2 2 2 2 2 2 2 2 2 2 2 2 2 2 2 2 2 2 2 2 2 2 2
left_child=1 -1 3 4 -3 -4 -6 -7 9 11 15 12 -2 -13 -12 -10 -17 -11 -19 20 -14 23 24 -21 -23 -24 29 -28 -29 -27
right_child=8 2 5 -5 6 7 -8 -9 10 17 14 13 19 -15 -16 16 -18 18 -20 21 -22 22 25 -25 -26 26 27 28 -30 -31
leaf_value=-0.0017047725334825244 0.0030300297992527365 -0.036368233979799457 0.011975841385237777 0.11598531370652412 0.096444622600247581 -0.017105594441763721 0.0064966065014391006 0.024266439796321482 0.0063681702283382401 -0.01614936294893345 -0.01800578727600435 -0.0011584667420991256 -0.0010681730226046119 -0.025419826713588573 0.051072489231723799 0.0003381540047905078 0.045135667793444273 0.10206686115712056 -0.028624816942780931 -0.0035750908993438784 -0.0094465507570453584 -0.0042443555447217981 0.00030704622214023904 0.0096188434825532059 -0.042266897760059541 0.0095702638995198638 0.082144890533787526 0.0023237031597869986 0.087471513882745877 0.035817989289353556
leaf_weight=6093.1054569836706 5001.5664634108543 7.9544530669227305 172.9792929654941 5.288802031427621 5.4973628744482976 68.143226992338896 6.7376248054206371 15.044598734006284 1269.6610552072525 172.49684143811464 84.500828325748444 8504.1825105296448 2994.0116243716329 56.000446625053883 5.4746040403842917 1683.0296379327774 14.179337903857229 4.8396801203489286 5.6245595067739487 247.69644459430128 491.39657024107873 1331.7377489833161 6396.0802787132561 587.62803580053151 18.782141734845936 157.43438787013292 4.6114734113216391 929.90188723057508 3.7573542296886435 48.018136076629162
leaf_count=34845 24093 52 955 29 34 455 42 97 5296 788 358 42427 19139 285 23 6991 58 21 24 2358 6813 11725 40968 5744 172 886 25 5075 19 269
internal_value=-5.48552e-06 -0.00128919 0.00770159 0.0352496 0.0141001 0.00496169 0.0469116 -0.00962342 0.000267176 -1.26115e-06 0.00263429 9.03435e-05 0.000751901 -0.00131718 -0.0138027 0.00313277 0.000712415 -0.0134058 0.0318197 -0.000110575 -0.00224941 0.000655927 0.000181382 0.00570648 -0.00477315 0.00106883 0.00532899 0.00305699 0.00266637 0.0157049
internal_weight=36387.4 6374.75 281.645 25.4782 20.1894 256.167 12.235 83.1878 30012.6 26955.8 3056.85 26772.8 18212.6 8560.18 89.9754 2966.87 1697.21 182.961 10.4642 13211.1 3485.41 9725.65 8890.32 835.324 1350.52 7539.8 1143.72 938.271 933.659 205.453
internal_count=210066 36509 1664 157 128 1507 76 552 173557 160831 12726 159998 117286 42712 381 12345 7049 833 45 93193 25952 67241 59139 8102 11897 47242 6274 5119 5094 1155
is_linear=0
shrinkage=0.05


Tree=160
num_leaves=31
num_cat=0
split_feature=44 22 4 19 3 22 36 18 14 19 19 12 34 45 35 8 20 8 8 27 26 9 24 45 24 46 23 5 34 22
split_gain=5.01882 7.24698 10.3963 8.45411 11.0914 11.3286 9.29411 8.45014 8.34799 9.87905 12.046 12.0358 8.75873 9.4707 10.9992 8.65576 8.46161 13.8017 8.41843 8.14941 10.0399 8.10283 16.219 24.7705 17.8739 13.3403 10.2464 8.13156 8.10718 12.3681
threshold=5.7150000000000007 -1.8749999999999998 61.500000000000007 0.015000000000000001 46.500000000000007 -1.8149999999999997 6.535000000000001 2.5000000000000004 0.062933333333333383 -0.10499999999999997 -0.089999999999999969 0.31590000000000001 4.3750000000000009 0.28465000000000007 0.37375000000000008 0.61990000000000012 -4.2949999999999982 0.015050000000000003 0.47384999999999999 -0.044999999999999922 0.06000000000000006 4.3550000000000013 -0.093333333333333254 0.29145000000000004 -0.043333333333332551 6.8450000000000006 6.9350000000000014 1.0000000180025095e-35 5.9850000000000012 2.6650000000000014
decision_type=2 2 2 2 2 2 2 2 2 2 2 2 2 2 2 2 2 2 2 2 2 2 2 2 2 2 2 2 2 2
left_child=1 2 -1 8 5 19 -6 -8 9 11 12 -3 -11 -14 18 -10 17 -12 -15 -5 -21 22 23 -9 -24 -23 -25 28 29 -26
right_child=-2 3 -4 4 6 -7 7 21 15 10 16 -13 13 14 -16 -17 -18 -19 -20 20 -22 25 24 26 27 -27 -28 -29 -30 -31
leaf_value=-0.0047703893254808531 0.00059501751579103086 0.0068394398743837174 0.043007393210656948 0.089448165194894985 0.066536209003713931 0.0029213524024020937 -0.017163742781375845 0.16032892535021304 0.002023444921139476 0.081696500692940266 0.22748510452122669 -0.035660157084123255 0.052150068202432898 -0.040570549558697766 0.038281278627753268 -0.045009409109819133 -0.0015666333391964116 -0.015919086853101568 0.029875075305576211 -0.0011384794660221009 0.085750349551094923 0.0063058808333119956 -0.028340266268235732 -0.049901926996246126 -0.019194915675388335 -0.0067496231787584435 0.060381520977844855 0.010103344091574765 0.0022407021244180195 0.061996940663673519
leaf_weight=1200.8608584143221 17786.739626911469 26.32893749512732 11.494857627898453 5.7710874155163792 4.8969869613647452 3115.7797301169485 91.269826199859381 3.585932705551385 2214.0392931392416 5.5922180488705626 1.0558595173060887 45.35779785271734 12.751710869371889 15.040523985400798 12.690184615552424 9.825753213837741 10532.665810123086 1.298765894025564 5.9063492715358725 13.078326631337406 4.45785192772746 525.95528654009104 90.340400710701942 4.3538789786398393 127.37253188714385 311.58196429163218 4.0796285532414913 84.880003847181797 108.39575851708651 4.8698304444551459
leaf_count=11011 102686 604 85 40 30 19553 472 27 11291 27 23 951 59 78 57 42 55290 25 25 100 35 2952 678 35 858 1741 32 536 698 25
internal_value=-5.4402e-06 -0.00057978 -0.00431739 -0.000319109 0.00154642 0.00318114 -0.00222239 -0.00247058 -0.000970852 -0.00155223 -0.00142698 -0.020051 0.0225835 0.0154574 0.00154731 0.00181564 -0.00154545 0.0932281 -0.0207071 0.0379103 0.0209494 -0.00141081 -0.00700857 0.0502516 -0.00866354 0.00144895 0.00344664 -0.0032027 -0.00789612 -0.016205
internal_weight=36382.3 18595.6 1212.36 17383.2 4500.67 3139.09 1361.58 1356.69 12882.6 10658.7 10587 71.6867 51.981 46.3888 33.6371 2223.87 10535 2.35463 20.9469 23.3073 17.5362 1265.42 427.878 12.0194 415.859 837.537 8.43351 325.518 240.638 132.242
internal_count=210066 107380 11096 96284 27812 19728 8084 8054 68472 57139 55584 1555 246 219 160 11333 55338 48 103 175 135 7582 2889 94 2795 4693 67 2117 1581 883
is_linear=0
shrinkage=0.05


Tree=161
num_leaves=31
num_cat=0
split_feature=13 36 15 24 11 20 20 20 26 9 45 22 23 45 48 48 10 8 8 16 34 34 14 8 3 41 45 12 11 22
split_gain=5.04616 7.19473 7.46969 7.4236 7.27452 7.09833 9.93497 6.64731 6.36648 7.27094 8.02411 7.00179 7.18732 7.20068 7.59933 6.82391 6.32347 6.16474 5.90371 9.62935 9.20773 9.19691 10.5385 9.06813 16.5163 14.2294 9.25412 11.1972 10.3949 10.6422
threshold=2.3658333333333341 6.7950000000000008 -0.0016666666666666702 0.083333333333334383 0.43265000000000003 0.5800000000000004 2.1950000000000007 4.8450000000000015 -0.10000000000000007 7.6050000000000013 0.22844999999999996 1.6950000000000001 6.7950000000000008 0.31915000000000004 1.5000000000000002 1.5000000000000002 0.48494999999999999 0.53115000000000012 0.49840000000000007 2.5000000000000004 7.0850000000000009 3.5050000000000003 -0.12099999999999997 0.43095000000000006 29.500000000000004 2.5000000000000004 0.33185000000000003 0.26965000000000006 0.40685000000000004 0.4499999999999999
decision_type=2 2 2 2 2 2 2 2 2 2 2 2 2 2 2 2 2 2 2 2 2 2 2 2 2 2 2 2 2 2
left_child=18 2 -2 8 5 -4 16 -8 -3 10 -10 15 -13 -14 -15 -12 -7 -17 19 20 -1 22 -21 25 -25 -22 28 -28 -26 -30
right_child=1 3 4 -5 -6 6 7 -9 9 -11 11 12 13 14 -16 17 -18 -19 -20 21 23 -23 -24 24 26 -27 27 -29 29 -31
leaf_value=0.0012626688663007299 0.045086057128815651 -0.048248295878054397 0.059649267726736947 0.058394864994285728 0.049125184093857494 -0.081949608270260682 0.021907057781314087 -0.020946493734939623 -0.054669338914755616 0.037628851966545612 0.062624500605754835 -0.063866979468143237 -0.038802828839829211 0.035660403752671231 -0.022593267560411315 0.041274097962106099 -0.011816922912305886 -0.02883986982491718 -0.0018521243880452523 0.02800710158536425 0.031759268265279687 -0.00021693125558131977 -0.010717211023259052 -0.033423528495489289 -0.014882130844755342 0.0043663117354902125 0.059263492845594457 0.010753272386357513 0.084559441044784328 2.1496352601012541e-05
leaf_weight=7950.2255658134818 19.803880587220192 7.8531916290521613 5.3453818857669821 4.825526311993598 10.566376626491545 5.097786381840705 34.236288189888 12.300472497940062 7.821461394429206 10.525404959917067 7.1166956275701549 5.9055639952421179 10.290358513593672 13.496023237705232 9.567132428288458 5.5299384146928769 8.6980047523975355 7.2390647828578949 4028.4573348844424 18.603293846361339 87.457763716578484 23473.988927601837 316.05552446469665 28.615175664424896 62.846885979175568 103.52532345801592 13.593707278370855 95.221247479319572 5.7630110383033779 10.515835389494894
leaf_count=35709 82 32 22 20 44 21 140 50 32 43 29 24 42 55 39 23 36 30 18813 125 387 150743 2092 128 283 464 60 428 26 44
internal_value=-5.45292e-06 0.0082042 0.0177267 -0.00193909 0.0106204 0.00442565 -0.000467089 0.0105801 -0.00535046 -0.00100309 -0.00707505 -0.000781061 -0.0130249 -0.00402279 0.0114954 0.0233911 -0.0377322 0.00152475 -4.76906e-05 0.000178293 0.00163842 -0.000334267 -0.00856457 0.00896846 0.00196429 0.0169105 0.00735231 0.0168134 -0.00565875 0.0299495
internal_weight=36381.1 186.219 96.0482 90.1704 76.2443 65.6779 60.3326 46.5368 85.3448 77.4916 66.9662 59.1448 39.2591 33.3535 23.0632 19.8857 13.7958 12.769 36194.9 32166.4 8357.76 23808.6 334.659 407.539 216.556 190.983 187.941 108.815 79.1257 16.2788
internal_count=210066 764 395 369 313 269 247 190 349 317 274 242 160 136 94 82 57 53 209302 190489 37529 152960 2217 1820 969 851 841 488 353 70
is_linear=0
shrinkage=0.05


Tree=162
num_leaves=31
num_cat=0
split_feature=14 8 13 13 2 7 24 21 46 36 44 35 4 22 26 20 35 46 10 12 46 24 36 3 15 22 33 11 22 17
split_gain=4.88438 6.76197 14.5222 11.3753 9.56771 10.0125 10.3321 10.4952 13.0521 17.0264 12.879 9.07112 10.6057 9.8013 9.73512 10.7866 8.96122 8.52654 11.3646 8.43055 13.4734 15.7745 9.90883 9.53881 8.45075 9.05503 13.7658 8.19445 12.7272 10.5687
threshold=-0.088458333333333347 0.21610000000000004 -0.155 -0.92499999999999949 1.5000000000000002 4.3150000000000004 0.0066666666666663774 -0.019999999999999993 6.9050000000000011 6.9750000000000005 5.9650000000000007 0.31935000000000008 59.500000000000007 -2.444999999999999 -0.084999999999999951 -0.33000000000000024 0.29425000000000007 6.7350000000000012 0.35690000000000005 0.33985000000000004 6.6650000000000009 -0.061666666666666974 6.6450000000000005 52.500000000000007 0.013333333333333324 -1.3399999999999994 0.17500000000000002 0.37445000000000001 -0.99999999999999967 4.5000000000000009
decision_type=2 2 2 2 2 2 2 2 2 2 2 2 2 2 2 2 2 2 2 2 2 2 2 2 2 2 2 2 2 2
left_child=-1 2 4 19 5 6 7 8 -2 10 -10 14 13 -13 15 -4 -17 18 -16 20 21 22 -3 -21 -22 26 -26 28 -27 -30
right_child=1 3 11 -5 -6 -7 -8 -9 9 -11 -12 12 -14 -15 17 16 -18 -19 -20 23 24 -23 -24 -25 25 27 -28 -29 29 -31
leaf_value=-0.0016846335042240081 0.00063981843808084103 0.18298217840662712 0.085663046561625378 6.3189917533301704e-05 0.0016615421302694025 -0.054375130020621498 0.0026275441268381544 -0.011862541460788315 0.05631026961685956 -0.056104980924855045 0.20054314301683759 0.083389837734961947 -0.036809514509791037 0.013448556981752608 0.0093590258668539567 -0.014092778740963943 0.063081996863083897 -0.0051319728122455003 0.092035671920727494 0.002361366854822806 -0.013342041481813165 0.0059883550760293563 0.044084051954968076 -0.016900594674445001 -0.034317049729886716 0.15359386509763173 0.079234631056785687 -0.011104370178454476 0.067599030428227735 -0.022806165823028642
leaf_weight=3869.0390122588724 46.538726315833628 2.06404248997569 6.8662489801645306 25289.135096803308 4570.9290139451623 9.8463146537542325 358.73953764233738 375.48090068623424 4.6959786266088468 2.181995315477252 2.3086086772382259 5.0715206116437903 10.402575984597204 406.74032542854548 71.658446677029133 11.382870279252531 5.6178832650184622 232.31357282400131 4.4124519973993293 437.44024582952261 492.88408679980785 40.017480332404375 3.3976409323513508 75.344059869647026 16.274502076208595 2.5362272262573269 3.1926313936710349 8.0093743316829187 8.0968222282826918 5.3813516329973927
leaf_count=23584 809 17 31 127376 33104 66 5657 7186 77 50 36 24 54 2004 356 54 26 1146 21 3330 3811 304 32 580 113 18 23 64 67 46
internal_value=-5.22899e-06 0.000194645 0.00169127 -0.000152809 0.000778779 -0.00426634 -0.00364176 -0.00885747 0.0113909 0.0658555 0.103847 0.00818692 0.0130504 0.0143099 0.00200656 0.0327714 0.0114096 -0.000374437 0.0141546 -0.00514296 -0.00926226 0.0168671 0.0965755 -0.000468818 -0.0114778 0.00965014 -0.0156944 0.0301876 0.0508391 0.0315035
internal_weight=36378 32509 6125.19 26383.8 5370.72 799.792 789.946 431.206 55.7253 9.18658 7.00459 754.466 422.214 411.812 332.251 23.867 17.0008 308.384 76.0709 1094.64 581.854 45.4792 5.46168 512.784 536.375 43.4909 19.4671 24.0238 16.0144 13.4782
internal_count=210066 186482 50701 135781 46985 13881 13815 8158 972 163 113 3716 2082 2028 1634 111 80 1523 377 8405 4495 353 49 3910 4142 331 136 195 131 113
is_linear=0
shrinkage=0.05


Tree=163
num_leaves=31
num_cat=0
split_feature=44 21 14 35 3 8 11 19 11 21 22 13 14 3 14 12 9 9 0 34 34 9 27 33 4 23 13 12 34 12
split_gain=4.93122 8.18694 13.4043 8.78607 8.75555 8.64841 11.1496 7.66933 6.35535 6.22746 5.92969 5.89435 8.88027 8.3226 8.10889 7.29489 7.11932 7.74094 6.78781 6.23268 8.38785 10.9811 6.92012 6.52442 6.41306 6.02892 5.87025 9.17078 8.13447 6.59654
threshold=3.2850000000000006 -0.014999999999999998 0.18750000000000006 0.47095000000000004 57.500000000000007 0.015050000000000003 0.39960000000000007 0.025000000000000012 0.25645000000000007 -0.094999999999999973 3.2350000000000008 1.3716666666666666 -0.050883333333333246 31.500000000000004 -0.045166666666666654 0.29735000000000006 4.7950000000000008 6.245000000000001 18.500000000000004 6.455000000000001 5.7250000000000005 3.3650000000000007 0.010000000000000233 0.14500000000000005 51.500000000000007 6.7950000000000008 1.6616666666666677 0.36345 5.1850000000000014 0.31415000000000004
decision_type=2 2 2 2 2 2 2 2 2 2 2 2 2 2 2 2 2 2 2 2 2 2 2 2 2 2 2 2 2 2
left_child=1 2 3 4 9 6 8 26 -3 -1 11 12 15 -13 -14 -11 19 -18 -15 20 21 24 25 -22 -16 -23 -7 29 -29 -28
right_child=-2 5 -4 -5 -6 7 -8 -9 -10 10 -12 13 14 18 16 -17 17 -19 -20 -21 23 22 -24 -25 -26 -27 27 28 -30 -31
leaf_value=-0.04354110743581216 7.1642527524689515e-05 0.11843844874380186 0.081971820156759453 -0.042148274846114192 -0.056308472634938614 -0.014903357120408684 0.18311173582689402 0.0034336620781634563 -0.014844303109843613 -0.053483796732223511 -0.013478976439829255 -0.016805856684903784 0.10281022949393044 0.06167451912893588 0.034294744596236416 0.0019208765050705478 -0.017574363759642053 0.041315375609594598 0.00024771578771538995 0.063057578306278866 0.034724443082808358 0.042399914212419669 0.021520149580788191 -0.041502746586667534 -0.049235661285499895 0.12628658797920761 0.013853678282507973 -0.0046654364520835072 0.081698155676509024 -0.041069301543303689
leaf_weight=5.9650741163641205 35751.883306653239 1.170205870643257 5.3819433487951747 10.657909855246542 5.7083296328783026 297.67124406993389 1.2599879931658504 95.038887868635356 3.7948172762989998 9.4798581860959548 25.928326532244682 6.7870128750801113 2.5506398081779471 17.627005577087406 4.3183770403265971 15.915291287004946 26.638903930783272 7.0589530020952216 6.0377918779849997 8.7178944423794729 4.1576571837067595 3.8975825458765012 6.9572057202458373 8.6418284028768522 4.9109550267457962 4.7548358961939812 11.888198316097261 4.8063407093286497 6.3007969409227371 10.121564224362372
leaf_count=45 206604 36 25 52 28 1657 30 569 100 52 110 28 12 73 26 86 124 31 25 44 21 19 36 45 27 24 49 20 26 42
internal_value=-5.27638e-06 -0.00441129 0.00417686 0.00193442 0.0046031 -0.00822965 0.0502786 -0.00908496 0.0165691 0.00664427 0.00846541 0.012575 0.00709686 0.0320037 0.0150464 -0.0187614 0.0122502 -0.00523827 0.0460022 0.024963 0.0161395 0.0330832 0.0586465 -0.0167419 -0.010152 0.0884989 -0.0126817 0.00728781 0.0443264 -0.0114036
internal_weight=36376 624.145 192.093 186.711 176.054 432.052 6.22501 425.827 4.96502 170.345 164.38 138.452 108 30.4518 82.6048 25.3951 80.0542 33.6979 23.6648 46.3563 37.6384 24.839 15.6096 12.7995 9.22933 8.65242 330.788 33.1169 11.1071 22.0098
internal_count=210066 3462 933 908 856 2529 166 2363 136 828 783 673 547 126 409 138 397 155 98 242 198 132 79 66 53 43 1794 137 46 91
is_linear=0
shrinkage=0.05


Tree=164
num_leaves=31
num_cat=0
split_feature=34 21 23 24 26 21 22 24 14 8 9 22 12 13 35 12 45 24 46 9 13 23 34 28 11 43 7 10 9 20
split_gain=4.88469 7.82397 8.29488 7.61588 8.4412 11.1472 9.05265 8.36692 8.3086 10.1706 12.0164 9.06117 11.0145 8.57595 10.5712 9.65854 12.3607 9.21886 9.69524 9.86168 8.99563 8.1734 7.93657 9.67453 8.20788 7.84766 11.6329 8.74996 16.0004 7.63321
threshold=4.2250000000000005 -0.094999999999999973 6.6850000000000014 0.11833333333333453 -0.015000000000000123 0.025000000000000012 -3.294999999999999 0.01166666666666716 -0.0046166666666666292 0.37870000000000009 6.5250000000000012 0.96000000000000074 0.21889999999999996 1.2800000000000007 0.38145000000000007 0.39005000000000006 0.46445000000000008 0.0083333333333333055 6.8250000000000011 4.1750000000000007 -0.084999999999999729 6.9250000000000007 3.5050000000000003 2.5000000000000004 0.36085000000000006 0.16500000000000004 5.9350000000000014 0.36825000000000002 5.035000000000001 -1.6699999999999995
decision_type=2 2 2 2 2 2 2 2 2 2 2 2 2 2 2 2 2 2 2 2 2 2 2 2 2 2 2 2 2 2
left_child=1 2 -1 4 5 21 -6 -7 11 13 -11 12 25 15 -15 22 17 -17 19 -19 -21 -3 23 -10 29 26 -8 28 -27 -25
right_child=-2 3 -4 -5 6 7 8 -9 9 10 -12 -13 -14 14 -16 16 -18 18 -20 20 -22 -23 -24 24 -26 27 -28 -29 -30 -31
leaf_value=0.046673072843092106 0.00015821352145436131 -0.0065853458389142144 -0.049967551619365343 0.026758162041843354 -0.041326590876767322 -0.0099687292669516613 -0.0207457661677115 0.015072911022820618 0.016376379786207495 -0.01214722063004945 0.012575792726318489 0.004150416549753933 -0.0086615136946555649 0.052901823515611207 -0.028420654215773201 -0.0201192798446517 0.057069888711752961 0.088894157846192368 -0.021708599644889873 -0.047599743579903979 0.045079908430934346 -0.022803844024438722 0.012516074651631036 0.067290537831771829 -0.02877662108979941 0.036555209070620494 0.077440563894024261 -0.0081848571215552644 0.17334902851347925 -0.0045948422744043578
leaf_weight=2.6123397294431951 33696.557867907919 666.80432814825326 14.79913279507309 23.075756687670946 13.183463517576454 50.661172091029584 16.657381653785709 97.654349680058658 41.639482706785202 170.56905260682106 69.042872056365013 281.06192272901535 538.98266482446343 19.388586744666103 5.0336667299270621 79.12138300947845 7.0436854194849721 5.96773622743786 11.912650672718881 4.2799591720104244 6.7433348745107606 87.925430055707693 372.14214514475316 4.3263741079717901 40.224178499542177 10.470653297379615 3.6837963461875907 6.0462797582149497 2.6860233396291724 25.220522010698915
leaf_count=20 194768 3653 172 117 206 321 115 568 209 759 292 1312 3429 81 21 491 39 35 58 22 30 509 2231 50 265 84 16 30 15 148
internal_value=-5.1573e-06 -0.00206007 -0.035468 -0.00184152 -0.00209165 -0.00601218 -5.15709e-05 0.00651926 0.000264382 0.00373106 -0.00502342 -0.00321466 -0.00679279 0.00709788 0.0361405 0.00591301 -0.00710644 -0.011291 0.0128757 0.0371232 0.00909564 -0.00847479 0.00901119 -0.00269608 -0.0140786 0.0186777 -0.00296418 0.0416024 0.0644826 0.0059309
internal_weight=36375.5 2678.96 17.4115 2661.55 2638.47 903.045 1735.43 148.316 1722.24 862.656 239.612 859.589 578.527 623.044 24.4223 598.621 115.069 108.025 28.9037 16.991 11.0233 754.73 483.553 111.411 69.7711 39.5441 20.3412 19.203 13.1567 29.5469
internal_count=210066 15298 192 15106 14989 5051 9938 889 9732 4731 1051 5001 3689 3680 102 3578 675 636 145 87 52 4162 2903 672 463 260 131 129 99 198
is_linear=0
shrinkage=0.05


Tree=165
num_leaves=31
num_cat=0
split_feature=40 1 40 3 28 41 44 43 20 13 0 24 40 34 19 3 47 46 45 26 21 20 11 11 35 4 23 36 20 9
split_gain=4.85671 14.8571 13.5287 11.0895 11.591 13.9338 12.8529 12.633 12.1197 11.3726 11.1689 12.4344 14.2084 10.5424 10.3686 10.3443 10.2805 12.8759 12.546 12.9614 11.2848 10.2449 10.1944 10.2896 10.7757 9.81628 9.51606 9.54657 9.41005 9.39819
threshold=1.0000000180025095e-35 2.5000000000000004 1.5000000000000002 57.500000000000007 3.5000000000000004 3.5000000000000004 5.1450000000000005 0.115 -0.55500000000000005 -2.5958333333333323 4.5000000000000009 -0.051666666666666299 3.5000000000000004 6.7250000000000005 -0.16499999999999995 27.500000000000004 1.5000000000000002 7.0050000000000008 0.54640000000000011 0.13000000000000037 0.025000000000000012 0.15499999999999983 0.41390000000000005 0.31830000000000008 0.14335000000000003 48.500000000000007 6.7750000000000012 6.8350000000000009 -1.2899999999999991 4.8650000000000011
decision_type=2 2 2 2 2 2 2 2 2 2 2 2 2 2 2 2 2 2 2 2 2 2 2 2 2 2 2 2 2 2
left_child=1 15 14 4 5 9 -7 -8 -9 -4 11 13 -13 29 26 -1 17 -16 -18 20 -20 -14 23 -11 -25 28 -2 -28 -6 -5
right_child=2 -3 3 10 25 6 7 8 -10 22 -12 12 21 -15 16 -17 18 -19 19 -21 -22 -23 -24 24 -26 -27 27 -29 -30 -31
leaf_value=-0.0049803224863098818 -0.0055235970318623338 -0.0045461691831695534 0.0903824151139557 -0.017518378620852315 -0.012275596310441403 -0.0070623322163429966 -0.03871227334592281 -0.0048644517647159404 0.0052073118130874976 0.0025469940135329845 -0.010116275046768593 -0.016524763863589313 0.0036409242131840575 0.11336996897222701 0.0063830587683265348 0.0011891745475755048 0.00070664966577797198 -0.014866912066266927 0.020942864288318236 0.096375807103056696 -0.021140790190890747 0.073624941119981871 -0.0031928127655090864 -0.035405997103818691 0.010848027867499457 -0.00032185715677981991 0.16336173130642395 0.037904428614111682 -0.0026086443707698404 0.044355524359420945
leaf_weight=795.53374622017145 4.2799451500177366 2242.6244640685618 3.8998210057616225 9.2506912797689491 302.82394350040704 575.05929601565003 19.036227516829967 420.72650891169906 1029.7625099644065 868.84008590877056 504.19738019630313 55.98899994790554 13.42216442525387 3.7057604752480975 1634.8097924403846 4655.2481847181916 5657.5394801683724 74.53529554232955 93.064058013260365 4.9545204043388358 19.219496570527554 8.5672792792320234 326.77564018219709 12.77423946559429 881.46126863732934 14639.916226202622 2.6439120080322027 3.5554684083908796 1492.3168481308967 18.234503753483295
leaf_count=4462 57 13373 35 74 4068 2863 95 2450 4757 4019 3277 304 119 28 8305 23208 27808 370 443 24 104 52 1444 56 3948 95233 35 49 8886 120
internal_value=-5.09891e-06 -0.00112063 0.000294128 -0.000351735 -0.00015422 0.00221089 -0.000725089 0.00175482 0.00228591 0.00507792 -0.00697675 0.00752313 -0.00314921 0.0342043 0.00211994 0.000288745 0.00205035 0.00545646 0.00104214 0.0172317 0.0137394 0.0309073 0.00491874 0.00642216 0.0101873 -0.000749753 0.0518203 0.0914095 -0.00423937 0.0235306
internal_weight=36374.8 7693.41 28681.4 21186.8 20573.4 4138.34 2044.58 1469.53 1450.49 2093.75 613.367 109.169 77.9784 31.191 7494.6 5450.78 7484.12 1709.35 5774.78 117.238 112.284 21.9894 2089.85 1763.08 894.236 16435.1 10.4793 6.19938 1795.14 27.4852
internal_count=210066 41043 169023 131828 127854 19667 10165 7302 7207 9502 3974 697 475 222 37195 27670 37054 8675 28379 571 547 171 9467 8023 4004 108187 141 84 12954 194
is_linear=0
shrinkage=0.05


Tree=166
num_leaves=31
num_cat=0
split_feature=4 13 34 44 12 8 20 44 46 25 45 43 25 17 46 27 45 22 12 34 3 8 20 1 34 9 15 27 7 3
split_gain=4.7937 14.8591 9.06589 8.33713 9.67319 9.25301 12.684 12.4351 14.9418 9.83913 9.71264 8.14187 13.1297 10.4504 11.0211 10.2993 10.4592 11.1494 11.3107 10.3222 10.9453 12.4823 12.0507 9.8369 12.791 9.65667 10.6355 13.7127 9.21336 14.7539
threshold=54.500000000000007 -1.6233333333333331 4.8450000000000006 5.8850000000000007 0.53870000000000007 0.12555000000000002 -2.0449999999999986 6.0450000000000008 6.7250000000000005 4.5000000000000009 0.35725000000000001 0.17500000000000002 5.5000000000000009 3.5000000000000004 6.8250000000000011 0.12500000000000003 0.34725 -0.29999999999999954 0.44414999999999999 5.9150000000000009 32.500000000000007 0.20795000000000002 -0.92000000000000015 2.5000000000000004 7.1150000000000011 6.0050000000000008 0.02916666666666665 0.010000000000000233 4.1750000000000007 50.500000000000007
decision_type=2 2 2 2 2 2 2 2 2 2 2 2 2 2 2 2 2 2 2 2 2 2 2 2 2 2 2 2 2 2
left_child=2 3 -1 4 -2 6 -5 -8 10 -10 -9 28 13 14 -13 16 17 -15 19 20 21 -19 -22 24 -21 -25 27 -27 29 -3
right_child=1 11 -4 5 -6 -7 7 8 9 -11 -12 12 -14 15 -16 -17 -18 18 -20 23 22 -23 -24 25 -26 26 -28 -29 -30 -31
leaf_value=-0.0016536488720091417 -0.022592434249942277 0.0085619159316787478 0.00072594711776196447 -0.0055152910982075171 0.10236563597201134 -0.016819825558682083 0.13849138867823393 0.051285231385429869 -0.03371942558923624 0.046152750068952364 0.21571129820130605 -0.00014031145681998823 -0.011675723556576765 -0.0055890668679541575 -0.011541953367010305 0.046608708705908213 -0.0037208649328881955 0.068580256825518729 0.055020340308703702 0.010233591653272436 -0.019613999460597942 -0.028201854443459642 0.032317529431885698 -0.021442783000899704 0.10418323937973586 0.0094211750823669973 -0.051248729078915568 0.106090933596503 -0.0005816117461443967 -0.0055866226316315269
leaf_weight=4845.26121154055 136.10388781223446 690.46355324238539 23015.357601949014 47.206596791744232 1.5665749199688423 68.348207775503397 2.8186928899958756 2.3127467557787926 8.1103094443678838 7.3499764669686547 1.4683271460235117 475.35190500319004 389.3529758900404 104.9256430901587 382.49508402496576 13.204761624336241 381.13722730055451 4.0394310504198101 15.595790036022661 21.071345984935764 12.564622741192577 19.010278180241585 100.7126492485404 53.678388711065054 4.3750983625650397 16.512926891446121 4.8383270055055609 4.7161497920751563 5286.8083396852016 251.32554768398404
leaf_count=27723 2519 4903 131649 953 16 698 36 32 87 90 19 2521 2465 641 2004 78 2109 26 82 97 90 94 496 324 20 77 22 23 28377 1795
internal_value=-5.10257e-06 -0.00104392 0.00031211 -0.0124709 -0.0211705 -0.00376781 0.00911113 0.0404104 0.0260424 0.00425262 0.115138 -0.000661803 -0.00343427 -0.00144643 -0.00522405 0.00283795 0.00206023 0.00814626 0.0137515 0.0110866 0.0201665 -0.0112409 0.0265573 -0.00068078 0.0263867 -0.00931786 0.01565 0.0308969 0.000230029 0.00478624
internal_weight=36368.1 8507.47 27860.6 275.285 137.67 137.615 69.2666 22.0601 19.2414 15.4603 3.78107 8232.18 2003.58 1614.23 857.847 756.383 743.178 362.041 257.115 241.519 136.327 23.0497 113.277 105.192 25.4464 79.7458 26.0674 21.2291 6228.6 941.789
internal_count=210066 50694 159372 4450 2535 1915 1217 264 228 177 51 46244 11169 8704 4525 4179 4101 1992 1351 1269 706 120 586 563 117 446 122 100 35075 6698
is_linear=0
shrinkage=0.05


Tree=167
num_leaves=31
num_cat=0
split_feature=8 13 12 2 34 46 13 21 46 22 42 34 6 27 11 20 43 7 26 27 14 44 13 8 12 9 35 3 22 28
split_gain=4.78498 12.261 10.1695 8.93556 12.2303 10.2202 10.1676 9.73824 12.2081 9.37908 16.7215 9.16181 9.10675 10.322 9.40421 13.5116 8.8408 8.65822 8.35667 9.02735 9.8234 8.25733 8.48354 13.1467 10.1295 10.9611 10.2047 12.1321 9.38018 9.02779
threshold=0.44690000000000002 1.6616666666666677 0.31195000000000006 3.5000000000000004 6.8650000000000011 6.8750000000000009 1.123333333333334 0.045000000000000005 6.9150000000000009 -0.12999999999999964 2.5000000000000004 4.5150000000000006 0.16500000000000004 0.069999999999999854 0.23104999999999992 1.2849999999999999 0.16500000000000004 7.4050000000000011 -0.060000000000000046 -0.10499999999999997 -0.12441666666666676 6.8850000000000007 -0.32833333333333375 0.29595000000000005 0.42625000000000002 5.5050000000000008 0.62605000000000011 46.500000000000007 2.8150000000000008 2.5000000000000004
decision_type=2 2 2 2 2 2 2 2 2 2 2 2 2 2 2 2 2 2 2 2 2 2 2 2 2 2 2 2 2 2
left_child=1 21 -3 4 -2 -6 7 9 -9 10 -5 17 18 14 15 16 -14 -8 19 -13 -21 22 28 29 25 -25 -27 -28 -1 -24
right_child=3 2 -4 6 5 -7 11 8 -10 -11 -12 12 13 -15 -16 -17 -18 -19 -20 20 -22 -23 23 24 -26 26 27 -29 -30 -31
leaf_value=-0.0010999117274326353 -0.005524819012153355 0.023237217417875215 0.0029789920800065111 -0.043278738444308212 0.0093934418644876973 -0.0096851865845324313 -0.0062123732519021452 0.032223756437221515 -0.051761133200685566 -0.00074997230223903416 -0.005516391272193613 0.029479393220144225 -0.056081209011195732 0.044595440884820564 0.0059734710418827301 0.067381536986884955 0.037960147314853802 0.025985890427504151 0.0010049405565029027 -0.036066971869901925 0.0087171542251975407 0.0030214468459726614 0.006382813148142881 -0.0024801914706109821 0.0045174230212733707 0.00069379542800581328 0.010593772483846166 0.083621106998912231 -0.028963369549865711 0.0014949018842906909
leaf_weight=10063.851252766326 1795.3666337551549 104.02905279397964 153.1515381783247 30.67964768409729 272.96005761623383 94.495665350928903 370.33004143834114 36.84030519425869 4.9028283208608618 3101.0056548640132 659.29791978746653 50.906935676932335 4.7977508455514926 23.321823179721832 198.72058847546577 15.540553227066992 5.2163816392421722 22.126163750886917 1355.3670606315136 12.948226436972616 225.41369245946407 2381.1531598614529 1343.2477490529418 4745.6584952138364 1005.0958647504449 5048.1688518151641 20.666843377053741 7.8466151356697074 30.296095862984657 3183.4995982572436
leaf_count=79613 8365 425 627 141 1333 468 1544 183 25 15277 3403 207 20 98 824 65 22 91 5630 54 926 14672 6225 23638 4864 24059 98 38 193 16938
internal_value=-5.14837e-06 0.000306259 0.0111734 -0.00106144 -0.00382382 0.00448714 -8.48015e-05 -0.00165862 0.0223595 -0.00192309 -0.00719548 0.00255539 0.00399736 0.0129371 0.00964506 0.0381964 -0.00709488 -0.00439708 0.00265149 0.0103664 0.0062844 0.000205832 -5.76197e-05 0.000682583 -0.000263425 -0.000752638 0.000862272 0.0306902 -0.00118354 0.00294532
internal_weight=36366.9 28086.7 257.181 8280.24 2162.82 367.456 6117.42 3832.73 41.7431 3790.98 689.978 2284.69 1892.23 247.597 224.275 25.5547 10.0141 392.456 1644.64 289.269 238.362 27829.5 25448.3 15354.2 10827.4 9822.34 5076.68 28.5135 10094.1 4526.75
internal_count=210066 171390 1052 38676 10166 1801 28510 19029 208 18821 3544 9481 7846 1029 931 107 42 1635 6817 1187 980 170338 155666 75860 52697 47833 24195 136 79806 23163
is_linear=0
shrinkage=0.05


Tree=168
num_leaves=31
num_cat=0
split_feature=27 24 48 36 45 34 17 9 44 44 7 9 17 20 35 9 12 28 4 7 8 7 6 19 13 34 20 14 11 21
split_gain=4.65814 8.5744 14.9279 14.0832 12.2441 11.8602 8.32446 14.0739 11.4741 7.04917 12.0717 8.70455 8.43095 8.24465 9.77772 8.29484 11.8783 8.0555 7.74883 7.40858 8.63886 13.5719 15.6625 10.6488 10.4637 9.78823 12.9795 10.2891 9.46987 9.24495
threshold=0.06000000000000006 -0.13166666666666635 1.5000000000000002 6.8050000000000006 0.34255000000000002 7.1450000000000005 3.5000000000000004 4.995000000000001 5.5550000000000006 4.1850000000000014 1.0000000180025095e-35 6.5750000000000011 5.5000000000000009 3.0750000000000006 0.35815000000000002 6.7350000000000012 0.25355000000000005 3.5000000000000004 55.500000000000007 1.6150000000000004 0.12555000000000002 4.1350000000000007 0.17500000000000002 -0.0099999999999999863 -1.3491666666666664 5.205000000000001 -0.34500000000000014 -0.055349999999999976 0.6120000000000001 0.18500000000000003
decision_type=2 2 2 2 2 2 2 2 2 2 2 2 2 2 2 2 2 2 2 2 2 2 2 2 2 2 2 2 2 2
left_child=1 2 3 -1 5 6 7 -4 -9 10 -3 -12 13 15 17 16 -13 -15 -14 -11 21 25 23 -23 -22 26 29 -28 -27 -21
right_child=-2 9 4 -5 -6 -7 -8 8 -10 19 11 12 18 14 -16 -17 -18 -19 -20 20 24 22 -24 -25 -26 28 27 -29 -30 -31
leaf_value=0.13394295164296399 -0.0014144676531717374 0.089691941196607922 -0.014677188289937727 0.01232369174815106 -0.019270280254551617 0.1324822078766259 -0.014800126567144615 0.13123739922454611 0.018857128869903858 -0.012195388916140996 -0.0029635233026923981 0.081002595806188821 -0.017648061818486632 0.056043753161586343 0.060877257167681234 0.00017696816276769977 0.013191188706144689 -0.0057730775085265617 0.04592353499674659 -0.0075735816050708704 -0.0054196683231857671 0.026364826890850276 -0.0056900806059084763 0.15275605499847042 0.00048233886426442209 0.0070657129769798798 -0.019909565558029002 0.025803736130920532 0.079905291602246825 0.0842756340814977
leaf_weight=5.0306342169642431 5048.2981312936172 3.5843108231201759 6.2812850866466823 4.5181759316474199 22.519316455349326 2.5717887319624415 10.363504592329262 5.2184816226363164 4.0218096114695072 115.49998613726348 2936.5091619137675 7.5842010974884024 51.160983480513096 7.2670044749975231 15.8506992906332 163.4794110506773 43.484533540904522 19.178660035133362 5.289015181362628 310.24378404952586 773.34210042841733 2.6648351922631264 5.7266778871417046 4.448338430374859 25961.490157164633 743.94710588827729 15.508498156443236 59.670985195785761 4.4891282413154832 2.7640502713620654
leaf_count=35 29827 73 62 33 174 22 82 32 26 5267 17120 33 230 30 65 713 192 79 25 3406 6867 16 37 36 136931 8065 122 409 35 22
internal_value=-5.02581e-06 0.0002222 0.0190234 0.0763968 0.00827621 0.0300751 0.0199005 0.0430696 0.0823242 0.00018579 -0.00201714 -0.00211829 0.00580406 0.00964934 0.0298252 0.00567184 0.0232618 0.0112136 -0.0116918 0.000441756 0.0004941 0.00473843 0.055856 0.105406 0.000311615 0.00416099 -0.00228175 0.0163737 0.00750261 -0.0067625
internal_weight=36362 31313.7 60.525 9.54881 50.9762 28.4569 25.8851 15.5216 9.24029 31253.2 3253.39 3249.8 313.295 256.845 42.2964 214.548 51.0687 26.4457 56.45 27999.8 27884.3 1149.46 12.8399 7.11317 26734.8 1136.62 388.187 75.1795 748.436 313.008
internal_count=210066 180239 466 68 398 224 202 120 58 179773 18560 18487 1367 1112 174 938 225 109 255 161213 155946 12148 89 52 143798 12059 3959 531 8100 3428
is_linear=0
shrinkage=0.05


Tree=169
num_leaves=31
num_cat=0
split_feature=8 10 48 33 10 24 24 24 22 9 35 15 27 44 2 36 15 13 21 11 44 3 28 12 13 16 26 24 12 7
split_gain=4.76592 11.4396 12.1623 10.6918 10.7825 10.6986 10.5057 10.1429 11.3792 12.2773 11.7811 11.1485 10.6395 10.2051 9.81341 9.76704 12.0713 11.9285 10.856 9.73869 13.7613 10.6199 17.4101 10.0532 9.62613 9.50762 13.2632 11.806 13.8595 9.63524
threshold=0.26505000000000006 0.16100000000000003 4.5000000000000009 0.20500000000000004 0.44885000000000003 -0.079999999999998725 -0.021666666666666053 -0.018333333333333975 2.305000000000001 3.8450000000000002 0.22625000000000003 0.011666666666666646 0.1000000000000001 4.4150000000000009 2.5000000000000004 6.8750000000000009 0.03333333333333334 -0.56333333333333313 0.12500000000000003 0.36224999999999996 3.7850000000000006 52.500000000000007 5.5000000000000009 0.36715000000000003 -0.73666666666666603 3.5000000000000004 0.2349999999999999 -0.05000000000000026 1.0000000180025095e-35 4.0950000000000006
decision_type=2 2 2 2 2 2 2 2 2 2 2 2 2 2 2 2 2 2 2 2 2 2 2 2 2 2 2 2 2 2
left_child=1 7 3 -3 5 -5 -7 8 9 -1 11 13 -9 -11 15 16 18 24 25 -12 -21 -22 23 -23 -17 27 29 28 -2 -27
right_child=14 2 -4 4 -6 6 -8 12 -10 10 19 -13 -14 -15 -16 17 -18 -19 -20 20 21 22 -24 -25 -26 26 -28 -29 -30 -31
leaf_value=-0.0053831373270060582 0.038075354889001406 0.0022827233561117681 -0.011293906815114581 -0.049116298930683977 0.094366592477469494 0.039744119287475191 0.0075822522651338882 0.00040910625879447523 -0.024797741197807747 0.089454425396603421 -0.0040569219050533793 0.11059990833530653 0.035575729215202016 0.0091575248603831105 0.00028045498653646414 -0.0066940762850319193 -0.014137443726802701 -0.003324767414574633 -0.015678979505211715 0.13319204411763361 0.002158137494656277 0.045540838752381491 0.13447572193924559 -0.062269931709392934 -0.025484199881700049 0.036042739705518807 0.089681574190383445 0.0033088489127483592 -0.0086829084637019324 -0.0023876128472159067
leaf_weight=1273.9712031534873 16.627511955797672 6103.6033230070025 161.95517349243164 6.3533861786127082 4.3286577537655822 36.667289573699236 82.565851598978043 3030.9056759504601 64.743883453309536 4.8243373036384645 155.88529643416405 4.2674051225185385 21.661608539521694 22.007786188274622 17413.158461686224 163.77550316601992 166.71198486723006 1577.9959536753595 115.39115907996893 2.5427473187446585 44.938162546604872 8.1010772697627527 4.3888308070600024 2.9496257975697509 116.74960167706013 16.39660473447293 3.9339211210608473 2306.9382024556398 337.98238296806812 3087.8098704814911
leaf_count=13668 88 38457 1344 42 25 235 458 26140 376 32 1159 29 170 158 84029 1192 860 8158 561 18 321 51 40 21 778 145 26 11084 1793 18608
internal_value=-5.03699e-06 0.000862071 0.00223338 0.00258483 0.0167784 0.0141041 0.0174729 -0.00102756 -0.00426767 -0.00339542 0.00673759 0.0355333 0.000658655 0.0235947 -0.000382946 -0.00184331 -0.000869672 -0.0050137 -0.000493824 0.00264477 0.0192482 0.0144496 0.0502248 0.0167643 -0.0145142 -0.000190128 -0.00206835 0.00200325 -0.00649043 -0.00218462
internal_weight=36360.1 11036.7 6395.47 6233.52 129.915 125.587 119.233 4641.19 1588.62 1523.88 249.905 31.0995 3052.57 26.8321 25323.5 7910.31 6051.79 1858.52 5885.08 218.806 62.9204 60.3777 15.4395 11.0507 280.525 5769.69 3108.14 2661.55 354.61 3104.21
internal_count=210066 82744 40561 39217 760 735 693 42183 15873 15497 1829 219 26310 190 127322 43293 33165 10128 32305 1610 451 433 112 72 1970 31744 18779 12965 1881 18753
is_linear=0
shrinkage=0.05


Tree=170
num_leaves=31
num_cat=0
split_feature=4 12 24 33 0 22 14 16 14 27 15 19 11 7 3 2 7 12 21 22 24 46 15 46 43 7 7 11 20 22
split_gain=4.61817 10.0395 8.23613 9.07799 8.59172 10.1587 8.99654 12.4282 8.09229 8.25184 10.0123 7.71883 8.52904 7.50061 7.44982 12.5941 10.872 7.68988 11.3285 10.6701 12.8867 8.15856 9.04113 16.8457 7.42278 7.32504 8.4937 29.704 7.7545 9.37155
threshold=50.500000000000007 0.37405000000000005 -0.063333333333333894 0.14500000000000005 3.5000000000000004 2.475000000000001 0.015050000000000037 1.5000000000000002 -0.044383333333333407 0.095000000000000209 -0.03333333333333334 0.15500000000000005 0.36945 4.5950000000000006 56.500000000000007 1.5000000000000002 7.5450000000000008 0.52790000000000015 -1.0000000180025095e-35 0.34000000000000002 1.332267629550188e-15 6.6250000000000009 -0.033333333333333312 6.7650000000000006 0.15500000000000003 3.2850000000000006 1.175 0.17670000000000002 -2.9349999999999992 -0.93499999999999994
decision_type=2 2 2 2 2 2 2 2 2 2 2 2 2 2 2 2 2 2 2 2 2 2 2 2 2 2 2 2 2 2
left_child=1 2 4 25 8 -6 7 -7 -1 10 -10 -5 13 -13 17 -16 -17 -2 19 20 -19 -20 23 -23 -22 26 27 -4 29 -27
right_child=14 -3 3 11 5 6 -8 -9 9 -11 -12 12 -14 -15 15 16 -18 18 21 -21 24 22 -24 -25 -26 28 -28 -29 -30 -31
leaf_value=-0.029335844846875021 0.00053625939860873812 0.0021144495781869922 0.38040021464930429 -0.00099439589846995959 -0.019457964264412368 0.067769058245633104 0.080170752947071544 -0.043620111711071385 -0.059409495143115457 -0.010598622708196311 0.043036368223657397 -0.039270820667763023 0.072704594298099973 0.032406726837785046 -0.026028587306541975 -0.0023729148981062771 0.08761355608356064 -0.001814604163433744 0.045215228844972921 -0.0052480983910015528 0.073221136638532219 0.097569553459630379 -0.015666294101226021 -0.010384856281645181 0.023422989467134649 0.10900875859684862 -0.030737271628402237 -0.01679671164516823 -0.0059930773294062691 0.0026877525244864576
leaf_weight=12.823848770000039 28303.030484880786 1591.3573166606948 0.57067154627293293 3220.9226316353306 182.98050179518759 3.9663159698247892 4.7315549552440634 6.7928888276219368 2.6420213524252203 17.982245840132236 24.513951500877738 5.5912991687655511 7.2894695699214926 10.511102393269537 57.3533078096807 1607.6637713126838 3.3635912537574759 32.01737985946238 6.0745970085263243 111.56657912582159 12.473799459636213 5.1371012637391713 262.32580124121159 12.185480299405752 18.703169292770326 3.2213007584214211 46.401608984917402 2.6869002683088183 775.19340352714062 5.8121119365096074
leaf_count=106 160884 9751 13 19845 1340 17 23 35 35 109 171 44 38 48 393 9446 14 187 39 506 62 42 1536 101 102 24 692 104 4320 39
internal_value=-5.09957e-06 -0.0012821 -0.00252906 -0.00198253 -0.0112207 -0.0161666 0.0227116 -0.00255717 0.00571486 0.0156728 0.0330693 -0.000786557 0.0278316 0.00751785 0.000243569 -0.0030047 -0.00218504 0.00043198 -0.00597743 0.00405021 0.0204659 -0.0121108 -0.013356 0.0216296 0.0433471 -0.00663559 -0.0252583 0.0527855 -0.00545636 0.0406017
internal_weight=36357.9 5925.99 4334.63 4078.2 256.433 198.471 15.4908 10.7592 57.9621 45.1382 27.156 3244.31 23.3919 16.1024 30431.9 1668.38 1611.03 28763.5 460.484 174.761 63.1943 285.723 279.648 17.3226 31.177 833.886 49.6592 3.25757 784.227 9.03341
internal_count=210066 36754 27003 25167 1836 1415 75 52 421 315 206 19975 130 92 173312 9853 9460 163459 2575 857 351 1718 1679 143 164 5192 809 117 4383 63
is_linear=0
shrinkage=0.05


Tree=171
num_leaves=31
num_cat=0
split_feature=8 24 19 36 26 41 40 0 12 27 24 39 20 19 48 24 45 34 13 22 24 11 11 15 10 14 24 24 46 45
split_gain=4.66103 8.5143 8.57153 7.44051 7.60562 8.15939 7.05624 12.2879 11.5264 9.96137 10.924 9.24395 9.43087 9.47038 9.09402 8.95935 8.49047 8.9233 8.39904 9.37958 8.33442 9.81054 8.8599 8.45847 8.26206 8.23912 10.1762 11.3429 9.43941 9.17279
threshold=0.54465000000000008 -0.084999999999999507 -0.030000000000000002 6.745000000000001 0.105 3.5000000000000004 -3.4999999999999996 15.500000000000002 0.30655000000000004 -0.14999999999999988 0.087333333333333499 -1.4999999999999998 -1.2899999999999991 0.030000000000000009 -1.4999999999999998 -0.096666666666666221 0.27295000000000008 5.3650000000000011 -0.19166666666666596 -0.26500000000000007 -0.063333333333333894 0.38110000000000005 0.36645000000000005 -0.023333333333333355 0.071949999999999958 0.046326666666666606 -0.015000000000000123 -0.008333333333333302 6.9450000000000012 0.26975000000000005
decision_type=2 2 2 2 2 2 2 2 2 2 2 2 2 2 2 2 2 2 2 2 2 2 2 2 2 2 2 2 2 2
left_child=6 2 -2 4 -4 -6 7 9 -9 -1 -11 12 14 -14 -8 -15 18 -18 19 24 -17 22 -22 -23 -16 26 28 -28 -10 -27
right_child=1 -3 3 -5 5 -7 11 8 25 10 -12 -13 13 15 16 20 17 -19 -20 -21 21 23 -24 -25 -26 29 27 -29 -30 -31
leaf_value=-0.039504843437797102 0.021390265702061456 -0.0019091528692058856 -0.051318690151642359 -0.047271888769617014 -0.014671685106722468 0.064086914845460183 -0.02281701614399409 0.029290045737580036 -0.032961870879638408 0.00023904193283274535 0.038645986310918569 0.00030737659215479492 -0.0020091009251146869 0.10054193123336137 -0.032763104775264867 -0.042891309921353572 -0.025801703373203724 -0.0039397592887900805 -0.030652327838681409 0.043351229208829611 0.015056580044868182 -0.033686360256747906 0.066482666493069872 0.017329128872809189 0.016553235751864747 -0.015952580487220584 0.067151061605622814 0.0033248568053847699 0.040321648261537169 0.041663897181494831
leaf_weight=15.066888794302939 9.7667649835348112 1603.3326792148873 6.8412282094359425 27.230304950848222 9.4885260835289937 5.0327932909131041 97.594274768605828 83.810490887612104 30.788812480866909 460.12133102864027 19.290232509374619 30161.555741145741 3252.998234026134 2.7400147914886466 11.812480043619869 7.2706597521901122 64.57557031698525 168.38283435534686 11.14305207133293 21.41130768507719 94.416371073573828 18.806237205862999 9.1905919238924962 14.3057854026556 30.218994479626417 9.290609344840048 7.7327593304216853 69.737904693931341 5.1256442591547957 26.93562738597393
leaf_count=68 44 7392 35 136 48 25 733 399 157 2195 85 178712 16408 18 122 52 477 1238 56 137 534 104 51 70 222 45 39 318 24 122
internal_value=-5.1033e-06 -0.00259198 -0.0213516 -0.0299424 -0.00785297 0.0126244 0.000118796 0.00498978 0.0144451 0.000526339 0.00178443 1.44109e-05 -0.00230796 -0.00144864 -0.00951897 0.0109769 -0.00529905 -0.00999984 0.00938321 0.016415 0.00927253 0.0120466 0.0196184 -0.0116455 0.00269342 0.0061291 -0.00050316 0.00969569 -0.022503 0.0268875
internal_weight=36356 1661.69 58.3596 48.5929 21.3625 14.5213 34694.3 727.9 233.422 494.478 479.412 33966.4 3804.87 3399.73 405.139 146.73 307.544 232.958 74.5858 63.4428 143.99 136.719 103.607 33.112 42.0315 149.611 113.385 77.4707 35.9145 36.2262
internal_count=210066 7680 288 244 108 73 202386 3452 1104 2348 2280 198934 20222 17237 2985 829 2252 1715 537 481 811 759 585 174 344 705 538 357 181 167
is_linear=0
shrinkage=0.05


Tree=172
num_leaves=31
num_cat=0
split_feature=44 21 22 13 21 35 6 34 12 20 24 23 11 47 5 22 44 23 13 22 45 9 25 48 45 36 0 21 27 27
split_gain=4.59375 7.08014 8.16696 8.2229 7.61539 8.95849 10.4523 8.06121 8.01604 14.9044 11.2386 13.1911 11.234 9.03972 8.19585 8.15414 8.11592 7.56912 8.12368 13.7166 10.7006 12.2979 10.2419 9.80261 10.7275 8.10134 8.05367 7.56268 7.47452 9.23718
threshold=6.0950000000000006 -0.01 3.1450000000000009 1.779166666666667 0.030000000000000023 0.29735000000000006 0.25500000000000006 7.8050000000000006 0.29425000000000007 -2.1649999999999987 0.03666666666666752 6.8050000000000006 0.36495000000000005 3.5000000000000004 1.5000000000000002 -2.3949999999999991 6.6650000000000009 6.8050000000000006 -0.9849999999999991 -1.385 0.34790000000000004 5.5450000000000008 4.5000000000000009 -1.0000000180025095e-35 0.31525000000000009 6.8350000000000009 15.500000000000002 0.055000000000000014 0.12500000000000003 -0.024999999999999908
decision_type=2 2 2 2 2 2 2 2 2 2 2 2 2 2 2 2 2 2 2 2 2 2 2 2 2 2 2 2 2 2
left_child=-1 28 3 4 -3 6 7 8 -6 10 11 13 -13 16 17 -15 -10 25 19 23 -20 27 -23 24 26 -11 -19 -22 29 -2
right_child=1 2 -4 -5 5 -7 -8 -9 9 14 -12 12 -14 15 -16 -17 -18 18 20 -21 21 22 -24 -25 -26 -27 -28 -29 -30 -31
leaf_value=-0.00042773299250145418 0.0051410820060984359 -0.00055810735682700269 -0.012670502610553181 0.017197461511752606 -0.001248382813179732 0.00095073774844006231 0.088266077075303248 0.088206926987909343 0.10315801015792442 0.0013452551716455572 -0.031678781181764586 -0.0054000424962457536 0.099306424128884949 0.087669685792345214 0.077139850527550624 0.20262393672664003 0.002783362316620866 0.044369238999520416 -0.007321110185127786 0.11924909428264395 -0.009892543123569103 0.036373060022546193 0.13694550640534886 -0.03706831231050451 -0.0059320011064257121 -0.056281026709982022 0.15380932265072422 0.057085959825836044 0.014099651053055304 0.00011373321443816252
leaf_weight=23221.64896997856 1511.9853243241087 7748.6489247698337 125.82777792960405 70.237682521343231 128.55615093372762 876.24263465311378 4.2524049244821063 3.2158945426344863 4.2364166993647867 83.219905951991677 4.0547302756458512 9.9183878023177368 3.4537032609805456 3.7365834238007665 4.3283644802868357 2.6273598298430434 3.8386295922100544 4.2653786316514051 41.612161472439766 4.7462073490023604 15.009462416172033 6.6257539913058263 4.0965085476636887 4.8432473056018361 5.4506626017391682 6.5812841430306426 2.7745392881333828 5.8598801642656317 134.40655163303018 2309.0726542212069
leaf_count=134270 7179 47108 591 288 832 5658 36 20 34 474 31 99 36 36 25 17 30 31 220 38 84 31 22 47 43 36 20 31 758 11941
internal_value=-5.04817e-06 0.000742298 -1.98084e-05 0.000156035 2.27767e-05 0.00367166 0.0103444 0.00940584 0.00868145 0.0144504 0.0460877 0.0574257 0.0216432 0.0905642 0.00912789 0.135129 0.055443 0.00753737 0.0173535 0.0439364 0.00933538 0.0312752 0.0747974 0.0233149 0.0467287 -0.00287802 0.0875012 0.00891428 0.00251069 0.00210305
internal_weight=36355.4 13133.7 9178.26 9052.43 8982.2 1233.55 357.304 353.051 349.835 221.279 31.8658 27.8111 13.3721 14.439 189.413 6.36394 8.07505 185.085 95.2838 22.08 73.2038 31.5916 10.7223 17.3338 12.4906 89.8012 7.03992 20.8693 3955.46 3821.06
internal_count=210066 75796 55918 55327 55039 7931 2273 2237 2217 1385 283 252 135 117 1102 53 64 1077 567 179 388 168 53 141 94 510 51 115 19878 19120
is_linear=0
shrinkage=0.05


Tree=173
num_leaves=31
num_cat=0
split_feature=8 13 3 2 34 23 44 13 34 45 43 9 23 42 22 35 7 10 27 15 35 19 9 7 3 3 44 11 44 19
split_gain=4.59794 11.0001 9.12267 8.00364 11.0711 9.63643 12.2177 9.23291 13.5143 10.8112 14.9751 11.7584 10.916 9.53016 13.9254 9.00122 8.82146 8.31568 10.8333 8.19401 11.6128 11.4472 9.96317 9.56557 9.36048 9.2739 9.83418 8.5422 8.40259 8.12965
threshold=0.44690000000000002 1.6616666666666677 46.500000000000007 3.5000000000000004 6.8650000000000011 6.8050000000000006 3.9750000000000005 0.89666666666666706 7.3250000000000011 0.32995000000000008 0.12500000000000003 7.6050000000000013 6.7350000000000012 2.5000000000000004 -0.12999999999999964 0.29735000000000006 6.6850000000000014 0.56615000000000015 -0.010000000000000229 -0.0033333333333333197 0.32534999999999997 -0.0099999999999999863 7.6050000000000013 6.6250000000000009 51.500000000000007 46.500000000000007 5.1650000000000009 0.51870000000000005 6.8150000000000004 -0.025000000000000005
decision_type=2 2 2 2 2 2 2 2 2 2 2 2 2 2 2 2 2 2 2 2 2 2 2 2 2 2 2 2 2 2
left_child=1 -1 -3 4 -2 6 -6 13 9 10 15 12 -12 14 -5 -9 -16 -18 -19 20 21 23 -23 -11 25 28 -27 -21 -22 -7
right_child=3 2 -4 7 5 29 -8 8 -10 19 11 -13 -14 -15 16 -17 17 18 -20 27 24 22 -24 -25 -26 26 -28 -29 -30 -31
leaf_value=0.00020507416037343279 -0.0052785990568122443 0.014790141517339093 -0.010532421088429647 -0.049251952145150435 -0.046771938865671096 -0.026325971290582013 0.015352237981191012 0.06702736795712276 0.027291528250122311 -0.0097203824132157529 0.0047141564183378545 0.011445641777936446 -0.0071732481864485529 -0.0011553598981980016 -0.0022391273060743391 0.011972208987851115 -0.03667825754070006 -0.043493233748653867 0.049601375535446947 0.0020725118273966095 0.018254195316678209 -0.0052605887119269853 -0.076166686625748603 0.059170931145534435 0.057181567616540308 0.030573816498405189 -0.061734688158547768 0.026118896522817056 0.075833676963520946 0.0010948882799139471
leaf_weight=27821.453588443343 1792.482605013065 214.57688093185425 42.63364215195179 22.051763907074928 8.2957774847745878 32.744035787880421 172.07186397910118 11.560153082013128 51.694560199975967 8.4355987310409564 249.56172129511833 129.41827973723412 853.91755841672421 3009.3617410138249 175.25628972053528 20.750335365533829 40.222017116844654 5.4739846587181091 7.2823927626013738 1269.4212167412043 105.40725024044514 64.322686418890953 5.3675764650106421 12.512969538569449 16.639906644821167 4.8322798460721952 7.1612803190946579 38.039359763264656 6.7412507683038703 154.90212408080697
leaf_count=170338 8365 877 175 104 36 161 827 48 216 35 1038 539 3594 15357 811 87 186 24 36 5337 444 273 22 52 70 20 31 157 29 777
internal_value=-5.04582e-06 0.00030023 0.0105928 -0.00104079 -0.00365682 0.0042424 0.0124949 -0.000116582 0.00195904 0.00149203 -0.00193197 -0.00281257 -0.00448481 -0.00193504 -0.0113096 0.03167 -0.00764371 -0.0255224 0.00965285 0.0043071 0.0129793 -0.0009797 -0.0107218 0.0314297 0.0219664 0.0172462 -0.024543 0.00277212 0.0217153 -0.00369002
internal_weight=36354.6 28078.7 257.211 8275.93 2160.5 368.014 180.368 6115.43 2855.78 2804.09 1265.21 1232.9 1103.48 3259.65 250.286 32.3105 228.235 52.9784 12.7564 1538.88 231.421 90.6388 69.6903 20.9486 140.782 124.142 11.9936 1307.46 112.149 187.646
internal_count=210066 171390 1052 38676 10166 1801 863 28510 11992 11776 5306 5171 4632 16518 1161 135 1057 246 60 6470 976 382 295 87 594 524 51 5494 473 938
is_linear=0
shrinkage=0.05


Tree=174
num_leaves=31
num_cat=0
split_feature=15 6 48 8 13 46 20 45 13 1 13 46 21 29 26 32 4 46 23 20 12 11 14 11 7 0 8 9 9 22
split_gain=4.68124 9.86452 8.56309 8.35707 10.5845 9.1585 8.77349 9.76866 17.7686 13.7367 10.2596 11.1572 9.11486 9.01395 11.1053 9.55265 8.85584 8.66645 10.7803 11.7721 14.7852 13.9461 13.7678 11.4675 9.50248 8.99933 14.7314 16.8362 9.13602 8.64079
threshold=-0.024499999999999991 0.18500000000000003 4.5000000000000009 0.22930000000000003 -0.093333333333333476 6.6050000000000013 0.76500000000000024 0.24035000000000004 -0.33833333333333265 2.5000000000000004 -0.26333333333333336 6.785000000000001 0.039999999999999994 1.0000000180025095e-35 0.069999999999999854 2.5000000000000004 58.500000000000007 7.0950000000000006 7.0150000000000006 -0.6000000000000002 0.25720000000000004 0.26100000000000007 -0.030466666666666611 0.26945000000000002 3.5250000000000004 9.5000000000000018 0.12060000000000001 2.6750000000000003 5.4450000000000012 1.575
decision_type=2 2 2 2 2 2 2 2 2 2 2 2 2 2 2 2 2 2 2 2 2 2 2 2 2 2 2 2 2 2
left_child=2 3 -1 5 6 -2 -5 8 -8 -9 11 -10 16 14 15 -12 -11 18 -7 21 22 -20 -21 -23 -22 26 27 -25 -28 -19
right_child=1 -3 -4 4 -6 17 7 9 10 12 13 -13 -14 -15 -16 -17 -18 29 19 20 24 23 -24 25 -26 -27 28 -29 -30 -31
leaf_value=-0.0011549292421149553 -0.012912341092309924 0.0031001924376796971 -0.015374023814396946 -0.0025246839239887451 0.00022939744969761061 0.0020295634934178633 -0.0092214211674826029 0.032261968352200382 0.038533972835733024 -0.0045077395761458812 -0.038588932103712191 0.16653318003739884 0.040241877663985182 -0.030764222694692069 0.13237511692534321 0.052581235951488871 0.046988387505343572 -0.02086964171543541 -0.030628826191980187 0.16572779296981607 0.089696965616395133 0.10322907542754825 0.04425608907091691 0.019908264010913217 0.015305021518530859 -0.0024107218462201601 0.028178879081999245 0.2023738509684237 -0.06359371665835252 0.062334656832018831
leaf_weight=4541.2352285068482 101.38159238174558 2704.9164055939764 108.410743589513 6475.9557368047535 17698.416901901364 4083.7105185268447 21.935117579996586 33.938763067126274 3.3383182659745243 288.53778700903058 3.7202022448182204 3.4742951169610023 12.696890257298945 4.358302764594554 3.3006118535995475 12.618709832429884 8.5974988602101785 57.925071312114596 22.920163558796048 3.5082507580518723 4.6341021396219721 3.4048206126317373 6.9613078460097295 2.5654135951772359 58.257873587310314 53.578788504004478 19.612278074026111 2.4925191067159176 3.1470387876033774 3.2979993522167197
leaf_count=31278 798 17531 1122 40111 82721 32082 145 181 20 1838 22 23 73 26 20 73 58 413 268 24 38 37 48 41 365 508 140 23 22 17
internal_value=-4.88791e-06 0.000212402 -0.00148646 -5.69667e-05 -0.000417275 0.00194265 -0.00208263 0.0051371 0.0251725 0.00206302 0.0496589 0.103811 -0.00124494 0.0342859 0.0487215 0.0318227 -0.00301772 0.00229078 0.00255892 0.0144967 0.0299448 0.00397609 0.0849601 0.0133292 0.0207865 0.00956865 0.0326421 0.109826 0.015489 -0.0163875
internal_weight=36352.8 31703.2 4649.65 28998.3 24570.9 4427.4 6872.47 396.516 52.7456 343.771 30.8104 6.81261 309.832 23.9978 19.6395 16.3389 297.135 4326.02 4264.79 181.083 73.3615 107.721 10.4696 84.8009 62.892 81.396 27.8172 5.05793 22.7593 61.2231
internal_count=210066 177666 32400 160135 125311 34824 42590 2479 329 2150 184 43 1969 141 115 95 1896 34026 33596 1514 475 1039 72 771 403 734 226 64 162 430
is_linear=0
shrinkage=0.05


Tree=175
num_leaves=31
num_cat=0
split_feature=44 27 21 23 39 11 3 27 9 36 34 7 36 15 35 17 20 39 23 46 13 12 14 35 36 23 11 1 2 24
split_gain=4.53554 7.99395 6.55604 9.40868 9.12383 9.02837 11.3078 8.22816 7.99427 12.7489 9.94384 7.8262 7.62667 7.98476 7.01926 6.54724 8.22273 9.35166 8.4066 8.70288 7.73079 8.19547 7.5693 9.15213 10.3716 12.5099 10.16 9.78245 11.3244 7.27463
threshold=5.4150000000000009 -0.23999999999999974 0.050000000000000003 7.1650000000000009 -1.4999999999999998 0.30125000000000007 49.500000000000007 0.064999999999999961 1.2250000000000003 6.7250000000000005 6.5450000000000008 4.495000000000001 6.6350000000000007 -0.062666666666666634 0.34245000000000009 1.5000000000000002 -3.0949999999999993 2.5000000000000004 6.5950000000000006 6.6850000000000014 1.779166666666667 0.55115000000000014 0.11442500000000005 0.29945000000000005 6.8950000000000005 6.745000000000001 0.38695000000000002 3.5000000000000004 1.5000000000000002 0.048333333333333346
decision_type=2 2 2 2 2 2 2 2 2 2 2 2 2 2 2 2 2 2 2 2 2 2 2 2 2 2 2 2 2 2
left_child=1 -1 15 4 5 6 7 -4 9 10 11 12 -6 -14 -15 16 17 22 19 -18 21 -20 23 24 25 -3 -25 -28 -29 -22
right_child=-2 2 3 -5 8 -7 -8 -9 -10 -11 -12 -13 13 14 -16 -17 18 -19 20 -21 29 -23 -24 26 -26 -27 27 28 -30 -31
leaf_value=-0.026243546084210975 0.00046550337177309108 0.15818465436159063 0.0041820778772298783 0.08265174789210844 -0.06394811606169537 -0.032499398705666087 -0.056679759455625679 0.083895020208858931 -0.0016439576502804325 -0.0308331037780986 -0.061079436056476082 0.086759504669368659 0.12339686582288029 0.070468456794660767 -0.058317409581546978 -0.00088247486222264653 -0.038275051073801095 -0.0084045402719613079 0.0015341527537765943 0.018738085553297014 0.020575370617016291 -0.026247807802614778 0.0028438575649062845 -0.062710390556443368 0.19354398603328912 0.022594465758856763 -0.0071615101472149167 0.034017997330288055 0.20496831086292744 -0.0097211592842890038
leaf_weight=30.491006430238485 21262.862985963002 2.4925724249333197 20.897456014528878 3.0443532019853583 2.5661710398271698 56.643067814409733 6.7043673098087302 3.8307557143270961 617.72147713135928 55.358176323585212 3.1730168275535098 5.0346805900335303 1.9154764320701358 1.9475130625069139 2.3165070358663797 11634.290259718429 25.139571130275726 15.429541502147911 2417.3008248666301 9.1223569549620134 94.733039438724518 26.840073551982641 9.4591221967712027 2.5443573370575887 1.9862228427082298 5.357472863048315 3.5702461637556553 2.27015639282763 1.6898974720388653 25.053738325834274
leaf_count=154 122939 26 133 22 27 349 44 33 3747 569 40 25 25 26 31 67310 126 450 13010 46 387 142 111 29 24 52 28 46 13 102
internal_value=-4.9752e-06 -0.00066796 -0.000616173 -0.00507639 -0.00541962 -0.0205743 0.000915426 0.0165308 -0.00348529 -0.0192149 0.0187224 0.0370973 0.00850793 0.0385969 0.000503176 -0.000372141 0.00187432 0.0231131 0.00150811 -0.0230951 0.00183688 0.00122907 0.0396708 0.0571663 0.0914735 0.0656475 0.0236708 0.0528576 0.106969 0.0142388
internal_weight=36351.8 15088.9 15058.4 781.153 778.109 88.0756 31.4326 24.7282 690.033 72.3115 16.9534 13.7803 8.74567 6.1795 4.26402 14277.3 2642.99 44.7996 2598.19 34.2619 2563.93 2444.14 29.37 19.9109 9.83627 7.85005 10.0747 7.5303 3.96005 119.787
internal_count=210066 87127 86973 5071 5049 559 210 166 4490 743 174 134 109 82 57 81902 14592 779 13813 172 13641 13152 329 218 102 78 116 87 59 489
is_linear=0
shrinkage=0.05


Tree=176
num_leaves=31
num_cat=0
split_feature=5 6 34 30 3 24 12 16 19 46 26 33 20 3 21 0 33 28 27 34 9 10 26 12 22 44 15 18 21 45
split_gain=4.55385 8.23329 8.55694 9.08565 7.44084 7.19283 10.4259 7.54094 7.42096 8.56479 9.58543 8.17266 7.67828 10.3718 12.8456 8.75847 8.85575 14.1046 12.2135 12.8794 8.68318 8.61386 18.3676 11.9476 10.1929 9.60761 14.1161 11.7845 9.81809 10.5533
threshold=1.0000000180025095e-35 0.115 7.5550000000000006 -1.0000000180025095e-35 62.500000000000007 0.12500000000000047 0.33785000000000004 2.5000000000000004 0.015000000000000001 7.3050000000000006 -0.22000000000000017 0.12500000000000003 -0.16 20.500000000000004 0.039999999999999994 16.500000000000004 0.17500000000000002 4.5000000000000009 -1.0000000180025095e-35 5.995000000000001 1.5650000000000002 0.40440000000000004 -0.055000000000000153 0.29175000000000006 4.0650000000000013 6.6950000000000012 -0.0083333333333333506 5.5000000000000009 -0.030000000000000002 0.31115000000000004
decision_type=2 2 2 2 2 2 2 2 2 2 2 2 2 2 2 2 2 2 2 2 2 2 2 2 2 2 2 2 2 2
left_child=-1 2 3 -2 5 8 7 -7 12 10 -10 -12 13 14 15 16 17 -3 -19 20 -20 22 23 -15 25 26 -24 28 29 -27
right_child=1 4 -4 -5 -6 6 -8 -9 9 -11 11 -13 -14 21 -16 -17 -18 18 19 -21 -22 -23 24 -25 -26 27 -28 -29 -30 -31
leaf_value=-0.00041818219056930195 0.037546770487731695 -0.013117051936074639 0.042598222714624823 -0.026604218017427968 -0.01811158743384653 -0.027106041686469226 -0.031197744389048678 0.016009738509634823 0.073089459073307314 -0.06689446674406406 -0.0059591704841530811 0.0035072141742814762 0.0012416543961178599 -0.0080211915734466604 0.13423302816972624 -0.015948687561975129 -0.027874105645232034 0.21293227688593022 0.22136831191082515 -0.030578242447839868 0.045764631657613207 0.0025489012382987346 -0.016014801477394758 0.012328886111786737 -0.05956898100101489 -0.0093207084230868629 -0.0045003669238246049 0.056342230319986267 -0.0023444374222963789 0.056049670634178921
leaf_weight=23525.355419850908 6.0602600872516623 3.6248958446085506 5.7595327422022811 61.840183794498444 51.533367071300745 14.592598736286162 42.386404868215322 33.245894905179739 4.8687486415728918 4.3908111825585356 243.97877308167517 3481.3515243539587 6063.0858415700495 100.85265622474253 2.6123684141784898 10.851120906881986 3.2524084616452447 1.9967941250652064 1.4309271425008785 2.0153039898723364 1.3856625780463216 706.85876253992319 350.3656379012391 253.2129299454391 8.8247504159808141 10.205541275441648 1107.7159345382825 10.029140509665011 221.64292100723833 15.628960020840166
leaf_count=136884 28 22 33 302 325 66 229 197 31 29 1479 23000 29613 658 38 166 42 16 26 38 14 3784 2630 1610 42 52 7107 74 1445 86
internal_value=-4.97084e-06 0.000752962 -0.0159153 -0.0208786 0.000849244 0.00092618 -0.013141 0.00285775 0.00102683 0.00289672 0.00297887 0.00288724 0.000240034 -0.00191922 0.028824 0.0176106 0.0441798 0.0665978 0.108913 0.0659269 0.134978 -0.0022191 -0.00384063 0.00653233 -0.00597046 -0.00569475 -0.0072672 0.00320889 0.00105564 0.0302261
internal_weight=36351 12825.6 73.66 67.9004 12751.9 12700.4 90.2249 47.8385 12610.2 3734.59 3730.2 3725.33 8875.59 2812.51 27.1695 24.5571 13.706 10.4536 6.82869 4.83189 2.81659 2785.34 2078.48 354.066 1724.41 1715.59 1458.08 257.507 247.477 25.8345
internal_count=210066 73182 363 330 72819 72494 492 263 72002 24539 24510 24479 47463 17850 362 324 158 116 94 78 40 17488 13704 2268 11436 11394 9737 1657 1583 138
is_linear=0
shrinkage=0.05


Tree=177
num_leaves=31
num_cat=0
split_feature=8 24 3 19 35 7 43 13 14 34 36 46 26 29 9 44 48 3 10 8 13 20 12 35 19 33 26 35 43 3
split_gain=4.3744 7.83921 8.47874 7.66855 6.91935 16.6488 9.39892 7.37203 10.2885 7.4488 7.72517 10.7586 7.35351 8.60731 11.9427 11.3141 8.45229 10.1976 9.46792 9.42268 9.28913 8.3312 7.79394 7.00532 6.84401 10.5073 11.6288 10.796 10.1653 11.6866
threshold=0.54465000000000008 -0.084999999999999507 34.500000000000007 -0.030000000000000002 0.31775000000000003 7.8250000000000011 0.21500000000000002 0.029166666666666344 -0.015016666666666649 4.1550000000000011 6.8350000000000009 6.7750000000000012 0.074999999999999747 1.0000000180025095e-35 6.6150000000000011 4.2950000000000008 -1.4999999999999998 38.500000000000007 0.41195000000000009 0.58265000000000011 0.33500000000000046 0.3699999999999995 0.37635000000000007 0.29735000000000006 -0.025000000000000005 0.14500000000000005 -0.095000000000000182 0.47940000000000005 0.17500000000000002 44.500000000000007
decision_type=2 2 2 2 2 2 2 2 2 2 2 2 2 2 2 2 2 2 2 2 2 2 2 2 2 2 2 2 2 2
left_child=-1 2 -2 -4 5 7 12 8 23 10 11 -9 24 15 -15 -14 19 21 -19 -17 -20 -18 -22 -3 -6 -26 28 -28 29 -27
right_child=1 4 3 -5 6 -7 -8 9 -10 -11 -12 -13 13 14 -16 16 17 18 20 -21 22 -23 -24 -25 25 26 27 -29 -30 -31
leaf_value=0.0001149907553284948 -0.072195482660463023 0.067138316621569397 0.028071816662560967 -0.022557144593801016 -0.013271434866162441 -0.028359978901187712 0.057600806284644458 -0.042497408155949629 -0.048951139495548468 0.0074262073447386992 -0.059230845519204003 0.041675424556007395 -0.073982294941323815 0.028381849670399847 -0.059166490202538204 -0.047517040352767714 -0.032370363836350176 0.10162555164887213 -0.037982234075084755 0.028390085211925251 0.065941918200418878 0.025116846628202127 -0.010027893670181849 -0.026470908293785889 -0.010662130321402025 0.057465004315346097 -0.0035242915932692425 0.026691769305546561 -0.030778995810554256 -0.02682339954728364
leaf_weight=34690.166892533656 6.9970170315355054 4.1414471138268727 9.1101754158735258 41.776878722012043 242.12770364060998 40.538948848843575 6.0924362838268271 7.4904974997043627 14.168221378698943 488.56556032598019 8.5611652284860593 7.6972156763076782 3.3892172724008551 6.4447811543941524 9.8472857847809774 8.8134980350732821 9.0519261658191699 6.6564401760697391 3.7595832198858288 7.6257684379816046 14.385809525847437 20.748511373996735 4.4113706797361365 3.8627418354153633 292.30955143272877 22.961797326803211 325.25404790230095 32.516966558992863 5.7209675908088675 5.0095715820789328
leaf_count=202386 36 27 41 211 1059 176 26 31 91 2209 36 32 14 32 46 42 50 31 23 34 64 96 21 24 1435 103 1499 145 24 22
internal_value=-4.99544e-06 -0.00251237 -0.0205891 -0.0134932 -0.00185928 0.00253228 -0.00431785 0.00487535 -0.0233511 0.00609696 -0.0212485 0.000161841 -0.00468731 0.00855034 -0.0245343 0.015387 0.0194013 0.0282338 0.0492263 -0.0123056 0.0337634 0.00765502 0.0481131 0.0219634 -0.00604745 -0.0034894 0.00186655 -0.000778025 0.0299487 0.0423693
internal_weight=36350.2 1660.04 57.8841 50.8871 1602.15 575.026 1027.13 534.487 22.1724 512.314 23.7489 15.1877 1021.03 95.1342 16.2921 78.8421 75.4529 59.0136 29.2132 16.4393 22.5568 29.8004 18.7972 8.00419 925.901 683.773 391.463 357.771 33.6923 27.9714
internal_count=210066 7680 288 252 7392 2626 4766 2450 142 2308 99 63 4740 453 78 375 361 285 139 76 108 146 85 51 4287 3228 1793 1644 149 125
is_linear=0
shrinkage=0.05


Tree=178
num_leaves=31
num_cat=0
split_feature=44 14 24 7 27 47 15 40 13 26 46 26 36 3 10 24 4 20 20 41 24 26 24 11 8 21 45 3 22 11
split_gain=4.38384 7.51921 9.45321 8.59026 8.56279 10.9809 9.65787 8.56546 7.76114 13.7407 7.64424 7.59271 6.95918 13.546 7.78669 6.908 6.70624 6.52135 15.5318 6.35111 5.84205 5.87459 5.75882 5.67342 5.48508 8.58846 6.66441 5.8199 5.40717 8.01544
threshold=3.5450000000000004 0.14418333333333333 0.040000000000000487 6.9850000000000012 0.029999999999999808 4.5000000000000009 -0.056666666666666657 -3.4999999999999996 -0.31083333333333346 -0.095000000000000182 6.6950000000000012 0.12500000000000003 6.6550000000000011 26.500000000000004 0.31045000000000006 -0.093333333333333254 44.500000000000007 -1.845 -2.1249999999999987 3.5000000000000004 -0.078333333333332686 0.069999999999999854 0.066666666666666 0.14335000000000003 1.0000000180025095e-35 -1.0000000180025095e-35 0.37150000000000005 58.500000000000007 -0.89499999999999991 0.32505000000000006
decision_type=2 2 2 2 2 2 2 2 2 2 2 2 2 2 2 2 2 2 2 2 2 2 2 2 2 2 2 2 2 2
left_child=1 2 3 4 8 6 -6 -7 9 -1 -4 23 13 -11 24 -10 -8 18 19 -18 -3 22 -22 -9 25 -14 -27 -26 -12 -30
right_child=-2 20 10 -5 5 7 16 11 15 12 28 -13 14 -15 -16 -17 17 -19 -20 -21 21 -23 -24 -25 27 26 -28 -29 29 -31
leaf_value=0.10005238983910408 9.0858039307061962e-05 -0.071874224140189305 -0.044444710311069946 -0.037371223465978785 0.076281551688014523 0.049489858710984332 0.050520288178440897 0.014596605087385328 0.061813677088322999 -0.056931879431823519 -0.033040753133519132 0.025042016426540439 0.15710647809197609 0.076464740666033801 -0.053435921049101401 0.0045377653379985406 -0.021459943996649831 -0.0080032563386287833 0.12007280648230401 0.072873877153386626 0.0070609648350888933 0.078752280274572983 0.066664373758359416 -0.036263536779436674 -0.016095620557008718 -0.028040718866078014 0.089358203301033653 0.049220878498941023 -0.021385050728503142 0.0046411958169762461
leaf_weight=2.8224084842950097 35277.972046533134 1.7150355130434025 19.43972703628242 16.739289492368698 3.8667061077430835 3.7989788502454749 5.5625232234597197 5.981580138206481 5.3261712044477454 2.8583704186603409 23.370993950404227 6.3436263725161544 1.1547699142247436 5.6945235580205917 11.735707670450209 453.88243301212788 8.6563310269266349 166.49732416309416 3.4227319518104187 2.247500028461217 28.555234200321138 4.1288900543004265 4.7228431832045308 65.801295952871442 88.452168346382678 3.9808017294853917 1.7360356664285062 3.5472042411565772 52.631247043609619 67.554317676462233
leaf_count=27 204020 11 94 69 28 17 27 33 31 44 147 35 23 38 83 2204 82 894 23 19 155 22 23 378 733 136 44 25 264 337
internal_value=-4.86918e-06 -0.00315445 -0.00396925 -0.00189916 -0.00120335 -0.00852218 -0.00193188 -0.0238266 0.00222414 -0.0089865 -0.0150198 -0.0273917 -0.0115692 0.0318837 -0.0149293 0.00520209 -0.00355446 -0.00521792 0.0271521 -0.00201584 0.0183622 0.0224993 0.0155199 -0.0320254 -0.0103586 0.0327327 0.00760989 -0.0135772 -0.0110353 -0.00675613
internal_weight=36350.2 1072.23 1033.1 870.108 853.369 272.179 190.253 81.9255 581.191 121.982 162.996 78.1265 119.16 8.55289 110.607 459.209 186.386 180.824 14.3266 10.9038 39.122 37.407 33.2781 71.7829 98.871 6.87161 5.71684 91.9994 143.557 120.186
internal_count=210066 6046 5835 4993 4924 1536 1073 463 3388 1153 842 446 1126 82 1044 2235 1045 1018 124 101 211 200 178 411 961 203 180 758 748 601
is_linear=0
shrinkage=0.05


Tree=179
num_leaves=31
num_cat=0
split_feature=13 6 47 34 20 4 34 46 11 45 12 24 24 12 7 7 8 0 35 20 20 13 41 15 15 34 26 7 21 20
split_gain=4.37595 10.3635 10.5549 9.73267 8.88623 8.86172 9.07911 9.94206 9.52207 12.3666 8.9833 13.6108 12.9768 10.2815 9.32517 9.2578 14.0607 9.96282 8.55981 8.50465 14.9242 10.521 8.49097 8.85756 8.46908 9.87033 8.49553 8.36993 8.35349 9.7652
threshold=0.71833333333333316 0.17500000000000002 5.5000000000000009 6.6950000000000012 -0.505 52.500000000000007 5.6050000000000013 6.5950000000000006 0.23819999999999994 0.42585000000000001 0.22249999999999998 -0.0033333333333325217 -0.036666666666666618 0.27655000000000002 6.245000000000001 5.0650000000000004 0.39405000000000007 5.5000000000000009 0.42825000000000008 1.1700000000000008 1.6300000000000008 1.518333333333334 1.5000000000000002 -0.023333333333333355 -0.035000000000000017 6.0150000000000006 -0.015000000000000123 4.3750000000000009 -0.044999999999999991 0.3699999999999995
decision_type=2 2 2 2 2 2 2 2 2 2 2 2 2 2 2 2 2 2 2 2 2 2 2 2 2 2 2 2 2 2
left_child=-1 2 3 -2 -4 6 7 -3 -9 27 11 18 -12 -14 -13 -15 17 22 -7 21 -21 -18 -17 -24 26 -26 -19 -10 29 -6
right_child=1 5 4 -5 28 10 -8 8 9 -11 12 14 13 15 -16 16 19 24 -20 20 -22 -23 23 -25 25 -27 -28 -29 -30 -31
leaf_value=-0.00030842513862205928 9.5157152235187629e-05 0.080786406776959294 -0.058381876448700999 0.0057916608739041024 0.010511735276528015 0.06623106904702307 0.01654701661032492 -0.014415455676165083 0.060180495954150703 -0.016446340210806539 -0.018603985761918112 -0.020685127054826793 -0.020768373896431897 -0.018751313456202158 0.053719979472961303 -0.069109230244981931 -0.020737872660502223 -0.05448217662545194 -0.0090892544830927114 0.046799898459893297 -0.003564553091590521 0.038383455165892283 0.064931386746641076 -0.014582916084101782 0.027400447954341912 0.070708973251490947 0.025308397813712975 0.0096934083636421742 -0.0031596574642249772 -0.032876777444869318
leaf_weight=27827.302967078518 6139.5950442552567 4.2109769135713568 8.3205549716949445 854.13063628971577 17.255843415856361 17.116099447011951 259.40483599901199 61.697914347052574 8.4825791418552381 47.306556418538094 92.821375891566277 19.323425978422168 40.723985746502876 32.827822372317314 5.3844725787639609 4.3613096326589611 59.994540318846703 5.1538415849208823 4.8383556753396979 20.936681807041168 49.449864462018013 8.6042705476284009 5.0008953213691756 11.688296541571614 48.221553072333336 18.091955587267876 9.4581297636032087 254.73019564151764 361.16363143920898 52.187248751521111
leaf_count=173354 26427 18 38 3638 75 76 1106 271 36 206 427 82 175 143 23 19 259 22 21 91 212 35 22 50 208 75 40 1102 1590 225
internal_value=-4.82431e-06 0.000986482 0.000318833 0.00079086 -0.00720229 0.00553985 0.00934967 0.00438983 0.00352554 0.00709028 0.000204112 0.0209845 -0.00217639 0.00267183 -0.00447038 0.00615838 0.009552 0.0236526 0.0496319 -0.000793822 0.0114165 -0.0133224 -0.00698991 0.00924344 0.0316233 0.0392161 -0.00283483 0.0113205 -0.00621336 -0.0220952
internal_weight=36349.8 8522.48 7432.65 6993.73 438.927 1089.83 635.833 376.428 372.217 310.519 453.997 46.6624 407.335 314.513 24.7079 273.789 240.961 101.976 21.9545 138.985 70.3865 68.5988 21.0505 16.6892 80.9255 66.3135 14.612 263.213 430.607 69.4431
internal_count=210066 36712 31993 30065 1928 4719 2739 1633 1615 1344 1980 202 1778 1351 105 1176 1033 436 97 597 303 294 91 72 345 283 62 1138 1890 300
is_linear=0
shrinkage=0.05


Tree=180
num_leaves=31
num_cat=0
split_feature=4 12 24 26 21 42 3 14 14 35 19 21 4 19 44 23 12 21 12 11 20 4 42 44 33 7 7 44 7 8
split_gain=4.46141 9.71403 9.27849 9.59834 8.30493 11.0177 8.07285 7.8896 7.86825 10.9791 12.9065 12.4232 12.368 10.008 9.96053 9.0516 10.9147 8.40947 9.56646 13.2617 13.2979 9.73864 8.92144 8.22765 8.17558 7.72925 12.7274 7.49843 7.47778 8.53543
threshold=50.500000000000007 0.49290000000000006 0.12500000000000047 -0.22500000000000006 0.025000000000000012 1.5000000000000002 21.500000000000004 -0.23374166666666671 -0.050883333333333246 0.49585000000000001 0.15500000000000005 0.085000000000000006 45.500000000000007 0.06500000000000003 7.8550000000000013 6.5850000000000009 0.23855000000000001 -0.030000000000000002 0.38205000000000006 0.39120000000000005 0.52500000000000002 48.500000000000007 3.5000000000000004 5.0150000000000006 0.14500000000000005 7.455000000000001 7.705000000000001 6.9750000000000005 1.175 0.10554999999999996
decision_type=2 2 2 2 2 2 2 2 2 2 2 2 2 2 2 2 2 2 2 2 2 2 2 2 2 2 2 2 2 2
left_child=1 2 3 -1 5 -3 -7 -8 14 10 15 13 -12 17 -5 16 -10 22 -19 20 21 -20 23 -11 -17 -26 -27 -6 -2 -30
right_child=28 4 -4 8 27 6 7 -9 9 11 12 -13 -14 -15 -16 24 -18 18 19 -21 -22 -23 -24 -25 25 26 -28 -29 29 -31
leaf_value=0.071720093699111753 -0.025011562902476994 0.087333259317614667 -0.026272043242497618 -0.0053246569577436106 -0.018479714128101964 -0.044465176811699397 -0.037759055107677901 0.015724272064912021 -0.069836250581275933 0.010637477065889566 0.10056819564601774 0.089249962840386471 0.016496387088445134 -0.064992012816769404 0.079634907938017932 -0.0059034095911531335 0.031805054507178118 0.00097306394880267437 0.06185106303027435 0.0041277108470389899 0.0010625979135074628 0.16362681190288675 -0.009101028724789564 0.10564200304663683 -0.00063681684038228937 0.044814283021586118 -0.027454632092084475 0.059890154046063661 0.0052490958534761219 0.00012320172738703629
leaf_weight=4.4729686453938475 29.290611830540001 4.9155000410974017 38.037727024406195 1228.7689105197787 36.005317315459251 6.2292973063886157 7.1974861882627001 164.27663750573993 2.8706447295844546 3.4436642704531533 5.4119821935892132 4.9983920715749255 22.822044571861625 4.4180337041616431 3.4595436565577975 848.51839190814644 33.054896864108741 119.53182762209326 6.463301392272113 20.636662059463561 5.2838606759905806 3.6936876028776169 4.8133248314261428 6.737744178622961 3301.6028708005324 21.904091283679012 8.4395404458045942 3.334893509745597 835.07309363689274 29560.665347762406
leaf_count=27 1449 28 216 8101 232 86 40 910 18 18 29 31 128 31 23 5249 189 729 40 119 26 24 24 34 20251 96 38 17 11855 160008
internal_value=-4.68831e-06 -0.00126037 -0.00166003 -0.00149466 0.00900174 0.0134907 0.0114481 0.0134794 -0.00155255 -0.00056848 -0.00108141 0.0115256 0.0326115 0.00930588 -0.00508613 -0.00130702 0.0236834 0.0112299 0.00778396 0.0303498 0.0653956 0.0988628 0.0469908 0.0735086 -0.00152178 -0.00040595 0.024714 -0.0118363 0.000239694 0.000264027
internal_weight=36346.4 5921.34 5699.38 5661.35 221.959 182.619 177.703 171.474 5656.87 4424.64 4244.62 180.02 28.234 175.022 1232.23 4216.39 35.9255 170.604 155.609 36.0775 15.4408 10.157 14.9947 10.1814 4180.46 3331.95 30.3436 39.3402 30425 30395.7
internal_count=210066 36754 35441 35225 1313 1064 1036 950 35198 27074 25998 1076 157 1045 8124 25841 207 1014 938 209 90 64 76 52 25634 20385 134 249 173312 171863
is_linear=0
shrinkage=0.05


Tree=181
num_leaves=31
num_cat=0
split_feature=37 48 45 3 34 45 26 47 20 35 20 34 7 15 46 15 15 13 24 36 14 21 27 35 12 0 26 9 14 47
split_gain=4.34252 9.77903 13.175 10.0054 16.8398 13.4431 10.4402 10.3052 9.90688 11.0435 9.64935 14.1474 10.8377 13.1883 10.3499 9.79404 10.2019 9.6409 9.47607 8.62173 8.4408 12.9311 14.4325 12.1537 8.9474 8.10052 7.97013 11.4849 7.74867 7.67355
threshold=1.5000000000000002 2.5000000000000004 0.57235000000000014 27.500000000000004 6.1650000000000009 0.26479999999999998 -0.22999999999999995 3.5000000000000004 2.2550000000000012 0.14335000000000003 0.97999999999999987 6.5850000000000009 6.4650000000000007 0.0049999999999999845 6.8050000000000006 0.021666666666666678 0.016666666666666673 -1.4544999999999992 0.010000000000001121 6.9450000000000012 0.031033333333333333 0.020000000000000014 1.0000000180025095e-35 0.45955000000000007 0.18705000000000002 4.5000000000000009 -0.060000000000000046 6.3850000000000007 -0.05813333333333328 4.5000000000000009
decision_type=2 2 2 2 2 2 2 2 2 2 2 2 2 2 2 2 2 2 2 2 2 2 2 2 2 2 2 2 2 2
left_child=1 29 3 4 6 25 -3 17 9 -7 15 14 13 -13 -12 16 -11 -8 -18 20 -19 23 -23 24 -22 -6 27 -4 -21 -1
right_child=-2 2 26 -5 5 8 7 -9 -10 10 11 12 -14 -15 -16 -17 18 19 -20 28 21 22 -24 -25 -26 -27 -28 -29 -30 -31
leaf_value=0.0016037138496928867 -0.00059836396994682531 0.12570304254022555 -0.036826717970053234 -0.0027410372785098636 0.048163190564606745 0.11675499137805123 -0.02166964595130608 0.079877185666109726 -0.019595932087615897 0.017056640263106406 -0.034619876240837594 0.056085398673070157 0.012164754929222109 0.15238860562678028 0.056149508028931351 -0.025269098735582619 0.012695984917076873 -0.0037454576196363845 0.13806173870524716 0.042174101401476115 0.083696113187845755 0.026975244031012244 0.15827036371354264 0.096723477250677911 -0.0006383860533235292 -0.017665632483075022 -0.042213382558201888 0.081146988189156943 -0.038687218872258622 -0.0010216938902120149
leaf_weight=12548.567971037701 16672.022792728618 1.5711787845939387 4.9391895700246078 2929.9601360652596 5.2822836404666296 3.0929895797744384 64.966293243691325 3.6659180158749214 14.683136597275732 130.27114407438785 7.2736941874027234 9.0769816711545008 5.587610349059104 5.8438673801720133 5.5266648046672344 13.081863073632119 2.684062246233224 160.17461465299129 3.4381735324859619 3.4229458719491985 3.3161213696002951 6.1641292273998243 3.1691830083727837 3.7151942811906329 60.961342960596085 40.533605594187975 31.195275022648275 3.5426893383264542 22.033382337540388 3576.4171581510454
leaf_count=67352 94943 12 42 20448 54 32 2289 38 73 1485 42 60 30 33 30 304 21 1186 21 31 21 37 23 28 407 463 260 17 142 20142
internal_value=-4.66643e-06 0.000498437 -0.00187761 -0.0015537 0.00444912 0.0143603 -0.00288031 -0.00348959 0.0199425 0.0230658 0.0214804 0.0458168 0.0715606 0.0938033 0.00457058 0.0160574 0.0200211 -0.00442156 0.0830999 -0.000160236 0.00280385 0.0163702 0.0715573 0.00879472 0.00371249 -0.010076 -0.0305282 0.0124482 -0.0278143 0.00102142
internal_weight=36346.2 19674.2 3549.17 3509.5 579.536 246.376 333.16 331.589 200.56 185.877 182.784 33.3088 20.5085 14.9208 12.8004 149.475 136.393 327.923 6.12224 262.957 237.501 77.326 9.33331 67.9927 64.2775 45.8159 39.6772 8.48188 25.4563 16125
internal_count=210066 115123 27629 27310 6862 2648 4214 4202 2131 2058 2026 195 123 93 72 1831 1527 4164 42 1875 1702 516 60 456 428 517 319 59 173 87494
is_linear=0
shrinkage=0.05


Tree=182
num_leaves=31
num_cat=0
split_feature=4 13 47 12 48 28 36 44 36 26 3 30 3 7 9 14 45 15 7 45 48 15 34 8 19 23 44 34 8 23
split_gain=4.30316 13.9348 9.69309 9.55476 8.92757 11.8879 12.6569 12.6518 12.5236 12.8034 12.2686 12.941 10.0452 10.5482 9.9378 9.84674 9.49949 11.3384 9.20149 14.171 9.04829 13.9937 13.7294 15.7073 11.1214 10.3583 10.2288 9.97529 12.0659 11.6576
threshold=54.500000000000007 -1.5483333333333333 5.5000000000000009 0.52790000000000015 1.0000000180025095e-35 2.5000000000000004 6.6750000000000007 6.9750000000000005 6.6650000000000009 0.2050000000000001 23.500000000000004 1.0000000180025095e-35 24.500000000000004 1.2850000000000004 7.4750000000000005 -0.16133333333333327 0.44785000000000003 -0.020000000000000007 2.1050000000000004 0.36795000000000005 1.5000000000000002 -0.024499999999999991 7.5850000000000009 0.39085000000000009 0.020000000000000014 6.7750000000000012 3.9350000000000005 5.205000000000001 0.19580000000000003 6.6650000000000009
decision_type=2 2 2 2 2 2 2 2 2 2 2 2 2 2 2 2 2 2 2 2 2 2 2 2 2 2 2 2 2 2
left_child=4 2 3 -2 5 8 -7 -8 9 16 -10 18 13 -6 -15 -14 17 -1 19 -12 22 -22 27 24 -24 -26 -23 -17 29 -29
right_child=1 -3 -4 -5 12 6 7 -9 10 -11 11 -13 15 14 -16 20 -18 -19 -20 -21 21 26 23 -25 25 -27 -28 28 -30 -31
leaf_value=0.0060380538975048949 -0.014708314652064651 -0.00058297382038745066 0.016634950726778841 0.067274844237438722 -0.020953633976829148 0.0043254800105015671 -0.0051732285610009742 0.0040556140816882663 -0.0089611424933775056 0.068787412457996064 0.0030448402259453718 -0.027081897384469311 -0.007040891846018138 0.0054933068895084017 -0.05573079561765109 -0.0018941246428381916 0.010752098817715387 -0.011994816038978926 0.0019128108977028793 0.13539256049553589 -0.0052587734889618983 -0.005918695948373659 -0.020820110467373316 0.031053715347836755 -0.023319123512845531 0.074058555493331207 0.0010240926766852084 0.049283158619786348 0.002415948060759749 0.0098354732580279332
leaf_weight=106.44695391505957 296.99819158762693 8169.4127064868808 28.80564316175878 3.5969847552478305 39.325056998990476 515.43900359794497 3091.6019797762856 422.05838412884623 279.37756408005953 5.6723501980304709 5.2727231495082361 38.539945885539055 411.64386552385986 1650.0784747935832 6.6547735035419455 1206.8734705988318 70.033180266618729 481.31572473794222 5300.9069996960461 3.2812487483024597 1153.6293896138668 565.97271196357906 32.279936194419861 85.472200445830822 4.4520429298281652 7.0640538483858109 8468.0165388546884 19.809300400316715 3530.5662127397954 343.32048314716667
leaf_count=568 4658 45712 288 36 2172 2842 17090 2365 1607 28 43 190 2419 15536 33 6243 338 2285 25264 27 7873 3057 176 415 26 46 48675 124 17585 2345
internal_value=-4.72955e-06 -0.000989518 -0.0110722 -0.0137273 0.000295845 -0.000870842 -0.00299132 -0.00406467 0.000487263 -0.00600989 0.00125328 0.00178687 0.000982866 0.00463988 0.00524738 0.000591024 -0.00665489 -0.00872897 0.00199643 0.0538126 0.000794795 -7.30752e-05 0.00248539 0.0185776 -0.00577075 0.036413 0.000589132 0.00207755 0.00330859 0.0119874
internal_weight=36343.9 8498.81 329.401 300.595 27845.1 10319.9 4029.1 3513.66 6290.85 663.468 5627.38 5348 17525.2 1696.06 1656.73 15829.1 657.796 587.763 5309.46 8.55397 15417.5 10187.6 5229.84 129.268 43.796 11.5161 9033.99 5100.57 3893.7 363.13
internal_count=210066 50694 4982 4694 159372 52647 22297 19455 30350 3219 27131 25524 106725 17741 15569 88984 3191 2853 25334 70 86565 59605 26960 663 248 72 51732 26297 20054 2469
is_linear=0
shrinkage=0.05


Tree=183
num_leaves=31
num_cat=0
split_feature=8 2 26 23 15 3 12 23 24 9 24 35 12 31 7 44 14 14 13 8 20 2 44 8 24 11 45 26 11 35
split_gain=4.42237 11.469 12.3579 10.6067 8.58327 10.454 8.39193 12.4224 10.1316 9.30873 8.82387 9.12374 9.70416 12.2323 10.4331 9.62 9.65134 8.30166 9.96855 10.9486 9.65725 9.42046 9.0285 8.79003 9.95307 8.45761 9.42173 9.8663 10.4438 10.0945
threshold=0.35740000000000005 2.5000000000000004 0.074999999999999747 6.785000000000001 -0.0049999999999999619 56.500000000000007 0.34625 6.8150000000000004 -0.009999999999999341 5.4250000000000007 0.013333333333334087 0.40040000000000003 0.31590000000000001 1.5000000000000002 5.4750000000000005 5.6250000000000009 -0.001283333333333275 -0.050008333333333342 0.16500000000000029 0.16990000000000002 3.3950000000000009 2.5000000000000004 3.9050000000000007 0.35375000000000001 0.041666666666667414 0.26685000000000009 0.38195000000000001 0.024999999999999915 0.55590000000000017 0.41055000000000003
decision_type=2 2 2 2 2 2 2 2 2 2 2 2 2 2 2 2 2 2 2 2 2 2 2 2 2 2 2 2 2 2
left_child=17 2 4 -4 -2 6 7 9 -8 -6 11 12 13 14 -11 16 -14 -1 21 -20 25 -19 -22 -23 -25 -21 -27 29 -29 -28
right_child=1 -3 3 -5 5 -7 8 -9 -10 10 -12 -13 15 -15 -16 -17 -18 18 19 20 22 23 -24 24 -26 26 27 28 -30 -31
leaf_value=-0.0013999570783880585 0.0018245389739577568 -0.00012151241008601145 0.0047551706179914431 -0.020046555804796876 -0.02158861103331837 -0.027465694103304905 -0.0099742523415454545 -0.00044693804306770828 0.0063867464096639655 -0.0040567909827648315 -0.019663952741776326 -0.023649387845675988 0.056483642452251959 0.00090549439311180717 0.084020424319591877 -0.053265584377080878 -0.03871789075242682 -7.2971716441354298e-05 0.023826851469599564 0.011622675024366929 -0.055444089722339822 0.0054610823565582637 -0.0071111516606698942 -0.0062012167669565597 -0.066324294734562431 0.0010479307230567647 0.0001750424562495822 0.017874314747060707 -0.055532475692095788 0.020699037194973211
leaf_weight=4426.2638825643808 658.65130692347884 14764.010665424168 55.357272505760193 194.8083363417536 197.55944436229765 51.224042564630508 140.90535516291857 278.50766962394118 288.08451434969902 4.4659841358661678 51.280396103858948 17.3637685328722 6.8189147487282762 14.765325397253035 13.604259833693503 7.7131358161568633 4.3672133982181558 10759.506801892538 65.24330910295248 296.87133378535509 11.026438191533087 1182.3526317626238 78.084485843777657 50.022516325116158 7.9819843322038642 2045.2531805410981 369.4302544221282 224.41003436595201 4.9522909075021735 71.506769724190235
leaf_count=31438 3450 70404 288 1074 994 253 747 1422 1391 23 241 89 33 74 68 39 21 76516 300 1381 50 6612 359 275 42 9405 1675 1055 23 324
internal_value=-4.77408e-06 -0.000601314 -0.00416912 -0.0145584 -0.00267139 -0.00542179 -0.00432062 -0.00815667 0.00101284 -0.0149102 -0.00395008 0.00771171 0.0182374 0.0346663 0.0622525 -0.0103061 0.0193157 0.000505193 0.0010612 0.00355648 0.00313008 0.000402687 -0.0130918 0.0045288 -0.0144747 0.00360994 0.00273397 0.00787849 0.0162893 0.00350342
internal_weight=36342.4 16749.5 1985.48 250.166 1735.31 1076.66 1025.44 596.446 428.99 317.938 120.379 69.0986 51.7348 32.8356 18.0702 18.8993 11.1861 19592.9 15166.6 3166.78 3101.53 11999.9 89.1109 1240.36 58.0045 3012.42 2715.55 670.299 229.362 440.937
internal_count=210066 80611 10207 1362 8845 5395 5142 3004 2138 1582 588 347 258 165 91 93 54 129455 98017 14572 14272 83445 409 6929 317 13863 12482 3077 1078 1999
is_linear=0
shrinkage=0.05


Tree=184
num_leaves=31
num_cat=0
split_feature=13 8 7 20 6 7 27 23 11 8 20 7 27 35 10 48 8 16 44 8 40 13 15 10 35 35 13 34 22 3
split_gain=4.32806 6.89241 11.5333 8.55686 7.33265 7.26925 6.90573 6.71979 7.71577 6.62495 6.44675 9.11452 8.65244 6.0817 7.68519 5.61553 5.45623 8.25787 8.31276 8.0446 11.2667 10.434 9.90948 9.42587 9.35202 8.52508 10.4576 9.28607 9.96341 9.83727
threshold=2.3658333333333341 0.64415000000000011 7.6650000000000009 1.0299999999999998 0.16500000000000004 7.8950000000000005 0.010000000000000233 6.7250000000000005 0.41190000000000004 0.55920000000000003 2.4450000000000007 7.245000000000001 -0.020000000000000014 0.39175000000000004 0.52650000000000008 2.5000000000000004 0.49840000000000007 2.5000000000000004 6.1850000000000014 0.32945000000000002 -2.4999999999999996 0.085500000000000589 0.038333333333333316 0.41390000000000005 0.36145000000000005 0.30335000000000001 0.99333333333333373 6.2150000000000007 4.8450000000000015 33.500000000000007
decision_type=2 2 2 2 2 2 2 2 2 2 2 2 2 2 2 2 2 2 2 2 2 2 2 2 2 2 2 2 2 2
left_child=16 2 3 9 7 -3 -6 8 13 -2 12 -12 -9 14 -5 -13 17 18 19 20 23 -21 -22 -1 -24 26 -23 28 -27 -30
right_child=1 5 -4 4 6 -7 -8 10 -10 -11 11 15 -14 -15 -16 -17 -18 -19 -20 21 22 25 24 -25 -26 27 -28 -29 29 -31
leaf_value=0.030367576919851386 0.053166338660261075 0.0052878572807502251 0.053697081160397835 -0.00061888877896952858 0.053000646057497408 -0.052942452013572089 -0.012144732551122259 0.012439232715573879 0.074306305967258998 -0.009576189699763581 -0.016167632046496617 0.050264377441423369 -0.051434165081173558 -0.034159262423561897 0.069077559516429729 -0.0042046456959663331 -0.0017799259663084516 -0.00030159418423749665 0.0048228336606446556 -0.027524618954881831 0.0041694929817165625 -0.0063061381469226158 -0.042399284917036692 -0.02735602709045637 0.017160396817399167 0.0003249418147240658 0.0012345231003934075 0.005445010336943279 0.025452998877778854 -0.038092337708054057
leaf_weight=63.075717732310295 15.630808398127558 13.094629615545275 14.522540107369421 12.78237511217595 12.242774665355684 9.0732290297746641 6.0923855155706397 7.6842526942491558 4.9461674541234961 5.7567683011293402 34.617995589971542 10.950061216950418 17.102129057049751 6.8632480204105368 5.7275029718875876 8.3326613903045637 4022.076903745532 23778.618083585985 1555.7570576444268 34.217139333486557 1030.3783011361957 941.31528362631798 21.816119804978374 7.9652906060218802 9.4439335986971837 2673.2391542941332 898.80796122550964 1080.2257244959474 7.6084251105785361 30.525993585586548
leaf_count=274 65 54 60 52 51 37 25 32 21 24 142 45 70 28 24 34 18813 152960 6945 183 4775 4388 100 34 44 12050 3807 4771 31 127
internal_value=-4.72076e-06 0.00761481 0.0111671 0.00701431 0.00209929 -0.0185456 0.0313542 -0.00282146 0.0171778 0.0362783 -0.0105275 -0.000822417 -0.0316322 0.00604134 0.0209473 0.0267266 -4.37971e-05 0.000173514 0.00152579 0.000771311 0.00461806 2.3049e-06 0.00332809 0.0238955 -0.0244058 0.000169553 -0.0026229 0.00152478 -3.70668e-05 -0.025414
internal_weight=36340.5 185.42 163.252 148.729 127.342 22.1679 18.3352 109.006 30.3193 21.3876 78.6871 53.9007 24.7864 25.3731 18.5099 19.2827 36155.1 32133 8354.38 6798.62 1132.68 5665.94 1061.64 71.041 31.2601 5631.72 1840.12 3791.6 2711.37 38.1344
internal_count=210066 764 673 613 524 91 76 448 125 89 323 221 102 104 76 79 209302 190489 37529 30584 5227 25357 4919 308 144 25174 8195 16979 12208 158
is_linear=0
shrinkage=0.05


Tree=185
num_leaves=31
num_cat=0
split_feature=8 13 10 34 8 35 26 26 14 8 35 2 2 36 13 15 21 13 10 19 17 25 35 20 11 45 6 11 18 14
split_gain=4.28698 10.5733 9.29504 9.0176 8.92889 11.7812 11.9668 9.46496 8.84822 8.82534 12.7321 8.51302 8.04346 8.93563 10.7758 10.7291 9.67318 8.97066 8.76895 8.74873 12.2134 9.75499 9.50743 10.8771 12.9043 9.72229 11.8211 9.50004 13.7756 12.1847
threshold=0.26505000000000006 -0.8116666666666662 0.10065000000000002 4.285000000000001 0.26340000000000002 0.31525000000000009 -0.010000000000000229 0.055000000000000167 -0.029049999999999989 0.035849999999999958 0.31265000000000004 2.5000000000000004 2.5000000000000004 6.8750000000000009 -0.56333333333333313 0.03333333333333334 0.12500000000000003 -0.73666666666666603 0.34139999999999998 0.039999999999999994 1.5000000000000002 4.5000000000000009 0.26125000000000004 -0.79000000000000015 0.21284999999999996 0.38815000000000005 0.19500000000000003 0.23104999999999992 1.5000000000000002 0.0027000000000000084
decision_type=2 2 2 2 2 2 2 2 2 2 2 2 2 2 2 2 2 2 2 2 2 2 2 2 2 2 2 2 2 2
left_child=1 -1 9 11 -5 -6 -7 -8 -9 10 -3 -4 13 15 17 16 19 -15 -16 21 -21 27 23 24 -22 -26 -27 28 -2 -29
right_child=12 2 3 4 5 6 7 8 -10 -11 -12 -13 -14 14 18 -17 -18 -19 -20 20 22 -23 -24 -25 25 26 -28 29 -30 -31
leaf_value=-0.00091087715122371556 0.029406948266312793 -0.011080232185080375 -0.003178239009207546 0.0037472658721516548 -0.0044113698748159064 0.068824001947754204 0.0029905171937928661 0.10755843594612334 0.016433354802259648 -0.0018832634561246301 0.12283377777611673 0.026318379441875484 0.00023713336875111303 -0.0062594733390851564 -0.00044752874709014928 -0.013312697248798256 -0.014794459865713911 -0.024510208250110938 -0.0083263722960127129 -0.010112320802446485 -0.012263601235934521 -0.0039062220462282257 0.0060383669030307377 0.0066928874158700014 0.080399953979940389 -0.036879472095561749 0.083294617028234985 -0.0035887912206458727 0.003948557988196569 0.0026943644209784334
leaf_weight=4909.9618778168224 63.402337767183781 3.6525696218013755 663.41338522359729 4063.5443454086781 31.649100333452225 16.953020818531513 27.757593303918839 4.9274516180157661 5.7990186959505063 1279.1089544035494 3.4528778456151485 25.397752948105335 17407.616423383355 162.78142663650215 1039.5865956693888 165.452123016119 114.47285377979279 114.82135267555714 534.84131344407797 101.32183322682977 7.6129195094108573 1677.5995462834835 412.05930316820741 36.977254718542099 19.592961668968204 4.6629431471228582 3.6466779112815857 1427.9217646718025 328.16032388806343 1678.7836104370654
leaf_count=48254 330 22 3746 22695 171 91 144 30 33 7404 22 132 84029 1192 5444 860 561 778 2714 552 49 10031 2355 197 111 28 22 7689 1761 8619
internal_value=-4.52437e-06 0.000817803 0.00220341 0.00320751 0.00408676 0.019928 0.0338234 0.0184049 0.0582938 -0.00157457 0.053995 -0.00209064 -0.000363197 -0.00168708 -0.00472549 -0.000755675 -0.000402117 -0.0138083 -0.00312401 -0.000116173 0.00567485 -0.000771678 0.00897601 0.025674 0.0454363 0.0611791 0.0158589 0.000731497 0.00807081 -0.000193536
internal_weight=36336.9 11035.6 6125.66 4839.44 4150.63 87.0862 55.4371 38.4841 10.7265 1286.21 7.10545 688.811 25301.3 7893.7 1852.03 6041.67 5876.21 277.603 1574.43 5761.74 585.874 5175.87 484.552 72.4928 35.5155 27.9026 8.30962 3498.27 391.563 3106.71
internal_count=210066 82744 34490 27042 23164 469 298 207 63 7448 44 3878 127322 43293 10128 33165 32305 1970 8158 31744 3314 28430 2762 407 210 161 50 18399 2091 16308
is_linear=0
shrinkage=0.05


Tree=186
num_leaves=31
num_cat=0
split_feature=8 16 13 44 22 0 0 41 46 22 31 10 36 36 5 19 45 7 22 10 27 7 24 35 44 45 25 12 9 9
split_gain=4.25901 10.3876 10.0919 8.50598 8.99876 8.50143 12.2749 10.8446 10.4046 8.8376 8.72218 8.67366 8.04056 8.4961 11.3242 8.03856 8.54356 8.68753 9.69523 10.5441 9.01599 9.21009 8.20056 8.57094 7.87014 8.4149 11.0231 7.74969 8.89666 7.50311
threshold=0.44690000000000002 1.5000000000000002 1.779166666666667 5.2250000000000005 4.8450000000000015 5.5000000000000009 1.5000000000000002 5.5000000000000009 6.6650000000000009 1.6950000000000001 5.5000000000000009 0.39480000000000004 7.0950000000000006 6.995000000000001 1.0000000180025095e-35 -0.025000000000000005 0.46915000000000001 6.035000000000001 1.7600000000000007 0.51315000000000011 -0.055000000000000153 6.8650000000000011 -0.059999999999999158 0.47940000000000005 3.9350000000000005 0.35165000000000002 4.5000000000000009 0.33265000000000006 5.5450000000000008 5.955000000000001
decision_type=2 2 2 2 2 2 2 2 2 2 2 2 2 2 2 2 2 2 2 2 2 2 2 2 2 2 2 2 2 2
left_child=1 2 5 4 -3 6 11 8 9 27 -8 -1 13 15 -15 16 17 18 19 22 -19 -22 -10 -24 25 -4 -27 -7 -29 -2
right_child=29 3 24 -5 -6 7 10 -9 12 -11 -12 -13 -14 14 -16 -17 -18 20 -20 -21 21 -23 23 -25 -26 26 -28 28 -30 -31
leaf_value=0.03294206889190527 -0.0035014719474619955 -0.0010456215995697739 -0.019432043163669144 0.00074285048510818992 -0.035735071985876776 0.051197663358738432 -0.010805669099817538 -0.013394814513387927 -0.045430386726288186 -0.0043126513929180529 0.048924600985923453 -0.0069728082759840122 -0.057350557646871692 0.0093844137606126712 0.066728508234015382 0.0012981394604049726 0.045038595295305246 -0.011311784114510373 -0.029874507260889596 -0.042631347044888419 0.02943886679857155 -0.031203651476622712 0.018520887452020986 -0.048002965904740055 0.024711670546341703 0.069575240504672092 -0.019606053491711531 0.048214036897915986 -0.0061597219594595586 -9.4271617285780426e-05
leaf_weight=33.240155875682831 2202.5185092622414 9820.1165688568726 24.731126621365547 16640.676857716404 18.730764359235764 29.859082251787186 239.827557310462 75.216961562633514 5.9907408207654944 21.473089292645454 6.2717297673225394 23.047423511743546 5.1731609255075446 26.655235752463341 12.716728813946245 677.02061181515455 17.758297398686409 20.327895119786263 22.108723789453506 9.9682599008083326 91.264036491513252 6.722255364060401 89.004548475146294 5.120426505804061 98.280941396951675 7.6349092721939069 6.3441169559955597 12.542939037084581 18.796864002943039 6065.5739725008607
leaf_count=147 10445 61082 101 103267 83 133 1059 333 31 90 28 100 24 118 57 2991 77 84 95 44 396 28 401 23 402 31 26 56 83 28231
internal_value=-4.53932e-06 0.000289274 0.00421831 5.37798e-05 -0.00111166 0.00299284 -0.00446567 0.00495792 0.00624504 0.0232857 -0.00928347 0.0165986 0.00482178 0.00514842 0.027906 0.00420055 0.0115254 0.00914963 0.000340702 0.00640898 0.0189919 0.0252785 0.0112918 0.014902 0.0171904 -0.00190541 0.029102 0.0329692 0.015602 -0.00100191
internal_weight=36334.7 28066.6 1587.1 26479.5 9838.85 1450.11 302.387 1147.72 1072.5 82.672 246.099 56.2876 989.831 984.658 39.372 945.286 268.265 250.507 132.193 110.084 118.314 97.9863 100.116 94.125 136.991 38.7102 13.979 61.1989 31.3398 8268.09
internal_count=210066 171390 6958 164432 61165 6398 1334 5064 4731 362 1087 247 4369 4345 175 4170 1179 1102 594 499 508 424 455 424 560 158 57 272 139 38676
is_linear=0
shrinkage=0.05


Tree=187
num_leaves=31
num_cat=0
split_feature=40 38 1 30 3 10 39 40 12 40 31 45 20 26 10 15 46 45 10 24 30 48 12 12 11 36 21 10 27 44
split_gain=4.2256 13.4607 12.6235 10.2872 8.97583 8.9043 11.2542 16.0435 8.80834 8.49141 11.7189 10.0503 9.56904 10.4762 10.0271 9.18066 8.9102 10.1111 10.4959 9.46723 8.85999 8.80875 8.58016 9.25077 9.90009 9.91233 9.83737 9.12777 11.2444 10.3685
threshold=1.0000000180025095e-35 1.0000000180025095e-35 2.5000000000000004 1.5000000000000002 27.500000000000004 0.49864999999999998 -1.4999999999999998 -2.4999999999999996 0.32805000000000001 1.5000000000000002 1.5000000000000002 0.35254999999999997 1.8300000000000005 -0.19499999999999981 0.56275000000000008 -0.049999999999999968 7.0250000000000012 0.36724999999999997 0.23829999999999998 0.073333333333333708 -1.4999999999999998 1.0000000180025095e-35 0.32735000000000009 0.44465000000000005 0.35185000000000005 6.8050000000000006 0.025000000000000012 0.44475000000000003 0.039999999999999598 4.6150000000000011
decision_type=2 2 2 2 2 2 2 2 2 2 2 2 2 2 2 2 2 2 2 2 2 2 2 2 2 2 2 2 2 2
left_child=2 9 4 -3 -1 6 7 -6 -4 11 -11 12 13 -2 -14 -12 -13 18 -18 -19 -16 -17 27 -24 25 26 -25 -15 29 -29
right_child=1 3 8 -5 5 -7 -8 -9 -10 10 15 16 14 22 20 21 17 19 -20 -21 -22 -23 23 24 -26 -27 -28 28 -30 -31
leaf_value=-0.0046674191498080912 0.052268146612586365 0.0075284039251837537 -0.0074889125773319361 -0.0084368822870135619 0.0036983567803970906 -0.0041049932999579894 0.0058653027174220039 -0.0040806610025144437 -0.0012025598081475287 0.00023214597989152072 -0.019461793440529476 0.0042512766359949529 -0.014466967791614159 0.0011535959936433769 -0.039384395066621614 -0.0098121282701817015 -0.050652478902717138 -0.023269552996420053 0.052830143056234985 0.031636993539842263 0.026259897081484747 -0.0016855397526173693 -0.0031485004763000695 0.035209100957700391 -0.0057324681494439313 0.0013623730545429451 -0.0096150709261480661 0.030580053902592681 0.026341917119926742 0.0013607542997123038
leaf_weight=792.35161957703531 9.7590277269482595 941.82310876250267 1068.9785409718752 113.0044898269698 1458.9361591823399 700.80378324538469 1280.1360012665391 1214.6362319774926 1163.9945731833577 15456.464404313359 78.890417070128024 2905.0120208840817 193.36508576571941 1491.1667380277067 6.2535542845726004 359.33316704537719 3.1941874474287024 75.497333845123649 10.522088289260862 8.7619479447603208 28.871520563960075 4630.2885053856298 1748.5242647174746 66.470842532813549 91.652767088264227 70.636775899678469 15.003141511231659 34.913388982415199 81.898391392081976 232.85242854058743
leaf_count=4462 47 5724 6447 792 7168 3157 6606 6277 6926 95044 915 14328 817 7629 26 2249 20 370 48 39 119 29465 8652 327 439 351 78 150 375 1019
internal_value=-4.41531e-06 0.000274736 -0.00104595 0.00581803 0.00025198 0.00108942 0.00201015 0.000164255 -0.00421199 6.28752e-05 -0.000452013 0.00155673 -6.18089e-05 0.000529262 -0.0100028 -0.00253836 0.0037511 -0.0110793 0.0287316 -0.0175599 0.0145728 -0.00227079 0.000397536 -0.00187637 0.00724866 0.0150703 0.0269549 0.00285853 0.0101293 0.00517059
internal_weight=36334 28654.2 7679.84 1054.83 5446.86 4654.51 3953.71 2673.57 2232.97 27599.3 20525 7074.36 4071.37 3842.88 228.49 5068.51 3002.99 97.9756 13.7163 84.2593 35.1251 4989.62 3833.12 1992.29 243.764 152.111 81.474 1840.83 349.664 267.766
internal_count=210066 169023 41043 6516 27670 23208 20051 13445 13373 162507 127673 34834 20029 19067 962 32629 14805 477 68 409 145 31714 19020 9847 1195 756 405 9173 1544 1169
is_linear=0
shrinkage=0.05


Tree=188
num_leaves=31
num_cat=0
split_feature=4 12 24 26 27 21 42 44 46 36 3 26 14 27 44 36 8 15 20 24 7 33 13 13 45 8 41 19 24 0
split_gain=4.13797 8.60371 8.52029 8.25171 7.65068 9.34302 11.1472 7.67734 7.45206 10.3047 8.50677 7.32333 12.0278 10.1979 10.7677 9.59463 9.0441 11.5496 11.6456 9.78977 10.548 9.06201 8.26394 8.03528 7.78411 7.48167 7.26328 7.23255 7.18011 9.35588
threshold=50.500000000000007 0.49290000000000006 0.12500000000000047 -0.22500000000000006 0.12500000000000003 0.025000000000000012 1.5000000000000002 6.9750000000000005 6.6750000000000007 6.7150000000000007 21.500000000000004 -0.10000000000000007 0.20275833333333335 -1.0000000180025095e-35 5.8050000000000006 6.7950000000000008 0.48805000000000004 -0.0083333333333333228 0.42999999999999988 0.0016666666666673715 4.5750000000000011 0.17500000000000002 -0.59666666666666635 -0.23500000000000007 0.26330000000000003 0.42910000000000004 3.5000000000000004 0.015000000000000001 -0.063333333333333894 13.500000000000002
decision_type=2 2 2 2 2 2 2 2 2 2 2 2 2 2 2 2 2 2 2 2 2 2 2 2 2 2 2 2 2 2
left_child=1 2 3 -1 5 6 -3 26 -8 27 -11 -12 13 14 22 -16 17 24 19 20 21 -19 -13 -22 -15 -17 -7 -10 29 -5
right_child=-2 4 -4 28 -6 7 8 -9 9 10 11 12 -14 16 15 25 -18 18 -20 -21 23 -23 -24 -25 -26 -27 -28 -29 -30 -31
leaf_value=0.06532807251214312 0.00023093846380511712 0.086435104017498279 -0.025303190129730174 -0.0013471033625323833 0.066879034725846637 -0.005354549159659573 0.056798440649747553 0.055949933256532317 -0.036125161646639488 -0.050035117815166223 0.064364629902171247 0.045830371442833258 -0.057494970505155486 0.05118175658141471 0.070665110222153035 0.032539293676043961 -0.0267762880396425 -0.041882444861080087 0.017182839481248584 0.11085833863440769 0.022792384006700403 0.065506167924017242 -0.032440321281432476 0.11191108542107467 -0.021381173580486145 -0.040182828670221986 -0.053219597206632767 0.029661917264232382 -0.0010399694806150969 -0.018200828311715399
leaf_weight=4.6245923060923806 30416.382745609153 4.8554358519613734 37.634546752087772 192.01548244897276 5.4613327383995047 21.704702718183398 7.9901851005852214 3.3998512625694266 19.738889224827293 5.2216567732393733 7.1191083155572406 3.903475631959739 5.8954788520932189 5.1713958643376783 7.4916595146060017 8.1260738000273687 6.9221225380897513 4.6410754267126446 20.052188105881214 8.7768762242048961 4.0040515810251236 3.4063112456351519 24.783346071839333 6.8673496767878515 12.953520966693757 6.2623614370822898 12.484485084190963 5.2994853667914859 5314.0318014044315 144.17042767908424
leaf_count=27 173312 27 216 1381 32 141 45 17 108 78 36 26 31 38 38 43 35 38 101 51 26 26 116 33 86 29 81 31 32788 1029
internal_value=-4.37495e-06 -0.00121441 -0.00159145 -0.00143364 0.0084303 0.00695977 0.0117069 -0.0157072 0.00962913 0.00736737 0.0125959 0.0149939 0.0122747 0.015609 -0.00163952 0.0247794 0.0275907 0.0333038 0.046203 0.0672141 0.0469665 0.00357319 -0.0217899 0.0790877 -0.00067754 0.000888026 -0.0228329 -0.022201 -0.00148828 -0.00857468
internal_weight=36331.4 5915.01 5692.48 5654.84 222.532 217.071 179.482 37.589 174.627 166.636 141.598 136.376 129.257 123.362 50.5669 21.8801 72.7949 65.8728 47.7479 27.6957 18.9188 8.04739 28.6868 10.8714 18.1249 14.3884 34.1892 25.0384 5650.22 336.186
internal_count=210066 36754 35441 35225 1313 1281 1042 239 1015 970 831 753 717 686 252 110 434 399 275 174 123 64 142 59 124 72 222 139 35198 2410
is_linear=0
shrinkage=0.05


Tree=189
num_leaves=31
num_cat=0
split_feature=20 4 3 12 4 8 13 44 35 20 35 26 8 4 19 10 15 20 22 20 44 0 4 10 14 34 46 27 16 44
split_gain=4.08982 6.66776 7.20308 8.69835 8.28331 4.82761 11.5262 9.53116 9.34129 9.96286 9.17169 8.69048 9.39931 10.466 9.83208 17.9064 12.2288 8.25125 7.79859 7.41735 8.66234 7.41593 7.31281 6.97955 7.25848 14.7051 8.02729 6.89229 6.82531 8.95299
threshold=-4.5549999999999988 53.500000000000007 25.500000000000004 0.25355000000000005 47.500000000000007 0.21290000000000001 -0.155 6.9650000000000007 0.31935000000000008 -1.6999999999999993 0.34525000000000006 -0.084999999999999951 0.20979999999999996 53.500000000000007 -0.030000000000000002 0.25070000000000009 0.0049999999999999637 -2.2849999999999988 2.8150000000000008 0.64500000000000013 4.1550000000000011 19.500000000000004 59.500000000000007 0.44414999999999999 0.091216666666666654 5.6250000000000009 6.745000000000001 -0.084999999999999951 2.5000000000000004 3.6850000000000005
decision_type=2 2 2 2 2 2 2 2 2 2 2 2 2 2 2 2 2 2 2 2 2 2 2 2 2 2 2 2 2 2
left_child=1 2 -1 -4 -5 6 18 8 11 10 -10 19 14 21 15 16 -13 -16 -2 20 -8 -14 -11 24 -19 26 -26 -22 -7 -30
right_child=5 -3 3 4 -6 28 7 -9 9 22 -12 12 13 -15 17 -17 -18 23 -20 -21 27 -23 -24 -25 25 -27 -28 -29 29 -31
leaf_value=-0.012273089533960852 0.00061035541160419152 -0.03887250775546245 0.10135474091987098 0.069051561689528848 -0.038147763108402802 0.00069303154886289013 0.10159069855524856 0.065251473754470532 0.0294154326071174 0.014460869329954698 -0.030335791361983933 0.06558231923516307 0.027410417626382074 0.07920549503562474 0.042459965363713367 0.10910506710920982 -0.029040342792407477 -0.010575872596095118 -0.024844972932579083 -0.017714683488995638 0.074444429689319053 -0.048976328349910947 -0.02898735791923765 -0.066911215730913756 0.081586553994829475 -0.039400700360764367 0.016679745648856444 -0.0039205697754659255 -0.0078286343589324299 -0.00067966548243899433
leaf_weight=44.465433407574892 5645.6227044016123 17.375021151266992 3.268384072929619 2.9582466930150986 4.6105383848771453 11684.518409907818 5.019917428493506 6.9477571845054618 8.6510600596666318 395.5193543061614 24.929707750678062 5.0681096762418774 11.406439967453482 7.1007610559463492 8.1615147590637189 5.1898528933525077 10.465558990836142 224.75345154851675 30.24958460777998 6.1410858482122412 4.3290930837392843 4.4042266085743895 9.9276454523205739 5.0318061560392371 6.9247050285339418 8.8148455172777158 15.262944437563418 7.9740294888615555 449.07936887070537 17666.403214958496
leaf_count=1597 49001 651 26 22 51 52361 24 32 39 1964 119 25 57 34 36 25 53 1127 188 29 19 23 54 24 33 41 75 37 2477 99822
internal_value=-4.33919e-06 -0.0118535 -0.00336462 0.0331873 0.00375091 1.9412e-05 0.00125877 0.00694958 0.00642696 0.0112293 -0.0149427 0.000152933 -0.00205004 0.0287792 -0.00448845 0.0286966 0.00183183 -0.00704548 0.000474691 0.0295005 0.0462385 0.00613209 0.013397 -0.00859478 -0.00744745 0.0152321 0.036937 0.0236537 -0.000249167 -0.000856887
internal_weight=36330.6 72.6776 55.3026 10.8372 7.56879 36257.9 6457.9 782.024 775.076 439.028 33.5808 336.048 312.584 22.9114 289.673 20.7235 15.5337 268.949 5675.87 23.4641 17.323 15.8107 405.447 260.788 255.756 31.0025 22.1876 12.3031 29800 18115.5
internal_count=210066 2347 1696 99 73 207719 53059 3870 3838 2176 158 1662 1553 114 1439 103 78 1336 49189 109 80 80 2018 1300 1276 149 108 56 154660 102299
is_linear=0
shrinkage=0.05


Tree=190
num_leaves=31
num_cat=0
split_feature=34 24 26 13 24 15 36 24 23 8 9 12 12 14 13 35 45 10 27 43 4 14 36 8 0 12 47 0 15 28
split_gain=4.17912 9.05309 8.21975 8.55767 8.34093 8.34313 7.29811 8.31811 8.03477 9.99385 9.8088 8.49774 8.26329 7.33357 7.6656 7.09315 8.60843 9.44212 8.01545 9.41283 10.9373 11.922 15.327 9.94156 13.0612 8.11534 7.02031 6.88212 9.11458 6.87006
threshold=4.4050000000000011 0.14500000000000005 -0.015000000000000123 2.0250000000000012 -0.0033333333333334099 -0.051666666666666645 6.8650000000000011 -0.0033333333333316335 6.8350000000000009 0.22125000000000003 4.6450000000000005 0.45840000000000009 0.43250000000000005 -0.099541666666666681 1.9291666666666669 0.27105000000000007 0.22179999999999997 0.19530000000000003 0.020000000000000021 0.15500000000000003 56.500000000000007 -0.027000000000000048 6.8950000000000005 0.30240000000000006 14.500000000000002 0.33265000000000006 3.5000000000000004 19.500000000000004 0.02 4.5000000000000009
decision_type=2 2 2 2 2 2 2 2 2 2 2 2 2 2 2 2 2 2 2 2 2 2 2 2 2 2 2 2 2 2
left_child=1 2 4 -4 5 -1 7 -6 9 10 -8 12 13 -10 27 16 17 -7 19 25 21 -21 23 -23 -25 -17 -16 -15 -29 -19
right_child=-2 -3 3 -5 6 15 8 -9 11 -11 -12 -13 -14 14 26 18 -18 29 -20 20 -22 22 -24 24 -26 -27 -28 28 -30 -31
leaf_value=0.067403568356094359 0.00017491383548395986 0.039753458624491235 -0.00059594931633116018 0.015676913416702323 0.055780058290630499 -0.065668947267081598 -0.006550850062575643 -0.0010047770331367625 -0.035045114190473799 -0.033748637966610082 0.096894370451393097 -0.043282669981685111 0.051951637487713469 0.0063525604688388117 -0.078045671197478086 -0.048399706209761778 -0.051183303596200484 -0.013322880258683249 -0.022684920549432247 -0.025222591933556738 0.094392271925160476 0.0056202176187457381 -0.052268834255260813 0.10748741344416801 0.014183288719254223 0.0060528451074053687 -0.0024405523545704801 -0.024885792661666153 0.026978335724674105 0.072290897777573332
leaf_weight=3.0753999138250938 32678.494595482945 13.181106435135005 2285.7062039924785 83.752175852656364 6.5062386048957697 4.0809875894337884 16.037504395470027 734.47715966403484 18.034381375648081 58.518780075013638 2.6736099869012824 13.755682825110851 6.6838150583207598 142.15929534751922 6.121671110391615 15.319854968227448 26.234420526772738 5.1915390789508802 75.486547562293708 19.569349894300103 3.7200153907760969 12.135162432678046 5.476235573180019 8.4966801330447179 6.7150603011250487 12.365189473144708 6.1600262075662613 43.028544439002872 10.547712037339805 4.2709096074104309
leaf_count=26 189117 66 13395 343 38 29 128 4078 100 270 14 75 36 797 25 96 166 28 431 128 26 96 37 42 33 83 25 257 57 24
internal_value=-4.30198e-06 -0.00160905 -0.00175899 -2.07598e-05 -0.0050101 -0.0143213 -0.00324234 -0.000506175 -0.00950529 -0.0235781 0.00823032 -0.00509606 -0.00283906 -0.00445909 -0.00180739 -0.0155839 -0.0344709 -0.00209788 -0.0108673 -0.000221812 0.011549 0.00566692 0.0240834 0.039373 0.0662993 -0.0240791 -0.0401251 0.000596906 -0.0146752 0.0253192
internal_weight=36328 3649.48 3636.3 2369.46 1266.84 202.137 1064.7 740.983 323.721 77.2299 18.7111 246.491 232.735 226.052 208.017 199.062 39.7779 13.5434 159.284 83.7975 56.1125 52.3925 32.8231 27.3469 15.2117 27.685 12.2817 195.736 53.5763 9.46245
internal_count=210066 20949 20883 13738 7145 1245 5900 4116 1784 412 142 1372 1297 1261 1161 1219 247 81 972 541 362 336 208 171 75 179 50 1111 314 52
is_linear=0
shrinkage=0.05


Tree=191
num_leaves=31
num_cat=0
split_feature=8 2 34 22 13 0 24 8 28 27 8 28 20 44 3 26 12 44 44 19 15 20 21 27 19 14 12 27 24 18
split_gain=4.10835 8.75812 9.74031 12.5861 10.6492 8.44585 17.71 10.3714 12.9931 11.4121 10.3028 9.94266 9.68048 11.3636 9.57361 10.419 12.3614 9.77448 9.49329 10.7786 8.89165 8.8272 8.51722 8.39794 9.35234 10.681 8.33918 10.7623 10.5422 10.451
threshold=0.39735000000000004 2.5000000000000004 4.8850000000000007 -0.6000000000000002 1.4800000000000002 17.500000000000004 -0.033333333333331876 0.35740000000000005 2.5000000000000004 0.069999999999999854 0.34945000000000004 5.5000000000000009 2.6650000000000009 4.9350000000000014 34.500000000000007 -1.0000000180025095e-35 0.38664999999999999 6.3550000000000013 7.1950000000000012 0.055000000000000014 0.040000000000000022 3.0750000000000006 0.039999999999999994 -0.029999999999999801 0.035000000000000003 -0.074233333333333276 0.41340000000000005 0.095000000000000209 -0.036666666666666618 2.5000000000000004
decision_type=2 2 2 2 2 2 2 2 2 2 2 2 2 2 2 2 2 2 2 2 2 2 2 2 2 2 2 2 2 2
left_child=1 5 3 -3 -4 7 20 10 9 14 21 18 -13 -14 -9 16 17 -16 -8 23 -7 -1 26 24 25 -20 27 28 -12 -28
right_child=-2 2 4 -5 -6 6 11 8 -10 -11 22 12 13 -15 15 -17 -18 -19 19 -21 -22 -23 -24 -25 -26 -27 29 -29 -30 -31
leaf_value=-0.00056017253809662081 -0.00071910304596889147 -0.016925452723456906 0.0028544638652189987 -0.00018523165799274308 0.025364174931875729 -0.0034161436669350228 0.0037037971335656208 -0.03062060735314789 -0.002595549297456535 -0.047691241960452067 0.037375152238104233 -0.0041520126485742274 -0.0075552628668572562 0.092280137608274804 0.015656449884920896 -0.014246454854576429 -0.040311695018778598 0.083420394978465637 0.10731810008207261 0.082855165738883518 -0.049623998392385266 -0.015184602767534337 -0.019349483075477958 0.0038605252855582065 0.097952307332997576 0.012171738254984812 0.083133895852034942 -0.047207333652888005 0.0063491855142106292 0.014295108952031199
leaf_weight=11541.185985412914 12939.922867791727 128.03344538062811 4491.6244901530445 912.65155381709337 53.165332779288292 1165.0716088763438 3325.4414475848898 52.324008971452713 575.16744010150433 26.818341419100761 33.193416092544794 525.85242895595729 5.6942645013332349 5.7068556919693947 20.858570441603664 88.835298143327236 7.2493873536586753 7.1441781818866721 3.3691628724336651 6.2964003421366206 10.504833021201192 104.11306065320969 22.867012903094292 58.169282581657171 5.080588459968566 23.688475996255875 9.0220171511173266 8.0604988262057287 156.30851372331381 14.177945047616957
leaf_count=79564 61415 649 23192 4377 217 8499 19002 242 3145 134 205 6314 32 35 95 417 34 32 18 40 302 531 118 339 30 126 44 47 795 76
internal_value=-4.2557e-06 0.000391255 0.00211864 -0.00224475 0.00311778 -0.000150715 0.00155982 -0.000844105 -0.00643547 -0.0173029 -0.000478024 0.00315986 -0.00316375 0.0424176 -0.0126833 -0.00511963 0.0178799 0.0329447 0.00415265 0.0196039 -0.00382905 -0.00069092 0.00969822 0.0151939 0.0357069 0.0240192 0.012707 0.00937691 0.0117837 0.0410652
internal_weight=36327.6 23387.7 5585.47 1040.68 4544.79 17802.2 5134.88 12667.3 778.397 203.23 11888.9 3959.3 537.254 11.4011 176.411 124.087 35.2521 28.0027 3422.05 96.6039 1175.58 11645.3 243.629 90.3075 32.1382 27.0576 220.762 197.562 189.502 23.2
internal_count=210066 148651 28435 5026 23409 120216 34737 85479 4099 954 81380 25936 6381 67 820 578 161 127 19555 553 8801 80095 1285 513 174 144 1167 1047 1000 120
is_linear=0
shrinkage=0.05


Tree=192
num_leaves=31
num_cat=0
split_feature=15 6 15 9 44 34 26 15 11 44 23 27 4 21 19 9 36 14 48 20 12 35 10 8 26 0 27 44 21 14
split_gain=4.08705 8.58917 8.10252 8.49257 11.8553 15.1711 10.5782 10.6066 12.5453 8.77639 8.47634 8.44955 7.85436 9.12394 9.51628 9.4151 9.06591 8.15634 7.54576 7.54156 9.18325 8.85724 8.04146 7.40996 8.30342 9.81667 20.7225 12.3699 12.2806 11.0845
threshold=-0.024499999999999991 0.18500000000000003 -0.006666666666666674 4.9750000000000005 6.6950000000000012 6.6750000000000007 -0.07499999999999972 -0.0233333333333333 0.31040000000000006 7.4050000000000011 6.8150000000000004 -0.1350000000000002 48.500000000000007 -0.039999999999999994 0.15500000000000005 6.9050000000000011 6.995000000000001 -0.074233333333333276 4.5000000000000009 0.42999999999999988 0.36995000000000006 0.21889999999999996 0.37850000000000006 0.22930000000000003 0.050000000000000273 19.500000000000004 -0.14999999999999988 4.4750000000000005 0.15500000000000005 -0.068383333333333365
decision_type=2 2 2 2 2 2 2 2 2 2 2 2 2 2 2 2 2 2 2 2 2 2 2 2 2 2 2 2 2 2
left_child=18 12 3 -3 -5 6 -6 8 -8 19 11 -4 13 15 -15 16 -2 -17 -1 20 21 -9 -21 24 25 27 -27 -14 29 -28
right_child=1 2 10 4 5 -7 7 9 -10 -11 -12 -13 23 14 -16 17 -18 -19 -20 22 -22 -23 -24 -25 -26 26 28 -29 -30 -31
leaf_value=-0.0010804977596557707 0.0038060486387290829 -0.00025113290573943375 0.062112807454067047 0.0042076777245252913 -0.05249842151595957 0.087775034485005787 0.0052476525112497502 -0.053922557508631133 0.13328226945909893 -0.045943276760124954 0.017675512597355472 -0.00047463191759072713 -0.0046258641028790346 -0.0040413447026642511 0.052659917996322518 0.082602779999747827 -0.034096425791209133 0.018324429726458893 -0.014519335641580642 0.090884403473672354 -0.036041073712076765 0.038228261524913293 0.0040734325190377478 -0.00014849408287669096 -0.0019417948587227556 0.14426645870627369 -0.0089690432121914652 0.0039165873833015234 0.10718079359094179 0.010730080278251845
leaf_weight=4533.3829414565116 315.68835084419698 1581.6652437392622 5.5906734839081755 722.0543113052845 5.0151504948735228 8.6703105941414815 3.3927369192242613 3.0127073600888314 4.3873333781957626 5.3371376544237128 177.21974567510188 152.21766705997288 542.82955081574619 2248.3625537054613 7.4242651015520087 5.8250220268964759 16.606629398651421 32.307812765240669 106.91609289310873 6.8713607713580114 8.1870780140161497 19.391991011798382 4.3604728132486343 22338.056988371536 935.10055291699246 2.8245168365538111 82.899517708458006 1932.3114222059958 3.1374431923031798 515.26694858307019
leaf_count=31278 1740 11425 27 3737 27 45 19 17 23 28 1088 894 3922 13182 33 25 89 141 1122 34 44 102 21 113811 7710 18 716 14634 19 4095
internal_value=-4.26118e-06 0.000198695 0.00289195 0.00186403 0.00609517 0.0259545 0.0170146 0.0233599 0.0774489 0.0144369 0.0101707 0.00174265 -5.29256e-05 -0.00266047 -0.00385473 0.00461219 0.00191185 0.0281433 -0.00139014 0.022142 0.00927694 0.025837 0.0571823 0.000206935 0.00218473 0.00343786 0.00915217 0.00204312 0.00851749 0.00799999
internal_weight=36326.3 31686 2707.37 2372.35 790.681 68.6263 59.956 54.9408 7.78007 47.1607 335.028 157.808 28978.6 2626.21 2255.79 370.428 332.295 38.1328 4640.3 41.8236 30.5918 22.4047 11.2318 26352.4 4014.37 3079.27 604.128 2475.14 601.304 598.166
internal_count=210066 177666 17531 15522 4097 360 315 288 42 246 2009 921 160135 15210 13215 1995 1829 166 32400 218 163 119 55 144925 31114 23404 4848 18556 4830 4811
is_linear=0
shrinkage=0.05


Tree=193
num_leaves=31
num_cat=0
split_feature=3 1 0 23 8 45 9 46 7 15 8 35 44 34 22 12 45 24 15 42 13 8 46 11 26 11 9 45 44 19
split_gain=4.0943 7.71832 10.8158 9.5986 17.44 14.869 15.0681 16.1432 15.314 13.4886 11.1794 12.2641 11.4353 10.8677 10.6248 9.49555 8.75882 20.0823 8.49144 10.051 8.27378 11.1442 10.6435 10.4435 9.82334 13.293 12.6284 11.1959 10.886 9.51163
threshold=51.500000000000007 2.5000000000000004 3.5000000000000004 6.8250000000000011 0.21290000000000001 0.42724999999999996 4.2550000000000008 6.6650000000000009 4.1750000000000007 -0.015000000000000025 0.18064999999999998 0.45755000000000007 5.1350000000000007 5.5450000000000008 -1.0000000180025095e-35 0.26055000000000006 0.33945000000000008 -0.076666666666665759 -0.023333333333333334 3.5000000000000004 -0.48666666666666697 0.28325000000000006 6.5750000000000011 0.57235000000000014 0.069999999999999854 0.26565000000000005 5.3050000000000006 0.35475000000000001 4.8550000000000013 0.015000000000000001
decision_type=2 2 2 2 2 2 2 2 2 2 2 2 2 2 2 2 2 2 2 2 2 2 2 2 2 2 2 2 2 2
left_child=-1 20 3 4 5 6 -3 -8 -9 -10 12 13 -5 15 -11 -12 17 -6 -14 -20 -2 23 -23 24 25 28 27 -26 29 -22
right_child=1 2 -4 10 16 -7 7 8 9 14 11 -13 18 -15 -16 -17 -18 -19 19 -21 21 22 -24 -25 26 -27 -28 -29 -30 -31
leaf_value=0.00021543438975285919 -0.0034376076283942668 -0.0011690923806888295 -0.0035134770314510858 -0.045721963702980345 0.074823433218540597 -0.045288890753865468 0.11944577036517892 -0.0028237509456591897 0.14338429851248627 -0.035695002748837093 0.034673865221933678 0.062807516212412304 -0.047639361218804112 0.025094705362375597 0.085532707348232553 -0.012959707717512226 0.0013866785766006185 -0.024909175630222821 0.074442008563263398 -0.019575073020095882 -0.014293978993681025 0.06851277210943392 9.1383459436735539e-05 0.083418192350654216 -0.0033648997503882682 0.0011528666698951296 0.074709598807247465 0.046569699731231901 0.048679778450220527 0.057225998128944425
leaf_weight=31013.923022732604 524.20035858824849 21.996989352628589 3298.5749625228345 15.053102646023037 5.3405025824904433 7.2921170629560939 7.0392575450241557 13.394398979842665 4.5000856444239616 3.1641772389411926 13.466992761939762 14.125845290720461 4.0179586298763743 89.920806970447302 4.2151206955313665 46.89510703086853 104.90775933489203 92.007836688309908 7.0455432049930078 4.7655389606952667 18.282082334160808 5.7311463877558699 688.0313406586647 5.0067878514528266 27.028212115168571 218.26578812301159 12.12190245091915 19.1987324655056 30.379639282822609 6.2339796274900428
leaf_count=179134 3154 167 20259 115 34 49 47 96 27 18 80 87 34 534 26 271 568 489 63 39 91 26 3137 23 136 1026 58 98 148 32
internal_value=-4.25514e-06 -0.00128686 -0.00251267 0.00467725 -0.00154221 0.02175 0.0307512 0.0524808 0.0338297 0.0751577 0.0130804 0.0182652 -0.014522 0.0140784 0.0335513 -0.00233249 -0.00863643 -0.0194379 0.0151485 0.036508 0.00167636 0.00427832 0.00065661 0.0117448 0.0106624 0.00668442 0.0292851 0.0173737 0.0286779 0.00389222
internal_weight=36326.1 5312.2 3757.72 459.149 263.858 61.6021 54.31 32.313 25.2738 11.8794 195.291 164.409 30.8821 150.283 7.3793 60.3621 202.256 97.3483 15.829 11.8111 1554.48 1030.28 693.762 336.517 331.51 273.161 58.3488 46.2269 54.8957 24.5161
internal_count=210066 30932 23003 2744 1521 430 381 214 167 71 1223 972 251 885 44 351 1091 523 136 102 7929 4775 3163 1612 1589 1297 292 234 271 123
is_linear=0
shrinkage=0.05


Tree=194
num_leaves=31
num_cat=0
split_feature=13 6 47 45 34 4 12 35 21 36 8 16 2 7 47 24 36 3 14 48 13 31 48 35 43 22 12 1 15 21
split_gain=4.06363 8.91256 8.96539 9.56483 10.6798 10.4113 10.0511 10.6189 9.91592 9.82036 11.8589 11.4433 13.6347 10.1381 10.1127 9.28876 10.1149 9.40222 8.59616 10.0245 9.22483 8.51376 8.5351 9.43769 9.07787 8.50099 8.47456 8.82749 8.4328 10.2274
threshold=0.71833333333333316 0.17500000000000002 5.5000000000000009 0.24945000000000003 6.6850000000000014 55.500000000000007 0.21515000000000004 0.40040000000000003 0.15500000000000005 6.705000000000001 0.28455000000000003 1.5000000000000002 2.5000000000000004 7.8950000000000005 1.5000000000000002 0.034999999999999705 6.8650000000000011 24.500000000000004 0.14418333333333333 1.5000000000000002 0.95333333333333348 1.5000000000000002 -1.4999999999999998 0.43245000000000006 0.18500000000000003 -0.27999999999999997 0.36464999999999997 4.5000000000000009 -0.0059999999999999906 1.0000000180025095e-35
decision_type=2 2 2 2 2 2 2 2 2 2 2 2 2 2 2 2 2 2 2 2 2 2 2 2 2 2 2 2 2 2
left_child=-1 2 3 5 8 9 -6 15 18 11 -11 14 -13 -12 -2 17 -17 -8 -5 -20 -21 22 -7 24 -24 -19 27 -18 29 -27
right_child=1 -3 -4 4 6 21 7 -9 -10 10 13 12 -14 -15 -16 16 26 25 19 20 -22 -23 23 -25 -26 28 -28 -29 -30 -31
leaf_value=-0.00029700401722627576 0.026465728412543119 0.0051736038800680078 -0.0066136356846252329 0.00065359968394774072 0.027741158060735072 -0.027397786202480817 -0.035838087520313006 0.017165698893348451 -0.017673550441951884 0.031974689615213062 -0.007982456049630977 -0.026720091875077442 0.029817103912149614 -0.070940964403006332 -0.016005034764949209 -0.019020887886484789 0.061714299323125291 -0.021953772607512159 0.025258235123209474 -0.031103486813630201 0.0098351184373475613 -0.0030263341481879622 0.03162069413623398 0.083595072792286965 -0.026910580667224855 0.047087197740443232 -0.01794862439683468 -0.013649879207669677 0.0058965840782022301 0.0018398866821609985
leaf_weight=27807.687608873937 17.90152496099472 1089.8501373827457 437.29423008859158 4940.7135367393494 54.940505787730217 7.3735804557800284 13.226015657186506 152.39391030371189 72.004736810922623 18.524781912565231 776.07417513430119 12.858490258455275 62.482526987791061 6.4473359584808341 64.57820151746273 85.931296721100807 11.811823531985288 23.872200235724449 77.793438702821732 18.455784812569618 54.087470680475235 62.297679379582405 39.867216676473618 7.1208168417215338 7.9444922208786002 29.187514811754227 11.72277048230171 5.7901841998100272 332.96683698892593 21.829076290130615
leaf_count=173354 75 4719 1928 21307 232 31 57 650 313 79 3326 57 269 27 275 359 49 102 322 81 224 269 175 31 35 125 49 25 1428 93
internal_value=-4.3236e-06 0.000951229 0.000331671 0.000766157 0.00155829 -0.0035523 0.00716027 0.00551852 0.000751399 -0.00531916 -0.00756515 0.00608075 0.0201679 -0.00850118 -0.00678712 0.00220912 -0.010368 0.00565166 0.00101199 0.0127902 -0.000580103 0.0100442 0.023113 0.0298931 0.021895 0.00699709 0.0149879 0.0369232 0.00879696 0.0277267
internal_weight=36325 8517.34 7427.49 6990.2 5906.73 1083.47 743.672 688.732 5163.05 958.867 801.046 157.821 75.341 782.522 82.4797 536.338 115.256 421.082 5091.05 150.337 72.5433 124.604 62.3061 54.9325 47.8117 407.856 29.3248 17.602 383.983 51.0166
internal_count=210066 36712 31993 30065 25416 4649 3169 2937 22247 4108 3432 676 326 3353 350 2287 482 1805 21934 627 305 541 272 241 210 1748 123 74 1646 218
is_linear=0
shrinkage=0.05


Tree=195
num_leaves=31
num_cat=0
split_feature=4 13 48 3 9 3 7 9 14 15 12 26 24 33 20 36 34 34 8 14 40 39 6 44 46 13 10 1 27 28
split_gain=4.07931 12.4805 8.51048 10.1997 12.8908 9.55537 9.393 9.09819 8.83589 8.65599 8.64854 8.46558 13.3822 8.16863 14.418 18.4299 13.2891 15.327 19.044 8.78382 8.14602 8.40127 11.2828 14.077 15.3704 10.7431 10.6506 10.0721 8.5103 8.32749
threshold=54.500000000000007 -1.6233333333333331 1.0000000180025095e-35 42.500000000000007 2.3650000000000007 24.500000000000004 1.2850000000000004 7.4750000000000005 -0.16133333333333327 -0.081666666666666637 0.37635000000000007 -0.020000000000000014 -0.010000000000000229 0.16500000000000004 -2.2849999999999988 6.8150000000000004 6.4350000000000014 5.7750000000000012 0.10554999999999996 -0.080949999999999966 -2.4999999999999996 -1.4999999999999998 0.18500000000000003 6.535000000000001 6.9150000000000009 -0.11999999999999876 0.15420000000000003 1.5000000000000002 -0.044999999999999922 2.5000000000000004
decision_type=2 2 2 2 2 2 2 2 2 2 2 2 2 2 2 2 2 2 2 2 2 2 2 2 2 2 2 2 2 2
left_child=2 13 3 20 10 6 -4 9 -7 11 -5 -8 -13 -2 -15 16 17 -16 -19 -17 -1 22 26 25 27 -24 -22 -25 -28 -23
right_child=1 -3 5 4 -6 8 7 -9 -10 -11 -12 12 -14 14 15 19 -18 18 -20 -21 21 29 23 24 -26 -27 28 -29 -30 -31
leaf_value=0.0025509756511531961 -0.017597105482510641 -0.00061620860046552402 -0.019996051287565916 0.01901919465950613 0.00051089462996555478 -0.0066678490995945201 -0.024338909461448625 -0.053849407704312582 0.00076955671749579218 0.0051218165506751439 -0.0036519896162853665 0.024312505847749393 0.22243254123259534 -0.017848318413782094 0.04176523090579267 0.098488682693376309 -0.040791700941024703 0.2617978896528968 0.066849528622589346 -0.023205414277831488 -0.023410776114340184 7.4422412199777674e-05 -0.013297961809949655 0.10093605953358763 -0.052423940866372143 0.016217326391668039 0.0019982914326880374 0.023098397889791369 -0.011857290200606954 -0.004014217058565083
leaf_weight=845.80104103684425 181.82376969512552 8220.8927037790418 38.176057957112789 160.1550226919353 3495.4304257258773 409.96649487223476 1.5957511626183984 6.5220697596669188 15412.55833751522 1647.2913322933018 57.051471393555403 1.8612318914383648 1.5724003333598369 47.23939057206735 13.208227407187229 1.6194704072549964 3.1354230847209683 2.048883879557251 3.2238807566463947 17.571169604547322 127.21852364391088 2512.1936187893152 75.589774768799543 8.6742969751358086 3.4419651217758647 52.065976932644844 167.0198770314455 7.9788633957505217 329.38374749571085 2469.6272962177172
leaf_count=4106 2878 46244 2172 866 17502 2419 28 33 86565 15461 309 29 18 1068 178 23 36 31 35 201 750 11967 523 46 22 240 779 53 1635 13849
internal_value=-4.19184e-06 -0.000963529 0.000288484 -0.000851186 0.00124533 0.000959269 0.00452482 0.00508914 0.000576851 0.00532178 0.0130644 0.0708169 0.11504 -0.0115437 0.000957033 0.0227266 0.0543871 0.0705348 0.142602 -0.0129358 -0.0020307 -0.00270427 -0.00755995 0.00486351 0.0437622 -0.00125979 -0.0105034 0.0636425 -0.00719544 -0.00195243
internal_weight=36321.9 8490.76 27831.2 10311.6 3712.64 17519.5 1697.02 1658.84 15822.5 1652.32 217.206 5.02938 3.43363 269.87 88.0464 40.8071 21.6164 18.481 5.27276 19.1906 6598.99 5753.19 771.373 147.751 20.0951 127.656 623.622 16.6532 496.404 4981.82
internal_count=210066 50694 159372 52647 18677 106725 17741 15569 88984 15536 1175 75 47 4450 1572 504 280 244 66 224 33970 29864 4048 884 121 763 3164 99 2414 25816
is_linear=0
shrinkage=0.05


Tree=196
num_leaves=31
num_cat=0
split_feature=44 24 11 12 36 22 10 12 22 1 10 22 9 15 3 43 14 45 13 13 13 20 12 9 8 41 3 41 0 47
split_gain=4.08122 6.72524 9.55651 10.3169 15.5257 10.6618 9.80023 13.9725 9.00292 10.6316 8.31024 11.7014 10.4287 7.60229 7.54388 7.66015 10.0925 15.7244 10.6482 11.5073 11.7873 15.0784 9.49485 10.0999 9.17582 9.00144 7.46043 7.18845 9.17427 7.14951
threshold=6.5050000000000008 0.064999999999999961 0.31435000000000007 0.39805000000000001 6.6650000000000009 -2.2049999999999987 0.36860000000000009 0.41595000000000004 -2.9049999999999989 2.5000000000000004 0.033600000000000012 2.7350000000000008 3.3150000000000004 -0.015000000000000005 51.500000000000007 0.14500000000000005 0.019974999999999996 0.41825000000000007 0.87833333333333441 0.48666666666666664 0.21666666666666726 1.0000000180025095e-35 0.27555000000000007 5.5550000000000006 0.54955000000000009 2.5000000000000004 35.500000000000007 2.5000000000000004 10.500000000000002 4.5000000000000009
decision_type=2 2 2 2 2 2 2 2 2 2 2 2 2 2 2 2 2 2 2 2 2 2 2 2 2 2 2 2 2 2
left_child=-1 -2 8 14 -5 -6 7 -7 9 -3 -10 12 -12 -8 15 16 24 18 19 20 21 22 -18 25 29 -24 -23 -9 -29 -4
right_child=1 2 3 4 5 6 13 27 10 -11 11 -13 -14 -15 -16 -17 17 -19 -20 -21 -22 26 23 -25 -26 -27 -28 28 -30 -31
leaf_value=-0.00028867134695069474 0.000603817998103903 0.0096591513741824137 -0.027208404461865322 0.091494166283093176 -0.068519990443146314 0.098205733113256866 0.060890696590885196 0.055956804232930091 -0.021465270160813375 0.15383078104080541 0.088021193068264433 0.087403044696658494 0.012379905617271279 -0.01231310677675191 -0.034051503684103111 -0.009236819658677729 0.075436039389581142 -0.039580230720422147 -0.027693454673435119 0.085055402644369629 -0.025311843422013931 0.040072179002589012 0.031552024101220981 0.037192157477862656 0.046054515116901916 -0.0495087403739988 0.12601581426359346 -0.049439824522674314 0.038488241180114041 0.016104353517090178
leaf_weight=28203.11413653288 7589.242422378622 2.5717872865498057 36.982909387908876 6.7039462476968756 3.9125073496252289 7.2553167557343867 4.0965458154678371 7.2499369680881527 15.040877054445444 2.5432701846584678 4.7050048708915702 5.7579770982265464 144.59332004934549 26.420930057764053 17.715864390134811 127.50321761704981 6.4205605192109934 10.175560809671877 8.0136807411909086 9.24847663938999 9.6876327246427518 4.4566813856363279 5.3125821985304382 15.182837210595606 6.7538751214742652 9.6377526298165304 5.8260222896933556 6.1777939163148385 5.7071786150336266 12.833937000483273
leaf_count=163324 44014 17 198 36 27 39 20 36 96 26 26 24 728 126 89 658 37 51 33 39 44 22 29 76 32 59 30 33 32 65
internal_value=-4.31981e-06 0.000983592 0.00643725 0.00170217 0.0192795 0.0113196 0.0168087 0.0391216 0.0159845 0.0813431 0.014019 0.0174611 0.0147637 -0.00248652 -0.00245142 -0.000362803 0.00768847 0.018687 0.0267224 0.0333524 0.0248928 0.0352771 0.0202303 0.00846749 -0.00863551 -0.0207039 0.0887665 0.0167188 -0.00721666 -0.0160501
internal_weight=36320.8 8117.73 528.488 353.276 67.5242 60.8202 56.9077 26.3902 175.212 5.11506 170.097 155.056 149.298 30.5175 285.752 268.036 140.533 83.9618 73.7862 65.7725 56.5241 46.8364 36.5537 30.1332 56.5707 14.9503 10.2827 19.1349 11.885 49.8168
internal_count=210066 46742 2728 1811 349 313 286 140 917 43 874 778 754 146 1462 1373 715 420 369 336 297 253 201 164 295 88 52 101 65 263
is_linear=0
shrinkage=0.05


Tree=197
num_leaves=31
num_cat=0
split_feature=40 40 28 47 22 35 34 38 19 12 1 4 13 44 43 40 11 7 26 35 12 3 24 12 16 44 5 7 31 34
split_gain=4.09029 9.26482 11.4795 13.0808 15.1082 9.43727 9.06959 9.00811 9.3882 9.34989 10.7628 10.9341 8.99135 9.41585 8.92591 8.83453 9.36126 11.9642 11.5373 8.21651 9.16466 11.4053 8.44651 8.09185 9.20459 14.1321 12.1084 11.8852 12.5861 9.07937
threshold=2.5000000000000004 1.0000000180025095e-35 1.5000000000000002 1.5000000000000002 1.9100000000000006 0.43545000000000006 3.1450000000000005 1.0000000180025095e-35 0.075000000000000025 0.26685000000000009 5.5000000000000009 56.500000000000007 -0.67666666666666642 4.4350000000000014 0.115 1.5000000000000002 0.39205000000000007 4.5550000000000006 -0.044999999999999922 0.35505000000000003 0.35875000000000001 54.500000000000007 -0.043333333333333439 0.35505000000000003 5.5000000000000009 5.3750000000000009 1.5000000000000002 2.6850000000000005 5.5000000000000009 5.9350000000000014
decision_type=2 2 2 2 2 2 2 2 2 2 2 2 2 2 2 2 2 2 2 2 2 2 2 2 2 2 2 2 2 2
left_child=1 2 -1 -4 12 6 -3 -8 9 -9 23 15 13 -5 -7 16 17 -12 -19 -6 21 -21 -22 -11 26 -26 -25 -27 29 -29
right_child=-2 5 3 4 19 14 7 8 -10 10 11 -13 -14 -15 -16 -17 -18 18 -20 20 22 -23 -24 24 25 27 -28 28 -30 -31
leaf_value=0.0013752762996317549 -0.00067639695887962686 -0.014790137993282985 0.00046573638980729491 -0.028225987555205268 -0.025085342211484219 0.03848493540175027 0.00046374198146716551 0.019825766594357367 -0.047242106564021877 -0.0047271824000438348 0.1295779506797472 -0.043859095057176029 -0.0020566226690795926 -0.0070842195049324319 0.0040535141134657362 0.010372096010089099 -0.007058819317601963 0.10981353116740059 0.022997839241248996 -0.0017022469652193156 0.024301587336221703 0.069109392157529453 -0.034903558498042608 0.0017298956810896798 -0.0091363130493403114 -0.053336531173647186 0.089414728367263233 0.10554220522969029 0.15159863119394967 0.019548875896348267
leaf_weight=3068.6093641556799 13945.467423159163 94.354024274274707 2002.1954779308289 59.54919265024364 133.83463347703218 19.008027216419578 12026.148441752419 119.95318177342415 7.9964582957327357 245.01770333386958 4.9239534344524172 5.8815646842122069 1844.3918024897575 455.51410224661231 1930.9688439285383 37.112594233825803 6.658624965697526 4.984476417303088 16.478276252746582 60.352893084287643 7.2697180584073058 6.2779013067483893 35.16094983369112 147.15826662629843 11.849480425938966 2.0612690821290043 4.0453327968716613 4.7845759987831142 3.9885032922029486 8.5629444792866689
leaf_count=14713 94778 488 11170 532 614 95 60177 689 73 1395 40 40 9742 3763 9849 231 31 22 78 282 37 30 160 730 117 48 22 33 29 58
internal_value=-4.29236e-06 0.000414603 -0.000993733 -0.00257251 -0.00491008 0.00114963 0.000654261 0.000769389 0.00659045 0.00728091 0.00429228 0.0216248 -0.00368772 -0.00952853 0.00438915 0.0271145 0.0459176 0.059286 0.0431598 -0.0167839 -0.00659674 0.00496957 -0.0247598 0.00120912 0.00918114 0.0338858 0.00407583 0.0601672 0.0736629 0.0503742
internal_weight=36320.6 22375.1 7673.16 4604.55 2602.35 14701.9 12752 12657.6 631.457 623.461 503.508 76.0395 2359.46 515.063 1949.98 70.1579 33.0453 26.3867 21.4628 242.896 109.061 66.6308 42.4307 427.468 182.45 31.2468 151.204 19.3973 17.336 13.3475
internal_count=210066 115288 41043 26330 15160 74245 64301 63813 3636 3563 2874 442 14037 4295 9944 402 171 140 100 1123 509 312 197 2432 1037 285 752 168 120 91
is_linear=0
shrinkage=0.05


Tree=198
num_leaves=31
num_cat=0
split_feature=13 9 41 20 11 46 6 27 4 8 7 4 34 27 0 14 7 8 12 22 48 13 33 15 7 15 0 14 11 7
split_gain=4.02946 6.64636 6.83381 6.32869 7.86131 7.15762 6.68913 7.21982 5.25894 6.61764 7.46324 6.92632 8.02481 7.4926 5.54837 5.79214 5.52418 5.18886 5.0991 4.89087 10.0708 8.92029 9.46197 8.12326 11.9604 10.9938 8.08945 8.06703 10.1005 8.65112
threshold=2.3658333333333341 7.8950000000000005 3.5000000000000004 0.5800000000000004 0.45075000000000004 6.8150000000000004 0.16500000000000004 0.010000000000000233 48.500000000000007 0.64415000000000011 7.6650000000000009 53.500000000000007 3.7650000000000001 -0.024999999999999908 21.500000000000004 -0.091766666666666635 7.8950000000000005 0.54125000000000012 0.38035000000000008 3.4450000000000007 -2.4999999999999996 1.148333333333333 0.16500000000000004 0.011666666666666646 5.0050000000000008 0.028333333333333332 2.5000000000000004 0.043363333333333288 0.35385000000000005 5.0650000000000004
decision_type=2 2 2 2 2 2 2 2 2 2 2 2 2 2 2 2 2 2 2 2 2 2 2 2 2 2 2 2 2 2
left_child=19 3 -3 17 6 -6 8 -8 -5 10 11 12 -10 -13 15 -14 -11 -2 -15 -1 -21 22 23 -22 -25 -26 -24 28 -28 -30
right_child=1 2 -4 4 5 -7 7 -9 9 16 -12 13 14 18 -16 -17 -18 -19 -20 20 21 -23 26 24 25 -27 27 -29 29 -31
leaf_value=5.2304144860197797e-05 0.057753528044111248 0.057253009234477598 -0.010880066360217622 -0.033788186606844649 0.07305079160770879 -0.00068783204649378927 0.047724869204676716 -0.015683826425943136 -0.035990053566503824 -0.010051901352521875 0.045200887108621017 0.031272011471515343 -0.022034028088045998 -0.022187182208731948 -0.026570037892480997 0.031151205669733978 -0.074553835537056162 0.00043171965335454224 -0.078330553815823087 -0.026408397940297659 -0.0064351486629577875 0.0021936446440815362 0.028022505749732654 0.084946498533875828 0.022429670315974634 -0.033855820278006044 -0.021263718853845974 -0.041035232023100068 0.063056449734358921 -0.0053418687701237517
leaf_weight=35208.15612684004 9.502339646220209 12.2032907307148 5.2695506811141959 15.755539387464522 6.9178136587142927 6.2770177572965622 12.394728928804399 7.0384115576744071 8.9533588588237745 8.7225679159164411 9.0974845588207227 4.8233064562082317 6.0556685775518266 14.167584463953974 6.6190328598022452 33.100888907909408 5.3586983382701865 6.7540985941886893 5.6598858833312979 46.109709501266479 199.96980352699757 476.37958712875843 9.0826282203197461 5.6020215898752204 32.512595698237419 11.833007842302321 86.360166482627392 36.219921328127384 6.954956620931628 13.78766445815563
leaf_count=205252 40 51 22 65 30 26 52 29 37 36 37 20 25 58 27 136 22 28 23 195 947 1972 43 27 143 52 410 164 34 63
internal_value=-4.32363e-06 0.00736261 0.0367051 0.00429622 0.00110381 0.037972 -0.00242781 0.0247591 -0.00689327 -0.00276154 0.00230534 -0.0026108 0.00730147 -0.0246177 0.015769 0.022926 -0.0345984 0.0339379 -0.0382137 -4.19751e-05 -0.00363124 -0.00243602 -0.00791788 -0.00192997 0.0161069 0.00741067 -0.017737 -0.0206368 -0.0137385 0.0175919
internal_weight=36317.6 184.671 17.4728 167.198 150.942 13.1948 137.747 19.4331 118.314 102.558 88.4772 79.3797 54.7289 24.6508 45.7756 39.1566 14.0813 16.2564 19.8275 36133 924.812 878.702 402.323 249.917 49.9476 44.3456 152.405 143.323 107.103 20.7426
internal_count=210066 764 73 691 623 56 567 81 486 421 363 326 225 101 188 161 58 68 81 209302 4050 3855 1883 1169 222 195 714 671 507 97
is_linear=0
shrinkage=0.05


Tree=199
num_leaves=31
num_cat=0
split_feature=5 6 34 30 3 34 21 7 39 44 44 34 20 0 0 26 40 43 26 24 35 11 39 2 42 24 24 34 26 20
split_gain=3.97311 7.3745 7.58416 8.21108 6.5912 6.37074 8.09938 10.5652 10.6571 15.8537 16.0061 14.0818 13.5337 11.6435 10.2113 9.40486 9.4032 8.80962 8.69697 13.5095 10.5793 9.97528 9.70844 10.088 10.3281 10.3033 13.3668 9.32283 8.65952 8.63199
threshold=1.0000000180025095e-35 0.115 7.5550000000000006 -1.0000000180025095e-35 62.500000000000007 6.3250000000000011 -0.034999999999999989 3.7050000000000005 1.5000000000000002 5.7550000000000008 5.9850000000000012 6.6550000000000011 -2.6149999999999989 6.5000000000000009 7.5000000000000009 -0.095000000000000182 1.5000000000000002 0.16500000000000004 -0.029999999999999801 0.078333333333333602 0.37965000000000004 0.4617 3.5000000000000004 2.5000000000000004 3.5000000000000004 -0.063333333333333006 -0.050833333333333279 7.035000000000001 -0.029999999999999801 1.7500000000000004
decision_type=2 2 2 2 2 2 2 2 2 2 2 2 2 2 2 2 2 2 2 2 2 2 2 2 2 2 2 2 2 2
left_child=5 2 3 -2 -3 -1 7 8 11 13 -11 12 14 -10 -7 16 17 -9 19 21 27 29 23 24 -22 -25 -27 -20 -15 -17
right_child=1 4 -4 -5 -6 6 -8 15 9 10 -12 -13 -14 28 -16 18 -18 -19 20 -21 22 -23 -24 25 -26 26 -28 -29 -30 -31
leaf_value=-0.0010210302447191996 0.035466008166536542 0.00086684117078645933 0.039391794678494067 -0.025379757000186715 -0.017157645564175063 0.096429825795145821 0.00021407075463551517 -0.021829278720968272 0.12718302129176171 0.38880426156743786 0.10443531974732867 -0.041506057596927382 0.17100656480217308 0.094403579477673583 -0.060721534649029074 0.023103887529916274 -0.034289247460769813 0.060423648870716752 0.0029568514905932582 0.091781628634106383 -0.0093434331596770892 -0.026525063756407254 -0.015508038745925027 0.077996092310194096 0.0607838218814757 -0.066448958730512805 0.02784734084600575 -0.015105754241969567 -0.019846686753092493 -0.013145377490879399
leaf_weight=14809.057188407518 6.0966925472021094 12694.42401449848 5.8691594377160063 61.242879502475262 50.923381626605988 1.8901633163914082 7935.7076403275132 6.9354784488677961 2.940651091746985 0.67389893997460548 1.8622967852279542 7.4453287720680237 1.9163953103125111 2.2846556426957232 2.2812212444841862 112.21007747575641 29.047576427459717 6.1348692625761032 280.27533854916692 5.7311370372772208 39.362996026873589 14.050809398293493 23.898936305195093 9.5792404860258085 6.0584125891327849 3.960494600236415 73.576323956251144 95.874463491141796 6.0515748225152493 19.238766476511955
leaf_count=86592 28 72494 33 302 325 19 46440 30 37 11 46 93 15 43 34 530 136 27 1331 25 201 64 133 47 32 18 326 463 109 82
internal_value=-4.14085e-06 0.000703934 -0.0151199 -0.019871 0.000794825 -0.000390407 0.000684395 0.00563919 0.0361484 0.0670438 0.179996 0.00461378 0.0610181 0.0416407 0.0104879 0.0044899 -0.0184417 0.016778 0.00590231 0.0164841 0.00289755 0.0135182 0.0138249 0.0191142 1.03024e-05 0.0290747 0.0230308 -0.00164701 0.0114651 0.0177985
internal_weight=36316.6 12818.6 73.2087 67.3396 12745.3 23498 8688.99 753.281 27.3462 13.8131 2.5362 13.5331 6.08778 11.2769 4.17138 725.935 42.1179 13.0703 683.817 151.231 532.586 145.5 156.436 132.537 45.4214 87.1161 77.5368 376.15 8.33623 131.449
internal_count=210066 73182 363 330 72819 136884 50292 3852 407 246 57 161 68 189 53 3445 193 57 3252 701 2551 676 757 624 233 391 344 1794 152 612
is_linear=0
shrinkage=0.05


Tree=200
num_leaves=31
num_cat=0
split_feature=8 13 22 2 22 9 12 44 45 15 11 35 9 24 45 13 8 2 23 14 12 20 24 4 26 12 16 4 36 45
split_gain=3.99435 10.971 10.0597 10.0588 9.94498 9.59075 13.0971 9.30839 13.2691 11.3776 9.42562 11.3491 9.308 9.22472 9.68064 8.7311 8.31433 9.83177 11.3583 9.76493 9.5202 8.41733 16.1187 12.848 8.29101 8.28606 11.7725 14.3214 16.507 10.9511
threshold=0.31770000000000004 0.16500000000000029 2.8150000000000008 2.5000000000000004 2.4150000000000014 5.4050000000000011 0.40515000000000001 6.3150000000000004 0.23665000000000003 0.035500000000000011 0.46005000000000001 0.30715000000000003 2.9950000000000006 0.073333333333333708 0.14335000000000003 -1.0499999999999994 0.41745000000000004 3.5000000000000004 6.5550000000000006 -0.15372499999999997 0.70295000000000007 0.20499999999999988 0.034999999999999705 55.500000000000007 -0.26500000000000007 0.32685000000000003 1.5000000000000002 51.500000000000007 6.7150000000000007 0.43265000000000003
decision_type=2 2 2 2 2 2 2 2 2 2 2 2 2 2 2 2 2 2 2 2 2 2 2 2 2 2 2 2 2 2
left_child=1 2 3 -1 7 6 12 13 -9 10 -10 -12 -2 14 -5 -7 19 20 -19 21 -18 -17 23 -23 -20 26 27 -21 29 -29
right_child=5 -3 -4 4 -6 15 -8 8 9 -11 11 -13 -14 -15 -16 16 17 18 24 25 -22 22 -24 -25 -26 -27 -28 28 -30 -31
leaf_value=-0.00015685311430829678 0.0012985365558025415 0.003671037585023889 -0.012231273136564141 -0.024710162232600742 0.087661367257311884 -0.028290667098772867 0.0035078014943084046 0.043669744369728869 0.0039361540038067681 0.0978353964841117 -0.014692911349295122 0.073216799172992036 -0.0040568919619616483 -0.031524307687957241 0.0047842770686488158 -0.021089037345376014 -0.0033978591629973808 -0.033228074106067214 0.071857226894505591 0.036881629636025315 0.045925344283047807 0.0018042881626565246 -0.05250050590193172 0.062683862793189993 0.00051017401781525346 0.0004323491660698244 0.0033237624380890885 0.046874309426635972 -0.00064964549636202702 -0.029107998770317407
leaf_weight=12414.754896182101 999.59894842468202 2447.5852087289095 165.23395463824272 29.57339933514595 3.6921268180012694 26.753264378756285 889.40778006240726 32.001009486615658 176.14142824336886 3.5349584668874732 5.5418549478054073 10.877562686800955 4308.2466035373509 20.085369825363159 469.34058940410614 84.539837427437305 2585.3715646676719 24.975888304412365 4.0744282379746428 57.531568370759487 9.820423409342764 56.454744875431061 11.689885392785071 10.237883761525152 6513.5331469923258 2728.5401181839406 2058.3720734529197 34.002474561333656 129.27769261598587 5.5106842070817939
leaf_count=92834 5093 11435 927 167 18 203 4534 192 1040 19 32 63 22087 104 2726 445 12173 116 19 249 46 281 54 52 30481 13608 10328 149 567 24
internal_value=-4.17621e-06 0.000594084 2.91424e-05 0.000183017 0.00580297 -0.000463792 -0.00210742 0.00539843 0.0138171 0.00894541 0.00731361 0.0435457 -0.00304833 0.00169849 0.00303598 0.000246493 0.00029983 -0.000607129 0.000425812 0.00190094 -0.00321122 -0.0101458 0.00165708 0.0111498 0.000554776 0.00229244 0.00451389 0.0153379 0.00799482 0.0362775
internal_weight=36316.3 15778.4 13330.8 13165.5 750.788 20537.9 6197.25 747.096 228.097 196.096 192.561 16.4194 5307.85 518.999 498.914 14340.7 14313.9 9137.78 6542.58 5176.16 2595.19 162.922 78.3825 66.6926 6517.61 5013.23 2284.69 226.322 168.791 39.5132
internal_count=210066 109557 98122 97195 4361 100509 31714 4343 1346 1154 1135 95 27180 2997 2893 68795 68592 42835 30616 25757 12219 832 387 333 30500 24925 11317 989 740 173
is_linear=0
shrinkage=0.05


Tree=201
num_leaves=31
num_cat=0
split_feature=44 21 14 35 3 8 14 45 36 19 21 26 34 22 27 9 10 39 0 26 48 14 40 11 26 34 8 4 22 7
split_gain=3.88611 7.14469 11.063 8.04587 7.74109 7.67233 9.3269 7.97002 15.0362 6.89563 5.79374 5.77512 12.0579 9.53208 12.8491 7.35711 7.07607 7.01885 6.60827 8.21335 7.27749 7.25754 10.6812 6.21518 9.20676 7.12858 15.2761 15.8206 6.59295 7.90509
threshold=3.2850000000000006 -0.014999999999999998 0.18750000000000006 0.47095000000000004 57.500000000000007 0.015050000000000003 0.068333333333333343 0.34790000000000004 6.7950000000000008 0.025000000000000012 -0.0099999999999999863 0.084999999999999978 6.4650000000000007 -0.6699999999999996 0.039999999999999598 6.035000000000001 0.39945000000000003 1.5000000000000002 20.500000000000004 0.020000000000000021 -1.4999999999999998 -0.038326666666666613 2.5000000000000004 0.31915000000000004 0.034999999999999705 4.7550000000000008 0.25820000000000004 53.500000000000007 0.52500000000000002 4.1950000000000012
decision_type=2 2 2 2 2 2 2 2 2 2 2 2 2 2 2 2 2 2 2 2 2 2 2 2 2 2 2 2 2 2
left_child=1 2 3 4 -1 6 7 -3 -9 11 -11 15 13 14 -13 23 -17 -15 19 20 -18 -22 -23 -7 25 26 -25 -28 29 -27
right_child=-2 5 -4 -5 -6 9 -8 8 -10 10 -12 12 -14 17 -16 16 18 -19 -20 -21 21 22 -24 24 -26 28 27 -29 -30 -31
leaf_value=0.0064668533160536917 6.3934517418943752e-05 -0.035408663365323022 0.07406273581969855 -0.040571302793925901 -0.053828824507182294 -0.026847523550216291 0.21375802413050732 -0.053808247462095962 0.17821295243478313 0.050636238361547653 0.00028574950028646353 0.11463900001528476 0.07175117137631265 -0.059085295082660597 -0.029140854171566033 0.055075453780850853 -0.036910418661533488 0.00040999939308344262 0.042809207035758932 -0.049797818462031712 -0.026798765368602831 0.096153183801951467 0.0044945547254445104 -0.020626514803508481 -0.038751185912478232 0.004046632787441831 0.012326877992348391 0.12365869181575527 0.013120183768624083 -0.031786386566853675
leaf_weight=169.75183316413313 35696.082288214471 2.782363010570406 5.4884202480316153 10.457286961376665 5.4954898580908766 104.38186451047659 0.7396641420200466 1.1827287347987296 1.7046967213973401 6.1079846993088713 88.4304333133623 3.3502309992909458 6.0566275045275679 8.0411775633692759 2.8980166241526604 5.8530704379081717 8.1449090689420682 12.925772458314894 6.5800902843475333 10.205898508429526 5.8973955363035193 5.1643528044223848 8.2653811797499639 13.035882107913496 24.155578583478928 23.742867643013597 8.2650670707225782 5.1977386623620978 20.621704094111919 43.757643900811672
leaf_count=828 206604 84 25 52 28 610 18 27 37 32 537 21 35 41 21 25 36 75 29 46 28 23 38 75 141 163 39 24 97 227
internal_value=-4.15961e-06 -0.00393298 0.00410144 0.00203376 0.00457607 -0.00752635 0.0467665 0.0249813 0.0831739 -0.00835277 0.00353882 -0.0117956 0.00794579 -0.00625383 0.0479521 -0.0140352 0.00340964 -0.0224074 -0.0034231 -0.0114971 0.00273162 0.0194377 0.0397415 -0.0176304 -0.0106976 -0.00478547 0.0179535 0.05531 -0.0116232 -0.0191824
internal_weight=36314.8 618.682 191.193 185.705 175.247 427.489 6.40945 5.66979 2.88743 421.08 94.5384 326.541 33.2718 27.2152 6.24825 293.269 50.1111 20.967 44.258 37.6779 27.472 19.3271 13.4297 243.158 138.776 114.621 26.4987 13.4628 88.1222 67.5005
internal_count=210066 3462 933 908 856 2529 166 148 64 2363 569 1794 193 158 42 1601 225 116 200 171 125 89 61 1376 766 625 138 63 487 390
is_linear=0
shrinkage=0.05


Tree=202
num_leaves=31
num_cat=0
split_feature=13 6 4 45 10 19 34 11 45 45 7 4 2 0 8 34 8 8 22 13 20 35 22 27 0 8 7 21 46 8
split_gain=3.87936 8.00909 7.88306 8.67962 9.62877 8.47277 8.42527 8.73139 10.0329 7.81548 10.4512 9.88231 9.78224 15.6141 12.912 11.1953 9.71317 9.7422 10.8851 9.7183 10.6695 12.8008 10.4049 9.88733 9.55104 9.881 14.3562 9.36931 10.4158 10.0819
threshold=0.71833333333333316 0.17500000000000002 52.500000000000007 0.57235000000000014 0.16100000000000003 0.010000000000000004 5.6050000000000013 0.23819999999999994 0.42430000000000007 0.24945000000000003 7.8950000000000005 55.500000000000007 3.5000000000000004 6.5000000000000009 0.38365000000000005 6.6750000000000007 0.28455000000000003 0.27175000000000005 0.42999999999999999 1.0783333333333347 1.2500000000000004 0.19164999999999996 2.4150000000000014 0.15999999999999973 17.500000000000004 0.36705000000000004 5.7650000000000006 0.055000000000000014 6.9150000000000009 0.34795000000000004
decision_type=2 2 2 2 2 2 2 2 2 2 2 2 2 2 2 2 2 2 2 2 2 2 2 2 2 2 2 2 2 2
left_child=-1 9 6 4 5 -4 7 -3 -9 10 11 16 13 -11 24 27 17 18 -2 22 -21 -22 23 -18 25 -14 -27 -15 -29 -30
right_child=1 2 3 -5 -6 -7 -8 8 -10 12 -12 -13 14 15 -16 -17 19 -19 -20 20 21 -23 -24 -25 -26 26 -28 28 29 -31
leaf_value=-0.0002901453760165469 -0.040267335839698007 -0.013460139234836344 -0.040407959076504005 0.05637983984222681 0.0017946713675771717 -0.00113325136971328 0.015441416312171836 0.010947402204534487 -0.013633569719478348 -0.0073503250264211105 -0.057303192891037441 0.009856473324381913 0.011363714048557114 0.00044196299289920573 0.0022833383518742812 0.011022069724543927 -0.0098301150043993927 0.08800562136952822 0.041347706659846856 0.0070148538107329727 0.0081649224459955459 -0.012504553995407256 -0.03532494225624612 0.06388845323369878 -0.0054504860005844631 0.0088963426591941539 0.070447380829787562 -0.027860320615690784 0.079234157432265501 -0.0094544899405806775
leaf_weight=27799.761494219769 6.6652441918850007 61.694775447249413 27.168371707201004 6.7005190104246131 392.08631893992424 27.766894742846489 260.05648905038834 265.85544970631599 49.192458733916283 744.39894525706768 8.9425615370273572 131.38799749314785 41.424271196126938 1802.4949720799923 3305.3593352288008 249.19384202361107 333.96546486020088 5.172793820500373 10.554849967360495 227.79353284835815 103.97302110493183 267.94365639984608 41.595504030585289 4.611272692680358 27.930778071284294 15.603042319416998 24.115209087729454 56.226347684860229 4.7664472311735144 9.7777783721685392
leaf_count=173354 29 272 120 29 1707 124 1106 1146 215 3275 38 571 175 7932 14030 1064 1491 22 44 957 436 1125 181 21 120 67 102 249 21 43
internal_value=-4.14337e-06 0.000929659 0.00493079 -0.00010545 -0.000952122 -0.0205567 0.00851913 0.00374085 0.00710926 0.00034192 -0.0034618 -0.00303709 0.00103384 -0.00111954 0.00284188 0.00106575 -0.0047273 0.027833 0.00975762 -0.00547139 -0.0015068 -0.0067262 -0.0117254 -0.0088261 0.019768 0.0284487 0.0462675 -0.000258707 -0.0181045 0.0196106
internal_weight=36314.2 8514.42 1090.52 453.722 447.022 54.9353 636.799 376.743 315.048 7423.9 1142.61 1133.66 6281.29 2866.86 3414.43 2122.46 1002.28 22.3929 17.2201 979.882 599.71 371.917 380.172 338.577 109.073 81.1425 39.7183 1873.27 70.7706 14.5442
internal_count=210066 36712 4719 1980 1951 244 2739 1633 1361 31993 4915 4877 27078 12584 14494 9309 4306 95 73 4211 2518 1561 1693 1512 464 344 169 8245 313 64
is_linear=0
shrinkage=0.05


Tree=203
num_leaves=31
num_cat=0
split_feature=8 0 4 15 40 10 10 0 26 45 35 22 45 7 39 22 35 9 6 12 24 20 7 20 9 9 34 34 0 7
split_gain=3.9272 7.59017 11.6229 10.8941 8.43084 9.30085 10.4872 12.2179 12.1237 14.4082 10.1962 9.04365 13.7433 13.3706 10.1161 10.6689 11.6251 9.85024 9.46743 9.35905 9.15029 8.90643 22.7216 9.52875 11.7153 10.7022 8.2542 9.05007 8.23913 8.18449
threshold=0.54465000000000008 4.5000000000000009 53.500000000000007 0.039166666666666662 -3.4999999999999996 0.43770000000000003 0.40440000000000004 23.500000000000004 0.074999999999999747 0.36795000000000005 0.38245000000000007 2.5350000000000006 0.32250000000000006 7.1650000000000009 2.5000000000000004 2.0350000000000006 0.24845000000000003 6.5050000000000008 0.16500000000000004 0.34925000000000006 0.061666666666666987 1.2200000000000006 6.6650000000000009 1.6300000000000008 5.7750000000000012 5.8950000000000005 6.7750000000000012 5.9350000000000014 12.500000000000002 6.7750000000000012
decision_type=2 2 2 2 2 2 2 2 2 2 2 2 2 2 2 2 2 2 2 2 2 2 2 2 2 2 2 2 2 2
left_child=-1 2 3 29 -3 6 7 8 21 26 -11 14 13 -13 15 18 -17 -16 -7 -18 -15 22 -6 -23 28 -26 27 -10 -25 -2
right_child=1 4 -4 -5 5 11 -8 -9 9 10 -12 12 -14 20 17 16 19 -19 -20 -21 -22 23 -24 24 25 -27 -28 -29 -30 -31
leaf_value=0.00010965721203869838 -0.045867780349832576 -0.029986017710376067 -0.026759262346488205 0.070842983251507688 0.077457189387534639 0.0054028570351615044 0.020606224936138302 0.040263038875078531 0.097390118060631609 -0.042809595126405336 0.050771339137200104 0.016159926669948567 0.022802367732388917 -0.044669481499519027 0.0064315537798454898 0.036530360100499051 -0.05131770475623057 -0.014013606681718188 -0.024263332442004515 -0.001020112986816519 0.030460495555904157 0.029321979871944723 -0.01751590208028524 0.045765544200965791 -0.077406259234386154 -0.010173982218385875 0.12097553759618691 0.0078822323436398486 -0.0016132151081513259 -0.0025939046493856539
leaf_weight=34653.780689174775 11.696912880986927 24.52605514228344 75.519699886441231 4.8064823597669593 6.608574576675891 356.35952331125736 94.444100774824619 19.033406352624297 4.3750463724136406 8.4095964431762678 4.4515117257833472 26.584303185343742 77.094621881842613 25.130415171384815 71.111785583198071 7.1592676639556876 24.979400217533112 343.40431217104197 29.088841170072556 14.68620380759239 4.8319829106330863 31.224765971302986 133.84328626096249 14.709781944751738 7.2104387879371634 33.051199451088905 4.1708354279398909 7.9659025147557259 24.391515761613846 165.8875152990222
leaf_count=202386 63 106 349 20 57 1605 429 92 19 40 23 110 318 103 345 30 104 1698 134 61 20 141 654 62 30 138 22 37 104 766
internal_value=-4.03987e-06 -0.0023822 -0.0102638 -0.00343385 -0.000929032 -0.000410482 0.00607897 0.00149713 -0.00113416 0.0292597 -0.0104192 -0.00301763 0.00907027 -0.0096518 -0.00492536 0.000426191 -0.0221108 -0.0105062 0.00316402 -0.032695 -0.0325534 -0.0046904 -0.0130472 0.00592316 -0.00328293 -0.0222146 0.0601658 0.0396141 0.0162105 -0.00544422
internal_weight=36310.5 1656.76 257.911 182.391 1398.85 1374.32 393.89 299.446 280.412 29.3729 12.8611 980.431 133.641 56.5467 846.789 432.273 46.8249 414.516 385.448 39.6656 29.9624 251.04 140.452 110.588 79.3629 40.2616 16.5118 12.3409 39.1013 177.584
internal_count=210066 7680 1198 849 6482 6376 1848 1419 1327 141 63 4528 551 233 3977 1934 195 2043 1739 165 123 1186 711 475 334 168 78 56 166 829
is_linear=0
shrinkage=0.05


Tree=204
num_leaves=31
num_cat=0
split_feature=44 27 48 48 3 3 4 11 6 23 10 8 4 14 7 26 12 35 30 34 28 0 22 11 33 21 15 15 11 11
split_gain=3.8616 7.09831 5.69185 11.8208 11.5595 10.7821 11.1419 9.19954 9.41622 8.58378 8.61564 16.7346 10.4185 8.57687 9.99504 9.18469 10.9483 9.02032 8.32879 8.06555 8.52826 9.58801 9.35911 8.45929 8.45231 8.02789 11.5874 8.99274 11.5143 15.311
threshold=5.4150000000000009 -0.23999999999999974 1.0000000180025095e-35 1.5000000000000002 64.500000000000014 30.500000000000004 57.500000000000007 0.4199 0.20500000000000004 6.995000000000001 0.22749999999999998 0.27510000000000007 52.500000000000007 0.17598333333333338 3.5650000000000004 0.19999999999999976 0.27655000000000002 0.38055 1.5000000000000002 5.5850000000000009 3.5000000000000004 8.5000000000000018 0.13000000000000014 0.55590000000000017 0.13500000000000004 -0.055 0.018333333333333323 0.023333333333333362 0.35455000000000009 0.39120000000000005
decision_type=2 2 2 2 2 2 2 2 2 2 2 2 2 2 2 2 2 2 2 2 2 2 2 2 2 2 2 2 2 2
left_child=1 -1 4 7 5 6 9 -4 -9 -3 12 -12 -11 15 -15 25 -17 -18 -5 20 21 22 -16 24 -21 -7 -27 28 -28 -30
right_child=-2 2 3 18 -6 13 -8 8 -10 10 11 -13 -14 14 19 16 17 -19 -20 23 -22 -23 -24 -25 -26 26 27 -29 29 -31
leaf_value=-0.024868584838809341 0.00043011685197104425 -0.0064098483816325052 0.0037066693121973852 -0.00095129643976574587 0.039952536164182546 -0.012213722250542449 -0.043390815864735054 -0.0022888338687631371 -0.034555539363116443 -0.024717086280465109 0.1014811301843386 0.010047198160136965 0.032016066777937162 0.098559629788198377 -0.051590915409215565 -0.027387585893825974 0.022110711777644326 0.097482586485071299 -0.027041361391541743 -0.043134808206019143 -0.026285829724798201 0.061783426063963393 0.042184908794869122 -0.022747407766098335 0.028246229038084266 -0.0019806159647582258 0.020518049473347635 4.1970571445438501e-05 -0.02698475411846446 0.016396151326783834
leaf_weight=30.111075777560472 21250.50919380784 1174.4197841593996 2768.0710226092488 6496.357088655699 16.45525062084198 161.48242093995214 19.682574122212827 426.32040026970208 23.876667986623943 21.288129599764943 6.930790655314925 18.00322238355875 13.054778845980762 3.3817360848188391 4.5710285902023333 5.9920120574533966 10.218693837523462 6.4911130219697943 30.734151523560286 4.9518182575702694 5.7366090267896643 18.953412815928459 6.3664121180772781 24.651045322418213 25.521001547574997 3188.9503294527531 165.90289112180471 298.45763850212097 35.741925776004791 47.199788108468056
leaf_count=154 122939 6617 15168 41996 86 742 124 2177 171 146 37 86 90 21 22 34 56 35 311 24 31 85 28 116 119 16162 768 1343 164 214
internal_value=-3.95776e-06 -0.000616467 -0.000567879 0.000148627 -0.00188924 -0.00201994 -0.0060683 0.00262858 -0.00400013 -0.00547286 0.0130912 0.0354627 -0.0031511 -0.00075601 0.0141586 -0.00111412 0.0305969 0.0513898 -0.00107415 0.0110135 0.0295547 0.0402715 0.00299366 -0.000970016 0.0166468 -0.00129882 -0.000827071 0.00589425 0.0129133 -0.00229791
internal_weight=36310.4 15059.9 15029.8 9745.36 5284.4 5267.95 1253.38 3218.27 450.197 1233.7 59.2769 24.934 34.3429 4014.57 94.1331 3920.44 22.7018 16.7098 6527.09 90.7513 35.6275 29.8909 10.9374 55.1239 30.4728 3897.73 3736.25 547.302 248.845 82.9417
internal_count=210066 87127 86973 59823 27150 27064 7100 17516 2348 6976 359 123 236 19964 446 19518 125 91 42307 425 166 135 50 259 143 19393 18651 2489 1146 378
is_linear=0
shrinkage=0.05


Tree=205
num_leaves=31
num_cat=0
split_feature=8 13 10 34 8 35 11 13 7 18 36 11 20 14 7 0 10 8 35 22 7 12 4 1 46 44 12 45 9 20
split_gain=3.84589 9.29276 8.07695 8.1464 8.00854 10.3329 10.7584 7.86646 9.58339 12.8039 12.8012 10.8345 20.0204 12.0958 10.4739 12.7622 9.84461 9.74623 10.3831 11.7456 9.59974 9.4919 9.29875 8.63399 14.0275 13.6741 14.6981 11.4611 10.3793 10.7189
threshold=0.26505000000000006 -0.8116666666666662 0.10065000000000002 4.285000000000001 0.26340000000000002 0.31525000000000009 0.28010000000000007 -0.24499999999999986 4.9350000000000014 1.5000000000000002 6.9450000000000012 0.36155000000000004 -1.6999999999999993 -0.099541666666666681 4.0950000000000006 7.5000000000000009 0.059249999999999955 0.28804999999999997 0.30715000000000003 -2.444999999999999 4.0550000000000006 0.43600000000000005 53.500000000000007 2.5000000000000004 6.8750000000000009 7.7550000000000008 0.42430000000000007 0.21450000000000002 5.3250000000000011 -2.2849999999999988
decision_type=2 2 2 2 2 2 2 2 2 2 2 2 2 2 2 2 2 2 2 2 2 2 2 2 2 2 2 2 2 2
left_child=1 -1 -3 -4 -5 -6 -7 8 9 11 14 13 -13 16 15 -11 -2 18 19 -10 -17 -21 -18 24 25 26 -19 -26 -25 -30
right_child=7 2 3 4 5 6 -8 -9 17 10 -12 12 -14 -15 -16 20 22 23 -20 21 -22 -23 -24 28 27 -27 -28 -29 29 -31
leaf_value=-0.00084742283169201053 0.14041713012838078 -0.0014531043614170898 -0.0020338298142109717 0.0035191789063319569 -0.0041244074882891514 0.074099189667316462 0.020369512332370124 6.9424227590624601e-05 0.15930955336441843 0.11034831394909657 -0.022737002963771 -0.043944317498086 0.036474534884534893 -0.0084079301863238861 -0.0062587188625258293 -0.017003483707693719 -0.009188902813991635 -0.0051489502986662005 0.0014245139239092547 0.026488775406556326 0.085678036117957074 -0.030399545948490821 0.099004081431592672 -0.0073426257479970169 0.05991539449138699 0.045565210469764098 0.023782797100086833 0.011971108578879968 0.055263570397694577 -0.00064584838111024924
leaf_weight=4902.756064530462 2.2194905355572692 1283.7183914221823 687.56734995916486 4068.8112612515688 31.539913162589073 11.786699846386908 44.457809254527092 20727.757799744606 1.5592429190874089 4.1059382855892208 121.75895445980132 9.1133117005228979 51.328041668981314 91.621470756828785 1125.3406691923738 9.1832950953394157 6.5963086672127229 437.58541969954967 154.74897009879351 72.871515396982431 3.0263523682951918 8.152754105627535 2.8413967676460743 845.31535483896732 13.512539371848105 15.428761154413221 48.793567292392254 160.798772752285 8.6272351555526239 1356.5415662787855
leaf_count=48254 15 7448 3878 22695 171 64 234 98492 9 44 819 56 316 619 7544 87 47 2254 959 448 20 47 24 5669 70 77 248 819 55 8584
internal_value=-3.94968e-06 0.000775049 0.00207315 0.00300761 0.00384155 0.0187833 0.0316292 -0.000343872 -0.00222622 -0.00562084 -0.0073257 0.00753538 0.024349 -0.0023044 -0.00568206 0.0340918 0.0456672 -0.000675429 0.00906442 0.0233804 0.00844774 0.0207646 0.0233846 -0.00147623 0.00346818 -0.000776479 -0.00224652 0.0156877 -0.00298857 -0.000292527
internal_weight=36309.5 11030.6 6127.88 4844.16 4156.6 87.7844 56.2445 25278.8 4551.07 1427.14 1263.42 163.72 60.4414 103.279 1141.66 16.3156 11.6572 3123.94 237.332 82.5835 12.2096 81.0243 9.43771 2886.6 676.119 501.808 486.379 174.311 2210.48 1365.17
internal_count=210066 82744 34490 27042 23164 469 298 127322 28830 9591 8514 1077 372 705 7695 151 86 19239 1463 504 107 495 71 17776 3468 2579 2502 889 14308 8639
is_linear=0
shrinkage=0.05


Tree=206
num_leaves=31
num_cat=0
split_feature=17 46 9 7 23 10 23 8 44 46 19 45 15 15 13 24 45 34 7 12 48 11 8 22 11 8 24 27 22 7
split_gain=3.84641 8.64852 8.59626 9.98473 9.11272 8.97364 8.93051 8.4592 8.23379 7.95081 8.0979 8.47018 10.7122 10.0533 8.76274 8.87839 8.26975 11.0751 8.10882 20.3056 12.8491 8.04544 8.00803 7.72479 9.45875 11.9877 10.5576 8.10695 7.22531 9.17718
threshold=5.5000000000000009 6.955000000000001 7.4450000000000012 6.9350000000000014 6.705000000000001 0.52955000000000008 6.7950000000000008 0.31305000000000005 7.9350000000000014 7.0050000000000008 0.035000000000000003 0.30685000000000007 -0.02166666666666665 0.036666666666666667 1.9291666666666669 0.1000000000000001 0.24945000000000003 4.955000000000001 4.495000000000001 0.27445000000000003 1.0000000180025095e-35 0.18880000000000005 0.44855000000000006 2.205000000000001 0.35455000000000009 0.29765000000000003 -0.028333333333331986 -1.0000000180025095e-35 2.8150000000000008 6.5050000000000008
decision_type=2 2 2 2 2 2 2 2 2 2 2 2 2 2 2 2 2 2 2 2 2 2 2 2 2 2 2 2 2 2
left_child=-1 2 3 8 -5 -6 -7 -4 23 -3 11 12 21 14 15 -13 17 -14 19 -18 -21 -11 -20 24 -2 -26 -27 -28 -25 -30
right_child=1 9 7 4 5 6 -8 -9 -10 10 -12 13 16 -15 -16 -17 18 -19 22 20 -22 -23 -24 28 25 26 27 -29 29 -31
leaf_value=0.00021639528134793974 -0.0013747856743265138 -0.013196481239530653 0.079320286456361286 -0.032779696538292741 -0.00078743327688056983 -0.046636464678345653 -0.0086688025977003352 0.007170302166681285 0.041673717984945451 0.13281009095273691 -0.025338646488926614 -0.0059878951333115528 0.035409974997019193 -0.076921342099967746 0.074804959637143023 0.054236203505593765 -0.043766070383093054 -0.045134359498627458 -0.0047794705166361532 0.20007183484519186 0.050471200321545652 0.03066911036034441 0.050357704089730553 0.014683324859284919 -0.014801433265273523 0.10945690146741145 0.066643771820102546 -0.011781843459089668 -0.0043062581367926131 0.025823139064251061
leaf_weight=30677.878136127722 4145.771462239325 274.04687420930713 4.1285323947668067 38.310415536165237 181.3776144310832 23.984575003385544 43.718455947935581 254.11755187064409 11.561768840998409 3.1842372715473157 30.604686842299998 157.37426338344812 6.47622206155211 4.5931004756130269 3.6385517269372931 6.3673519790172568 2.856795769184826 12.51658167876303 23.339878663420677 2.6546082524582744 3.124925259500742 4.8864831067621708 9.1736489906907064 153.55559758096933 10.840924222953619 5.5036743879318264 6.5199444293975857 6.6623869389295534 167.9790148884058 29.749742150306702
leaf_count=175786 26453 1668 22 184 865 115 201 1226 73 18 227 915 36 42 15 34 23 76 126 18 29 29 43 737 83 30 30 37 801 124
internal_value=-4.04643e-06 -0.00120553 -0.000563905 -0.00103954 -0.0100774 -0.00658568 -0.0221193 0.00832375 -0.00046719 -0.00719239 -0.00111612 0.00197032 0.0168789 -0.0039432 -0.0019406 -0.00364599 0.00962057 -0.0176701 0.0222167 0.0652824 0.119185 0.070968 0.0107774 -0.000574826 -0.00117395 0.0270252 0.0512915 0.0270072 0.0065462 0.000226931
internal_weight=36306.5 5628.62 5083.78 4825.54 287.391 249.081 67.703 258.246 4538.14 544.838 270.791 240.187 68.2134 171.973 167.38 163.742 60.1427 18.9928 41.1499 8.63633 5.77953 8.07072 32.5135 4526.58 4175.3 29.5269 18.686 13.1823 351.284 197.729
internal_count=210066 34280 30981 29733 1365 1181 316 1248 28368 3299 1631 1404 398 1006 964 949 351 112 239 70 47 47 169 28295 26633 180 97 67 1662 925
is_linear=0
shrinkage=0.05


Tree=207
num_leaves=31
num_cat=0
split_feature=8 16 13 10 34 6 22 44 23 24 31 28 24 45 11 44 11 16 7 34 35 12 24 48 0 8 9 44 22 12
split_gain=3.83438 8.63747 8.90939 8.3632 8.04884 9.56594 9.696 11.2801 9.29716 11.2036 18.497 10.0652 9.18003 9.16513 8.15263 11.3236 10.5204 10.2567 11.4588 9.49063 9.19931 7.8068 8.22841 8.66404 7.56798 7.52813 13.1304 11.4607 10.9061 9.53698
threshold=0.44690000000000002 1.5000000000000002 1.779166666666667 0.84415000000000007 5.9250000000000007 0.13500000000000004 0.86499999999999988 6.1850000000000014 7.035000000000001 -0.088333333333333361 3.5000000000000004 3.5000000000000004 0.14500000000000005 0.35305000000000003 0.41545000000000004 6.2250000000000005 0.46945000000000003 2.5000000000000004 6.0450000000000008 5.0450000000000008 0.28075000000000006 0.42825000000000008 -0.0066666666666672638 3.5000000000000004 11.500000000000002 0.28455000000000003 4.8650000000000011 5.5550000000000006 -0.39000000000000029 0.48085000000000006
decision_type=2 2 2 2 2 2 2 2 2 2 2 2 2 2 2 2 2 2 2 2 2 2 2 2 2 2 2 2 2 2
left_child=1 2 3 -1 5 6 7 8 9 10 13 -11 25 -3 15 24 20 18 19 -17 -16 -13 -23 -24 -9 26 -7 -27 -28 -30
right_child=-2 4 -4 -5 -6 12 -8 14 -10 11 -12 21 -14 -15 16 17 -18 -19 -20 -21 -22 22 23 -25 -26 27 28 -29 29 -31
leaf_value=0.0024830017369975275 -0.00095088208479969082 -0.037439957064787262 0.016061562323747239 0.066924145865508808 0.00091249147238836332 -0.00077467835840652538 -0.019786362632709012 0.018550576799915033 -0.064161890743927238 0.0016558821900790014 0.19317982282744281 -0.021410543235540432 0.023654505987996476 0.080651586262007663 -0.042501181836746144 0.10166286440660409 -0.00689433300385994 -0.0083686430447405223 -0.015761248290057327 0.018704836187500396 0.078220960066524126 -0.030852189077926896 0.020593429461222095 0.14172769617163675 0.13945313258539918 -0.0046917685985457388 -7.5015957348796862e-05 -6.1131291912613136e-05 0.0069316239785514461 0.03293270884576123
leaf_weight=1445.882248967886 8259.8060949565843 4.007001650054006 136.66177169978619 5.0524380356073371 13527.658273270354 5161.3261011322029 121.23891888558865 2.7914745705202213 7.5739515852183095 111.23696995154023 1.7524297349154947 142.13222091924399 39.059262668713927 2.7849351679906249 1.8154748734086776 6.4885376393795031 9.0327070048078877 90.061814489774406 8.6537255644798261 7.3562911152839661 12.066719740629194 4.9299930594861507 5.7190835643559677 1.9896893585100768 2.4133613556623459 2302.2759752161801 776.30240939557552 3184.3181234486401 886.2265338562429 36.728552296757698
leaf_count=6377 38676 50 560 21 83028 38300 565 22 110 556 20 2033 214 36 18 31 69 863 39 35 99 83 69 32 23 11969 4510 16421 5032 205
internal_value=-4.03653e-06 0.000274823 0.00385694 0.0027074 5.98797e-05 -0.000832122 -0.00732118 -0.00374682 -0.00951383 -0.00800628 0.0483502 -0.00981649 -0.000547101 0.0109818 0.00781861 0.00250912 0.0351054 -0.000824865 0.0293729 0.0575841 0.0624333 -0.0180619 0.0195959 0.051859 0.0746103 -0.000623661 0.000480419 -0.00200423 0.00429265 0.00796632
internal_weight=36305.3 28045.5 1587.6 1450.93 26457.9 12930.3 544.045 422.806 282.126 274.552 8.54437 266.008 12386.2 6.79194 140.68 117.765 22.9149 112.56 22.4986 13.8448 13.8822 154.771 12.6388 7.70877 5.20484 12347.2 6860.58 5486.59 1699.26 922.955
internal_count=210066 171390 6958 6398 164432 81404 4753 4188 2989 2879 106 2773 76651 86 1199 1013 186 968 105 66 117 2217 184 101 45 76437 48047 28390 9747 5237
is_linear=0
shrinkage=0.05


Tree=208
num_leaves=31
num_cat=0
split_feature=3 1 0 23 8 45 9 46 7 15 8 44 35 4 22 34 21 48 8 22 34 31 45 24 45 22 44 12 20 44
split_gain=3.81485 6.76667 9.65332 8.60295 15.6013 13.3789 12.9107 12.9113 13.0676 10.603 9.96645 10.6416 10.1912 9.79966 9.17419 8.0441 8.46194 9.65447 10.1841 9.01022 8.73791 11.4036 7.99221 17.9487 7.81685 7.79667 7.77205 7.67838 7.3956 7.3204
threshold=51.500000000000007 2.5000000000000004 3.5000000000000004 6.8250000000000011 0.21290000000000001 0.42724999999999996 4.2550000000000008 6.6650000000000009 4.1750000000000007 -0.015000000000000025 0.18064999999999998 5.1350000000000007 0.45755000000000007 55.500000000000007 -1.0000000180025095e-35 5.5450000000000008 -1.0000000180025095e-35 1.0000000180025095e-35 0.48185000000000006 0.90499999999999992 6.3150000000000004 1.5000000000000002 0.33945000000000008 -0.081666666666665652 0.32855000000000006 -2.2449999999999988 6.0550000000000006 0.31735000000000002 -2.9349999999999992 6.0950000000000006
decision_type=2 2 2 2 2 2 2 2 2 2 2 2 2 2 2 2 2 2 2 2 2 2 2 2 2 2 2 2 2 2
left_child=-1 -2 3 4 5 6 28 -8 25 -10 11 -5 13 15 -11 -12 20 -18 19 -19 -17 -22 23 -6 26 -9 -13 -14 -3 -24
right_child=1 2 -4 10 22 -7 7 8 9 14 12 24 27 -15 -16 16 17 18 -20 -21 21 -23 29 -25 -26 -27 -28 -29 -30 -31
leaf_value=0.0002080090924651599 0.0015302052080702758 0.072230342017228569 -0.0033408895366796435 -0.044722937522848394 0.079679302145992018 -0.04417303748639069 0.1060238136303172 0.076047255001751135 0.12642065801434996 -0.034423299289064201 0.003183481797303816 0.10454802541921074 0.099295007401526567 -0.018490867544474675 0.077900008695574258 -0.027558919021925185 0.00013717815922110739 0.049727680123363212 -0.021255544222481427 0.12528499825436476 -0.027486122564464661 0.076574457390860412 0.010976880608882045 -0.02337289956200252 -0.01644147251633769 -0.021231527919439348 -0.0012254042314737998 0.025972240594415077 -0.012549548916396192 -0.016718458336436631
leaf_weight=30997.969204383902 1555.1757818646729 2.9755564406514194 3291.1114735659212 14.624944418668749 4.4283541142940512 7.1133885569870463 7.5105477459728709 2.5435264259576789 4.8289706110954285 3.1015156507492065 52.147743362933397 3.6415213160216799 6.1901806667447081 20.897265668958426 4.3924248516559583 11.591545410454275 12.407183639705179 34.278040558099747 4.4731825441122046 4.4589475244283667 4.403698801994322 6.5466236546635628 68.187562476843596 92.155588824301958 9.0079517401754838 10.829252883791925 3.3200790323317051 8.4370581656694394 18.982436366379261 36.701858721673489
leaf_count=179134 7929 25 20259 115 27 49 47 19 27 18 301 31 38 132 26 59 71 223 22 21 23 33 364 496 77 77 28 49 142 204
internal_value=-4.05392e-06 -0.00124283 -0.00239245 0.00439063 -0.00150912 0.0203633 0.0286852 0.0483551 0.0314992 0.0686435 0.0123125 -0.0139087 0.0171501 0.0132949 0.0314128 0.0183924 0.0285397 0.0390135 0.0501763 0.058425 0.00269778 0.0347262 -0.00827011 -0.018648 0.0143111 -0.00272893 0.0541033 0.0570021 -0.00106091 0.001286
internal_weight=36304.4 5306.46 3751.29 460.177 263.751 62.2776 55.1642 33.2062 25.6957 12.3229 196.426 30.5945 165.831 151.204 7.49394 130.307 78.1592 55.6174 43.2102 38.737 22.5419 10.9503 201.473 96.5839 15.9696 13.3728 6.9616 14.6272 21.958 104.889
internal_count=210066 30932 23003 2744 1521 430 381 214 167 71 1223 251 972 885 44 753 452 337 266 244 115 56 1091 523 136 96 59 87 167 568
is_linear=0
shrinkage=0.05


Tree=209
num_leaves=31
num_cat=0
split_feature=4 12 34 24 12 8 24 34 27 3 45 21 12 20 8 26 33 44 44 35 15 6 9 25 22 0 34 34 13 26
split_gain=3.74563 8.25819 6.94254 6.79428 8.18055 14.9355 12.1289 13.0733 10.4033 11.8179 10.1686 12.3136 10.7141 9.44514 15.1838 9.6525 11.2932 9.28873 9.38361 9.16459 10.1979 9.77247 9.13371 13.773 13.5926 9.27469 9.0895 8.91673 8.76816 11.1384
threshold=50.500000000000007 0.37405000000000005 1.0000000180025095e-35 -0.066666666666665084 0.33785000000000004 0.26145000000000007 -0.048333333333333332 7.4650000000000007 0.055000000000000167 55.500000000000007 0.22615000000000005 -0.030000000000000002 0.16755 1.8700000000000006 0.46445000000000008 -1.0000000180025095e-35 0.19500000000000003 7.4050000000000011 7.5450000000000008 0.25535000000000008 -0.05333333333333333 0.22500000000000003 3.4050000000000007 3.5000000000000004 -0.42500000000000021 10.500000000000002 5.8450000000000006 5.4250000000000007 -0.032500000000000188 -0.069999999999999826
decision_type=2 2 2 2 2 2 2 2 2 2 2 2 2 2 2 2 2 2 2 2 2 2 2 2 2 2 2 2 2 2
left_child=1 2 -1 -4 6 19 7 8 9 10 -5 -12 -13 15 -15 -8 -17 22 -19 -6 -21 28 23 -7 -25 -26 -11 -23 -22 -30
right_child=-2 -3 3 4 5 17 13 -9 -10 26 11 12 -14 14 -16 16 -18 18 -20 20 21 27 -24 24 25 -27 -28 -29 29 -31
leaf_value=-0.055670692781905985 0.00021974433477594125 0.0019239123438292149 -0.0105163951072711 -0.02424002835858257 -0.017669112746404696 -0.011726653460200442 -0.0054237477029307297 0.098934656767535475 -0.0032317019133791566 0.031872529638560375 0.077454761776668116 0.091407984872827669 0.010665517464086012 0.016263610718099775 -0.0086152765430597498 -0.00037967078608770987 0.01876023870540626 0.071702755700189288 -0.0060159579772953962 -0.030047242540778299 0.0028242729711177323 0.13085924342729036 -0.012051406895293118 -0.052117970437468124 -0.0053195593981605642 0.063422512318361809 0.15742468742256832 0.0013250228043409286 -0.04109830190223878 0.033088854532282407
leaf_weight=6.0827675350010386 30398.614137150347 1589.980430804193 233.20195131096989 12.686823839321731 47.995055417530239 42.251936055719852 1170.487760190852 4.2688167616724959 76.768178295344114 3.0663088746368876 9.4667068310081941 4.417285479605197 58.787840976379812 178.2141589820385 93.505657255649567 1245.0375479068607 82.15427322499454 7.0056447014212599 8.7156182900071126 18.807234555482864 253.76582272164524 3.0539258867502204 667.13304748013616 4.0905355960130718 6.5774692110717323 19.317468605935574 2.7205705866217613 2.3515298403799534 5.6639168113470069 47.409018196165562
leaf_count=35 173312 9751 1697 101 385 217 7661 29 493 22 55 31 453 842 398 7763 498 37 49 156 2241 24 3354 25 36 100 23 24 27 227
internal_value=-4.09694e-06 -0.00115642 -0.00229146 -0.0022161 -0.00174118 -0.00534877 -0.000350262 0.0125259 0.0103292 0.021751 0.0170632 0.0242738 0.0163085 -0.00115082 0.00770216 -0.00211392 0.000805105 -0.00941408 0.0286167 0.00274967 0.00570993 0.00786367 -0.0102227 0.00666564 0.0325819 0.0459616 0.090898 0.0745081 0.00668963 0.0251716
internal_weight=36303.6 5904.99 4315 4308.92 4075.72 1134.14 2941.58 172.183 167.914 91.1455 85.3587 72.6718 63.2051 2769.4 271.72 2497.68 1327.19 755.092 15.7213 379.047 331.051 312.244 739.37 72.2374 29.9855 25.8949 5.78688 5.40546 306.839 53.0729
internal_count=210066 36754 27003 26968 25271 6902 18369 1207 1178 685 640 539 484 17162 1240 15922 8261 3818 86 3084 2699 2543 3732 378 161 136 45 48 2495 254
is_linear=0
shrinkage=0.05


end of trees

feature_importances:
win_dev=551
n_2ren=417
tenji_dev=330
w1_n_win=320
w2_n_win=306
w1_course_diff=294
motor_dev=256
l_win=234
n_win_diff_in=212
n_win=211
course_in=201
n_win_diff_out=171
tenji_diff_out=152
b_2ren=151
age=146
weight=144
m_2ren=140
w2_lane_diff=135
tenji_diff_in=130
st_dev=121
w2_m_2ren=116
w2_course_in=108
w1_m_2ren=104
jcd=98
l_2ren=95
avg_st_diff_out=95
lane=87
tenji=87
w2_tenji=87
w1_course_in=79
cls_val=77
w1_tenji=74
avg_st_diff_in=70
win_rank=60
w1_lane_diff=54
avg_st=53
w1_lane=44
w2_avg_st=40
tenji_rank=38
motor_rank=37
w2_lane=36
f_count=33
w1_avg_st=28
st_rank=19
course_diff=19
w2_cls_val=15
w1_cls_val=14
w1_maezuke=8
maezuke=3

parameters:
[boosting: gbdt]
[objective: binary]
[metric: binary_logloss]
[tree_learner: serial]
[device_type: cpu]
[data_sample_strategy: bagging]
[data: ]
[valid: ]
[num_iterations: 1300]
[learning_rate: 0.05]
[num_leaves: 31]
[num_threads: 0]
[seed: 0]
[deterministic: 0]
[force_col_wise: 0]
[force_row_wise: 0]
[histogram_pool_size: -1]
[max_depth: -1]
[min_data_in_leaf: 20]
[min_sum_hessian_in_leaf: 0.001]
[bagging_fraction: 1]
[pos_bagging_fraction: 1]
[neg_bagging_fraction: 1]
[bagging_freq: 0]
[bagging_seed: 3]
[bagging_by_query: 0]
[feature_fraction: 1]
[feature_fraction_bynode: 1]
[feature_fraction_seed: 2]
[extra_trees: 0]
[extra_seed: 6]
[early_stopping_round: 0]
[early_stopping_min_delta: 0]
[first_metric_only: 0]
[max_delta_step: 0]
[lambda_l1: 0]
[lambda_l2: 0]
[linear_lambda: 0]
[min_gain_to_split: 0]
[drop_rate: 0.1]
[max_drop: 50]
[skip_drop: 0.5]
[xgboost_dart_mode: 0]
[uniform_drop: 0]
[drop_seed: 4]
[top_rate: 0.2]
[other_rate: 0.1]
[min_data_per_group: 100]
[max_cat_threshold: 32]
[cat_l2: 10]
[cat_smooth: 10]
[max_cat_to_onehot: 4]
[top_k: 20]
[monotone_constraints: ]
[monotone_constraints_method: basic]
[monotone_penalty: 0]
[feature_contri: ]
[forcedsplits_filename: ]
[refit_decay_rate: 0.9]
[cegb_tradeoff: 1]
[cegb_penalty_split: 0]
[cegb_penalty_feature_lazy: ]
[cegb_penalty_feature_coupled: ]
[path_smooth: 0]
[interaction_constraints: ]
[verbosity: -1]
[saved_feature_importance_type: 0]
[use_quantized_grad: 0]
[num_grad_quant_bins: 4]
[quant_train_renew_leaf: 0]
[stochastic_rounding: 1]
[linear_tree: 0]
[max_bin: 255]
[max_bin_by_feature: ]
[min_data_in_bin: 3]
[bin_construct_sample_cnt: 200000]
[data_random_seed: 1]
[is_enable_sparse: 1]
[enable_bundle: 1]
[use_missing: 1]
[zero_as_missing: 0]
[feature_pre_filter: 0]
[pre_partition: 0]
[two_round: 0]
[header: 0]
[label_column: ]
[weight_column: ]
[group_column: ]
[ignore_column: ]
[categorical_feature: ]
[forcedbins_filename: ]
[precise_float_parser: 0]
[parser_config_file: ]
[objective_seed: 5]
[num_class: 1]
[is_unbalance: 0]
[scale_pos_weight: 1]
[sigmoid: 1]
[boost_from_average: 1]
[reg_sqrt: 0]
[alpha: 0.9]
[fair_c: 1]
[poisson_max_delta_step: 0.7]
[tweedie_variance_power: 1.5]
[lambdarank_truncation_level: 30]
[lambdarank_norm: 1]
[label_gain: ]
[lambdarank_position_bias_regularization: 0]
[eval_at: ]
[multi_error_top_k: 1]
[auc_mu_weights: ]
[num_machines: 1]
[local_listen_port: 12400]
[time_out: 120]
[machine_list_filename: ]
[machines: ]
[gpu_platform_id: -1]
[gpu_device_id: -1]
[gpu_use_dp: 0]
[num_gpu: 1]

end of parameters

pandas_categorical:[]
