tree
version=v4
num_class=1
num_tree_per_iteration=1
label_index=0
max_feature_idx=30
objective=binary sigmoid:1
feature_names=jcd lane cls_val age weight f_count avg_st n_win n_2ren l_win l_2ren m_2ren b_2ren win_dev motor_dev st_dev win_rank motor_rank st_rank avg_st_diff_in n_win_diff_in avg_st_diff_out n_win_diff_out tenji tenji_dev tenji_rank tenji_diff_in tenji_diff_out course_in maezuke course_diff
feature_infos=[1:24] [1:6] [1:4] [17:76] [40:69] [0:3] [0:0.31] [0:8.4900000000000002] [0:0.97999999999999998] [0:10.289999999999999] [0:1] [0:1] [0:1] [-5.2983333333333329:4.2016666666666662] [-0.52453333333333341:0.75] [-0.15666666666666665:0.18166666666666667] [1:6] [1:6] [1:6] [-0.25:0.31] [-8.4499999999999993:8.4499999999999993] [-0.31:0.25] [-8.4499999999999993:8.4499999999999993] [6.3099999999999996:8.6699999999999999] [-0.99999999999999911:0.50000000000000089] [1:6] [-1.3500000000000005:1.1400000000000006] [-1.1400000000000006:1.3500000000000005] [1:6] [0:1] [-5:5]
tree_sizes=3399 3467 3499 3511 3506 3519 3520 3526 3507 3522 3525 3524 3513 3517 3517 3537 3536 3538 3522 3529 3541 3543 3545 3544 3539 3541 3542 3516 3552 3529 3530 3530 3528 3545 3523 3512 3522 3551 3550 3545 3543 3536 3523 3527 3561 3542 3535 3542 3527 3536 3527 3536 3553 3524 3552 3522 3547 3542 3513 3535 3534 3509 3496 3527 3522 3541 3499 3472 3547 3493 3527 3514 3505 3493 3559 3520 3490 3533 3539 3557 3486 3512 3521 3500 3523 3517 3435 3515 3497 3542 3534 3483 3502 3486 3492 3477 3523 3477 3469 3510 3500 3498 3472 3484 3501 3482 3508 3484 3462 3454 3480 3429 3501 3496 3488 3445 3464 3500 3433 3424 3482 3495 3475 3479 3466 3467 3462 3514 3479 3478 3474 3454 3447 3439 3448 3432 3464 3485 3504 3451 3431 3459 3432 3444 3452 3458 3460 3453 3480 3411 3441 3425 3423 3420 3491 3436 3452 3410 3462 3439 3447 3431 3427 3456 3412 3428 3456 3435 3456 3479 3437 3454 3435 3426 3481 3458 3408 3455 3403 3447 3470 3460 3487 3426 3407 3447 3464 3460 3433 3453 3395 3464 3453 3423 3469 3428 3482 3408 3406 3487 3421 3468 3444 3463 3428 3426 3401 3428 3466 3458 3457 3403 3424 3410 3425 3411

Tree=0
num_leaves=31
num_cat=0
split_feature=28 7 13 28 28 16 13 13 24 24 24 24 8 20 13 28 7 24 24 24 7 24 25 20 20 0 28 24 18 16
split_gain=34512.4 3034.54 2359.77 760.968 550.295 459.804 371.238 354.943 246.64 223.118 152.233 148.19 130.297 125.156 124.327 114.991 92.1137 89.3474 77.4147 66.8599 66.0898 64.7895 64.726 63.5363 61.8669 58.8027 54.2335 51.4383 48.5344 47.4478
threshold=1.5000000000000002 5.2950000000000008 0.63500000000000034 4.5000000000000009 4.5000000000000009 1.5000000000000002 -0.21166666666666664 1.3866666666666674 0.024999999999999026 -0.0050000000000003366 0.020000000000000909 0.041666666666666526 0.20554999999999998 -0.52999999999999992 -0.19166666666666707 5.5000000000000009 5.7350000000000012 0.015000000000001014 -0.0066666666666654875 0.040000000000000487 5.7750000000000012 -0.026666666666666835 1.5000000000000002 2.5350000000000006 1.0600000000000005 3.5000000000000004 5.5000000000000009 -0.053333333333333226 3.5000000000000004 1.5000000000000002
decision_type=2 2 2 2 2 2 2 2 2 2 2 2 2 2 2 2 2 2 2 2 2 2 2 2 2 2 2 2 2 2
left_child=1 6 4 7 8 17 12 10 14 20 -4 23 -1 -10 -2 19 -11 27 -14 -5 -7 -8 -18 -9 -12 -19 -6 -3 -27 -23
right_child=2 5 3 15 26 9 21 11 13 16 24 -13 18 -15 -16 -17 22 25 -20 -21 -22 29 -24 -25 -26 28 -28 -29 -30 -31
leaf_value=-1.568325997273307 -1.6492329843378104 -1.4727890528166385 -1.6108383578633598 -1.6277630162960188 -1.6527009085893671 -1.507491331233487 -1.5314517421219123 -1.5840692250450126 -1.6352289254724284 -1.4586406226717514 -1.5961875724623256 -1.5274504679600691 -1.5575215588751896 -1.6102850279948147 -1.6345578945081969 -1.6488635315729632 -1.4068233084311197 -1.4352694687251022 -1.513083019218991 -1.5930403393375738 -1.464919019810293 -1.4152596702012197 -1.4381394494587205 -1.5512157168753957 -1.5662036470452168 -1.3741920507652061 -1.6625274337837688 -1.413627918516523 -1.4196111682527008 -1.4886792294904656
leaf_weight=371.14551693201065 3152.7893537282944 41.17656409740448 1326.5530920028687 710.99128074944019 2709.863069653511 136.60603359341621 89.58684891462326 510.81197082996368 964.03239592909813 290.73992893099785 360.43404586613178 217.01162159442902 147.87394471466541 1051.2543746083975 2661.7310048639774 636.9847533851862 284.34086829423904 57.591545730829239 290.60081891715527 172.21819713711739 274.04672726988792 23.231372311711311 393.12489911913872 206.7174805700779 329.13429275155067 365.16378633677959 2914.0765699744225 341.09775394201279 70.111446976661682 417.05182150006294
leaf_count=2668 22664 296 9536 5111 19480 982 644 3672 6930 2090 2591 1560 1063 7557 19134 4579 2044 414 2089 1238 1970 167 2826 1486 2366 2625 20948 2452 504 2998
internal_value=-1.60705 -1.46563 -1.6354 -1.60393 -1.64586 -1.43021 -1.52523 -1.58913 -1.63729 -1.4482 -1.60093 -1.56365 -1.54652 -1.62222 -1.64252 -1.63267 -1.4351 -1.40186 -1.52807 -1.62099 -1.47908 -1.49269 -1.425 -1.5746 -1.58188 -1.38779 -1.65779 -1.42 -1.38151 -1.48481
internal_weight=21518.1 3593.49 17924.6 4470.86 13453.7 2254 1339.49 2950.66 7829.81 1378.86 2016.12 934.541 809.62 2015.29 5814.52 1520.19 968.206 875.141 438.475 883.209 410.653 529.87 677.466 717.529 689.568 492.867 5623.94 382.274 435.275 440.283
internal_count=154684 25832 128852 32139 96713 16203 9629 21211 56285 9912 14493 6718 5820 14487 41798 10928 6960 6291 3152 6349 2952 3809 4870 5158 4957 3543 40428 2748 3129 3165
is_linear=0
shrinkage=1


Tree=1
num_leaves=31
num_cat=0
split_feature=28 13 7 28 28 13 16 13 24 24 24 13 20 24 28 8 24 24 7 14 24 0 28 24 7 20 6 19 20 25
split_gain=28850 2224.64 2091.7 688.964 539.509 307.873 288.643 282.093 235.341 152.093 147.826 120.673 116.653 114.35 109.774 97.8442 68.2154 61.2001 59.2765 58.2053 56.5656 55.0574 54.376 53.2096 46.4385 45.1829 42.6493 42.1222 41.586 40.3527
threshold=1.5000000000000002 0.63500000000000034 5.2950000000000008 4.5000000000000009 4.5000000000000009 1.485000000000001 1.5000000000000002 -0.30166666666666647 0.024999999999999026 0.048333333333333346 -0.0050000000000003366 -0.19166666666666707 -0.52999999999999992 0.033333333333332778 5.5000000000000009 0.19785000000000003 -0.019999999999999126 0.040000000000000487 5.7350000000000012 -0.0096833333333332921 -0.0066666666666654875 2.5000000000000004 5.5000000000000009 -0.0066666666666654875 5.7750000000000012 0.61999999999999955 0.17500000000000002 -0.019999999999999993 1.575 1.5000000000000002
decision_type=2 2 2 2 2 2 2 2 2 2 2 2 2 2 2 2 2 2 2 2 2 2 2 2 2 2 2 2 2 2
left_child=2 4 7 5 8 9 20 15 11 16 24 -2 -10 25 17 -1 -3 -5 -12 -9 -4 -21 -6 -17 -8 -7 -22 -18 -11 -20
right_child=1 3 6 14 22 13 10 19 12 28 18 -13 -14 -15 -16 23 27 -19 29 21 26 -23 -24 -25 -26 -27 -28 -29 -30 -31
leaf_value=0.03304619791096574 -0.041255683266363044 -0.011509896806231018 0.1499793811937439 -0.019958697940983913 -0.044755213136466798 -0.011902010520275523 0.088482161794060876 0.08040966751514865 -0.027293139061666413 0.025421479276611952 0.12778833679181786 -0.026630840622709165 -0.0030796792033872342 0.072806888726509728 -0.040883850204028488 0.044305883729492651 0.021633576343438564 0.013183085478853569 0.16684572000203735 0.049551775510797764 0.18089049828076925 0.11682529165483405 -0.05476291751537507 0.081603345246956463 0.12287624912730694 0.035921218347391662 0.13670333597202403 0.0016855171955206358 0.062023285160209579 0.14355255480016044
leaf_weight=340.2310848236084 3064.6968019008636 661.87294048070908 252.33708381652832 701.20908308029175 2627.9597634077072 54.803109169006348 145.76537624001503 274.03466396033764 946.00531339645386 251.51702381670475 319.93081867694855 2613.1384897828102 1048.9906144738197 235.07892659306526 619.34169259667397 144.51825289428234 404.20870961248875 173.82788264751434 323.01472783088684 33.416664585471153 685.51074951887131 338.42716488242149 2807.1853353381157 282.64738917350769 300.38320511579514 499.99709221720695 59.335070431232452 766.40395048260689 112.23194406926632 438.124626070261
leaf_count=2384 22664 4763 1614 5111 19480 388 982 1836 6930 1781 2090 19134 7557 1613 4579 1006 2886 1238 2044 224 4300 2264 20948 1915 1970 3513 377 5484 783 2826
internal_value=-8.697e-05 -0.0274753 0.122249 0.00293986 -0.0378717 0.01681 0.149516 0.0735448 -0.0293342 0.00718189 0.135854 -0.0345248 -0.0145614 0.0435808 -0.024776 0.0530512 0.00131962 -0.013375 0.145847 0.0978942 0.170439 0.11078 -0.0499241 0.0689849 0.111639 0.0311972 0.177371 0.00857352 0.0367147 0.153438
internal_weight=21526.1 17588.5 3937.68 4480.49 13108 2986.11 2524.4 1413.28 7672.83 2196.23 1527.22 5677.84 1995 789.879 1494.38 767.397 1832.49 875.037 1081.07 645.878 997.183 371.844 5435.15 427.166 446.149 554.8 744.846 1170.61 363.749 761.139
internal_count=154684 128852 25832 32139 96713 21211 16203 9629 56285 15697 9912 41798 14487 5514 10928 5305 13133 6349 6960 4324 6291 2488 40428 2921 2952 3901 4677 8370 2564 4870
is_linear=0
shrinkage=0.05


Tree=2
num_leaves=31
num_cat=0
split_feature=28 13 7 28 28 13 20 13 16 24 24 25 28 24 8 24 20 24 28 0 24 15 24 24 20 24 20 2 26 14
split_gain=24550.5 2096.18 1537.52 624.118 529.036 269.737 225.127 222.103 218.458 183.212 115.308 112.784 104.729 92.5476 86.0587 80.551 57.9459 56.007 54.6078 52.2522 49.7934 48.589 47.6988 44.1296 43.114 42.5045 40.7102 39.9638 39.9543 39.4522
threshold=1.5000000000000002 0.63500000000000034 5.2750000000000012 4.5000000000000009 4.5000000000000009 1.3450000000000002 -0.74999999999999967 -0.21166666666666664 2.5000000000000004 0.031666666666666739 0.0050000000000012266 2.5000000000000004 5.5000000000000009 -0.023333333333332981 0.24685000000000004 0.026666666666665954 2.3350000000000013 0.040000000000000487 5.5000000000000009 5.5000000000000009 -0.010000000000000229 -0.0066666666666666602 -0.015000000000000123 0.024999999999999915 1.6600000000000006 -0.026666666666666835 0.8300000000000004 3.5000000000000004 0.039999999999999598 -0.030716666666666708
decision_type=2 2 2 2 2 2 2 2 2 2 2 2 2 2 2 2 2 2 2 2 2 2 2 2 2 2 2 2 2 2
left_child=2 4 7 5 6 11 23 14 15 20 26 24 17 -10 22 27 -12 -5 -6 -17 -8 -15 -1 -2 -3 -9 -7 -4 -29 -13
right_child=1 3 8 12 18 10 9 25 13 -11 16 29 -14 21 -16 19 -18 -19 -20 -21 -22 -23 -24 -25 -26 -27 -28 28 -30 -31
leaf_value=0.016604866608791381 -0.041946535456620214 0.012615247372794606 0.1186575817120714 -0.019224487211134195 -0.04387498922418976 -0.012600834808248265 -0.031977608817360843 0.059442459746191882 0.074474048531758263 -0.0018761524127110267 0.039760510783946358 -0.017158868168116209 -0.039968410505665637 0.095963691409508139 0.072873736248567786 0.12521481799506759 0.073571423145295439 0.012412541704913285 -0.054076232255645354 0.15642676106448275 -0.019788757781842751 0.12471462163391377 0.04816049703051329 -0.028173304889206958 0.03970504326449343 0.095817900675784287 0.025221321498516261 0.1402308555562207 0.043050309291584772 0.0018776965264524369
leaf_weight=167.1324649900198 2394.4171450585127 575.75327524542809 458.02366822957993 691.83327428996563 2548.6744439601898 85.057736575603485 1881.6316745579243 96.021068200469017 159.37042483687401 966.77634170651436 354.36452636122704 428.52607649564743 602.28775049746037 205.09226948022842 280.14702977240086 166.2347354888916 197.26233538985252 175.34746989607811 2703.3275697827339 693.49313634634018 1510.5217540562153 518.37258978188038 422.45675291121006 768.13277578353882 197.17369343340397 490.75192800164223 434.99362808465958 568.35190011560917 10.777120843529699 745.91064685583115
leaf_count=1139 18138 4058 2725 5111 19480 604 14127 619 991 7007 2404 3090 4579 1228 1825 963 1315 1238 20948 3965 11281 3092 2830 5732 1358 3067 3008 3324 64 5374
internal_value=-0.00015084 -0.0266202 0.107708 0.00277273 -0.0369486 0.0157803 -0.0284457 0.0660942 0.129512 -0.0210775 0.0359267 0.00469334 -0.0239516 0.108966 0.0500569 0.139075 0.0518513 -0.0128274 -0.0491258 0.150392 -0.0265499 0.116564 0.0392153 -0.0386012 0.0195259 0.0898653 0.0190353 0.129694 0.138422 -0.00506833
internal_weight=21498.2 17262 4236.23 4488.51 12773.5 3019.04 7521.48 1456.51 2779.72 4358.93 1071.68 1947.36 1469.47 882.835 869.736 1896.88 551.627 867.181 5252 859.728 3392.15 723.465 589.589 3162.55 772.927 586.773 520.051 1037.15 579.129 1174.44
internal_count=154684 128852 25832 32139 96713 21211 56285 9480 16352 32415 7331 13880 10928 5311 5794 11041 3719 6349 40428 4928 25408 4320 3969 23870 5416 3686 3612 6113 3388 8464
is_linear=0
shrinkage=0.05


Tree=3
num_leaves=31
num_cat=0
split_feature=28 13 2 28 28 13 13 20 24 16 24 24 28 20 1 8 24 13 28 24 13 24 24 15 24 0 24 24 20 26
split_gain=21159.7 1974.13 1201.85 565.671 518.785 247.152 238.433 216.342 171.241 152.71 140.728 101.934 99.8461 71.6129 68.7141 65.9761 63.4752 55.5668 54.9129 47.5114 46.5302 45.7809 43.0677 41.6175 39.3669 42.6655 38.9215 38.177 37.683 37.6565
threshold=1.5000000000000002 0.63500000000000034 2.5000000000000004 4.5000000000000009 4.5000000000000009 -0.18250000000000008 1.6050000000000011 -0.74999999999999967 0.031666666666666739 1.5000000000000002 0.048333333333333346 -0.0050000000000003366 5.5000000000000009 0.81500000000000006 2.5000000000000004 0.17515000000000003 0.033333333333332778 1.6383333333333343 5.5000000000000009 -0.010000000000000229 0.86666666666666703 -0.052666666666666188 0.024999999999999915 -0.0050000000000000175 -0.013333333333333195 4.5000000000000009 -0.011666666666666268 0.048333333333334234 1.0600000000000005 -0.069999999999999826
decision_type=2 2 2 2 2 2 2 2 2 2 2 2 2 2 2 2 2 2 2 2 2 2 2 2 2 2 2 2 2 2
left_child=2 4 5 6 7 15 10 22 19 21 13 -11 17 -3 -15 -1 -8 -5 27 -9 26 -4 -2 -13 -17 -26 -7 -6 -12 -19
right_child=1 3 9 12 18 20 16 8 -10 11 28 23 -14 14 -16 24 -18 29 -20 -21 -22 -23 -24 -25 25 -27 -28 -29 -30 -31
leaf_value=0.02371484328161768 -0.041054601298724833 -0.009530013965887256 0.084332044773379397 -0.018645916774747487 -0.045078572904449006 0.057216823973389043 0.031053926091411541 -0.031072013988170329 -0.0017846446945173359 0.08718111365594837 0.018467734627337039 0.098580203821210202 -0.039065456025153336 0.029282944998698903 0.0023641640671338872 0.033324050632131251 0.064618597895500368 0.053990239033853332 -0.053413888103970443 -0.019062249678503208 0.1110979622615437 0.13242276460026145 -0.027299850279000216 0.11977286757090209 0.028840603727966176 0.068440886446292662 0.085183045684649017 -0.024361745355435241 0.04883093551399386 -0.00027973668527025335
leaf_weight=264.84242558479309 2325.8701465129852 801.64256303012371 51.85464970767498 688.08347690105438 2224.9380026459694 168.5590010881424 450.49928709864616 1840.7030040323734 965.56262156367302 485.37405699491501 197.11669385433197 312.22894507646561 585.82060718536377 327.97703272104263 855.2958519756794 175.38732035458088 204.9339724034071 42.486058473587036 2602.5650789141655 1490.2142482101917 125.8773689866066 1084.398393124342 753.45293593406677 897.70284488797188 83.228580877184868 372.1619506329298 475.02193835377693 247.07433360815048 212.18072754144669 129.06409585475922
leaf_count=1768 18138 5755 291 5087 17533 1021 3039 14127 7007 2830 1361 1749 4579 2311 6047 1149 1297 303 20948 11281 706 5749 5732 4956 522 2326 2765 1947 1401 959
internal_value=-0.000199174 -0.0257855 0.0962224 0.00261675 -0.0360399 0.0625134 0.014828 -0.0275741 -0.0203246 0.116045 0.00751304 0.106539 -0.0231468 0.00200841 0.00982545 0.0446582 0.0415486 -0.0122985 -0.0483448 -0.025699 0.0832962 0.130228 -0.0376891 0.114304 0.0534516 0.0612034 0.0778585 -0.043008 0.0342081 0.0131607
internal_weight=21442.1 16945.5 4496.64 4495.1 12450.4 1665.08 3049.65 7375.8 4296.48 2831.56 2394.21 1695.31 1445.45 1984.92 1183.27 895.62 655.433 859.634 5074.58 3330.92 769.458 1136.25 3079.32 1209.93 630.778 455.391 643.581 2472.01 409.297 171.55
internal_count=154684 128852 25832 32139 96713 10257 21211 56285 32415 15575 16875 9535 10928 14113 8358 5765 4336 6349 40428 25408 4492 6040 23870 6705 3997 2848 3786 19480 2762 1262
is_linear=0
shrinkage=0.05


Tree=4
num_leaves=31
num_cat=0
split_feature=28 13 7 28 28 13 13 13 24 24 25 28 24 16 0 14 0 28 24 20 9 20 20 20 14 13 24 20 15 1
split_gain=18414.4 1858.22 962.344 517.755 503.913 214.717 207.318 193.843 160.336 108.804 96.4594 96.3351 87.6169 78.7975 64.1493 61.5123 57.736 54.3435 52.0527 43.4681 41.5623 38.8471 38.0757 37.0368 36.9247 36.7742 36.1726 33.9997 33.3147 31.803
threshold=1.5000000000000002 0.62333333333333452 5.4450000000000012 4.5000000000000009 4.5000000000000009 1.3450000000000002 -0.50666666666666649 -0.67499999999999949 0.024999999999999915 0.021666666666666948 2.5000000000000004 5.5000000000000009 0.0050000000000012266 2.5000000000000004 2.5000000000000004 -0.009074999999999998 4.5000000000000009 5.5000000000000009 0.040000000000000487 2.3350000000000013 4.7150000000000007 0.93500000000000016 0.76000000000000012 -0.3050000000000001 -0.0070916666666666619 -0.33166666666666672 0.030000000000000696 0.8300000000000004 -1.0000000180025095e-35 2.5000000000000004
decision_type=2 2 2 2 2 2 2 2 2 2 2 2 2 2 2 2 2 2 2 2 2 2 2 2 2 2 2 2 2 2
left_child=2 4 7 5 6 10 26 20 21 13 22 18 27 -4 -9 -16 -11 25 -5 -14 -1 -8 -3 -10 -12 -6 -2 -7 -17 -21
right_child=1 3 9 11 17 12 8 14 23 16 24 -13 19 -15 15 28 -18 -19 -20 29 -22 -23 -24 -25 -26 -27 -28 -29 -30 -31
leaf_value=0.023785864629037867 -0.041306313743064545 0.0043163601028127314 0.10292435703716703 -0.018224712212681106 -0.048485966400624247 -0.012421977618974329 -0.028363367387902495 0.032734201028671472 -0.015834292082793622 0.090793931295437974 -0.013811968556576624 -0.038313309566981431 0.034332125449505903 0.078088716274914108 0.059055415592424776 0.071290939552892327 0.11904050491176475 -0.052793900147001832 0.012069899573432318 0.092325874442705014 0.056161475281037369 -0.012827827082429549 0.026393149986476013 0.0016334632142635448 0.0037727600819230538 -0.036071736005886944 -0.026607997120522888 0.02209974881056917 0.093635327807042923 0.050050706336136376
leaf_weight=378.723503947258 2025.9066715091467 333.1131753474474 1052.6397790312767 685.402577906847 1185.8277894034982 84.808377265930176 2912.3178671747446 113.9956129938364 505.45521023869514 213.44147662818432 604.77283892035484 579.02344115823507 371.15982908010483 458.48102068901062 517.08468697965145 347.31930886209011 1186.8296889960766 2495.8487364649773 178.7766894698143 63.498074531555176 134.27586498856544 466.89930987358093 472.10408459603786 759.3413563221693 589.53464694321156 1200.4442119449377 527.59581877291203 448.54919889569283 320.98528112471104 148.59428128600121
leaf_count=2430 16207 2342 5461 5186 9634 604 22795 678 3838 1097 4397 4655 2404 2497 3017 2008 5983 20872 1258 392 838 3617 3185 5517 4245 9751 4022 3008 1823 923
internal_value=-0.000236332 -0.0249707 0.0868878 0.00222692 -0.0352362 0.0136936 -0.0268255 0.0582845 -0.020533 0.104694 0.00388553 -0.0225317 0.0312569 0.0953891 0.068559 0.0720041 0.114735 -0.0476358 -0.0119575 0.0446504 0.0322601 -0.0262169 0.0172601 -0.00534724 -0.00513179 -0.0422408 -0.0382694 0.0166105 0.0820229 0.0627074
internal_weight=21362.8 16639 4723.78 4559.34 12079.6 3116.13 7197.52 1812.38 4644.01 2911.39 1999.52 1443.2 1116.61 1511.12 1299.38 1185.39 1400.27 4882.12 864.179 583.252 512.999 3379.22 805.217 1264.8 1194.31 2386.27 2553.5 533.358 668.305 212.092
internal_count=154684 128852 25832 32599 96253 21500 55996 10794 35767 15038 14169 11099 7331 7958 7526 6848 7080 40257 6444 3719 3268 26412 5527 9355 8642 19385 20229 3612 3831 1315
is_linear=0
shrinkage=0.05


Tree=5
num_leaves=31
num_cat=0
split_feature=28 13 2 28 28 13 13 20 24 24 16 28 24 24 1 28 24 13 24 13 13 13 13 24 13 20 24 11 26 20
split_gain=16143.7 1750.1 803.205 542.411 428.447 235.789 172.416 157.822 127.005 125.228 108.82 81.8715 74.3482 71.4653 65.7357 63.3378 51.3365 50.3591 49.7761 45.1629 43.7666 40.3659 39.9921 35.7079 35.4247 35.2024 34.0827 33.9401 33.8289 31.2519
threshold=1.5000000000000002 0.73333333333333284 2.5000000000000004 4.5000000000000009 4.5000000000000009 -0.17333333333333242 -0.3629166666666665 1.0600000000000005 0.030000000000000696 0.023333333333332987 1.5000000000000002 5.5000000000000009 -0.019999999999999126 1.0000000180025095e-35 2.5000000000000004 5.5000000000000009 -0.016666666666665272 2.3800000000000008 -0.013333333333333195 1.6383333333333343 -0.33166666666666672 -0.93000000000000027 0.86666666666666703 0.063333333333333033 2.1466666666666674 2.7950000000000013 -0.052666666666666188 0.46755000000000002 -0.15499999999999978 0.91000000000000048
decision_type=2 2 2 2 2 2 2 2 2 2 2 2 2 2 2 2 2 2 2 2 2 2 2 2 2 2 2 2 2 2
left_child=2 3 6 5 7 13 18 16 14 29 26 19 -12 -2 25 20 -3 -16 -1 -6 -5 -15 -8 -22 -10 -9 -4 -11 -18 -7
right_child=1 4 10 15 11 9 22 8 24 27 12 -13 -14 21 17 -17 28 -19 -20 -21 23 -23 -24 -25 -26 -27 -28 -29 -30 -31
leaf_value=0.014888780372174105 -0.039891993522086493 -0.015683892115695486 0.067869257047067241 -0.047737437439239805 -0.016241566458036229 -0.024728788435010474 0.061977271233903557 0.029146879895988645 0.040721004581381809 -0.004264054477962939 0.0659821123156622 -0.035913022672763299 0.091479218838318305 -0.036847314318204115 0.006038641189605759 -0.052000360186489042 0.076830457201906899 0.06227941631031754 0.042738986446329501 0.012968861127169856 -0.036558190584519194 -0.020557944286569967 0.09085368754661606 -0.0036319854421903762 0.080516416806818758 0.079804023458515838 0.10745325208509618 0.029036071206982102 0.0062432261487647914 -0.010975364567237873
leaf_weight=226.58195373415947 2093.1386229395866 337.26969124376774 56.943388298153877 1145.2345330640674 575.29792784154415 2047.0563199967146 868.4615716189146 277.94434653222561 456.09693633019924 1010.1373091936111 352.02896499633789 484.44625735282898 1522.2218353003263 575.57887024432421 819.75995323061943 2480.6405362561345 17.392516523599625 41.83415575325489 549.58055537939072 171.85518088936806 1191.2393656745553 1121.0711456239223 139.10792610049248 88.456292025744915 63.736332580447197 39.122233062982559 1207.7267739921808 82.788789793848991 704.82111401855946 517.45007199048996
leaf_count=1445 17204 2454 291 9634 4343 16129 4771 1889 2857 7417 1883 4000 7652 4617 5634 21527 117 268 3335 1262 9873 8786 706 717 376 251 5749 608 4908 3981
internal_value=-0.000264908 -0.024175 0.0791125 -0.0334738 0.00461641 -0.0249702 0.0523203 0.0155659 0.0250125 -0.0159139 0.0943376 -0.0199033 0.0866903 -0.0337103 0.0159325 -0.0463831 0.000421839 0.00876938 0.0346088 -0.00952278 -0.0406368 -0.026084 0.065964 -0.0342822 0.0456003 0.0353974 0.105671 -0.00174158 0.00794312 -0.0219537
internal_weight=21265 16342.4 4922.65 12352.8 3989.58 7447.22 1783.73 2757.98 1698.49 3657.43 3138.92 1231.6 1874.25 3789.79 1178.66 4905.57 1059.48 861.594 776.163 747.153 2424.93 1696.65 1007.57 1279.7 519.833 317.067 1264.67 1092.93 722.214 2564.51
internal_count=154684 128852 25832 100493 28359 58742 10257 18754 11275 28135 15575 9605 9535 30607 8042 41751 7479 5902 4780 5605 20224 13403 5477 10590 3233 2140 6040 8025 5025 20110
is_linear=0
shrinkage=0.05


Tree=6
num_leaves=31
num_cat=0
split_feature=28 13 7 1 28 13 13 24 8 24 16 28 25 26 28 13 24 2 20 20 20 13 14 27 24 13 28 0 24 13
split_gain=14237.8 1650.94 672.515 473.602 435.333 206.588 187.455 144.957 114 110.596 102.092 85.4445 61.8491 58.7247 56.1427 52.1342 49.0134 42.2223 40.6308 39.708 39.5408 38.9445 36.0903 32.8911 32.6882 32.3741 31.9027 31.0674 30.7324 28.8079
threshold=1.5000000000000002 0.60000000000000109 5.2750000000000012 4.5000000000000009 4.5000000000000009 -0.55833333333333213 1.116666666666666 0.024999999999999915 0.24685000000000004 0.0050000000000003384 1.5000000000000002 5.5000000000000009 1.5000000000000002 -1.0000000180025095e-35 5.5000000000000009 -0.91333333333333278 0.040000000000000487 3.5000000000000004 0.8300000000000004 -0.3050000000000001 0.91000000000000048 2.0666666666666673 0.033236666666666671 0.044999999999999936 -0.029999999999998913 -0.38333333333333347 3.5000000000000004 4.5000000000000009 -0.008333333333333302 0.63500000000000034
decision_type=2 2 2 2 2 2 2 2 2 2 2 2 2 2 2 2 2 2 2 2 2 2 2 2 2 2 2 2 2 2
left_child=2 3 8 5 6 28 13 20 15 18 -4 16 27 -3 25 -1 -6 22 -8 -9 -7 -11 -14 -17 -10 -5 -20 -12 -2 -26
right_child=1 4 10 14 11 7 9 19 24 21 12 -13 17 -15 -16 23 -18 -19 26 -21 -22 -23 -24 -25 29 -27 -28 -29 -30 -31
leaf_value=0.017379070177412369 -0.043533192624449824 0.0098134412468197946 0.095765333721385903 -0.047405807640807679 -0.017632415624988424 -0.027040645050745077 -0.012432599995285218 -0.015566327231701343 0.036194870958307437 0.031244030001759862 0.063061846127175955 -0.036498401555314024 0.059066262180446728 -0.0094705580500619706 -0.052084168136468989 0.049389424764505148 0.011478440788170773 0.082705942360453727 0.024043037552255838 0.0022476319948372069 -0.010909815142417956 0.060358244194356592 0.082455786095589734 0.019210934322323053 0.060151085893529799 -0.035352925830684216 0.00042841349406921408 0.095790073904720427 -0.03207822243434124 0.090354457293501264
leaf_weight=310.08334977924824 1125.2405540272593 735.85127753764391 1371.8257904201746 1024.1513557583094 688.10783123224974 2854.6453285440803 161.38555862009525 533.43825732171535 123.45388570427895 733.05458860099316 83.865479901432991 563.69002533704042 620.28691826760769 851.77522271126509 2202.3316912949085 430.55201964080334 183.05820286273956 591.16148678958416 404.99301132559776 756.38726803660393 438.22176453471184 136.20337846875191 224.6587950438261 114.24361649155617 599.38110925257206 1221.7484095096588 221.10593672096729 535.53291943669319 1220.7650363817811 90.924217998981476
leaf_count=1934 9604 5091 6299 8895 5337 23317 1176 4146 707 4655 403 4796 3110 6193 19891 2449 1291 2891 2709 5545 3469 798 1122 677 3245 10379 1495 2527 10065 468
internal_value=-0.000286993 -0.0233974 0.0725282 -0.0336796 0.00160262 -0.0255057 0.0117448 -0.0193284 0.0464964 0.0235101 0.0852021 -0.0213301 0.0781523 -0.00053259 -0.0464116 0.0337456 -0.0115153 0.0724563 0.0099374 -0.00511976 -0.0248939 0.0358059 0.0652852 0.043061 0.0598915 -0.0408492 0.0157036 0.0913587 -0.0375725 0.0641294
internal_weight=21152.1 16056.2 5095.97 11376.9 4679.23 6928.7 3244.37 4582.69 1668.64 1656.74 3427.33 1434.86 2055.51 1587.63 4448.23 854.879 871.166 1436.11 787.485 1289.83 3292.87 869.258 844.946 544.796 813.759 2245.9 626.099 619.398 2346.01 690.305
internal_count=154684 128852 25832 95311 33541 56146 22117 36477 9480 10833 16352 11424 10053 11284 39165 5060 6628 7123 5380 9691 26786 5453 4232 3126 4420 19274 4204 2930 19669 3713
is_linear=0
shrinkage=0.05


Tree=7
num_leaves=31
num_cat=0
split_feature=28 13 2 1 28 20 13 24 13 24 24 28 26 16 28 10 13 24 20 16 20 24 16 13 26 24 13 11 24 15
split_gain=12616.6 1553.83 581.235 460.702 401.571 197.554 174.344 138.924 127.569 95.7449 88.0318 86.8816 60.038 57.839 52.5597 49.582 48.5493 46.9881 36.36 35.9979 35.9583 32.3886 31.7437 31.3114 29.5091 29.0421 28.9268 28.5345 27.8185 27.3907
threshold=1.5000000000000002 0.57833333333333348 2.5000000000000004 4.5000000000000009 4.5000000000000009 -0.9199999999999996 1.116666666666666 0.035000000000000593 -0.18250000000000008 0.0050000000000003384 -0.018333333333332199 5.5000000000000009 -1.0000000180025095e-35 1.5000000000000002 5.5000000000000009 0.20064999999999997 1.6383333333333343 -0.010000000000000229 0.8300000000000004 1.5000000000000002 0.9750000000000002 0.065500000000000128 2.5000000000000004 -0.94999999999999984 -0.069999999999999826 -0.028333333333333762 -0.38333333333333347 0.38720000000000004 -0.0050000000000003366 -0.011666666666666643
decision_type=2 2 2 2 2 2 2 2 2 2 2 2 2 2 2 2 2 2 2 2 2 2 2 2 2 2 2 2 2 2
left_child=2 3 8 5 6 23 12 17 15 18 22 16 -3 -12 26 25 28 -7 -8 21 -19 -11 -4 -2 -18 -1 -5 -20 -6 -15
right_child=1 4 10 14 11 7 9 -9 -10 19 13 -13 -14 29 -16 -17 24 20 27 -21 -22 -23 -24 -25 -26 -27 -28 -29 -30 -31
leaf_value=-0.0061026945671367426 -0.042603879694726773 0.009378449667875443 0.070585286740489403 -0.046685353587968534 -0.027714064452343201 -0.028531740733360983 -0.01191282729988867 -0.00066089008225212419 0.058316223925467849 0.033045440669984792 0.091954019233852533 -0.036124004720390207 -0.0096806225868242956 0.062525438809964251 -0.051511484609917974 0.042755132910897067 0.047789509347841382 -0.019529200759813591 0.0095225298664245468 0.015611740249663148 0.0031793204651717221 0.059233128796943826 0.047049489135767508 -0.031269793484101471 0.00053900849866708072 0.026243131566970525 -0.035058268121974025 0.03628277437873597 -0.0078877232902207113 0.080053599246537432
leaf_weight=84.942170009016991 1040.6699493452907 771.31808030605316 421.33177001774311 988.85746680945158 321.38338576257229 1764.0749485567212 160.04079236090183 886.34709411114454 890.6611225605011 517.2659612596035 1116.6194398552179 566.50403476506472 889.96597880870104 267.14841471612453 2100.1620387136936 524.98106727004051 44.589506193995476 1369.2156659886241 508.44050696492195 217.47501315176487 199.75867266207933 152.99075785279274 217.07709327340126 1470.2292757257819 127.60719753801823 379.15490008890629 1165.3268915191293 123.88909821212292 393.6134614571929 1345.0135878026485
leaf_count=530 9059 5325 1983 8895 2554 14767 1176 6630 4492 3181 4932 4962 6544 1273 19726 3007 303 11098 3381 1382 1561 890 1109 12462 959 2228 10160 823 3014 6278
internal_value=-0.000303756 -0.0226374 0.0668629 -0.0330038 0.00111005 -0.0248626 0.010654 -0.0182544 0.0445899 0.022011 0.0792969 -0.0208271 -0.00083168 0.0832072 -0.045883 0.0322295 -0.0110594 -0.022933 0.00937711 0.0332877 -0.016638 0.039023 0.0625824 -0.0359673 0.0127743 0.020323 -0.0403956 0.0147655 -0.0167995 0.077149
internal_weight=21026.7 15779.7 5246.93 10984.6 4795.08 6730.3 3341.39 4219.4 1879.74 1680.1 3367.19 1453.7 1661.28 2728.78 4254.35 989.078 887.194 3333.05 792.37 887.732 1568.97 670.257 638.409 2510.9 172.197 464.097 2154.18 632.33 714.997 1612.16
internal_count=154684 128852 25832 94358 34494 55577 22702 34056 10257 10833 15575 11792 11869 12483 38781 5765 6830 27426 5380 5453 12659 4071 3092 21521 1262 2758 19055 4204 5568 7551
is_linear=0
shrinkage=0.05


Tree=8
num_leaves=31
num_cat=0
split_feature=28 13 7 1 28 13 20 8 24 25 28 13 1 24 28 24 14 20 24 22 0 24 16 24 26 16 0 13 13 13
split_gain=11223.4 1460.47 512.653 451.346 365.238 189.826 155.222 133.813 125.581 96.1796 82.5908 67.7722 63.1979 61.9808 53.1118 52.2601 46.3501 45.0093 44.4781 42.323 38.2314 36.7375 35.6546 30.4624 29.8268 29.2749 29.1357 28.7454 28.4092 26.7507
threshold=1.5000000000000002 0.57833333333333348 5.6350000000000007 4.5000000000000009 4.5000000000000009 -0.55833333333333213 1.0600000000000005 0.24685000000000004 0.01166666666666716 1.5000000000000002 5.5000000000000009 1.9416666666666669 2.5000000000000004 0.03666666666666752 5.5000000000000009 -0.018333333333333975 -0.009074999999999998 0.91000000000000048 0.040000000000000487 -1.0049999999999999 2.5000000000000004 0.07833333333333449 2.5000000000000004 -0.008333333333333302 -0.15999999999999967 2.5000000000000004 3.5000000000000004 -0.38333333333333347 0.97000000000000008 1.6733333333333333
decision_type=2 2 2 2 2 2 2 2 2 2 2 2 2 2 2 2 2 2 2 2 2 2 2 2 2 2 2 2 2 2
left_child=2 3 7 5 6 23 15 19 -7 28 18 12 -11 22 27 -3 25 21 -6 -1 -18 -10 -4 -2 -17 -9 -15 -5 -8 -12
right_child=1 4 13 14 10 8 9 16 17 11 29 -13 -14 26 -16 24 20 -19 -20 -21 -22 -23 -24 -25 -26 -27 -28 -29 -30 -31
leaf_value=0.01866304304643561 -0.042076883450607012 -0.0174151929564225 0.074331136856973484 -0.045973756837899636 -0.016460572588865265 -0.024708740862026971 0.01598316599812517 0.061664856789404005 -0.013318895927579722 0.026799265394800226 -0.03985323324640571 0.038164781333479732 0.0015457517179293713 0.064590192093285995 -0.050949734234252142 0.059410381778232949 0.026015547072271494 0.014313992490892921 0.010946698395617016 0.040514083123577821 0.064804581615429541 0.010948727772880891 0.059262963756210874 -0.030370821204581712 0.0023433229660106071 0.03703848276000913 0.088731953535931288 -0.034202989940320241 0.045826461098243322 -0.0087972038700677123
leaf_weight=467.1906303614378 1061.3983607292175 414.27218410372734 1469.8578819185495 954.82221008837223 691.90628365427256 2698.24789083004 102.51430180668831 163.14915437996387 1295.6641794890165 341.18027981370687 470.20559933781624 227.04070392251015 904.59752310812473 145.30348235368729 2019.2064694166183 23.439001575112343 69.409082993865013 210.60506186634302 188.32297547161579 421.55728946626186 749.29140016436577 177.2938122227788 535.65424606204033 1166.5833428353071 989.90357732772827 463.59845884144306 893.36951600015163 1135.5097520276904 359.04349632561207 81.333876170217991
leaf_count=2742 9604 3115 6538 8895 5508 22820 658 777 10165 2240 4235 1374 6169 648 19726 150 358 1572 1322 2321 3683 1351 2509 10065 6918 2377 3879 10160 2078 727
internal_value=-0.000316454 -0.0218951 0.0619237 -0.0321545 0.00104594 -0.0240646 0.0100525 0.0442949 -0.0180225 0.0192821 -0.0201027 0.0130407 0.00846191 0.075441 -0.0451663 -0.00245336 0.0536822 -0.00730657 -0.0105969 0.0290276 0.0615161 -0.0103979 0.0703066 -0.0359475 0.00366331 0.043449 0.0853547 -0.0395796 0.0391981 -0.0352735
internal_weight=20891.5 15513.1 5378.38 10719.3 4793.76 6609.79 3361.99 2334.2 4381.81 1934.38 1431.77 1472.82 1245.78 3044.19 4109.54 1427.61 1445.45 1683.56 880.229 888.748 818.7 1472.96 2005.51 2227.98 1013.34 626.748 1038.67 2090.33 461.558 551.539
internal_count=154684 128852 25832 94358 34494 55577 22702 12258 35908 12519 11792 9783 8409 13574 38781 10183 7195 13088 6830 5063 4041 11516 9047 19669 7068 3154 4527 19055 2736 4962
is_linear=0
shrinkage=0.05


Tree=9
num_leaves=31
num_cat=0
split_feature=28 13 7 28 28 20 13 8 24 28 24 24 28 26 13 18 24 24 24 24 18 22 24 20 24 13 16 14 15 20
split_gain=10015.5 1371.69 448.383 442.345 332.178 173.206 142.936 115.628 111.607 78.4663 75.7374 55.7119 53.0794 52.0858 44.2605 43.4496 41.6377 40.8758 39.2804 37.0282 34.8515 34.7499 32.8044 29.5952 29.5833 29.557 29.2623 29.118 28.3715 27.229
threshold=1.5000000000000002 0.57833333333333348 5.6350000000000007 4.5000000000000009 4.5000000000000009 -0.74999999999999967 1.116666666666666 0.25100000000000006 -0.0066666666666672638 5.5000000000000009 0.0050000000000003384 0.018333333333333982 5.5000000000000009 1.0000000180025095e-35 1.6383333333333343 3.5000000000000004 -0.026666666666666835 0.043333333333332565 0.024999999999999915 0.048333333333334234 3.5000000000000004 0.35999999999999971 0.053333333333334128 0.43999999999999978 0.1000000000000001 0.095000000000000431 1.5000000000000002 -0.009074999999999998 0.014999999999999973 2.725000000000001
decision_type=2 2 2 2 2 2 2 2 2 2 2 2 2 2 2 2 2 2 2 2 2 2 2 2 2 2 2 2 2 2
left_child=2 3 7 5 6 18 13 15 -7 14 23 21 19 -3 -6 22 -9 25 -2 -5 -13 -4 -1 -8 -14 -10 29 -18 -21 -12
right_child=1 4 11 12 9 8 10 16 17 -11 26 20 24 -15 -16 -17 27 -19 -20 28 -22 -23 -24 -25 -26 -27 -28 -29 -30 -31
leaf_value=0.034076495171825621 -0.03647460121060167 0.0073399098599914534 0.052505600581305906 -0.040802573551517896 -0.015731387863730972 -0.025893223433142366 -0.017701467270160701 0.030527131346596133 -0.019378742512496785 -0.034432487796366644 0.029540003413220491 0.080510228609321985 -0.050930972381195788 -0.010392099809952888 0.012537635458314232 0.018949163742882344 0.044670114027611812 0.001970934214598272 -0.02248359611240772 -0.0259166645334458 0.062604121379674818 0.068553067254014971 0.072869835215586237 0.011916331348660948 -0.01170666701484694 -0.0049760730663585655 0.013610659708477777 0.060459057681137733 0.027543278841020053 0.054348902516354172
leaf_weight=317.35564942657948 1983.390411645174 884.98011082410812 505.41370952129364 1811.17750082165 701.03285127878189 1671.4879850149155 95.802266091108322 225.90299466252327 830.2224163711071 537.16530980169773 556.82535453140736 1244.4827674627304 1978.892713136971 778.3939953148365 172.54278869926929 567.97788016498089 498.37766349315643 639.26433556526899 671.5211715772748 176.26936566084623 347.65780086815357 1014.5045077949762 65.792737826704979 705.22672225534916 49.267062790691853 623.9165755212307 221.8634467124939 705.19249291718006 28.884764052927494 138.01386350393295
leaf_count=1741 18054 6085 2299 17119 5568 14486 717 1166 6839 4962 3313 5301 20072 5784 1262 3220 2424 4745 5694 1619 1508 4466 353 4663 493 4976 1382 3354 261 758
internal_value=-0.000325863 -0.0211698 0.0575693 -0.0313153 0.000985581 -0.0231557 0.00948909 0.0412356 -0.0162591 -0.0193947 0.0196056 0.0700639 -0.0442669 -0.000957977 -0.0101479 0.0277265 0.0502241 -0.00856661 -0.0329358 -0.0385222 0.0766003 0.0632169 0.0407379 0.00837407 -0.0499782 -0.0131991 0.0294198 0.0539211 -0.0183897 0.0344677
internal_weight=20748.8 15256.1 5492.66 10464.3 4791.85 6419.8 3381.11 2380.6 3764.89 1410.74 1717.73 3112.06 4044.49 1663.37 873.576 951.126 1429.47 2093.4 2654.91 2016.33 1592.14 1519.92 383.148 801.029 2028.16 1454.14 916.703 1203.57 205.154 694.839
internal_count=154684 128852 25832 94358 34494 54794 22702 12258 31046 11792 10833 13574 39564 11869 6830 5314 6944 16560 23748 18999 6809 6765 2094 5380 20565 11815 5453 5778 1880 4071
is_linear=0
shrinkage=0.05


Tree=10
num_leaves=31
num_cat=0
split_feature=28 13 2 28 28 13 24 13 13 24 24 20 24 13 28 25 18 14 28 8 24 19 24 13 19 16 0 9 15 11
split_gain=8961.17 1291.59 400.085 368.948 354.479 191.632 126.708 93.6463 89.553 74.7576 69.2367 65.5277 65.2049 61.856 50.5758 45.4538 43.9816 42.7049 40.9471 35.3216 32.1996 31.7988 31.4837 31.306 29.6441 29.5498 28.7464 27.8809 26.3874 26.2717
threshold=1.5000000000000002 0.36333333333333356 2.5000000000000004 4.5000000000000009 4.5000000000000009 1.0618333333333341 0.014999999999999238 1.1666666666666676 -0.3629166666666665 0.0050000000000003384 -0.0050000000000003366 -0.97499999999999998 -0.018333333333332199 -0.79666666666666652 5.5000000000000009 1.5000000000000002 3.5000000000000004 0.056233333333333337 5.5000000000000009 0.14090000000000003 0.081666666666667456 -0.039999999999999994 0.046666666666667307 1.9416666666666669 -0.020000000000000007 1.5000000000000002 4.5000000000000009 6.2350000000000012 0.014999999999999973 0.32225000000000004
decision_type=2 2 2 2 2 2 2 2 2 2 2 2 2 2 2 2 2 2 2 2 2 2 2 2 2 2 2 2 2 2
left_child=2 4 8 5 6 12 13 14 19 23 27 -8 -3 -2 -5 -9 25 20 22 -1 21 -14 -6 -7 -11 -12 -10 -4 -24 -13
right_child=1 3 10 7 18 9 11 15 26 24 16 29 17 -15 -16 -17 -18 -19 -20 -21 -22 -23 28 -25 -26 -27 -28 -29 -30 -31
leaf_value=0.0023685048666422658 -0.040738317591595241 -0.016391769970606269 0.044172826005099447 -0.021455795826213098 -0.0414770507030938 0.002507088920653551 -0.026435594827652995 0.01816553419319783 0.027952355553043064 0.03654800230266389 0.078084058631092607 -0.016594415666116753 0.017588817689453484 -0.025953141798756796 -0.043037373715763258 -0.013571867305398161 0.056077901909881059 0.017943676706992852 -0.049893337256868071 0.028375912802909017 0.026536043328130296 -0.0076755373933229789 -0.026894266349702507 0.027402964390453935 0.019276401971863165 0.065918021946510627 0.048596330131805796 0.061060653116788301 0.029746260211026894 -0.0015959187038506767
leaf_weight=160.97553768754005 966.4234364181757 715.81258012354374 507.35489569604397 675.57527735084295 1566.0931264236569 713.25639934837818 688.38098701834679 149.0630936846137 205.64632983505726 447.00602117180824 914.97457677125931 466.87785821408033 141.79129360616207 2639.4087306708097 453.82861832529306 463.93365573883057 605.44471497833729 325.26566529273987 1803.5731354653835 690.79794365167618 89.384299859404564 1024.098480001092 163.35867972671986 153.43807162344456 559.25861866772175 1098.1281201690435 936.84906427562237 471.550602003932 23.523829236626625 779.32410733401775
leaf_count=964 9200 5706 2309 5743 15310 4886 6068 1166 1010 2582 3792 3664 1011 23467 4484 3889 2634 2352 19016 3816 601 7559 1538 946 3364 4752 4467 2088 210 6090
internal_value=-0.00033236 -0.0204611 0.0536949 -0.00226607 -0.0322852 0.00580885 -0.0243773 -0.0215882 0.0357319 0.0176782 0.0636528 -0.0140542 -0.00387207 -0.0299158 -0.0301279 -0.00585425 0.0678939 0.001798 -0.0446042 0.0234608 -0.00238566 -0.00460298 -0.0391623 0.00691461 0.0269488 0.0714476 0.0448805 0.0523079 -0.0197646 -0.00721496
internal_weight=20600.4 15008.7 5591.72 5911.71 9096.96 4169.31 5540.42 1742.4 1994.27 1872.96 3597.45 1934.58 2296.35 3605.83 1129.4 612.997 2618.55 1580.54 3556.55 851.773 1255.27 1165.89 1752.98 866.694 1006.26 2013.1 1142.5 978.905 186.883 1246.2
internal_count=154684 128852 25832 44289 84563 29007 48489 15282 10257 11778 15575 15822 17229 32667 10227 5055 11178 11523 36074 4780 9171 8570 17058 5832 5946 8544 5477 4397 1748 9754
is_linear=0
shrinkage=0.05


Tree=11
num_leaves=31
num_cat=0
split_feature=28 13 7 28 28 13 20 8 13 24 24 24 28 24 28 25 24 24 24 14 22 18 24 0 24 19 13 14 20 1
split_gain=8035.6 1216.16 361.751 347.894 337.816 170.982 120.759 98.9775 88.374 79.3529 65.5368 59.631 49.3359 47.8791 41.427 41.0665 40.5312 38.6736 38.5543 38.0894 31.9672 31.2375 30.7677 29.4917 28.6892 28.5921 28.1952 26.4423 26.4162 26.5173
threshold=1.5000000000000002 0.36333333333333356 5.7350000000000012 4.5000000000000009 4.5000000000000009 1.0618333333333341 -0.74999999999999967 0.24685000000000004 1.1666666666666676 0.033333333333334554 0.0050000000000003384 -0.018333333333332199 5.5000000000000009 0.018333333333333982 5.5000000000000009 1.5000000000000002 0.024999999999999915 -0.016666666666667048 -0.026666666666666835 0.056233333333333337 0.35999999999999971 3.5000000000000004 0.046666666666667307 5.5000000000000009 0.081666666666667456 -0.039999999999999994 1.7925000000000002 -0.025174999999999999 2.3350000000000013 3.5000000000000004
decision_type=2 2 2 2 2 2 2 2 2 2 2 2 2 2 2 2 2 2 2 2 2 2 2 2 2 2 2 2 2 2
left_child=2 3 7 6 5 11 16 17 12 -8 26 -3 -6 20 22 -10 -2 -1 -9 24 -4 -19 -5 -15 25 -13 -7 -20 -12 -30
right_child=1 4 13 14 8 10 9 18 15 -11 28 19 -14 23 -16 -17 -18 21 27 -21 -22 -23 -24 -25 -26 -27 -28 -29 29 -31
leaf_value=0.0059406582983128897 -0.035589544698750364 -0.015758061684016191 0.045008296696109312 -0.040720356323070091 -0.020711753622855322 0.001289538796419495 -0.021193423523887617 0.026572089293018603 0.017038102012633626 -0.0015663483264039873 0.020038270868705278 0.016512766572884679 -0.042308812992934791 0.053648965489517968 -0.049360687177310736 -0.013023358200512489 -0.020836668842679467 0.042402718517725507 0.037408961018873206 0.016840199956210493 0.060697930982780625 0.020788599832725279 -0.019074709046103755 0.071416445177325358 0.02478129779000951 -0.0073305511356718664 0.021966461128284865 0.051803488169855409 0.049881760792756899 0.019496689777968697
leaf_weight=233.09677144885063 1825.169042147696 707.58317089825869 482.34518526494503 1516.69784861058 665.12330317497253 649.35237754881382 2329.340386338532 272.46742984652519 150.93070001155138 661.15232665091753 722.3276289999485 143.43577918410301 438.94138047099113 286.28473031520844 1733.6585537567735 459.41746377199888 624.97943190485239 279.45433235168457 475.08518685400486 329.14686442166567 993.03853511810303 416.01263797283173 184.09715657681227 1268.0306994467974 90.887642845511436 1018.8176271915436 220.97653795778751 971.3261244893074 179.24148395657539 119.79323071241379
leaf_count=1339 17521 5706 2113 15310 5743 4469 20513 1352 1166 4967 4324 1011 4484 1200 19016 3889 5488 1452 2211 2352 4217 2272 1748 5236 601 7559 1363 4440 964 658
internal_value=-0.000336677 -0.0197684 0.0502216 -0.031462 -0.00216611 0.00549727 -0.0235968 0.0367197 -0.0208576 -0.0168542 0.0166212 -0.0036923 -0.0292981 0.06202 -0.0439216 -0.00558957 -0.0318264 0.0235662 0.0438254 0.00170338 0.0555685 0.0294736 -0.0383774 0.0681439 -0.00227242 -0.004388 0.00653941 0.0470755 0.0252121 0.0377095
internal_weight=20448.2 14771.1 5677.14 8875.09 5895.98 4181.56 5440.64 2647.44 1714.41 2990.49 1891.69 2289.87 1104.06 3029.7 3434.45 610.348 2450.15 928.564 1718.88 1582.29 1475.38 695.467 1700.8 1554.32 1253.14 1162.25 870.329 1446.41 1021.36 299.035
internal_count=154684 128852 25832 84563 44289 29007 48489 13066 15282 25480 11778 17229 10227 12766 36074 5055 23009 5063 8003 11523 6330 3724 17058 6436 9171 8570 5832 6651 5946 1622
is_linear=0
shrinkage=0.05


Tree=12
num_leaves=31
num_cat=0
split_feature=28 13 1 16 28 13 13 8 24 28 24 24 13 14 28 27 2 14 20 9 24 24 13 26 0 24 19 13 13 24
split_gain=7219.1 1144.11 342.204 324.61 309.233 152.702 131.563 107.856 91.0331 83.8165 57.6041 54.5099 50.938 42.8217 42.6008 40.7831 37.4342 34.0008 32.7675 32.5043 29.6369 29.1459 28.0734 26.694 26.0221 25.6783 25.9617 25.2585 24.997 22.7713
threshold=1.5000000000000002 0.36333333333333356 4.5000000000000009 2.5000000000000004 4.5000000000000009 1.0618333333333341 -0.6216666666666667 0.27715000000000006 0.01166666666666716 5.5000000000000009 0.0050000000000003384 -0.018333333333332199 1.1666666666666676 -0.026616666666666646 5.5000000000000009 0.044999999999999936 3.5000000000000004 0.056233333333333337 1.0349999999999999 4.2250000000000005 0.1166666666666676 0.030000000000000696 1.1491666666666667 0.079999999999999641 5.5000000000000009 0.07833333333333449 -0.039999999999999994 2.0666666666666673 1.9416666666666669 0.1000000000000001
decision_type=2 2 2 2 2 2 2 2 2 2 2 2 2 2 2 2 2 2 2 2 2 2 2 2 2 2 2 2 2 2
left_child=3 2 6 16 5 11 21 15 -8 12 28 -3 -6 -9 -4 19 24 25 -10 -5 -14 -2 -11 -18 -1 26 -13 -12 -7 -16
right_child=1 4 14 7 9 10 8 13 18 22 27 17 20 -15 29 -17 23 -19 -20 -21 -22 -23 -24 -25 -26 -27 -28 -29 -30 -31
leaf_value=0.038430244574147038 -0.037089263110245692 -0.015142883882594303 -0.037867854974649812 0.018800875039677693 -0.01998450815849652 0.0022141136491815451 -0.023680196362858136 0.032114308547304737 -0.0094752616080486206 -0.04205111583660457 0.02035756252223668 0.015628980584840187 0.00094732420670226569 0.048872064130452253 -0.050213200815828044 0.005506228502802659 0.064955018336806836 0.015817757733139745 0.019673986377742064 0.037433796607009309 0.10571767291752628 -0.021941475947906783 -0.020029998847334671 -0.02480373446863321 0.056321370033804101 0.021674972456780087 -0.0071526301536973137 0.042316915577169878 0.024192009159351165 -0.0091085192499967809
leaf_weight=249.95056612789631 1444.9624741822481 699.71702132374048 1656.8313487395644 452.90414334833622 655.1206096559763 715.81785771250725 2184.1314026117325 570.76768973469734 1274.0078981891274 417.49758390337229 881.46702909469604 142.83635322004557 386.54020603746176 1147.9019359201193 1556.382700741291 244.66469438374043 1503.9572245627642 332.80413883179426 104.30491282045841 484.37350112199783 6.8698470443487158 407.00045865774155 221.5223067253828 8.3291108161210996 1087.5272516459227 103.60430017858744 1004.6258518323302 153.79944123327732 157.91872605681419 34.438998624682426
leaf_count=1079 14402 5706 17031 2426 5743 4886 20102 2583 10411 4412 5148 997 2983 5098 17816 1356 6187 2352 786 2462 45 3633 2099 36 4605 677 7497 798 946 382
internal_value=-0.000338969 -0.0190922 -0.0306472 0.0470863 -0.0020704 0.00520415 -0.0229504 0.0353113 -0.0173308 -0.0201435 0.0156407 -0.00352044 -0.0114444 0.0433068 -0.0434792 0.0236848 0.0590714 0.00161409 -0.00726937 0.0284301 0.00277686 -0.0337603 -0.0344173 0.0644607 0.0529778 -0.00216432 -0.00431677 0.0236198 0.00618639 -0.0493233
internal_weight=20292.6 14542.2 8662.06 5750.38 5880.14 4192.59 5414.41 2900.61 3562.44 1687.55 1909 2283.59 1048.53 1718.67 3247.65 1181.94 2849.76 1583.87 1378.31 937.278 393.41 1851.96 639.02 1512.29 1337.48 1251.07 1147.46 1035.27 873.737 1590.82
internal_count=154684 128852 84563 25832 44289 29007 49334 13925 31299 15282 11778 17229 8771 7681 35229 6244 11907 11523 11197 4888 3028 18035 6511 6223 5684 9171 8494 5946 5832 18198
is_linear=0
shrinkage=0.05


Tree=13
num_leaves=31
num_cat=0
split_feature=28 13 1 7 28 20 13 24 22 1 28 13 24 13 24 28 24 20 24 24 24 8 0 20 24 27 13 24 3 20
split_gain=6494.86 1075.37 335.177 299.681 283.031 139.825 126.049 85.6713 84.1579 81.0936 79.8369 58.3832 56.8392 47.2666 44.5144 43.1472 40.038 37.978 36.6996 33.9694 32.2678 31.7884 30.374 28.4005 28.3991 27.9949 27.7483 26.2977 25.3182 25.2388
threshold=1.5000000000000002 0.36333333333333356 4.5000000000000009 5.7350000000000012 4.5000000000000009 0.81500000000000006 -0.6216666666666667 0.0083333333333341936 -0.94000000000000006 2.5000000000000004 5.5000000000000009 1.9416666666666669 -0.015000000000001011 1.0308333333333335 0.02166666666666606 5.5000000000000009 -0.0050000000000003366 2.0850000000000013 0.020000000000000909 0.081666666666667456 0.07833333333333449 0.14090000000000003 5.5000000000000009 1.575 0.030000000000000696 0.074999999999999747 1.6733333333333333 0.041666666666666526 39.500000000000007 -0.54999999999999949
decision_type=2 2 2 2 2 2 2 2 2 2 2 2 2 2 2 2 2 2 2 2 2 2 2 2 2 2 2 2 2 2
left_child=3 2 6 8 5 12 24 -8 21 17 13 18 -3 -6 -5 -4 -10 28 -11 -14 29 -1 -16 -22 -2 -23 -12 -15 -7 -9
right_child=1 4 15 14 10 9 7 20 16 11 26 -13 19 27 22 -17 -18 -19 -20 -21 23 25 -24 -25 -26 -27 -28 -29 -30 -31
leaf_value=-0.0025080022177996031 -0.036292018548260627 -0.020110687787008325 -0.03708786704989963 0.048982633159202267 -0.020893991496492157 0.028741793416187114 -0.023283474563495846 -0.019328994456212223 0.027080611106134297 -0.0028200568988516524 -0.037585203496057207 0.028636441040704369 -0.0026603505875765331 -0.006024873013282272 0.046206103310198178 -0.048819898250229886 0.043144923495457337 0.04292873654511431 0.01337470930297599 0.029097551005370155 0.0094563561681329511 0.027171476305107124 0.064362488894034495 0.1263698474349006 -0.021196281144968205 -0.0022717943858815677 -0.0055101240385127311 0.021415152498814212 0.0063772685942754667 -0.0048419535381691407
leaf_weight=138.52984094619751 1403.9213960021734 515.73348227888346 1608.3342491537333 1575.2854519635439 557.04544119536877 278.25243087857962 2050.9215221777558 472.88749268651009 557.87212346494198 995.13836863636971 545.04913824796677 256.67648373544216 1060.7692398503423 368.16141750663519 283.11085584759712 1528.4714534729719 1272.8381947726011 233.11653592437506 539.46829007565975 91.462468639016151 162.07075627148151 658.34243355691433 1235.955452606082 5.3664055541157714 400.41457525640726 92.016029551625252 76.947275459766388 114.46140374243259 232.1090844720602 825.38858012109995
leaf_count=808 14402 4257 17031 6590 5010 1785 19236 4191 2699 7092 5784 1407 7748 2987 1164 18198 5766 1336 3259 588 1265 3301 5012 39 3633 492 727 774 1535 6568
internal_value=-0.000339814 -0.0184323 -0.0298408 0.0442295 -0.00197868 0.00492819 -0.0221984 -0.0166861 0.0321208 0.0123263 -0.0194477 0.00656467 -0.00631454 -0.0109706 0.0548717 -0.0428045 0.0382496 0.026208 0.00287297 -0.000139455 -0.00745452 0.0194981 0.0609787 0.0132035 -0.032942 0.0235609 -0.0336172 0.00048295 0.0185706 -0.0101188
internal_weight=20136.1 14322.2 8457.78 5813.95 5864.39 4202.73 5320.97 3516.63 2719.6 2534.76 1661.66 1791.28 1667.97 1039.67 3094.35 3136.81 1830.71 743.478 1534.61 1152.23 1465.71 888.888 1519.07 167.437 1804.34 750.358 621.996 482.623 510.362 1298.28
internal_count=154684 128852 84563 25832 44289 29007 49334 31299 13066 16414 15282 11758 12593 8771 12766 35229 8465 4656 10351 8336 12063 4601 6176 1304 18035 3793 6511 3761 3320 10759
is_linear=0
shrinkage=0.05


Tree=14
num_leaves=31
num_cat=0
split_feature=28 13 1 28 16 13 13 8 26 24 24 28 14 14 28 20 18 7 28 13 3 17 3 9 24 20 27 20 11 15
split_gain=5851.22 1012.91 313.575 280.657 275.12 189.431 112.495 86.8354 78.5986 71.9523 66.6897 61.2172 41.5473 36.9293 35.8016 35.5744 35.3056 33.6784 30.2758 30.18 27.9167 27.4496 26.7463 25.9231 25.1249 24.8813 24.0594 23.4631 23.4196 23.3747
threshold=1.5000000000000002 0.29166666666666724 4.5000000000000009 5.5000000000000009 2.5000000000000004 1.0618333333333341 -0.74999999999999856 0.27715000000000006 -0.044999999999999922 0.043333333333332565 -0.013333333333334084 3.5000000000000004 0.056233333333333337 -0.026616666666666646 5.5000000000000009 0.61999999999999955 3.5000000000000004 6.4450000000000012 4.5000000000000009 1.1491666666666667 59.500000000000007 2.5000000000000004 35.500000000000007 4.0550000000000006 -0.0066666666666663757 -0.055000000000000153 -0.13000000000000031 1.0349999999999999 0.49445 0.001666666666666636
decision_type=2 2 2 2 2 2 2 2 2 2 2 2 2 2 2 2 2 2 2 2 2 2 2 2 2 2 2 2 2 2
left_child=4 2 6 5 17 10 -2 16 27 11 -3 15 18 -9 -4 -7 -6 29 25 26 -19 -13 -17 -18 -10 -12 -5 28 -8 -1
right_child=1 3 14 19 7 9 8 13 24 -11 12 21 -14 -15 -16 22 23 20 -20 -21 -22 -23 -24 -25 -26 -27 -28 -29 -30 -31
leaf_value=0.03924277604204332 -0.033726643830128508 -0.017010113274687058 -0.037285479903496371 0.14293973372187505 0.030673548552529836 -0.0061568935303373002 -0.0078151560633541658 0.027726510996189131 -0.025453080765687891 0.026868119203216669 -0.014409247179006164 0.0090918646343391765 0.011811608874288566 0.043112346657322734 -0.048365084814975229 0.032695967480729712 0.0024250448778267725 0.059482842395237358 -0.01973887219393914 -0.018400047937317695 0.0001276836064289621 -0.010020104941589244 0.013231605933266152 0.021791372464634459 -0.015807402739595505 0.0016279110606389994 -0.042078470002424498 0.02756516776600472 0.031563438603564274 0.052030516578261687
leaf_weight=538.76851879060268 1457.4177310913801 1103.831497348845 1493.3715813085437 1.7642308920621861 506.58518706262112 164.73900130391121 679.92458476871252 583.34602916240692 1527.1736782044172 580.15904857218266 318.24438671767712 287.91221010684967 441.52962356805801 1176.7030549943447 1424.6882493048906 256.40998655557632 306.06488299369812 1278.2279532104731 303.03463718295097 213.81341364979744 20.121951311826706 540.70245630294085 566.25364725291729 396.8400651961565 1210.0347277149558 1007.6116328909993 434.55885034054518 57.488779924809933 39.977142572402954 1061.2791931182146
leaf_count=2257 15029 9534 16309 20 2536 1166 5711 2583 14827 3259 2496 2039 3283 5098 17654 1541 1672 5178 2758 2099 83 3865 3484 2036 10761 7310 4942 437 328 4389
internal_value=-0.000339476 -0.0177889 -0.0296836 -0.00270174 0.0416211 0.000926542 -0.0220474 0.0309251 -0.0172042 0.0115389 -0.00708452 0.00664173 -0.00179275 0.0380129 -0.0426949 0.0150513 0.0206109 0.0525797 -0.00548037 -0.0337892 0.058563 -0.00337942 0.0192983 0.0133587 -0.021189 -0.00222148 -0.0413304 -0.00317371 -0.00562841 0.0477246
internal_weight=19978.6 14110.6 7890.08 6220.56 5867.94 5570.43 4972.02 2969.54 3514.6 2396.18 3174.25 1816.02 2070.42 1760.05 2918.06 987.403 1209.49 2898.4 1628.89 650.136 1298.35 828.615 822.664 702.905 2737.21 1325.86 436.323 777.391 719.902 1600.05
internal_count=154684 128852 81056 47796 25832 40735 47093 13925 32064 15354 25381 12095 15847 7681 33963 6191 6244 11907 12564 7061 5261 5904 5025 3708 25588 9806 4962 6476 6039 6646
is_linear=0
shrinkage=0.05


Tree=15
num_leaves=31
num_cat=0
split_feature=28 13 28 28 2 13 20 24 26 25 24 13 28 24 16 1 20 26 24 13 28 20 10 27 24 13 14 11 24 15
split_gain=5276.94 951.502 307.124 260.943 254.304 170.524 100.273 71.3179 64.005 63.9287 57.1135 56.288 51.0941 40.4537 38.8046 36.7143 34.9373 31.3293 29.7272 29.4817 29.198 28.4819 27.6058 24.925 24.1586 23.6926 23.4202 23.3765 22.4703 23.3757
threshold=1.5000000000000002 0.29166666666666724 4.5000000000000009 5.5000000000000009 2.5000000000000004 1.0618333333333341 -1.0149999999999999 0.031666666666666739 -0.034999999999999691 1.5000000000000002 -0.018333333333332199 -0.18250000000000008 3.5000000000000004 0.048333333333334234 1.5000000000000002 3.5000000000000004 0.11499999999999978 -0.1400000000000001 0.078333333333332714 1.1491666666666667 5.5000000000000009 0.81500000000000006 0.20064999999999997 -0.14499999999999999 0.023333333333333876 2.3800000000000008 -0.038549999999999938 0.32225000000000004 -0.026666666666665947 0.001666666666666636
decision_type=2 2 2 2 2 2 2 2 2 2 2 2 2 2 2 2 2 2 2 2 2 2 2 2 2 2 2 2 2 2
left_child=4 2 6 5 11 8 24 28 18 17 -6 22 21 20 -12 16 -10 -7 -3 23 -4 -11 -1 -5 -2 -23 -18 -9 -8 -30
right_child=1 3 13 19 10 9 7 27 15 12 14 -13 -14 -15 -16 -17 26 -19 -20 -21 -22 25 -24 -25 -26 -27 -28 -29 29 -31
leaf_value=0.0091025168704424227 -0.034058984354357474 -8.8404228288797726e-05 -0.038611037807525166 0.15119044266064985 0.034415548299015199 0.057256471777544109 -0.026349106955554997 -0.013728913681208481 -0.017257134144021906 -0.0025229255295445281 0.05686592747659517 0.033892773668583197 -0.0031453870739700015 -0.025123579072715691 0.045377390893616233 -0.018646476839375547 -0.012879007241253241 0.020893601269486972 0.022895491829421223 -0.01773646983666935 -0.049279149620456847 0.015909009515561418 0.024913873372907295 -0.041403606649747571 -0.02090451623421722 0.051296982866619149 0.0060249230335813796 0.0047595375549279416 -0.021466228599394288 -0.0085021248048423002
leaf_weight=512.99807095527649 1310.8766866400838 784.94944018125534 1298.5590895786881 1.68666112422943 728.51156425476074 66.435982331633568 860.47425662726164 270.88294819742441 423.45101124793291 210.43188884854317 1228.7929382622242 1016.7741143703461 812.61767949908972 323.73636290431023 1829.1048354506493 983.50434219092131 231.05784845352173 546.4569820612669 171.40494052320719 210.80050171911716 1267.3524813130498 724.39979985356331 597.69961342215538 420.321333989501 475.68663853406906 50.601810470223427 563.22226321697235 463.53003727644682 844.90264020115137 590.88349124789238
leaf_count=2758 13970 5980 14780 17 3092 359 8529 2151 3511 1474 4932 4492 5785 3743 7551 8559 1823 3096 1167 2099 16305 4372 3007 4945 4502 268 4341 3617 7977 5482
internal_value=-0.000337948 -0.0171603 -0.0288915 -0.00258103 0.0392247 0.000876494 -0.0211609 -0.0156223 -0.00676904 0.0108898 0.0469967 0.0253925 0.00613626 -0.0417789 0.049994 -0.0114612 -0.00565804 0.0248352 0.00403094 -0.0330063 -0.0438802 0.0137902 0.0176111 -0.0406339 -0.0305565 0.0182196 0.000525728 -0.00205979 -0.01996 -0.016131
internal_weight=19822.1 13908.2 7706.88 6201.34 5913.88 5568.53 4817.24 3030.67 3157.59 2410.94 3786.41 2127.47 1798.05 2889.65 3057.9 2201.24 1217.73 612.893 956.354 632.808 2565.91 985.433 1110.7 422.008 1786.56 775.002 794.28 734.413 2296.26 1435.79
internal_count=154684 128852 81056 47796 25832 40735 46228 27756 25381 15354 15575 10257 11899 34828 12483 18234 9675 3455 7147 7061 31085 6114 5765 4962 18472 4640 6164 5768 21988 13459
is_linear=0
shrinkage=0.05


Tree=16
num_leaves=31
num_cat=0
split_feature=28 13 1 28 7 13 13 26 24 22 1 20 25 28 24 14 24 13 11 27 25 24 11 28 19 19 10 24 0 13
split_gain=4763.9 893.186 295.554 245.951 235.126 155.621 104.522 71.0536 66.4543 63.6328 57.3591 53.394 41.8974 36.7523 34.1033 32.2105 30.7583 29.1945 28.8306 28.2059 27.6729 26.1587 26.0528 26.0261 26.4568 23.8431 23.8356 23.822 23.7523 23.5335
threshold=1.5000000000000002 0.28166666666666768 4.5000000000000009 5.5000000000000009 5.7350000000000012 1.0983333333333332 -0.74999999999999856 -0.044999999999999922 -0.010000000000001117 -0.94000000000000006 3.5000000000000004 0.81500000000000006 1.5000000000000002 5.5000000000000009 -0.0050000000000003366 0.056233333333333337 0.041666666666666526 1.1491666666666667 0.38805000000000001 0.055000000000000167 4.5000000000000009 0.081666666666667456 0.31990000000000002 4.5000000000000009 -0.039999999999999994 -0.014999999999999998 0.31835000000000008 0.1000000000000001 3.5000000000000004 1.0983333333333332
decision_type=2 2 2 2 2 2 2 2 2 2 2 2 2 2 2 2 2 2 2 2 2 2 2 2 2 2 2 2 2 2
left_child=4 2 6 5 9 8 -2 -8 -3 19 11 -7 28 -4 -11 21 18 -5 -12 26 25 23 -9 24 -10 -13 -1 -15 -6 -14
right_child=1 3 13 17 12 10 7 22 15 14 16 20 29 27 -16 -17 -18 -19 -20 -21 -22 -23 -24 -25 -26 -27 -28 -29 -30 -31
leaf_value=0.01462875320612358 -0.032257535462365969 -0.015440157532680935 -0.035746095678662292 -0.040045559951659516 0.032149624565505235 -0.0023570123432721892 -0.0025329129173990595 -0.025675687397847841 0.01663396098576797 0.021593387124447555 -0.0072379909291056359 0.035401281004514916 0.038432541011777038 -0.04843349354500498 0.036175869393396946 0.011131397179196289 0.017574000279295437 -0.01708897487543044 0.014951346713387338 -0.0024091251176303944 0.0072496303037087239 0.017307254321760859 -0.015591244497044491 -0.019784665920767854 -0.0055733154387491331 0.017412732575021763 0.035147730878400868 -0.0034666580858298207 0.057387984111873382 0.049312669667876896
leaf_weight=547.98947259783745 1388.5374739468098 1228.1291911751032 1398.6923898681998 414.7422404140234 103.91356910765171 251.22607466578484 762.55247116088867 1113.2322947233915 153.46549520641565 577.00739046931267 649.4827054142952 443.64477487653494 1351.316198065877 1280.4908434301615 1313.9035127162933 446.60898710787296 255.67630815505981 207.92303370684385 188.98282986134291 174.75104676187038 205.54837016016245 131.97941946983337 1508.0774518102407 275.78860855847597 1063.8302324339747 315.00386645644903 190.81466481089592 30.146728456020355 906.14800462126732 786.13538545370102
leaf_count=2792 15029 10766 16204 5048 420 1684 6422 10837 1064 2699 4598 2434 5540 17200 5766 3284 1469 2099 1313 924 1280 876 14499 2572 8027 1775 885 372 3634 3172
internal_value=-0.000335452 -0.0165479 -0.0281939 -0.00256656 0.0370191 0.000742847 -0.0207062 -0.0159662 -0.0062245 0.0264911 0.0106975 0.0181737 0.0463997 -0.0413833 0.0317261 -0.000761281 0.00239261 -0.0323798 -0.00223671 0.0156554 0.023523 -0.00402969 -0.019874 -0.00591575 -0.00277363 0.0279321 0.0199283 -0.0473992 0.0547915 0.0424342
internal_weight=19665.7 13713.8 7481.73 6232.03 5951.98 5609.37 4772.4 3383.86 3299.8 2804.47 2309.56 1215.42 3147.51 2709.33 1890.91 2071.67 1094.14 622.665 838.466 913.555 964.197 1625.06 2621.31 1493.08 1217.3 758.649 738.804 1310.64 1010.06 2137.45
internal_count=154684 128852 80563 48289 25832 41142 46787 31758 26589 13066 14553 7173 12766 33776 8465 15823 7380 7147 5911 4601 5489 12539 25336 11663 9091 4209 3677 17572 4054 8712
is_linear=0
shrinkage=0.05


Tree=17
num_leaves=31
num_cat=0
split_feature=28 13 28 28 16 13 20 10 24 24 24 28 24 25 24 14 0 28 28 2 13 20 19 15 24 15 17 14 26 24
split_gain=4304.03 837.53 289.038 228.499 220.074 140.562 93.6099 67.617 65.3223 57.5506 52.9196 44.1513 39.4332 39.1261 36.8045 35.4635 32.6605 30.8543 29.8845 29.4773 28.4586 27.403 25.8629 25.175 24.1527 24.0384 23.3993 22.6844 22.4247 22.0768
threshold=1.5000000000000002 0.28166666666666768 4.5000000000000009 5.5000000000000009 2.5000000000000004 1.0618333333333341 -1.0149999999999999 0.22274999999999992 0.031666666666666739 -0.021666666666666941 0.043333333333332565 3.5000000000000004 0.048333333333334234 1.5000000000000002 -0.038333333333333545 0.056233333333333337 4.5000000000000009 4.5000000000000009 5.5000000000000009 3.5000000000000004 1.1491666666666667 0.14999999999999972 -0.039999999999999994 -0.018166666666666647 0.023333333333333876 0.036666666666666667 2.5000000000000004 -0.055533333333333372 0.079999999999999641 0.10666666666666781
decision_type=2 2 2 2 2 2 2 2 2 2 2 2 2 2 2 2 2 2 2 2 2 2 2 2 2 2 2 2 2 2
left_child=4 2 6 5 19 9 24 14 25 -3 11 21 18 -9 -6 17 -16 22 -4 -1 -5 -7 -11 -15 -2 -8 -13 -25 -21 -24
right_child=1 3 12 20 7 10 8 13 -10 15 -12 26 -14 23 16 -17 -18 -19 -20 28 -22 -23 29 27 -26 -27 -28 -29 -30 -31
leaf_value=0.039456871260968598 -0.03276305021367109 -0.017071916888200912 -0.03716010335302973 -0.03934959732282127 -0.011274974609801591 -0.014870118066216491 -0.019175311826808015 0.041940189137318534 -0.0013617694177768271 0.015385527787023255 0.022620537543484493 0.0083619642799358657 -0.023582776043309155 0.012251856700537675 -0.0033102321440613364 0.0099350826261105571 0.022673811295123726 -0.019046317268413389 -0.048371834440642691 0.049942627131510049 -0.01645764023075199 0.014992033062014042 -0.0057364496998617365 0.01596730742469981 -0.01935318957742279 0.038183769465674006 -0.0092717298135096757 0.032930029585268437 -0.030971978325628802 0.036048859718904223
leaf_weight=1387.7262451499701 1247.1476849466562 884.11292491853237 1215.2758421301842 401.31676411628723 118.09695662558079 83.758412607014179 2182.7729067876935 567.94498033821583 721.75354065746069 183.53488764166832 600.228032335639 290.28413669764996 306.29234143346548 256.3072919100523 144.48253327608109 486.0397585183382 742.00173790752888 332.17589326947927 1163.2540589570999 1539.2307171672583 205.1756636351347 927.90081413835287 1251.2415903955698 247.22400271892548 459.49576015770435 18.420046165585518 534.58880069851875 972.04142145812511 8.6106474101543409 32.429652601480484
leaf_count=5684 13948 7947 14685 5048 630 602 21579 2429 5728 1279 3259 2039 3721 1187 718 3619 3585 3151 16229 6187 2099 5589 9588 1105 4497 176 3865 4271 36 204
internal_value=-0.000331994 -0.0159509 -0.0274171 -0.00245151 0.0349774 0.000702362 -0.019848 0.0255671 -0.0144152 -0.00623948 0.00973173 0.00551932 -0.0404689 0.0307885 0.0149457 -0.00204896 0.0184388 -0.00528603 -0.0426434 0.0447484 -0.0316053 0.0125197 -0.00217069 0.0264962 -0.0291526 -0.0186953 -0.00306619 0.0294906 0.0494925 -0.00468082
internal_weight=19510.9 13527.2 7314.41 6212.79 5983.67 5606.29 4629.59 3048.1 2922.95 3169.53 2436.76 1836.53 2684.82 2043.52 1004.58 2285.42 886.484 1799.38 2378.53 2935.57 606.492 1011.66 1467.21 1475.57 1706.64 2201.19 824.873 1219.27 1547.84 1283.67
internal_count=154684 128852 80563 48289 25832 41142 45928 13925 27483 25788 15354 12095 34635 8992 4933 17841 4303 14222 30914 11907 7147 6191 11071 6563 18445 21755 5904 5376 6223 9792
is_linear=0
shrinkage=0.05


Tree=18
num_leaves=31
num_cat=0
split_feature=28 13 1 28 7 13 13 24 24 13 13 1 24 28 0 20 14 15 20 13 24 11 24 24 24 15 3 16 20 0
split_gain=3890.73 784.722 282.665 212.183 201.737 126.662 98.924 71.7789 56.7707 56.332 47.7645 45.202 39.2726 37.6128 36.4366 36.0342 31.7218 28.7237 27.9301 27.7084 26.1788 25.8325 24.6436 24.2386 23.6775 22.4056 22.5032 22.2774 21.9607 21.82
threshold=1.5000000000000002 0.28166666666666768 4.5000000000000009 5.5000000000000009 5.7350000000000012 1.0983333333333332 -0.94999999999999984 0.0050000000000012266 -0.010000000000001117 -0.67499999999999949 2.1466666666666674 3.5000000000000004 0.03666666666666752 5.5000000000000009 4.5000000000000009 0.65499999999999992 -0.009074999999999998 0.015000000000000022 -0.16999999999999968 1.1491666666666667 0.11000000000000078 0.32150000000000001 0.065500000000000128 0.07833333333333449 0.1000000000000001 0.015000000000000022 47.500000000000007 1.5000000000000002 1.4950000000000001 5.5000000000000009
decision_type=2 2 2 2 2 2 2 2 2 2 2 2 2 2 2 2 2 2 2 2 2 2 2 2 2 2 2 2 2 2
left_child=4 2 6 5 9 8 -2 -8 29 -1 11 15 25 -4 -11 -7 -16 20 -19 -5 -10 -9 -17 -23 -15 26 -6 -24 -25 -3
right_child=1 3 13 19 12 10 7 21 17 14 -12 -13 -14 24 16 22 -18 18 -20 -21 -22 23 27 28 -26 -27 -28 -29 -30 -31
leaf_value=0.010205844741654568 -0.033478600822550719 -0.0011485811335434505 -0.034239319780811926 -0.038652933804131255 0.037363671541073798 -0.0050722185940050984 -0.021809532386052932 -0.015815471778467545 -0.0053077842412713166 0.013159374832960173 0.029267567526705132 -0.00092039078795635705 0.0495738437338532 -0.047540796966130006 0.022595824874727544 0.015089878930048454 0.035852988051157615 -0.015327091785298133 0.014339608963138049 -0.015842520026936101 0.034895087786415507 -0.0056197839379771557 0.052144190582756149 0.014933773784690116 -0.00217714279491692 0.045360870694871672 0.02156855538067776 -0.0010892334853406954 0.15037771036372913 -0.017768195644679113
leaf_weight=628.10154162347317 970.74469049274921 249.09713131189346 1320.8880951777101 388.45122078061104 1146.5069183260202 203.48073241859674 2022.7372886836529 612.33801480382681 1476.7628351226449 384.03240521252155 271.72777560353279 965.85830578953028 1068.0539641976357 1182.3031307756901 797.74831089377403 780.12202143669128 1038.8073250353336 96.194498591125011 452.70944738388062 202.55316849797964 41.634270869195461 896.98377996683121 87.062160283327103 115.35084895789623 29.482011795043945 666.46102306246758 280.70451341569424 25.383346363902092 3.0724428147077552 953.3192995339632
leaf_count=3295 11110 2226 16204 5048 4648 1372 21209 5534 11475 1734 1493 6595 4289 17200 3546 4528 4491 766 3312 2099 270 7984 434 929 372 2688 1141 131 21 8540
internal_value=-0.000327962 -0.0153693 -0.0266502 -0.002341 0.0330767 0.000664378 -0.0192924 -0.01552 -0.00568645 0.0234262 0.00956269 0.00696589 0.0417718 -0.0400755 0.0271657 0.0139154 0.0300944 -0.000661835 0.00914057 -0.0308352 -0.00420543 -0.00770429 0.0182441 -0.00281287 -0.0464371 0.0377917 0.0342571 0.0401273 0.0184478 -0.0143252
internal_weight=19358.7 13348.3 7153.9 6194.36 6010.42 5603.35 4621.23 3650.48 3269.72 2848.69 2333.63 2061.91 3161.73 2532.67 2220.59 1096.05 1836.56 2067.3 548.904 591.004 1518.4 1627.75 892.568 1015.41 1211.79 2093.67 1427.21 112.446 118.423 1202.42
internal_count=154684 128852 80563 48289 25832 41142 46787 35677 26589 13066 14553 13060 12766 33776 9771 6465 8037 15823 4078 7147 11745 14468 5093 8934 17572 8477 5789 565 950 10766
is_linear=0
shrinkage=0.05


Tree=19
num_leaves=31
num_cat=0
split_feature=28 13 28 28 16 20 13 13 1 24 10 24 28 13 24 24 13 24 26 0 24 0 24 24 28 24 15 14 7 11
split_gain=3519.26 734.584 236.856 224.085 190.918 134.422 74.6068 70.3656 64.8087 58.1507 57.0485 53.6778 42.4174 40.2089 34.622 33.2713 33.0496 32.427 28.4129 27.6201 27.9651 27.5853 27.2772 26.4009 26.1811 24.9917 23.6038 23.4266 23.2118 22.9326
threshold=1.5000000000000002 0.13333333333333311 4.5000000000000009 4.5000000000000009 2.5000000000000004 0.81500000000000006 1.0308333333333335 -0.94999999999999984 2.5000000000000004 -0.016666666666665272 0.22274999999999992 0.0050000000000012266 5.5000000000000009 1.9416666666666669 0.016666666666667943 0.048333333333334234 2.1466666666666674 -0.038333333333333545 -0.039999999999999584 5.5000000000000009 0.026666666666665954 4.5000000000000009 -0.030000000000000689 0.070833333333332874 5.5000000000000009 0.081666666666667456 -0.0066666666666666602 -0.01035000000000001 6.8650000000000011 0.40870000000000006
decision_type=2 2 2 2 2 2 2 2 2 2 2 2 2 2 2 2 2 2 2 2 2 2 2 2 2 2 2 2 2 2
left_child=4 2 7 5 19 9 12 -2 18 -3 17 29 23 22 28 24 -8 -6 -7 27 -21 -19 -10 -5 -4 -11 -20 -1 -12 -9
right_child=1 3 15 6 10 8 16 11 13 25 14 -13 -14 -15 -16 -17 -18 21 26 20 -22 -23 -24 -25 -26 -27 -28 -29 -30 -31
leaf_value=0.018292771161610696 -0.032114193684594908 -0.019052627243516616 -0.036582122272248323 -0.021432559435228964 -0.011659341196652177 0.034746023487651226 -0.0091451804327788225 -0.024485430940458529 -0.010595038574547784 -0.0036009638128492519 0.019628368702486611 -0.0087124443189706257 -0.038701555005124753 0.022262459745047116 0.034136060391746367 -0.023332244022259408 0.027913378186122467 -0.0038016119274156823 -0.0080551122355670326 0.037981742376700198 0.048848653336765878 0.020010561423525763 0.0048242626440845567 0.016610893696884482 -0.047930700353292943 0.019790569035228689 0.019355024843411877 0.039398097520684759 0.05554621505725691 -0.0082997763101547526
leaf_weight=234.43869024515152 897.63425017148256 703.14463021606207 1034.5248121470213 672.77002432197332 118.4736734777689 259.81285922974348 653.25303349643946 1457.9884162545204 367.07173684984446 1453.0105253234506 1032.5144554525614 1344.3091328591108 429.33241534978151 269.3850009739399 990.98106896877289 265.34599476307631 66.265781678259373 145.01656979322433 94.394877187907696 1363.7667104303837 1046.2015521973372 753.98453392088413 1311.929935336113 48.91965239495039 998.9424793869257 123.92661321163177 467.66029019653797 299.39016431570053 47.029657632112503 257.49215696752071
leaf_count=952 10476 6471 13289 6937 630 1453 5767 15672 2839 11292 4588 12102 5922 1407 4211 3388 521 718 624 5519 4222 3585 8653 423 15109 795 2960 1214 193 2752
internal_value=-0.00032326 -0.0148029 -0.0272195 -0.00357866 0.031309 0.00189678 -0.018362 -0.0198047 0.00929727 -0.00709466 0.0226237 -0.0161935 -0.026257 0.00433032 0.0273878 -0.0399842 -0.00573219 0.0129291 0.0210723 0.0404198 0.0426992 0.0161695 0.00145322 -0.0188538 -0.0421571 -0.0017627 0.0147516 0.0301294 0.0211931 -0.022056
internal_weight=19208.9 13177.1 6256.24 6920.88 6031.8 5050.34 1870.54 3957.42 2770.25 2280.08 3088 3059.79 1151.02 1948.39 2070.53 2298.81 719.519 1017.47 821.868 2943.8 2409.97 899.001 1679 721.69 2033.47 1576.94 562.055 533.829 1079.54 1715.48
internal_count=154684 128852 72788 56064 25832 36494 19570 41002 17936 18558 13925 30526 13282 12899 8992 31786 6288 4933 5037 11907 9741 4303 11492 7360 28398 12087 3584 2166 4781 18424
is_linear=0
shrinkage=0.05


Tree=20
num_leaves=31
num_cat=0
split_feature=28 13 28 1 2 13 24 24 25 28 24 13 18 18 28 13 13 13 11 15 16 14 28 20 24 24 14 24 3 24
split_gain=3184.67 692.66 250.089 186.779 177.22 156.032 66.4894 64.7818 50.9864 49.9747 47.5416 38.1568 35.8183 35.2204 34.529 32.05 30.3159 29.6749 26.6684 26.3894 25.7071 24.9928 24.1487 23.9645 23.3066 20.7167 20.3134 19.7526 19.7465 19.379
threshold=1.5000000000000002 -0.016666666666666382 5.5000000000000009 4.5000000000000009 2.5000000000000004 0.97000000000000008 0.0049999999999994502 0.046666666666667307 1.5000000000000002 4.5000000000000009 -0.018333333333332199 -0.18250000000000008 2.5000000000000004 3.5000000000000004 3.5000000000000004 1.1491666666666667 -0.94999999999999984 -0.87833333333333352 0.32745000000000007 -0.0083333333333333228 1.5000000000000002 0.05013666666666667 5.5000000000000009 2.5350000000000006 0.10666666666666781 0.0016666666666673715 -0.013499999999999983 0.10166666666666792 54.500000000000007 -0.040000000000000473
decision_type=2 2 2 2 2 2 2 2 2 2 2 2 2 2 2 2 2 2 2 2 2 2 2 2 2 2 2 2 2 2
left_child=4 3 5 6 11 7 17 9 19 12 28 26 21 20 23 24 -8 -2 -18 -7 -12 -3 25 -10 -4 -5 -1 -24 -6 -14
right_child=1 2 15 22 10 8 16 -9 14 -11 13 -13 29 -15 -16 -17 18 -19 -20 -21 -22 -23 27 -25 -26 -27 -28 -29 -30 -31
leaf_value=0.0040774681052703236 -0.036573401030501697 -0.0052290800488269638 -0.040064380104650341 -0.040667263612738723 0.027591286620187956 -0.0034184627967118911 -0.025299525437291494 0.0061829823620263395 0.0058087233719029234 -0.022603764735029827 0.047744268331757121 0.025265903337358359 -0.024788359504482757 0.029221701876338071 -0.0036626229631638255 -0.015027635407759929 -0.018402577447081001 -0.023068342344680207 -0.0028128635713755876 0.02329320542481483 0.03724205542277878 0.011558277678472926 -0.047287070226166072 0.024093976855376193 0.028879475964655676 -0.025710166120688344 0.017574521253880825 0.0011977934191225812 0.00077119936951423711 -0.010200288034684991
leaf_weight=467.95735991001129 593.20798990875483 1070.6908055171371 531.17741218954325 611.49307015538216 672.51550200581551 109.47576180845499 390.54618921130896 691.00867890566587 927.459517814219 691.98846909403801 1037.1219195723534 1054.539799824357 284.88430341333151 721.03428301215172 918.18680442869663 199.14847243577242 462.33688659220934 1294.1421768665314 674.57289994508028 594.9867735132575 1329.8006349653006 279.61287854611874 926.18792632222176 222.09586256742477 12.547790028154848 372.55438884347677 689.53483147919178 21.493939645588398 76.428777128458023 1133.2433713749051
leaf_count=2364 7465 9211 7661 8109 2774 622 4416 5102 5871 7637 4188 4492 2760 2923 6678 2099 4376 14284 6174 3266 5372 2299 14590 1215 160 4782 3401 277 318 9798
internal_value=-0.000318195 -0.0142519 -0.00461858 -0.0280654 0.0296574 -0.0016605 -0.0210365 -0.00779422 0.00752487 -0.0105853 0.0361556 0.0183859 -0.00758123 0.0388966 0.00356696 -0.032188 -0.0132811 -0.0273131 -0.00915259 0.0191421 0.0418438 -0.00175285 -0.0404907 0.00934146 -0.0384733 -0.0350046 0.0121179 -0.0461874 0.0248543 -0.0131309
internal_weight=19062 13013 7666.51 5346.54 6048.93 6923.63 3414.81 4151.43 2772.2 3460.42 3836.9 2212.03 2768.43 3087.96 2067.74 742.874 1527.46 1887.35 1136.91 704.463 2366.92 1350.3 1931.73 1149.56 543.725 984.047 1157.49 947.682 748.944 1418.13
internal_count=154684 128852 64379 64473 25832 54459 36715 36807 17652 31705 15575 10257 24068 12483 13764 9920 14966 21749 10550 3888 9560 11510 27758 7086 7821 12891 5765 14867 3092 12558
is_linear=0
shrinkage=0.05


Tree=21
num_leaves=31
num_cat=0
split_feature=28 13 28 1 16 20 1 24 24 26 24 13 15 15 13 13 11 7 7 0 28 24 3 15 11 15 3 13 24 11
split_gain=2883.35 650.283 233.452 182.808 164.624 144.922 94.2793 63.2853 62.6398 54.7063 48.6523 43.904 42.5824 36.7149 31.2372 30.4938 28.2411 27.1537 25.4569 25.0267 24.448 23.8405 23.6739 24.1245 23.3969 23.01 22.7419 22.5354 21.9692 21.0928
threshold=1.5000000000000002 -0.016666666666666382 5.5000000000000009 4.5000000000000009 2.5000000000000004 0.91000000000000048 2.5000000000000004 -1.3322676295501877e-15 0.050000000000000273 -0.044999999999999922 -0.011666666666666268 1.3666666666666663 -0.0083333333333333367 0.016666666666666653 1.1491666666666667 -0.94999999999999984 0.40750000000000003 6.4450000000000012 3.6450000000000005 4.5000000000000009 5.5000000000000009 -0.051666666666666299 39.500000000000007 -0.0049999999999999897 0.32075000000000004 -0.010000000000000021 59.500000000000007 -0.70499999999999974 0.10666666666666781 0.38065000000000004
decision_type=2 2 2 2 2 2 2 2 2 2 2 2 2 2 2 2 2 2 2 2 2 2 2 2 2 2 2 2 2 2
left_child=4 3 5 7 17 9 22 16 11 -3 18 25 -12 -11 28 -9 27 -1 -6 -14 -5 -15 -7 -24 -17 -8 -19 -2 -4 -27
right_child=1 2 14 20 10 6 8 15 -10 13 12 -13 19 21 -16 24 -18 26 -20 -21 -22 -23 23 -25 -26 29 -28 -29 -30 -31
leaf_value=0.032319962117081019 -0.037323068491553285 0.0022731706719312759 -0.03941715864625861 -0.034268643099200066 -0.020629804243739558 0.028513267317787916 -0.022744191430830646 -0.025066537443319759 0.018093367547142154 -0.015504679954940641 0.014704445925423547 0.0070256480004053075 0.013832566986893819 -0.026242041226136482 -0.014450957267122264 -0.018343200159972452 -0.011856736856349094 0.042826286279958062 0.012329684320946612 0.031804534132210578 -0.045717726708043374 0.0023413400976805211 -0.015055976474470304 0.01772143205334761 -0.0042106072805721357 -0.0088346795966837057 -0.010276958800130381 -0.024598002617680345 0.026774278620528415 0.0068923033901815631
leaf_weight=1639.5173156410456 596.41659278422594 856.04814172536135 513.35911600664258 955.68068353831768 63.344201907515526 444.57691222429276 216.44740831851959 421.50297196954489 452.44307589530945 2034.2488576695323 809.05995346605778 788.65855061262846 229.65176406502724 84.540691159665585 196.80197420716286 468.75076775252819 255.59303614497185 1281.8526358306408 779.70841652154922 1237.7164431661367 910.51411788910627 532.10615458339453 70.324022740125656 278.26937829703093 780.45282812416553 868.78132153302431 20.483798131346703 835.06922154128551 12.84955985099077 282.53101234138012
leaf_count=6646 7647 6679 7661 12891 363 2611 1875 4910 2675 18827 3683 4925 1007 811 2099 4573 2987 5178 3606 5266 14867 4481 464 1709 7283 7162 83 9315 160 2240
internal_value=-0.000312667 -0.0137163 -0.00441265 -0.0273084 0.0281161 -0.00158377 0.00576858 -0.0203354 0.00117907 -0.00871617 0.020114 -0.00236976 0.023914 -0.0122649 -0.031445 -0.0134375 -0.0271663 0.0366013 0.00985322 0.0289918 -0.0398546 -0.00157737 0.0208642 0.011109 -0.00951372 -0.00778721 0.0419911 -0.0298998 -0.0378008 -0.00497529
internal_weight=18917.3 12856 7631.99 5223.98 6061.33 6908.98 3402.03 3357.79 2608.86 3506.94 3119.48 2156.42 2276.43 2650.9 723.011 1670.71 1687.08 2941.85 843.053 1467.37 1866.19 616.647 793.17 348.593 1249.2 1367.76 1302.34 1431.49 526.209 1151.31
internal_count=154684 128852 64379 64473 25832 54459 23661 36715 18877 30798 13925 16202 9956 24119 9920 16766 19949 11907 3969 6273 27758 5292 4784 2173 11856 11277 5261 16962 7821 9402
is_linear=0
shrinkage=0.05


Tree=22
num_leaves=31
num_cat=0
split_feature=28 13 28 28 7 20 28 24 25 26 10 15 15 25 13 24 11 20 17 24 0 24 28 25 0 1 25 8 11 24
split_gain=2610.95 609.848 217.768 178.871 155.332 131.29 87.9405 58.7738 51.1488 50.4053 43.5954 36.9448 35.0072 35.0004 30.4055 30.2107 29.1353 27.4146 25.497 25.065 24.6893 22.8027 22.7073 22.6514 21.6764 21.5335 21.2266 21.2115 21.1826 20.727
threshold=1.5000000000000002 -0.016666666666666382 5.5000000000000009 4.5000000000000009 5.7350000000000012 0.91000000000000048 3.5000000000000004 -1.3322676295501877e-15 1.5000000000000002 -0.05000000000000026 0.20064999999999997 0.016666666666666653 -0.0016666666666666702 1.5000000000000002 1.1491666666666667 0.063333333333333033 0.39435000000000003 -1.9899999999999993 1.5000000000000002 -0.031666666666666725 14.500000000000002 -0.051666666666666299 5.5000000000000009 4.5000000000000009 3.5000000000000004 3.5000000000000004 1.5000000000000002 0.20740000000000003 0.46039999999999998 0.10666666666666781
decision_type=2 2 2 2 2 2 2 2 2 2 2 2 2 2 2 2 2 2 2 2 2 2 2 2 2 2 2 2 2 2
left_child=4 3 5 7 10 9 12 16 -8 -3 19 25 -7 24 29 22 -2 -9 -14 -1 28 -13 -5 -20 -6 -11 -12 -17 -10 -4
right_child=1 2 14 15 13 6 8 17 20 11 26 21 18 -15 -16 27 -18 -19 23 -21 -22 -23 -24 -25 -26 -27 -28 -29 -30 -31
leaf_value=-0.011110578324362276 -0.029415182879830894 0.003378054972987011 -0.038766873372491073 -0.035056025549425031 0.020567247983906242 0.00066291635451941734 0.013324741874555594 -0.027346708249181142 -0.0039624451528338786 -0.010439789295216592 0.030940984427220528 -0.025444306348914571 0.030717077969851365 0.030768427525292349 -0.013890494851159904 -0.038364248152240238 -0.012480898253020137 -0.0097765306118553913 0.017727497894503466 0.012704258021434503 -0.016178828852376842 0.0026475748027097478 -0.046531783133774637 0.00089469263329839299 0.044611877799410123 -0.020715953681958957 0.019352198135237378 0.00058083054496091424 0.033171782423019706 0.024869818976984502
leaf_weight=128.01699879765511 1315.9978590831161 726.64195395261049 496.30727834627032 874.66196378320456 104.71483083069324 428.21258651465178 372.3420492336154 265.94230824708939 697.91831033676863 1251.8215667307377 545.30428905785084 82.874713040888309 273.01246538758278 2158.1138349175453 194.56382317841053 62.827709045261145 314.74268288165331 1343.8722019717097 819.00216560065746 806.87900319695473 515.36110223084688 562.82229967415333 849.95033021271229 264.37177387624979 893.74038477241993 860.0291650891304 1434.836115732789 78.831161357462406 40.639625832438469 13.134225018322466
leaf_count=679 15911 5597 7661 12256 420 2848 2375 3076 5629 11051 2309 811 1619 8712 2099 881 3716 13127 4829 3768 4208 4712 14454 1841 3634 8627 6310 1052 312 160
internal_value=-0.000307017 -0.0131955 -0.0042155 -0.0265578 0.0266643 -0.00151088 0.00546239 -0.0194564 -0.00294784 -0.00833738 0.0183421 -0.0114245 0.0131264 0.0343496 -0.0307046 -0.0388885 -0.0261468 -0.0126791 0.0170612 0.00944325 -0.00777986 -0.000957996 -0.0407117 0.0136199 0.0420902 -0.0146246 0.0225436 -0.0166919 -0.00191911 -0.0371262
internal_weight=18777.5 12705.9 7599.06 5106.83 6071.61 6895.05 3410.86 3240.56 1626.26 3484.19 2915.04 2757.55 1784.6 3156.57 704.005 1866.27 1630.74 1609.81 1356.39 934.896 1253.92 645.697 1724.61 1083.37 998.455 2111.85 1980.14 141.659 738.558 509.442
internal_count=154684 128852 64379 64473 25832 54459 23661 35830 12524 30798 13066 25201 11137 12766 9920 28643 19627 16203 8289 4447 10149 5523 26710 6670 4054 19678 8619 1933 5941 7821
is_linear=0
shrinkage=0.05


Tree=23
num_leaves=31
num_cat=0
split_feature=28 13 28 1 16 13 24 15 24 26 15 14 9 13 24 13 1 13 6 3 28 11 0 24 11 24 14 24 15 19
split_gain=2364.93 571.322 202.998 174.926 144.647 123.552 57.8287 52.7537 50.038 44.8806 43.6665 40.8314 31.9406 29.5567 29.5455 29.0394 28.0802 27.053 25.5174 25.214 24.95 24.6093 24.3492 24.1779 22.7046 22.7383 22.1399 21.5092 21.607 21.4581
threshold=1.5000000000000002 -0.016666666666666382 5.5000000000000009 4.5000000000000009 2.5000000000000004 0.7583333333333343 0.0049999999999994502 0.02166666666666665 0.024999999999999915 -0.015000000000000123 -0.0033333333333333197 -0.029299999999999961 4.0550000000000006 1.1491666666666667 0.016666666666667943 -0.87833333333333352 3.5000000000000004 -1.7758333333333332 0.14500000000000005 35.500000000000007 5.5000000000000009 0.38720000000000004 5.5000000000000009 -0.029999999999999801 0.32150000000000001 0.07833333333333449 -0.0025666666666666889 0.11333333333333374 0.009166666666666658 -0.044999999999999991
decision_type=2 2 2 2 2 2 2 2 2 2 2 2 2 2 2 2 2 2 2 2 2 2 2 2 2 2 2 2 2 2
left_child=4 3 5 6 18 8 15 9 16 19 12 -11 -6 -4 -12 -2 -3 -8 -1 29 -5 23 26 -9 -19 -26 -20 28 -10 -7
right_child=1 2 13 20 10 7 17 21 27 11 14 -13 -14 -15 -16 -17 -18 24 22 -21 -22 -23 -24 -25 25 -27 -28 -29 -30 -31
leaf_value=0.039404529654783853 -0.034625710058636044 -0.0072129124792477857 -0.036449330571560662 -0.032812961079410584 0.00049238955578932307 0.060936005259276164 -0.038241699913441091 -0.0071596050838977632 -0.0060733634769026823 -0.016665298563179925 0.017228847472561131 0.0013770610236974483 0.016390775174635792 -0.013346191709792406 0.030933268637311828 -0.020770848890806513 -0.018316188686731891 -0.018195452237681098 0.0043240283286928574 0.0027419489512561738 -0.044778928565116755 0.027904334165335411 0.032395609942682431 0.014415004083468144 -0.0078813327717718526 0.017688951888156706 0.030243211175395343 0.034834197426815587 0.0095514169428059098 0.015185378373727963
leaf_weight=1078.3882925659418 547.67101065069437 1190.4521536529064 493.39735045284033 903.08412607759237 438.52009497582912 27.441086053848267 89.944097518920898 162.51869693398476 653.87770608067513 486.97506392747164 829.35468627512455 880.67389658838511 1129.9861443340778 192.42944467812777 747.99096469581127 1222.2252659723163 1091.5389772877097 521.43911965936422 163.2053085565567 720.61907722055912 841.59190321713686 254.59253644198179 1525.0135025084019 646.19858536869287 771.04032727330923 97.990912050008774 166.38429597020149 44.279373317956924 334.42722215503454 388.18027254939079
leaf_count=4382 7465 11196 7821 12891 2180 160 1114 1181 5280 3545 3627 6221 4974 2099 3144 14284 11533 5354 662 4536 14867 1546 6189 3988 7628 870 674 311 2600 2362
internal_value=-0.000301023 -0.0126893 -0.00402647 -0.0258138 0.0253007 -0.00144127 -0.0189585 0.00501668 -0.00839142 0.00105431 0.0178533 -0.00504723 0.0119459 -0.029967 0.0237276 -0.0250581 -0.0125239 -0.0116663 0.0332885 0.0083985 -0.0385851 0.0143473 0.0297322 0.0100794 -0.0099472 -0.00499806 0.0174086 0.000741299 -0.000786178 0.018206
internal_weight=18641.4 12562.6 7567.6 4994.99 6078.84 6881.77 3250.31 3567.2 3314.58 2503.89 3145.85 1367.65 1568.51 685.827 1577.35 1769.9 2281.99 1480.41 2932.99 1136.24 1744.68 1063.31 1854.6 808.717 1390.47 869.031 329.59 1032.58 988.305 415.621
internal_count=154684 128852 64379 64473 25832 54459 36715 23539 30920 16824 13925 9766 7154 9920 6771 21749 22729 14966 11907 7058 27758 6715 7525 5169 13852 8498 1336 8191 7880 2522
is_linear=0
shrinkage=0.05


Tree=24
num_leaves=31
num_cat=0
split_feature=28 13 28 28 2 20 13 1 26 24 28 24 15 13 11 13 13 24 24 20 11 12 8 0 30 20 20 14 0 18
split_gain=2142.43 536.645 210.856 145.236 136.232 125.424 75.9267 51.8573 47.3358 46.0765 45.4388 41.8184 32.3915 32.0783 30.7199 29.7031 28.1195 25.7358 24.7053 23.994 23.6006 23.952 22.9895 22.551 23.0793 24.8601 22.0378 21.7225 20.628 20.5672
threshold=1.5000000000000002 -0.17333333333333242 4.5000000000000009 4.5000000000000009 2.5000000000000004 0.81500000000000006 1.0308333333333335 2.5000000000000004 -0.010000000000000229 1.0000000180025095e-35 5.5000000000000009 -0.0050000000000003366 0.018333333333333358 1.9416666666666669 0.39960000000000007 -0.3629166666666665 2.0666666666666673 0.070833333333332874 0.0016666666666673715 -1.6999999999999993 0.44470000000000004 0.23025000000000004 0.18675000000000003 6.5000000000000009 1.0000000180025095e-35 0.17999999999999985 2.0850000000000013 0.057341666666666659 4.5000000000000009 1.5000000000000002
decision_type=2 2 2 2 2 2 2 2 2 2 2 2 2 2 2 2 2 2 2 2 2 2 2 2 2 2 2 2 2 2
left_child=4 3 5 9 15 8 10 26 20 14 17 -6 28 29 -2 -1 -8 27 -5 -11 -3 -22 -20 -10 25 -25 -7 -4 -13 -9
right_child=1 2 6 18 11 7 16 13 23 19 -12 12 -14 -15 -16 -17 -18 -19 22 -21 21 -23 -24 24 -26 -27 -28 -29 -30 -31
leaf_value=0.0076432403538436462 -0.029684009840950126 -0.001891263204850582 -0.024005384296212955 -0.044224641849120852 0.021417398451906388 0.012396067394625643 -0.008369885389142134 0.0076694807294380666 -0.0022117815748664378 -0.02434503961086457 -0.036264281339726194 0.017152592444841828 0.04244355641764818 0.018905446231419265 -0.010000497323584627 0.019235355350327499 0.022387682103203271 0.012391359006691777 -0.042324711403205567 -0.0088003135670453644 0.083012107420719072 0.013159782097601217 -0.022840274271253319 -0.021463692349271604 0.018312980274080345 -0.0075439624900472714 0.029715977829867343 -0.0036270520551757572 0.031866013836895059 -0.0034772120030441278
leaf_weight=965.96671949326992 1103.838316783309 1140.0570177212358 711.64330334216356 921.28177187591791 1078.1030168384314 617.36039917916059 620.98484307527542 651.66006328910589 444.35652434080839 337.03865280747414 535.10951696336269 274.85693524777889 686.54858057200909 276.05115756392479 241.61073544621468 1291.3687775284052 84.410104833543301 64.834991872310638 267.36817617714405 942.25031608343124 13.658762089908121 120.88264963030815 348.99721769988537 868.18695655465126 49.8428565710783 508.70747485011816 261.43688372522593 160.2114659100771 1786.8949690759182 1133.910178668797
leaf_count=4780 14208 9086 8363 15457 4397 3940 5628 4300 4154 4001 8958 1109 2806 1407 2996 5477 660 583 4406 9402 105 907 5485 8445 445 4568 1373 1816 7263 8159
internal_value=-0.000294687 -0.0121976 -0.0048228 -0.0268382 0.0240162 -4.56975e-05 -0.0181767 0.00737841 -0.00698534 -0.0196895 -0.0246408 0.0297631 0.0330369 0.0030432 -0.0261493 0.0142748 -0.00468932 -0.0180006 -0.0390407 -0.0128957 0.00044601 0.0202513 -0.0312923 -0.0120476 -0.015111 -0.0163209 0.0175486 -0.0202607 0.0299045 0.000590875
internal_weight=18509.4 12425.7 8263.31 4162.39 6083.74 6086.11 2177.19 2940.42 3145.69 2624.74 1471.8 3826.4 2748.3 2061.62 1345.45 2257.34 705.395 936.69 1537.65 1279.29 1274.6 134.541 616.365 1871.09 1426.74 1376.89 878.797 871.855 2061.75 1785.57
internal_count=154684 128852 72897 55955 25832 46889 26008 19179 27710 30607 19720 15575 11178 13866 17204 10257 6288 10762 25348 13403 10098 1012 9891 17612 13458 13013 5313 10179 8372 12459
is_linear=0
shrinkage=0.05


Tree=25
num_leaves=31
num_cat=0
split_feature=28 13 28 28 7 13 24 17 26 22 14 1 17 24 24 26 15 24 24 19 14 20 20 13 22 14 10 8 20 24
split_gain=1941.43 502.96 197.083 141.855 128.141 126.696 55.0297 45.822 44.6551 44.1265 43.7856 34.6955 32.8381 29.6223 29.4448 26.4442 25.7851 25.4372 25.0279 24.8147 23.7047 22.7342 22.0231 21.8463 21.8406 21.2792 21.7775 23.79 23.1755 21.1758
threshold=1.5000000000000002 -0.17333333333333242 5.5000000000000009 4.5000000000000009 5.9050000000000011 0.7583333333333343 0.023333333333333876 2.5000000000000004 -0.05000000000000026 -1.0049999999999999 0.00582499999999997 3.5000000000000004 2.5000000000000004 0.038333333333333559 0.03666666666666752 -0.18999999999999992 0.02166666666666665 0.055000000000000167 0.048333333333334234 -0.020000000000000007 -0.013499999999999983 -1.5799999999999996 0.35999999999999971 1.9416666666666669 -0.505 0.14169999999999999 0.26945000000000002 0.44335000000000002 -0.24999999999999975 -0.0016666666666673711
decision_type=2 2 2 2 2 2 2 2 2 2 2 2 2 2 2 2 2 2 2 2 2 2 2 2 2 2 2 2 2 2
left_child=4 3 5 10 9 6 11 19 -9 20 15 22 -11 -4 -6 -2 23 21 -5 -7 -1 -12 -3 -10 -13 26 -8 28 -28 -17
right_child=1 2 13 18 14 7 25 8 16 12 17 24 -14 -15 -16 29 -18 -19 -20 -21 -22 -23 -24 -25 -26 -27 27 -29 -30 -31
leaf_value=-0.0026516708637344595 0.077107972392727153 -0.012183195146070334 -0.034373928871807312 -0.040798814556577787 0.027088705407071291 0.01997936880066687 -0.011650619019056575 0.012874005580204196 -0.0098971227629150102 0.027353334602645381 -0.02590893459724657 -0.00200850996567088 0.015250353046886978 -0.0096019005269703129 0.038012297667426441 -0.031080179450065644 0.005693712711109078 0.0074938907005298403 -0.020809010408258874 0.0061049206126282162 0.013552111320746596 -0.0096251014887519526 0.00061601786673031128 0.012452631516611672 -0.021127372169542316 0.02787512653712201 -0.0061183654006421798 -0.0091251182662707517 0.015811099629743166 -0.018853218067846927
leaf_weight=378.77833996713161 6.3284417763352385 838.77217895537615 585.54229873046279 1308.3950446397066 1830.2317702323198 562.73971419036388 355.35331234335899 538.1644369289279 1082.6486093997955 898.75411210954189 309.64013788104057 173.21799857914448 1488.8829715698957 152.00943915918469 930.56486539542675 752.68718554079533 518.7761045396328 149.08379463106394 177.87057892233133 754.15358612686396 558.50375241041183 696.43445301800966 560.78956932574511 121.62082231789827 1085.2546833828092 66.008727483451366 174.92447945475578 267.70085812360048 387.0819835588336 668.7286869212985
leaf_count=1832 60 8593 9291 22664 7415 3437 2976 3171 7878 3778 4033 1962 6340 2194 3835 9965 3411 1400 2684 4962 2632 7882 5075 680 12040 501 1542 2147 3037 7267
internal_value=-0.000288327 -0.0117217 -0.00460818 -0.0260997 0.0228085 -0.00217894 -0.00840165 0.00461941 0.000301382 0.0161972 -0.0190181 -0.0124716 0.0198062 -0.0292684 0.0307707 -0.0248738 -0.00362547 -0.0117806 -0.0384065 0.0120338 0.00700377 -0.0146368 -0.00705469 -0.00763999 -0.0184958 0.000245433 -0.00129356 0.00314224 0.00898555 -0.0253278
internal_weight=18379.6 12293.9 8224.76 4069.17 6085.72 7487.21 3909.1 3578.1 2261.21 3324.92 2582.9 2658.03 2387.64 737.552 2760.8 1427.74 1723.05 1155.16 1486.27 1316.89 937.282 1006.07 1399.56 1204.27 1258.47 1251.07 1185.06 829.707 562.006 1421.42
internal_count=154684 128852 72897 55955 25832 61412 37873 23539 15140 14582 30607 27670 10118 11485 11250 17292 11969 13315 25348 8399 4464 11915 13668 8558 14002 10203 9702 6726 4579 17232
is_linear=0
shrinkage=0.05


Tree=26
num_leaves=31
num_cat=0
split_feature=28 13 28 28 16 20 13 1 28 24 26 24 15 11 13 11 24 16 13 15 8 22 24 20 24 26 1 10 14 0
split_gain=1759.3 470.962 184.041 138.327 120.59 106.18 68.714 45.3349 42.3519 42.0949 42.0047 39.5951 32.4779 28.8096 26.9519 26.1543 25.2054 25.0399 24.9159 23.8039 23.341 23.2411 22.948 22.8963 22.7339 20.5854 20.3208 22.8753 20.238 20.0067
threshold=1.5000000000000002 -0.17333333333333242 4.5000000000000009 4.5000000000000009 2.5000000000000004 0.81500000000000006 1.0308333333333335 2.5000000000000004 5.5000000000000009 1.0000000180025095e-35 1.0000000180025095e-35 -0.033333333333333652 -0.0050000000000000175 0.39960000000000007 1.7925000000000002 0.30615000000000009 0.0016666666666673715 1.5000000000000002 2.1466666666666674 0.013333333333333324 0.18675000000000003 0.17999999999999997 0.070833333333332874 -0.41999999999999965 0.081666666666667456 -0.18500000000000003 2.5000000000000004 0.66815000000000013 0.057341666666666659 4.5000000000000009
decision_type=2 2 2 2 2 2 2 2 2 2 2 2 2 2 2 2 2 2 2 2 2 2 2 2 2 2 2 2 2 2
left_child=4 3 5 9 17 10 8 -7 22 13 19 -6 21 -2 -9 -14 -5 -1 -8 24 -18 -13 28 -11 -3 -10 -25 -28 -4 -12
right_child=1 2 6 16 11 7 18 14 25 23 29 12 15 -15 -16 -17 20 -19 -20 -21 -22 -23 -24 26 -26 -27 27 -29 -30 -31
leaf_value=0.033288656734164902 -0.028240447177021573 -0.0070045064877358775 -0.022885167291936598 -0.043230429394350393 0.00084131540027018942 0.016264080864765579 -0.0073642388571275898 7.169537247399125e-05 0.0482532600019141 -0.016341079881331752 0.00046480829291471965 0.0070809324354493292 0.01280594232917206 -0.008933678601386455 0.014901306545694482 0.026447329682105655 -0.041282585396597814 0.02398292821798137 0.024413130268734567 0.0088359625446773303 -0.02105338711734837 0.023998846835395347 0.011522366079206099 0.015752919355176115 0.016019996758324311 -0.036248302149280542 -0.01077622420541848 0.12950475233879163 -0.0030849230475952418 -0.015039176269253583
leaf_weight=1574.5319920927286 1053.6441962122917 1041.4177023246884 690.93759996443987 855.15828367695212 431.15826937556267 888.42932099848986 631.37614675611258 1691.7786990404129 7.3131545148789874 867.00942981988192 249.77280370146036 912.15914763510227 530.51900178194046 236.61384324729443 374.145547285676 1040.5291532725096 249.92898356169462 1336.4924469292164 68.364187732338905 457.11338593065739 332.03173359110951 261.11452887952328 65.525455184280872 116.45478895306587 119.51315515488386 497.77372985705733 266.31290132552385 2.9381532296538344 158.69288136810064 1246.5473134219646
leaf_count=6493 14208 8876 8363 15457 2028 5313 5767 11937 104 9801 2375 4157 2262 2996 1929 4379 4406 5414 521 3502 5485 1099 583 1079 804 8854 2497 26 1816 12153
internal_value=-0.000281811 -0.0112594 -0.00440166 -0.0253685 0.0216657 2.86895e-05 -0.0170841 0.0068191 -0.0234026 -0.0183612 -0.00641284 0.0149272 0.0171403 -0.0246999 0.00275739 0.0218408 -0.0377679 0.0290163 -0.00425961 -0.000828766 -0.029741 0.010846 -0.0169881 -0.0118325 -0.00463423 -0.0350248 -0.00169777 -0.00924543 -0.0191869 -0.0124512
internal_weight=18255.3 12168.8 8188.7 3980.09 6086.5 6068.72 2119.98 2954.35 1420.24 2542.97 3114.36 3175.48 2744.32 1290.26 2065.92 1571.05 1437.12 2911.02 699.74 1618.04 581.961 1173.27 915.156 1252.72 1160.93 505.087 385.706 269.251 849.63 1496.32
internal_count=154684 128852 72897 55955 25832 46889 26008 19179 19720 30607 27710 13925 11897 17204 13866 6641 25348 11907 6288 13182 9891 5256 10762 13403 9680 8958 3602 2523 10179 14528
is_linear=0
shrinkage=0.05


Tree=27
num_leaves=31
num_cat=0
split_feature=28 13 28 28 7 13 24 18 14 10 13 1 25 24 14 24 11 20 26 8 22 18 11 0 20 24 20 15 11 24
split_gain=1594.5 440.545 172.537 134.68 112.368 107.631 48.119 42.1766 40.8496 33.245 32.1436 31.1671 31.0026 28.6821 26.9528 25.171 24.3379 23.7363 23.5259 22.9031 20.4839 20.1453 20.8842 19.8964 19.7781 23.1253 19.7435 19.6207 19.8613 19.1446
threshold=1.5000000000000002 -0.17333333333333242 5.5000000000000009 4.5000000000000009 5.7350000000000012 0.7583333333333343 0.023333333333333876 2.5000000000000004 0.00582499999999997 0.20064999999999997 1.6383333333333343 3.5000000000000004 1.5000000000000002 0.038333333333333559 0.054208333333333338 0.0016666666666673715 0.45765000000000006 -1.5799999999999996 -0.18999999999999992 0.18675000000000003 -0.505 2.5000000000000004 0.28135000000000004 3.5000000000000004 -0.65999999999999981 -0.040000000000000473 -0.41999999999999965 0.001666666666666636 0.47075000000000006 0.083333333333333495
decision_type=2 2 2 2 2 2 2 2 2 2 2 2 2 2 2 2 2 2 2 2 2 2 2 2 2 2 2 2 2 2
left_child=4 3 5 8 9 6 11 10 18 21 14 24 23 -4 -7 -5 -9 29 -2 -17 27 -1 -23 -6 -3 -26 -20 28 -13 -10
right_child=1 2 13 15 12 7 -8 16 17 -11 -12 20 -14 -15 -16 19 -18 -19 26 -21 -22 22 -24 -25 25 -27 -28 -29 -30 -31
leaf_value=0.017160703048855679 0.070413629916059761 -0.018396540526013402 -0.033097853530490905 -0.042709659558967196 0.013937939233711484 0.0010039997106968067 0.00031091063731858036 -0.0056949430820824156 -0.024155732232291088 0.017262320228320922 0.01661434755291321 -0.022798442493381671 0.023858060962327357 -0.0083331779481959876 0.016578220401243061 -0.040706384475283269 0.023776546793592462 -0.0059254922287221116 -0.02779348891034621 -0.020379295807981996 -0.020018573360339284 -0.013770056255167168 0.00640915192739117 0.037090352088816766 -0.01685583440774692 0.00042130908813775927 -0.014548324649147425 0.015955755207105987 0.097232468098333413 0.0365374565320815
leaf_weight=281.24469903111458 6.6354367658495894 278.18953429162502 554.9740093536675 823.12132614850998 103.88317149877548 1365.6432300880551 1249.1857675909996 1053.6263945475221 325.80162437260151 2015.9494813978672 744.50703795999289 84.23423869907856 2143.5706276148558 148.12582002207637 348.73953836411238 241.02042992785573 75.040840603411198 790.40783368051052 972.5542083978653 326.01939711347222 1056.818347454071 172.60377869009972 498.60723753273487 869.32771568000317 250.2352195456624 856.94538192451 395.87448012083769 83.582625672221184 3.5933948680758467 13.532555036246775
leaf_count=1236 60 3043 9291 15457 420 9416 10203 7269 4342 8619 4120 985 8712 2194 2251 4406 483 8826 12754 5485 12040 837 2374 3634 2582 8043 4478 937 40 147
internal_value=-0.000275203 -0.0108121 -0.00420393 -0.0246452 0.0205874 -0.00196953 -0.00776114 0.0042664 -0.0177187 0.0136252 0.00793939 -0.0116192 0.0272182 -0.0278805 0.00417211 -0.0371254 -0.00373549 -0.0106742 -0.0235064 -0.0290193 -0.0174181 0.00592704 0.00122001 0.034619 -0.00647813 -0.00348352 -0.0239618 -0.00138493 -0.0178875 -0.0217353
internal_weight=18133.6 12048.4 8153.44 3894.97 6085.19 7450.34 3862.78 3587.56 2504.81 2968.41 2458.89 2613.6 3116.78 703.1 1714.38 1390.16 1128.67 1129.74 1375.06 567.04 1228.23 952.456 671.211 973.211 1385.37 1107.18 1368.43 171.41 87.8276 339.334
internal_count=154684 128852 72897 55955 25832 61412 37873 23539 30607 13066 15787 27670 12766 11485 11667 25348 7752 13315 17292 9891 14002 4447 3211 4054 13668 10625 17232 1962 1025 4489
is_linear=0
shrinkage=0.05


Tree=28
num_leaves=31
num_cat=0
split_feature=28 13 28 28 20 16 1 26 14 24 24 13 0 30 15 14 15 24 7 24 16 11 24 20 15 0 1 24 20 26
split_gain=1445.17 413.236 172.67 119.434 108.877 105.728 63.5283 52.9164 37.8134 36.7929 35.2818 29.6823 29.0358 28.096 28.2918 27.1943 27.1259 26.9296 24.354 23.8709 23.1374 22.5053 22.0555 21.693 21.5977 22.8752 20.545 20.0566 19.7247 18.8204
threshold=1.5000000000000002 -0.26166666666666644 5.5000000000000009 4.5000000000000009 0.91000000000000048 2.5000000000000004 3.5000000000000004 -0.044999999999999922 0.017500000000000047 -0.0066666666666672638 -0.033333333333333652 1.6733333333333333 4.5000000000000009 1.5000000000000002 0.016666666666666653 -0.012850000000000054 -0.0016666666666666702 0.0033333333333342989 5.6050000000000013 0.050833333333333293 1.5000000000000002 0.40750000000000003 -0.053333333333333226 -1.6999999999999993 -0.0050000000000000175 4.5000000000000009 3.5000000000000004 0.1000000000000001 -0.56000000000000016 0.055000000000000167
decision_type=2 2 2 2 2 2 2 2 2 2 2 2 2 2 2 2 2 2 2 2 2 2 2 2 2 2 2 2 2 2
left_child=5 3 4 9 7 20 16 -3 17 21 -7 27 -12 14 26 18 -6 -8 -14 -5 29 -2 -16 -11 -10 -26 28 -4 -9 -1
right_child=1 2 11 19 6 10 8 13 24 23 12 -13 15 -15 22 -17 -18 -19 -20 -21 -22 -23 -24 -25 25 -27 -28 -29 -30 -31
leaf_value=0.031093115205360584 -0.028521532971034859 0.0019947600135332031 -0.0326069183723506 -0.039849108429449914 7.4139441886856333e-05 2.4831542676992045e-05 -0.01554266939602756 -0.019251127260660549 -0.010204918052303717 -0.022810760610601992 0.0035761748398782309 0.0042570576689985986 0.0053898490975422316 0.064472663501803487 -0.025880925028073251 0.022013750939908885 0.014394964467381602 0.00017583186196597146 0.022798099236246188 -0.018190846150544088 0.021655439304693283 -0.007571337608937247 0.0012319297446258971 -0.00804509332060197 0.034804538407437656 0.0069359646937878832 -0.019208755179274853 0.013892086045800008 -0.0063668477122170754 -0.03410339447911561
leaf_weight=1547.6795359402895 819.40721361711621 1062.7818435095251 638.18068396672606 1102.4693812727928 438.70089939981699 433.16004602611065 584.94252510368824 410.7585191950202 141.60010803863406 346.74703024327755 438.51051247119904 65.950233355164528 628.64413443207741 12.318172872066496 85.783558711409569 1394.6397666484118 1342.7227596491575 510.12086813896894 295.27739521861076 143.81806145980954 1333.4571822732687 151.9615526124835 597.12109792977571 880.09071484208107 89.597190674394369 413.27601204067469 998.99478152394295 24.064967148005962 1073.0559388846159 11.149038821458815
leaf_count=6448 11684 8722 11295 21247 2953 2028 5147 4370 1164 4502 1938 727 2816 122 920 5951 8063 3613 1192 2338 5414 1981 5307 9474 659 3036 11336 316 9876 45
internal_value=-0.000268387 -0.0103779 -0.00445166 -0.0249848 -0.00226758 0.0195674 0.0042315 -0.00766347 -0.00256507 -0.0179743 0.0132907 -0.0277316 0.0153748 -0.0108933 -0.0111866 0.0176063 0.0108683 -0.00822041 0.0109534 -0.0373498 0.0264907 -0.0252441 -0.00217387 -0.0122184 0.00704426 0.0119013 -0.0136656 -0.0309172 -0.00993355 0.0306268
internal_weight=18017 11934.5 8489.97 3444.49 7761.77 6082.52 3520.96 4240.81 1739.54 2198.21 3190.23 728.196 2757.07 3178.03 3165.71 2318.56 1781.42 1095.06 923.922 1246.29 2892.29 971.369 682.905 1226.84 644.473 502.873 2482.81 662.246 1483.81 1558.83
internal_count=154684 128852 77626 51226 65288 25832 24635 40653 13619 27641 13925 12338 11897 31931 31809 9959 11016 8760 4008 23585 11907 13665 6227 13976 4859 3695 25582 11611 14246 6493
is_linear=0
shrinkage=0.05


Tree=29
num_leaves=31
num_cat=0
split_feature=28 13 28 28 13 2 16 24 25 24 1 0 19 13 3 11 13 20 24 14 14 11 0 24 20 4 11 3 9 14
split_gain=1309.99 386.29 160.813 116.241 100.152 100.058 52.6041 51.2784 39.6265 34.8915 33.8017 33.4056 32.7297 29.2752 27.9018 26.8983 25.8162 25.3102 23.5295 22.9207 22.8033 21.4313 20.8193 20.5187 20.3256 19.6653 25.196 23.4343 19.065 18.7418
threshold=1.5000000000000002 -0.26166666666666644 5.5000000000000009 4.5000000000000009 0.7583333333333343 3.5000000000000004 3.5000000000000004 0.043333333333332565 4.5000000000000009 -0.0066666666666672638 3.5000000000000004 16.500000000000004 -0.020000000000000007 1.0800000000000005 47.500000000000007 0.42765000000000003 2.0666666666666673 0.17999999999999985 0.050833333333333293 0.021783333333333352 -0.064599999999999963 0.40750000000000003 5.5000000000000009 0.1000000000000001 -1.6999999999999993 50.500000000000007 0.42890000000000006 41.500000000000007 6.285000000000001 -0.013499999999999983
decision_type=2 2 2 2 2 2 2 2 2 2 2 2 2 2 2 2 2 2 2 2 2 2 2 2 2 2 2 2 2 2
left_child=5 3 4 9 7 6 11 10 12 21 17 15 16 23 -7 -1 28 -3 -5 -8 -10 -2 -12 -4 -11 -14 27 -27 -6 -26
right_child=1 2 13 18 8 14 19 -9 20 24 22 -13 25 -15 -16 -17 -18 -19 -20 -21 -22 -23 -24 -25 29 26 -28 -29 -30 -31
leaf_value=0.012020771356464025 -0.027776979861352968 -0.010986104796982777 -0.035200951126851669 -0.039260365645595992 0.0034742651470500265 0.030305930602670547 0.0034193895257645214 0.0038991859556872163 -0.021444169638687449 -0.022095807409150882 -0.003073785888081557 0.02721078013884641 -0.0092631217932663112 -0.010436331876083374 0.014455219973842241 0.032763856021007065 0.031445119564370808 0.00084752419300133876 -0.017562713278925387 0.015188395775560927 -0.0012892089801821551 -0.0072393913424490773 -0.018385881554243463 0.016999773604410566 -0.017450064202137308 0.0080248545217855346 0.024305655654894769 -0.0068417407929285568 0.017185522842543873 -0.0022018395869410363
leaf_weight=1269.5055485069752 799.807373046875 989.5608134418726 497.42748346179724 1064.0321131683886 520.43964132666588 1687.2368825525045 1143.8393766134977 801.70664909482002 177.87013703584671 340.23681388050318 269.74369858577847 818.82712669670582 305.44843569397926 193.73260527104139 332.3191037774086 178.22624745965004 165.60291770100594 831.5692185908556 141.57193535938859 648.10871374607086 665.07359819859266 151.00789892673492 1253.9906439185143 19.565559737384319 314.91544385999441 689.95496388524771 147.36315444856882 430.45183645188808 494.33602347970009 559.62887281924486
leaf_count=5213 11684 10314 9733 21247 3244 6998 5265 6349 1373 4502 3107 3356 1979 2343 1365 727 830 7467 2338 2908 4935 1981 14512 262 3533 4413 903 2913 2949 5941
internal_value=-0.00026163 -0.00995825 -0.00425148 -0.0242689 -0.0021622 0.0186034 0.014078 -0.00745809 0.00394362 -0.0173415 -0.0101802 0.0191395 0.00684743 -0.0270135 0.0276977 0.0145744 0.0131407 -0.0055826 -0.0367124 0.00767598 -0.00554212 -0.0245152 -0.0156752 -0.0332254 -0.0117267 0.00212564 0.00486958 0.00231322 0.0101535 -0.00769259
internal_weight=17903.1 11825 8453.84 3371.2 7743.11 6078.06 4058.51 4146.57 3596.54 2165.6 3344.86 2266.56 2753.6 710.726 2019.56 1447.73 1180.38 1821.13 1205.6 1791.95 842.944 950.815 1523.73 516.993 1214.78 1573.22 1267.77 1120.41 1014.78 874.544
internal_count=154684 128852 77626 51226 65288 25832 17469 41749 23539 27641 35400 9296 17231 12338 8363 5940 7023 17781 23585 8173 6308 13665 17619 9995 13976 10208 8229 7326 6193 9474
is_linear=0
shrinkage=0.05


Tree=30
num_leaves=31
num_cat=0
split_feature=1 13 28 28 2 20 13 16 26 28 14 1 0 14 24 24 24 11 14 24 24 13 3 0 30 20 15 26 13 9
split_gain=1188.57 364.607 151.815 112.787 97.4539 85.0995 59.9538 48.5413 41.8047 38.8666 33.4315 33.0628 31.5338 25.467 25.1951 23.6012 22.7295 22.4908 20.7671 20.6632 20.5394 20.1955 20.0199 19.9256 20.9411 19.2278 18.6457 18.3839 18.1999 18.4819
threshold=1.5000000000000002 -0.26166666666666644 4.5000000000000009 4.5000000000000009 3.5000000000000004 0.95000000000000051 1.0308333333333335 3.5000000000000004 -0.044999999999999922 5.5000000000000009 0.0045833333333333568 2.5000000000000004 16.500000000000004 -0.0077499999999999505 0.046666666666665531 -0.030000000000000689 0.048333333333334234 0.42765000000000003 -0.025174999999999999 0.1000000000000001 -0.0049999999999985603 2.1466666666666674 39.500000000000007 6.5000000000000009 1.5000000000000002 -1.5799999999999996 0.013333333333333352 0.024999999999999915 1.9416666666666669 7.4450000000000012
decision_type=2 2 2 2 2 2 2 2 2 2 2 2 2 2 2 2 2 2 2 2 2 2 2 2 2 2 2 2 2 2
left_child=4 3 5 10 7 8 9 12 -3 20 27 22 17 -10 -6 -13 -5 -1 -9 -11 -4 -8 -7 -15 -25 -12 -22 -2 -17 -30
right_child=1 2 6 16 14 11 21 18 13 19 25 15 -14 23 -16 28 -18 -19 -20 -21 26 -23 -24 24 -26 -27 -28 -29 29 -31
leaf_value=0.011454662145334128 -0.01720201043683774 0.0041281105106229744 -0.023064868775036034 -0.038749992499163048 0.023543374781851846 0.021596454006752933 -0.0063699399164625489 -0.00041817880312726804 -0.013676830236898922 -0.034937524985536199 -0.020179312939175742 -0.0078729766806945097 0.026132943486197949 0.0066144316443654556 0.036372044292342538 0.003346909486865174 -0.017695629850169127 0.030478521681709714 0.011012115887936649 0.017807158164104383 -0.014105211641825006 0.021978701730276978 0.006057642403189345 -0.0074363911629003344 0.14771568460032322 -0.005226914461130102 0.0083525651413644125 -0.030039594513617318 0.012009217235283391 0.048830596929500938
leaf_weight=1257.0294388309121 666.51881663873792 894.98511172086 457.42538440972567 1019.4665230028331 1458.3058351650834 468.14671508222818 619.64002348482609 593.00040176510811 1222.4722463488579 470.9128927923739 316.43364261463284 406.3711050003767 812.79487361013889 344.46832028031349 518.919438816607 1288.4723874926567 146.62377016618848 177.27275820076466 1204.5639841109514 19.330869875848293 354.97380331903696 69.913097456097603 371.99349173903465 1118.9676109701395 2.1790611147880545 670.75831361114979 124.95953449234366 479.50135606527328 195.29074245691299 41.282931119203568
leaf_count=5182 8383 6790 6100 21105 6031 2610 5767 2803 11965 9551 4429 3109 3346 3172 2221 8448 2472 727 5481 256 4245 521 2217 10531 18 7739 1323 6999 947 196
internal_value=-0.000254767 -0.00949785 -0.00400627 -0.0235989 0.0178129 -0.000142851 -0.0156023 0.0133656 -0.00523174 -0.02145 -0.0167639 0.00643606 0.0182647 -0.00834805 0.0269102 0.0028343 -0.0361026 0.0138059 0.00724136 -0.0328577 -0.0154836 -0.0034957 0.0147162 -0.0039033 -0.00713484 -0.0100197 -0.00825791 -0.0225733 0.00568741 0.0184347
internal_weight=17793 11771.1 8471.79 3299.3 6021.89 6354.63 2117.16 4044.66 3583.07 1427.6 2133.21 2771.56 2247.1 2688.09 1977.23 1931.42 1166.09 1434.3 1797.56 490.244 937.359 689.553 840.14 1465.61 1121.15 987.192 479.933 1146.02 1525.05 236.574
internal_count=154684 128893 77766 51127 25791 50003 27763 17539 32476 21475 27550 17527 9255 25686 8252 12700 23577 5909 8284 9807 11668 6288 4827 13721 10549 12168 5568 15382 9591 1143
is_linear=0
shrinkage=0.05


Tree=31
num_leaves=31
num_cat=0
split_feature=1 13 28 13 16 1 24 10 17 1 26 24 13 20 14 0 24 8 11 9 8 21 15 24 1 13 24 18 14 0
split_gain=1077.36 340.727 168.133 108.171 92.6917 79.5415 58.2636 49.3565 40.0272 36.9347 35.0515 32.0581 30.9007 29.9834 29.2738 26.306 25.9253 24.1823 23.8841 21.5625 21.3885 21.376 20.8893 20.2748 19.9675 19.8925 19.3865 18.9264 20.686 18.2514
threshold=1.5000000000000002 -0.50666666666666649 5.5000000000000009 0.74500000000000066 1.5000000000000002 4.5000000000000009 0.043333333333332565 0.30314999999999998 2.5000000000000004 3.5000000000000004 -0.05000000000000026 0.1000000000000001 1.1491666666666667 -0.6100000000000001 -0.027950000000000055 5.5000000000000009 -0.008333333333333302 0.14090000000000003 0.47075000000000006 7.8750000000000009 0.37355000000000005 -0.019999999999999993 -0.0049999999999999897 -0.043333333333333439 3.5000000000000004 -1.7758333333333332 0.010000000000000233 3.5000000000000004 -0.046958333333333317 6.5000000000000009
decision_type=2 2 2 2 2 2 2 2 2 2 2 2 2 2 2 2 2 2 2 2 2 2 2 2 2 2 2 2 2 2
left_child=4 5 3 6 27 16 9 14 29 13 -10 12 -4 -3 -6 18 -2 -16 19 -11 -20 -13 -12 -15 -24 -18 -9 28 -1 -5
right_child=1 2 11 8 7 -7 -8 26 10 15 22 21 -14 23 17 -17 25 -19 20 -21 -22 -23 24 -25 -26 -27 -28 -29 -30 -31
leaf_value=0.019069606862988007 -0.02666454680542666 -0.015637007398136425 -0.034571944075755721 0.020153588083434607 -0.0013400035684852233 -0.038292850634382078 0.0035554404933444898 0.013148268262669037 0.010594415760434225 -0.0073650397385981656 -0.014855540581852037 0.20459326006596848 -0.010310520646574384 -0.015068548095555023 -0.0096252094885840526 -0.018577998977366471 -0.035204157450385958 0.013726590859169713 0.11882972782468855 0.11111832090607038 0.0027534292253924321 0.013387409576240183 0.0040465872130194796 0.00019754124920651087 -0.0079097992603373423 -0.010717714219564911 0.021977907689580942 0.014932081836101136 0.033867495528840143 0.0070116759407987186
leaf_weight=314.96383291482925 652.68441646173596 583.39334636181593 580.02941714599729 357.51441530883312 638.08197315782309 853.29779212921858 929.30933302640915 1126.0538387745619 557.72043976932764 296.78817971795797 343.22835105657578 1.5384217724204088 169.623351149261 261.12466106563807 121.7522598952055 1449.7931876778603 93.181093666702509 1239.8707283586264 7.4463923051953307 3.8902804777026168 8.4970657564699632 29.31769261136651 809.0985471829772 1301.5769396498799 614.32021906226873 754.85976839065552 1387.8500440046191 243.30824752151966 943.98492249846458 1012.0942569449544
leaf_count=1334 10213 6792 12216 2217 2924 18021 7600 4683 3238 3640 2531 18 2028 2843 637 17894 1389 5424 87 45 94 376 5068 12216 4678 9324 5752 1013 4024 6365
internal_value=-0.000247839 -0.00910797 -0.00481345 -0.0027823 0.0169402 -0.026104 -0.00769869 0.0133596 0.00366177 -0.0103718 -0.000333502 -0.0270265 -0.0290823 -0.00596441 0.00749724 -0.0157265 -0.0191736 0.0116385 -0.00266983 -0.00583206 0.0569669 0.0229205 -0.00378338 -0.0023534 -0.00111356 -0.0134082 0.0180228 0.0276982 0.0301654 0.0104422
internal_weight=17686.2 11670.3 9316.3 8535.8 6015.87 2354.02 4841.82 4513.61 3693.98 3912.51 2324.37 780.509 749.653 2146.09 1999.7 1766.42 1500.73 1361.62 316.622 300.678 15.9435 30.8561 1766.65 1562.7 1423.42 848.041 2513.9 1502.26 1258.95 1369.61
internal_count=154684 128893 89946 75308 25791 38947 51211 19420 24097 43611 15515 14638 14244 21851 8985 21760 20926 6061 3866 3685 181 394 12277 15059 9746 10713 10435 6371 5358 8582
is_linear=0
shrinkage=0.05


Tree=32
num_leaves=31
num_cat=0
split_feature=28 13 28 20 7 1 26 1 24 0 25 14 24 13 15 13 24 1 24 20 14 3 24 13 17 13 10 26 14 6
split_gain=977.472 316.437 154.778 98.4622 80.8369 78.2729 52.2301 49.1487 40.4321 36.2503 34.3161 34.1054 31.7621 31.6054 28.285 26.675 24.6636 23.8407 23.525 23.2588 22.9844 21.4976 20.6041 19.5186 17.5039 19.1625 17.1789 16.6211 16.47 16.4675
threshold=1.5000000000000002 -0.50666666666666649 5.5000000000000009 0.91000000000000048 5.9750000000000005 4.5000000000000009 -0.044999999999999922 2.5000000000000004 -0.031666666666665837 4.5000000000000009 1.5000000000000002 0.056233333333333337 0.075000000000000636 -1.4666666666666663 -0.0016666666666666911 1.2033333333333347 -0.008333333333333302 3.5000000000000004 0.026666666666665954 0.034999999999999705 -0.052741666666666652 48.500000000000007 0.085000000000000422 -1.7758333333333332 1.5000000000000002 1.9416666666666669 0.25555 -0.039999999999999584 0.06430000000000001 0.14500000000000005
decision_type=2 2 2 2 2 2 2 2 2 2 2 2 2 2 2 2 2 2 2 2 2 2 2 2 2 2 2 2 2 2
left_child=4 5 3 6 9 16 -3 27 -9 26 -11 17 15 -12 -10 -4 -2 19 21 -8 -15 -6 24 -18 -16 -26 -1 -5 -29 -20
right_child=1 2 12 7 18 -7 11 8 14 10 13 -13 -14 20 22 -17 23 -19 29 -21 -22 -23 -24 -25 25 -27 -28 28 -30 -31
leaf_value=-0.0097451224826518301 -0.025902820332762224 0.0015493851033907939 -0.034210888551932994 0.024158751903997425 0.021456858999909345 -0.037715749771579161 -0.013841652541956571 -0.011530665204628761 -0.0066213773179435303 0.022340755458793451 -0.021923772772152697 -0.00029820507851169 0.0082479329078472101 0.0012666812846954143 0.015477594393770179 -0.010103816950353284 -0.034702975555577491 -0.01815910302141905 0.034808521592523012 -0.0022302444548506798 0.014094083785592022 0.0054258939902440961 0.027806099745806473 -0.010223787222231925 -0.00036359975026332042 0.017094804364369744 0.0072061535985088673 0.0057157829098944003 0.029138260873980429 0.022563942666993381
leaf_weight=257.9459870159626 638.37978409230709 1239.883482772857 556.60312449932098 275.07222774624825 1174.279591396451 823.60488705337048 1033.3702387772501 569.95050686597824 525.7270752042532 790.9256919324398 74.171371474862099 687.31928015872836 61.451365746557713 446.46045984327793 325.9103931337595 144.55193763971329 91.323400031775236 1183.4226899407804 518.51321421563625 740.20190029591322 1603.3294527232647 254.44101324677467 108.19303824752569 751.80601440370083 996.23416575789452 186.61702328920364 355.37896718084812 496.5665583088994 88.416679240763187 583.68512474000454
leaf_count=1205 10242 10622 12010 1430 4832 18017 11165 5007 4136 3338 396 6986 896 1944 2154 1740 1399 14515 2240 6715 6848 1037 591 9376 7317 974 1502 3049 511 2490
internal_value=-0.000241158 -0.00878904 -0.00464625 -0.00270081 0.0160171 -0.0253585 -0.00731506 0.00360729 0.000305143 0.0111257 0.0134505 -0.010331 -0.02622 0.01014 0.00345345 -0.0292409 -0.0184888 -0.0126629 0.0228359 -0.00899562 0.0113002 0.0186019 0.00672912 -0.0128752 0.0052177 0.00239079 7.69579e-05 0.0140223 0.00925595 0.0283242
internal_weight=17583.7 11524.6 9219.49 8456.89 6059.13 2305.11 4884.2 3572.69 2712.63 3528.21 2914.89 3644.31 762.606 2123.96 2142.68 701.155 1481.51 2956.99 2530.92 1773.57 2049.79 1428.72 1616.95 843.129 1508.76 1182.85 613.325 860.055 584.983 1102.2
internal_count=154684 128852 89818 75172 25832 39034 50003 25169 20179 15233 12526 39381 14646 9188 15172 13750 21017 32395 10599 17880 8792 5869 11036 10775 10445 8291 2707 4990 3560 4730
is_linear=0
shrinkage=0.05


Tree=33
num_leaves=31
num_cat=0
split_feature=1 13 28 18 18 28 16 25 24 13 24 14 15 9 26 27 11 28 27 20 14 0 14 23 13 14 13 22 0 24
split_gain=886.521 298.274 151.238 95.6141 82.5873 70.7955 50.6995 50.5035 47.0987 39.237 35.1973 30.0935 29.3518 28.7585 28.5027 28.0864 27.2068 27.2768 26.8896 23.7772 22.0343 21.457 21.3262 20.5935 19.7239 18.9423 18.6559 27.3022 17.9056 26.7902
threshold=1.5000000000000002 -0.55833333333333213 5.5000000000000009 2.5000000000000004 3.5000000000000004 4.5000000000000009 1.5000000000000002 4.5000000000000009 -0.023333333333333869 1.6383333333333343 0.1216666666666666 0.054208333333333338 0.0083333333333333193 5.7950000000000008 -0.044999999999999922 -0.1400000000000001 0.44240000000000002 4.5000000000000009 0.044999999999999936 0.069999999999999632 0.00582499999999997 3.5000000000000004 -0.064599999999999963 6.6550000000000011 2.5925000000000007 -0.046958333333333317 0.67333333333333412 -0.70999999999999963 4.5000000000000009 0.063333333333333922
decision_type=2 2 2 2 2 2 2 2 2 2 2 2 2 2 2 2 2 2 2 2 2 2 2 2 2 2 2 2 2 2
left_child=4 5 3 7 6 20 25 9 21 11 16 14 -4 -6 -3 -14 17 19 28 -10 -2 -5 -9 -17 -25 -1 -24 -28 -8 -30
right_child=1 2 12 8 13 -7 18 22 10 -11 -12 -13 15 -15 -16 23 -18 -19 -20 -21 -22 -23 26 24 -26 -27 27 -29 29 -31
leaf_value=0.017272125012132707 -0.024226161765225272 0.0078914028616447751 -0.034798917110615939 -0.00066239551210454462 0.0031799423638741819 -0.037181597129284198 0.0072777905678123511 -0.020744063094886772 -0.011277630317214236 0.016836581079365066 0.036607918411064193 0.012411762213503671 0.15752366941593965 0.015878666585825024 -0.0040130446693049616 0.022296214967841038 0.0081298998229444776 -0.018847314661470691 0.0054762202781877276 -0.00059862942607594779 -0.011204195372301749 -0.020255792466247036 -0.01121144727849809 -0.021458522391595451 0.10537896661594395 0.031506146588407412 0.094097128267244992 0.0015772864145721156 0.017620938779606563 0.034904532875320381
leaf_weight=312.08783987164497 708.06609668210149 765.29343638569117 419.10534377396107 164.99043238535523 1402.651418812573 793.48132568597794 322.3790065869689 223.38230335712433 904.5691745840013 602.7440378293395 49.882245894521475 634.32773895934224 2.3415250964462748 653.60083055496216 1466.0260327830911 31.449918393045664 314.40716655924916 436.06135644391179 516.96891381591558 1230.0174074061215 600.22996991500258 912.66592203453183 423.40395503491163 304.50489542633295 3.0962221175432196 930.94275026023388 8.1072426512837392 484.66313170641661 1601.3365332186222 260.70815160125494
leaf_count=1334 10616 5650 8908 1838 6363 17935 1363 2194 9203 3131 334 4879 27 2707 12796 506 2731 5503 2211 9320 8203 10729 5188 5562 32 4024 64 3544 6687 1102
internal_value=-0.00023432 -0.00837342 -0.00455906 -0.00267343 0.0153406 -0.0253984 0.0195757 0.00224043 -0.00831636 0.00524084 -0.00503388 0.00280186 -0.0259334 0.00721636 6.99187e-05 -0.0150498 -0.00575386 -0.00745194 0.0157305 -0.00512405 -0.0182518 -0.017256 -0.00689172 -0.0162416 -0.0201818 0.0279324 -0.00351423 0.00309946 0.0181573 0.0200408
internal_weight=17483.5 11482.8 9381.04 8620.54 6000.68 2101.78 3944.42 4607.95 4012.59 3468.39 2934.94 2865.65 760.498 2056.25 2231.32 341.393 2885.06 2570.65 2701.39 2134.59 1308.3 1077.66 1139.56 339.051 307.601 1243.03 916.174 492.77 2184.42 1862.04
internal_count=154684 128893 92139 77104 25791 36754 16721 37446 39658 26456 27091 23325 15035 9070 18446 6127 26757 24026 11363 18523 18819 12567 10990 6100 5594 5358 8796 3608 9152 7789
is_linear=0
shrinkage=0.05


Tree=34
num_leaves=31
num_cat=0
split_feature=28 13 28 18 13 28 24 26 14 13 24 25 10 24 13 28 3 11 14 9 14 23 0 20 24 1 20 19 15 0
split_gain=804 276.54 139.051 89.832 72.3182 69.4865 45.7653 45.2417 44.1056 34.6249 28.9115 28.4614 28.305 28.2605 26.4278 25.3085 24.1053 21.3683 20.83 20.7737 21.062 19.3014 18.3298 17.3293 17.3046 16.7793 18.2544 16.3179 16.2411 15.6396
threshold=1.5000000000000002 -0.55833333333333213 5.5000000000000009 2.5000000000000004 0.31166666666666681 4.5000000000000009 0.0083333333333324173 -0.039999999999999584 0.05013666666666667 0.46733333333333388 0.075000000000000636 1.5000000000000002 0.30314999999999998 0.1216666666666666 1.2033333333333347 4.5000000000000009 28.500000000000004 0.28540000000000004 0.0098666666666666642 6.1350000000000007 -0.014191666666666684 6.6450000000000005 4.5000000000000009 1.2800000000000002 0.075000000000000636 2.5000000000000004 2.7950000000000013 -0.039999999999999994 0.034999999999999989 4.5000000000000009
decision_type=2 2 2 2 2 2 2 2 2 2 2 2 2 2 2 2 2 2 2 2 2 2 2 2 2 2 2 2 2 2
left_child=4 5 3 7 12 18 15 21 9 -9 14 29 17 27 -4 22 -14 -1 -2 20 -13 23 -5 -3 -7 26 -23 -8 -12 -6
right_child=1 2 10 6 11 24 13 8 -10 -11 28 19 16 -15 -16 -17 -18 -19 -20 -21 -22 25 -24 -25 -26 -27 -28 -29 -30 -31
leaf_value=-0.0060333664126649283 -0.023198840669187371 0.010797407652095152 -0.033135147624490595 0.001711701531254166 0.011606276388811031 -0.038407163500852264 0.021447591213560969 -0.012782234866349721 0.010320975665320236 -0.00013306911965485022 0.0020064176819421004 0.0045837365128504962 0.035390958970123849 0.034077563535531513 -0.008829866812056204 -0.024246230065995817 0.011828812008912774 0.0075163406789335828 -0.010407220624278041 0.021726024782939335 0.017854671982747216 0.013721261082978071 -0.012726377988566552 0.038493396117884333 -0.0058921413639376578 0.0036508762819354671 0.061247178924676828 -0.0043831103004561582 0.12625667742054725 0.029135617399811832
leaf_weight=396.95435398817062 723.58660425245762 132.45105294510722 540.7457507327199 260.81213817372918 149.26367451250553 723.95704295858741 63.31414245814085 814.20024401694536 646.33640112355351 1612.3923733308911 59.438125059008598 533.20924596488476 119.35181806981564 51.438454054296017 141.00440177321434 416.23903229087591 1199.1565916240215 1089.8165667206049 568.14811601117253 1011.866409227252 680.59131145477295 282.88189701735973 1398.8601083084941 98.466607429087162 43.371210888028145 962.02553457394242 21.758452080190182 1781.3437237665057 2.7517998032271853 862.49450787901878
leaf_count=1844 11066 965 12389 2666 618 17141 455 9761 5299 11823 882 2192 499 337 1740 6024 4992 4920 7831 4232 2798 1791 14916 528 796 7049 96 15264 33 3737
internal_value=-0.000227681 -0.00807414 -0.00439839 -0.00259284 0.0145045 -0.0246519 -0.00809294 0.00218702 -0.00128576 -0.00437727 -0.0251311 0.0195962 0.00862839 -0.00247719 -0.0281082 -0.0132222 0.0139617 0.00389869 -0.0175727 0.0164354 0.0120249 0.00931288 -0.0104575 0.0226074 -0.0365693 0.00688925 0.0171157 -0.00349652 0.00750428 0.0265495
internal_weight=17388.2 11345.5 9286.46 8542.52 6042.7 2059.06 3972.01 4570.51 3072.93 2426.59 743.94 3237.43 2805.28 1896.1 681.75 2075.91 1318.51 1486.77 1291.73 2225.67 1213.8 1497.58 1659.67 230.918 767.328 1266.67 304.64 1844.66 62.1899 1011.76
internal_count=154684 128852 92018 76974 25832 36834 39662 37312 26883 21584 15044 13577 12255 16056 14129 23606 5491 6764 18897 9222 4990 10429 17582 1493 17937 8936 1887 15719 915 4355
is_linear=0
shrinkage=0.05


Tree=35
num_leaves=31
num_cat=0
split_feature=1 28 20 1 18 15 13 13 14 24 9 20 16 0 3 25 27 26 11 11 0 7 26 0 30 24 24 15 9 7
split_gain=729.477 262.677 189.92 80.0414 74.1193 51.2439 47.1809 45.1687 37.79 36.6597 34.2868 31.7564 31.4945 28.3652 26.1785 24.6325 23.0005 22.3249 20.2174 20.1188 19.5412 18.2194 20.4678 17.9851 17.3201 16.261 16.2571 16.236 16.0135 21.5884
threshold=1.5000000000000002 5.5000000000000009 -0.3050000000000001 3.5000000000000004 2.5000000000000004 0.013333333333333352 1.0308333333333335 -0.96999999999999942 -0.0084250000000000418 0.105 4.3250000000000011 2.2850000000000006 1.5000000000000002 15.500000000000002 41.500000000000007 4.5000000000000009 0.039999999999999598 -0.024999999999999908 0.46515000000000001 0.45765000000000006 2.5000000000000004 1.0000000180025095e-35 0.010000000000000233 17.500000000000004 1.5000000000000002 -0.034999999999999691 0.02666666666666773 0.0016666666666666568 6.6050000000000013 6.0250000000000012
decision_type=2 2 2 2 2 2 2 2 2 2 2 2 2 2 2 2 2 2 2 2 2 2 2 2 2 2 2 2 2 2
left_child=4 2 7 11 12 13 9 21 -9 -3 20 14 23 18 19 -7 -12 27 26 24 -6 22 -2 -1 -4 -22 -5 -10 -19 -30
right_child=1 6 3 5 10 15 -8 8 17 -11 16 -13 -14 -15 -16 -17 -18 28 -20 -21 25 -23 -24 -25 -26 -27 -28 -29 29 -31
leaf_value=0.02208489726956929 0.24070946431897353 -0.037206784766842319 0.0044523925645322772 -0.011710226851355634 -0.024388286496803285 0.0068291413758516679 -0.008179534290296114 -0.018948416840785114 -0.005365015451317616 0.017088701267178832 0.014408518049134414 0.016694180129200518 0.015809581897989401 -0.018255244118805476 -0.0029169647045216886 -0.010002300361972067 0.0024987907277235826 -0.013105185248804586 0.017835561791035758 0.023944314623576296 -0.017752205628990991 -0.026130815192415498 -0.022203720460418502 0.036230181545339434 0.058670950970314287 0.0049688163326894281 0.00092954600111628822 0.013209624263850826 0.045297463897574192 -0.0078321793162899299
leaf_weight=682.22455762326717 1.3604511842131608 896.72540888190269 1833.9919443130493 845.29501242190599 76.241864897310734 823.26520308852196 193.40599612146616 1065.3359046950936 289.85423974320292 32.20514665171504 1759.666108161211 468.48883886262774 1867.2099415510893 802.16697547212243 1246.8215281590819 295.35985353216529 526.741061411798 850.84512124210596 81.410968828946352 149.71810437366366 89.661616891622543 770.81167993322015 1.6238515414297578 335.08621633052826 14.848991762846707 646.87587277591228 363.91242392361164 198.0170263312757 28.283480774611235 59.013850562274456
leaf_count=2970 24 22524 14074 9498 378 6208 2527 13914 3190 467 7428 2444 7824 8566 10272 2790 2266 11054 759 1071 468 13401 31 1477 133 2980 2908 2000 346 692
internal_value=-0.000220946 -0.00768884 -0.00516034 -0.000473381 0.0138978 -0.006254 -0.0306467 -0.0151013 -0.0118238 -0.0353244 0.00852917 0.00452516 0.019666 -0.0108717 0.00276849 0.002385 0.0116648 -0.00650124 -0.0062825 0.00631543 -0.00029146 -0.0256534 0.0976503 0.0267441 0.00488785 0.0022029 -0.00790627 0.00217405 -0.0110127 0.0093813
internal_weight=17296.5 11312.8 10190.4 6925.28 5983.71 3211.41 1122.34 3265.15 2491.35 928.931 3099.19 3713.87 2884.52 2092.79 3245.38 1118.63 2286.41 1426.01 1290.62 1998.56 812.779 773.796 2.9843 1017.31 1848.84 736.537 1209.21 487.871 938.142 87.2973
internal_count=154684 128893 103375 58723 25791 30729 25518 44652 31196 22991 13520 27994 12271 21731 25550 8998 9694 17282 13165 15278 3826 13456 55 4447 14207 3448 12406 5190 12092 1038
is_linear=0
shrinkage=0.05


Tree=36
num_leaves=31
num_cat=0
split_feature=1 28 20 1 2 15 13 13 0 14 14 20 24 0 11 4 11 26 24 26 24 13 9 3 3 0 10 26 24 13
split_gain=661.05 247.055 174.515 72.4179 70.24 46.7808 46.2128 42.7973 36.1459 35.1751 28.6446 28.5366 27.518 26.447 24.1662 25.4532 23.96 22.7496 21.474 20.6059 20.295 22.4919 20.1882 21.2051 19.9329 18.893 18.8417 18.6485 17.7531 16.6154
threshold=1.5000000000000002 5.5000000000000009 -0.3050000000000001 3.5000000000000004 3.5000000000000004 0.013333333333333352 0.51000000000000034 -0.96999999999999942 15.500000000000002 -0.0084250000000000418 -0.058333333333333313 2.5350000000000006 0.1000000000000001 16.500000000000004 0.38065000000000004 57.500000000000007 0.42765000000000003 -0.044999999999999922 0.046666666666665531 0.039999999999999598 0.02666666666666773 -1.4666666666666663 5.4150000000000009 43.500000000000007 39.500000000000007 2.5000000000000004 0.27230000000000004 -0.07499999999999972 0.1216666666666666 1.4333333333333333
decision_type=2 2 2 2 2 2 2 2 2 2 2 2 2 2 2 2 2 2 2 2 2 2 2 2 2 2 2 2 2 2
left_child=4 2 7 10 8 13 12 -2 16 -9 -4 24 -3 28 17 -16 22 -7 -6 -11 21 -10 23 25 -12 -1 -26 -8 -5 -13
right_child=1 6 3 5 18 14 27 9 20 19 11 29 -14 -15 15 -17 -18 -19 -20 -21 -22 -23 -24 -25 26 -27 -28 -29 -30 -31
leaf_value=-0.012403596260616385 -0.024939395770813409 -0.038667978802374374 -0.0049676654807251485 -0.0070973327673405102 0.017968323909263527 0.010252434335046407 0.0095958016277896529 -0.018288674213980269 -0.035923668658212456 -0.0021990306812794402 0.0088143141190278763 0.0030177640731153359 0.0088925540117986059 -0.018320831616753977 0.011707542981783394 0.095828373779605347 0.019026641920110873 -0.0078224360792686683 0.030032901808730219 -0.015261269289633264 0.023389397105179302 0.012516354772944521 0.010251762863373237 -0.0079728418671977299 -0.011323255594148957 0.0079018991078150195 0.0034500941666018685 -0.020217133287663058 0.039059945104624814 0.030064595042284117
leaf_weight=134.41925556212664 756.68401998654008 732.73440772294998 682.70117404684424 1353.4148023687303 1427.6859661117196 252.03545006364584 65.625890430063009 1049.002225227654 24.574061147868633 982.56680454686284 1480.4420885629952 81.33547555655241 31.730348780751228 700.99967593699694 295.85424895212054 9.2742693088948709 301.98112011700869 562.87401992455125 497.30770125985146 435.85179482400417 536.56878573447466 965.10445410758257 819.44543512165546 493.32293888181448 274.02958745881915 775.18802713602781 1016.120818644762 261.324437700212 21.157786019146442 188.10574346780777
leaf_count=610 13456 19630 5365 13975 6031 1746 973 13914 137 11394 10983 476 476 7619 2205 77 1302 4970 2221 5888 2303 4127 3413 2224 2488 3423 7808 4439 137 874
internal_value=-0.000214629 -0.00736173 -0.00492937 -0.000452057 0.0132216 -0.00597342 -0.0299654 -0.0145369 0.00948457 -0.0113467 0.0042875 0.00636594 -0.0366939 -0.0104174 0.00226188 0.0142644 0.00581195 -0.00223223 0.0210851 -0.0062128 0.015559 0.0113136 0.00401631 0.000374209 0.00485524 0.00490121 0.000312216 -0.014233 -0.00638687 0.0219
internal_weight=17209.5 11233.9 10142.4 6918.35 5975.6 3195.61 1091.42 3224.1 4050.6 2467.42 3722.73 3040.03 764.465 2075.57 1120.04 305.129 2524.36 814.909 1924.99 1418.42 1526.25 989.679 2222.38 1402.93 2770.59 909.607 1290.15 326.95 1374.57 269.441
internal_count=154684 128893 103375 58723 25791 30729 25518 44652 17539 31196 27994 22629 20106 21731 8998 2282 10972 6716 8252 17282 6567 4264 9670 6257 21279 4033 10296 5412 14112 1350
is_linear=0
shrinkage=0.05


Tree=37
num_leaves=31
num_cat=0
split_feature=28 13 28 20 15 15 28 1 26 25 28 24 16 22 29 24 24 0 27 13 2 3 24 25 27 14 14 26 14 7
split_gain=599.359 230.655 117.613 77.32 61.1849 59.1915 56.7137 39.1149 35.7267 33.7737 32.9826 32.9348 26.7659 26.3611 25.624 22.4963 22.4335 21.4013 21.3003 21.2164 20.8624 20.6811 20.6127 19.982 19.8641 19.4223 19.0669 19.5557 18.6426 18.5057
threshold=1.5000000000000002 -0.67499999999999949 4.5000000000000009 0.09999999999999977 -0.0016666666666666702 0.013333333333333352 4.5000000000000009 2.5000000000000004 -0.024999999999999908 1.5000000000000002 5.5000000000000009 0.0066666666666672656 1.5000000000000002 -2.774999999999999 1.0000000180025095e-35 0.10166666666666792 0.030000000000000696 5.5000000000000009 -0.1400000000000001 1.8883333333333332 3.5000000000000004 52.500000000000007 0.065500000000000128 5.5000000000000009 0.039999999999999598 0.029333333333333354 0.057341666666666659 -0.039999999999999584 -0.0077499999999999505 6.5050000000000008
decision_type=2 2 2 2 2 2 2 2 2 2 2 2 2 2 2 2 2 2 2 2 2 2 2 2 2 2 2 2 2 2
left_child=4 6 3 8 13 10 16 26 -3 -6 22 19 -9 -1 -13 -12 -2 -10 -16 -7 28 -22 25 -14 29 -4 27 -5 -11 -15
right_child=1 2 5 7 9 11 -8 12 17 20 15 14 23 24 18 -17 -18 -19 -20 -21 21 -23 -24 -25 -26 -27 -28 -29 -30 -31
leaf_value=-0.025156428120994796 -0.021348684614816576 0.0004395648313888049 -0.021447589288819052 0.017048733803238614 0.024200022263647106 -0.016360007143109572 -0.03624234910966713 0.0051670828892920462 -0.00033519711515340615 0.0040579855622150524 -0.032451903129630422 0.0029251629935260516 -0.0021571092966282826 0.0076196779652095859 0.14576654932656635 0.018853782485718208 -0.0041638368196284092 -0.014637328383016549 0.030849899527004999 0.023756051171587283 0.02132793671054244 -0.0054096831373847652 0.007031110860758364 -0.018120293305635235 -0.0010686113435560854 -0.0060494359804505911 0.021509969229584671 0.0027678755913233669 0.015064826405048599 0.021633195293943773
leaf_weight=64.493375167250633 770.83055162057281 871.18789459764957 670.51163968443871 340.03276330977678 1049.4724079817533 342.29288405179977 623.94080492481589 1350.465398862958 321.29795203357935 724.41625732183456 471.67794216796756 300.44082168862224 1559.8856708407402 1538.9310799092054 4.3783700950443736 22.379549492150545 251.99197624996305 1406.9087309725583 51.025165420025587 36.470833756029606 910.36504177749157 78.562959685921669 100.66610485687852 224.21631778776646 551.56039859354496 294.83714766427875 280.8242899402976 812.59374877810478 820.33157829940319 278.16982974112034
leaf_count=336 12838 7919 9523 1992 4573 5063 15974 8352 3656 3068 11355 3500 13056 6618 37 287 3172 16505 479 315 3861 325 913 2370 2448 3910 1756 5880 3424 1179
internal_value=-0.000208185 -0.00709196 -0.0040863 -0.000932146 0.0125024 -0.0139383 -0.0243621 0.00298534 -0.00781649 0.0166575 -0.0194488 -0.00223566 -0.000143478 0.0063835 0.00868689 -0.0301279 -0.0171149 -0.0119784 0.0399314 -0.0124973 0.0135333 0.0192038 -0.0144995 -0.00416328 0.00724226 -0.0167447 0.0098272 0.00698083 0.00990312 0.00976493
internal_weight=17125.2 11108.9 9462.09 7167.41 6016.3 2294.68 1646.76 4568.02 2599.39 3583.15 1560.07 734.608 3134.57 2433.15 355.844 494.057 1022.82 1728.21 55.4035 378.764 2533.68 988.928 1066.01 1784.1 2368.66 965.349 1433.45 1152.63 1544.75 1817.1
internal_count=154684 128852 96868 61486 25832 35382 31984 33406 28080 15251 25988 9394 23778 10581 4016 11642 16010 20161 516 5378 10678 4186 14346 15426 10245 13433 9628 7872 6492 7797
is_linear=0
shrinkage=0.05


Tree=38
num_leaves=31
num_cat=0
split_feature=1 28 20 25 16 13 15 10 1 22 26 24 13 4 17 24 24 0 10 24 19 14 18 17 26 3 24 10 20 29
split_gain=543.601 219.906 148.572 64.0011 62.9861 44.7928 43.8126 39.6397 37.0605 33.6978 26.0356 25.8716 25.5769 25.5585 24.8285 22.5377 21.3422 21.1834 20.0239 19.0558 18.4799 17.3485 17.7283 17.188 16.8199 16.2703 16.2519 26.0536 16.0057 19.8959
threshold=1.5000000000000002 5.5000000000000009 -0.3050000000000001 4.5000000000000009 1.5000000000000002 0.51000000000000034 0.020000000000000035 0.22594999999999996 3.5000000000000004 -0.89499999999999991 -0.039999999999999584 0.1000000000000001 -1.941666666666666 51.500000000000007 4.5000000000000009 -0.0050000000000003366 0.048333333333334234 3.5000000000000004 0.53885000000000016 0.031666666666665851 -0.034999999999999989 0.070800000000000016 3.5000000000000004 1.5000000000000002 -0.07499999999999972 48.500000000000007 -0.023333333333333869 0.42820000000000008 1.3500000000000001 1.0000000180025095e-35
decision_type=2 2 2 2 2 2 2 2 2 2 2 2 2 2 2 2 2 2 2 2 2 2 2 2 2 2 2 2 2 2
left_child=4 2 7 6 -1 11 8 12 28 -6 20 -3 -2 -10 17 -11 -15 26 -19 21 -9 22 -14 -8 -7 -17 -5 -28 29 -4
right_child=1 5 3 14 9 24 23 10 13 15 -12 -13 19 16 -16 25 -18 18 -20 -21 -22 -23 -24 -25 -26 -27 27 -29 -30 -31
leaf_value=0.021071833887285518 -0.040830594207476249 -0.037633836561227624 -0.00026279683273879067 0.0077151447682187457 0.001595002486842907 0.0094819113602319198 0.022638824010425964 0.047073828662605871 -0.015302567697302642 0.0053766835820994452 -0.012278338291173502 0.008411350282369506 -0.015214146076394276 -0.0052697333708518514 -0.016838460622397529 0.016338215358166638 0.01011966899873838 -0.0099902049666690858 0.011438266377393785 -0.0068970063774511986 -0.00080404556938612969 -0.0046201462581994691 -0.0305436581078691 0.0077987104391085763 -0.018918403840820067 0.0059743159155521124 0.0035681749473657834 0.14669272462082467 0.010336101586213271 0.021783393467928625
leaf_weight=1443.1872949451208 132.49877567961812 686.66408455744386 1431.6389360837638 150.74142006784678 1129.7308918461204 65.698764469474554 249.63268568739295 21.0710244551301 481.11042170971632 1024.7886716276407 1317.0662967972457 31.925022650510073 322.45016660541296 998.8972699418664 609.70266753062606 1885.7882822751999 290.8942365013063 822.65439598634839 125.6744077950716 305.72924178093672 463.32688201591372 132.72506325691938 454.36422510072589 893.42743203416467 252.49096753448248 473.85096503049135 7.2728430628776533 5.6496513746678829 721.47024675086141 110.21633843705058
leaf_count=6371 2637 19630 11709 1447 5234 973 1533 222 4524 4323 18354 476 4929 10239 6421 7880 2114 8710 1127 3645 5160 1980 7725 5848 4439 1983 70 43 4104 834
internal_value=-0.000201975 -0.0067484 -0.00448626 -0.000378507 0.0119791 -0.0286725 0.00239864 -0.0134851 -4.97117e-05 0.00907217 -0.00863299 -0.0355882 -0.0199705 -0.00546749 -0.00872961 0.0115681 -0.00179887 -0.00428356 -0.00715046 -0.0176961 0.00127861 -0.0213261 -0.0241805 0.0110396 -0.0130544 0.014257 0.0123283 0.0661415 0.00418934 0.00131313
internal_weight=17042.3 11085 10048.2 6898.98 5957.35 1036.78 5177.29 3149.23 4034.23 4514.16 1801.46 718.589 1347.77 1770.9 1721.7 3384.43 1289.79 1111.99 948.329 1215.27 484.398 909.539 776.814 1143.06 318.19 2359.64 163.664 12.9225 2263.33 1541.86
internal_count=154684 128893 103375 58723 25791 25518 40905 44652 33524 19420 23736 20106 20916 16877 17818 14186 12353 11397 9837 18279 5382 14634 12654 7381 5412 9863 1560 113 16647 12543
is_linear=0
shrinkage=0.05


Tree=39
num_leaves=31
num_cat=0
split_feature=1 28 16 13 18 26 13 16 17 24 1 24 11 13 20 27 9 28 0 22 24 14 19 0 26 15 0 27 7 24
split_gain=492.582 206.188 137.798 62.088 59.5031 45.1779 43.7942 37.2345 34.467 31.3122 28.7561 27.2949 25.181 22.1379 22.1379 21.0294 19.5999 18.2343 18.1591 17.9325 17.6756 17.4947 17.3788 16.1832 16.0886 15.8988 15.1199 14.5038 16.4309 14.3858
threshold=1.5000000000000002 5.5000000000000009 2.5000000000000004 -0.96999999999999942 3.5000000000000004 -0.015000000000000123 1.0308333333333335 1.5000000000000002 1.5000000000000002 0.1000000000000001 3.5000000000000004 0.081666666666667456 0.40385000000000004 1.9416666666666669 -0.41999999999999965 0.044999999999999936 5.7950000000000008 2.5000000000000004 4.5000000000000009 4.3250000000000011 0.010000000000000233 -0.046958333333333317 -0.030000000000000002 23.500000000000004 -0.084999999999999951 0.020000000000000035 14.500000000000002 -0.069999999999999826 5.0450000000000008 -0.018333333333333087
decision_type=2 2 2 2 2 2 2 2 2 2 2 2 2 2 2 2 2 2 2 2 2 2 2 2 2 2 2 2 2 2
left_child=4 2 8 20 7 22 9 21 -2 -3 14 13 -12 18 17 23 -6 -7 -10 25 -4 -1 27 -9 -13 29 -23 28 -5 -20
right_child=1 6 3 5 16 10 -8 15 11 -11 12 24 -14 -15 -16 -17 -18 -19 19 -21 -22 26 -24 -25 -26 -27 -28 -29 -30 -31
leaf_value=0.011977634573541044 0.010256478326236914 -0.03507349013576621 -0.028871330544340948 0.07087855274432707 0.0012091951230594096 -0.020435818213924931 -0.0060541402861007763 0.012994326634720678 0.0058091287148030529 0.011422653820771386 -0.021331889846859006 0.023993288933124461 -0.0016423848189632212 0.0099608037907355507 -0.0016573541570245949 0.0027257847275288607 0.01171802307805344 -0.0046876509776627839 -0.012789448902081828 -0.032338598792417149 -0.013419728835076536 0.019957893829604261 -0.0031794342293449901 0.033807072593147178 -0.0049548731280464053 0.0031058943187094717 0.033010149329397796 0.0037338548481380485 0.01432908630679771 -0.0032940591521938931
leaf_weight=302.71003096550703 987.50502322241664 786.18958563730121 474.90894377231598 19.714354507625103 1408.6708164997399 421.07450648769736 185.7026686295867 2077.3557143472135 511.89911045506597 37.95746298879385 917.53392684087157 174.44114431738853 197.30265006795526 382.51839943230152 818.18535516411066 518.6486649364233 647.70770379900932 326.20902425423265 569.44039323925972 56.584917709231377 303.27730180323124 488.81667482852936 1663.2734358198941 97.796762466430664 66.216486997902393 615.80700718984008 406.30862814188004 130.82120563089848 36.866059377789497 1331.7686334848404
leaf_count=1334 6682 22444 9590 182 6363 5614 2527 8744 3859 547 14040 931 2741 1996 8563 2211 2707 4507 5386 414 4923 2183 17681 408 369 4282 1841 1275 268 10072
internal_value=-0.00019596 -0.00645698 -0.00428369 -0.00980235 0.0113989 -0.00756154 -0.0279894 0.0150342 0.00195532 -0.032932 -0.0117102 -0.000255023 -0.0178473 -0.00138498 -0.00733977 0.0117729 0.00451921 -0.0135613 -0.00279154 -0.00450225 -0.0228495 0.0223685 -0.00155307 0.0139301 0.0160283 -0.00387646 0.0258825 0.0128817 0.0340327 -0.00613807
internal_weight=16963.2 11015.2 10005.3 5309.17 5948.01 4530.98 1009.85 3891.64 4696.18 824.147 2680.31 3708.68 1114.84 3468.02 1565.47 2693.8 2056.38 747.284 3085.5 2573.6 778.186 1197.84 1850.68 2175.15 240.658 2517.02 895.125 187.402 56.5804 1901.21
internal_count=154684 128893 103375 69384 25791 54871 25518 16721 33991 22991 35465 27309 16781 26009 18684 11363 9070 10121 24013 20154 14513 5358 19406 9152 1300 19740 4024 1725 450 15458
is_linear=0
shrinkage=0.05


Tree=40
num_leaves=31
num_cat=0
split_feature=28 13 28 20 28 15 2 24 0 26 24 28 18 14 14 3 24 15 1 14 23 24 22 22 24 20 10 13 11 13
split_gain=446.475 192.324 95.6901 62.5421 54.0581 53.3467 51.0452 31.7202 30.8336 29.5048 27.8754 27.5557 27.1352 22.8926 22.8232 21.7233 21.199 21.4026 18.5439 18.3165 17.3955 17.234 17.1671 16.7397 26.9126 17.6387 16.6782 16.4247 16.3624 15.8868
threshold=1.5000000000000002 -0.70499999999999974 4.5000000000000009 0.81500000000000006 4.5000000000000009 0.013333333333333352 3.5000000000000004 -0.021666666666666053 15.500000000000002 -0.069999999999999826 0.065500000000000128 5.5000000000000009 4.5000000000000009 0.00582499999999997 -0.027950000000000055 39.500000000000007 0.07833333333333449 -0.0016666666666666355 2.5000000000000004 0.029333333333333354 6.7550000000000008 0.016666666666667943 -0.7599999999999999 -1.6399999999999997 0.0016666666666664833 -0.17500000000000024 0.22025000000000003 -1.4666666666666663 0.26715000000000005 1.6383333333333343
decision_type=2 2 2 2 2 2 2 2 2 2 2 2 2 2 2 2 2 2 2 2 2 2 2 2 2 2 2 2 2 2
left_child=6 4 3 7 13 10 8 -3 14 22 11 19 18 -2 26 -8 17 -9 -5 -4 -11 27 -7 24 -21 -26 -1 -10 -20 -24
right_child=1 2 5 12 -6 9 15 16 21 20 -12 -13 -14 -15 -16 -17 -18 -19 28 23 -22 -23 29 -25 25 -27 -28 -29 -30 -31
leaf_value=-0.013719607658424997 -0.022889453346340058 -0.012062103484445579 -0.020231200896228603 0.012307332920889572 -0.035231286173960069 0.099142251880259963 0.022589455313873255 -0.008254006496264241 -0.037245278824648356 0.0048505660167052368 0.0020993128413004446 -0.031092089413756758 -0.0096731101334557486 -0.007184419173263009 0.0074378908324722829 0.011952350175408976 0.011610275239498218 0.00060441891178614768 -0.0051326686876620028 -0.024109800419480059 -0.013580161984117696 0.01915710274342532 0.0044665288272669528 -0.007036840323632939 0.026916658260577337 0.26627532941785881 0.0019963246585047193 0.0095275643352547498 0.0059451079378976673 0.040055908688862191
leaf_weight=242.40884444117546 496.20901500433683 1098.7619289271533 653.20814385265112 856.027413636446 557.21973065286875 6.1137311756610861 1001.278529420495 1248.8374200388789 19.202871009707451 199.19500432349741 155.57026702165604 409.05265316925943 298.62488484755158 435.84889152646065 1737.3232593536377 921.89517879486084 256.56827192008495 1501.8680066727102 430.12249570712447 3.4838244356214991 358.31863466277719 678.23264682292938 119.66288496553898 287.64712718129158 1.2390912473201754 2.031690489500761 556.042401060462 831.35399277508259 1481.3629373386502 42.491885490715504
leaf_count=1135 8637 13781 9646 4877 15539 72 4386 12821 107 2585 1840 10915 2316 6700 7442 3977 1798 13796 2963 72 5065 2896 1408 3862 20 34 2354 3535 9807 298
internal_value=-0.000189814 -0.00621566 -0.00357342 -0.000756917 -0.022911 -0.0125995 0.010779 -0.00479166 0.00760348 -0.00145658 -0.0179474 -0.0202462 0.00464623 -0.0155455 0.00422211 0.0174904 -0.00213527 -0.00341736 0.00619134 -0.0155644 -0.00699502 0.0132121 0.0168936 -0.00520982 0.0725945 0.175598 -0.00277501 0.00847158 0.00345239 0.0137926
internal_weight=16887.2 10899.5 9410.19 7172.17 1489.28 2238.01 5987.74 4106.04 4064.56 725.782 1512.23 1356.66 3066.14 932.058 2535.77 1923.17 3007.27 2750.71 2767.51 947.61 557.514 1528.79 168.269 294.402 6.75461 3.27078 798.451 850.557 1911.49 162.155
internal_count=154684 128852 97976 62159 30876 35817 25832 42196 17469 9428 26389 24549 19963 15337 10931 8363 28415 26617 17647 13634 7650 6538 1778 3988 126 54 3489 3642 12770 1706
is_linear=0
shrinkage=0.05


Tree=41
num_leaves=31
num_cat=0
split_feature=1 28 20 25 18 13 15 10 0 8 13 24 24 24 26 14 14 14 28 27 30 7 23 9 28 29 22 7 0 13
split_gain=404.974 182.774 120.197 67.3517 53.8412 42.4636 40.5056 28.0273 26.4706 26.2523 25.6044 23.832 23.5812 23.5355 22.8214 21.5423 20.2085 19.8536 19.5286 18.5712 17.1403 17.1337 16.7186 16.4856 19.2811 16.3041 16.2897 16.2777 16.0681 15.8915
threshold=1.5000000000000002 5.5000000000000009 -0.9199999999999996 4.5000000000000009 2.5000000000000004 0.51000000000000034 -0.0016666666666666355 0.23039999999999997 3.5000000000000004 0.17515000000000003 1.6383333333333343 0.081666666666667456 0.016666666666667943 0.1000000000000001 -0.17500000000000024 0.020316666666666625 -0.019300000000000078 0.057341666666666659 3.5000000000000004 0.055000000000000167 1.5000000000000002 6.5050000000000008 6.8650000000000011 6.6450000000000005 4.5000000000000009 1.0000000180025095e-35 -0.24999999999999975 2.0450000000000004 23.500000000000004 2.3800000000000008
decision_type=2 2 2 2 2 2 2 2 2 2 2 2 2 2 2 2 2 2 2 2 2 2 2 2 2 2 2 2 2 2
left_child=4 2 7 6 12 13 11 14 15 -6 17 16 -1 -3 25 -5 -4 20 -18 21 -8 -11 -17 24 -10 -2 -7 -9 -14 -28
right_child=1 5 3 8 9 26 10 27 23 19 -12 -13 28 -15 -16 22 18 -19 -20 -21 -22 -23 -24 -25 -26 -27 29 -29 -30 -31
leaf_value=0.010793506461499704 0.028249138097666396 -0.036030141256678139 -0.012438984230054495 -0.0050208510723537651 -0.007649740917070132 0.13753786801461496 0.00028644187396548361 0.11337492916523487 -0.010929217564904007 0.0071255394606448948 0.013601732725848706 0.012703653049433161 0.018808409717347055 0.0078083242886669907 -0.022631034686284038 0.040286313561148361 0.0033082186810932512 0.010078049113269521 -0.0089053556128122126 -0.0023394819023853397 0.064662992585310775 0.018425375572886225 -0.0019260561423218088 -0.0020501371586857365 -0.025345433617224623 0.21300668418216795 -0.014165019498241619 -0.0096310081146970955 0.04592323750842834 0.055020439769300926
leaf_weight=1434.9692906029522 6.019403848797082 624.47285545617342 715.38598469644785 188.33785882592201 326.28844602778554 1.8266635388135899 2549.2212961129844 2.6981885619461528 1102.663717135787 1939.7562661655247 629.03287000209093 193.33415172994137 1346.6969204097986 32.194762658327818 897.15216573700309 60.153588268905878 750.40337750315666 694.77183346822858 580.44241424277425 419.77045802772045 10.381709381937979 405.61131571978331 38.449295043945312 366.78050028160214 293.71756890416145 1.4895644374191759 295.61302656680346 841.60037121549249 56.947985529899597 8.5397156625986081
leaf_count=6075 83 19630 7452 2035 1675 35 21446 48 11933 8244 3197 1336 5941 476 15605 602 6459 5301 6537 1836 83 1765 371 3592 4647 18 5289 12630 255 88
internal_value=-0.000184006 -0.00591144 -0.00389329 -0.00134756 0.0103288 -0.0267125 0.00127883 -0.0157898 -0.00919169 0.00576345 0.00436714 -0.00407631 0.0153007 -0.0338809 -0.0219045 0.00489193 -0.00566174 0.0025822 -0.00201868 0.00734622 0.000547552 0.00907975 0.023826 -0.0114837 -0.0139616 0.0648997 -0.0113284 -0.00923791 0.0199085 -0.0122225
internal_weight=16814.7 10884.7 9922.04 8173.08 5930.04 962.647 6122.97 1748.96 2050.1 3091.43 3883.41 2239.57 2838.61 656.668 904.661 286.941 2046.23 3254.37 1330.85 2765.14 2559.6 2345.37 98.6029 1763.16 1396.38 7.50897 305.979 844.299 1403.64 304.153
internal_count=154684 128893 103375 74991 25791 25518 51811 28384 23180 13520 30027 21784 12271 20106 15706 3008 20448 26830 12996 11845 21529 10009 973 20172 16580 101 5412 12678 6196 5377
is_linear=0
shrinkage=0.05


Tree=42
num_leaves=31
num_cat=0
split_feature=1 20 13 28 24 24 15 14 26 14 15 0 0 24 22 24 9 15 29 1 0 24 4 23 30 9 20 7 13 29
split_gain=367.386 168.49 130.95 59.4456 52.0116 39.508 39.0853 31.6802 27.5619 26.8725 24.6391 26.7998 24.5177 24.2369 22.593 21.0425 20.237 18.4201 22.9689 17.2783 21.9985 19.4455 17.1889 21.2021 20.4656 17.1737 16.7874 18.1466 16.6458 16.1894
threshold=3.5000000000000004 -0.095000000000000182 0.28166666666666768 5.5000000000000009 -0.0066666666666672638 0.041666666666666526 0.018333333333333358 0.00067499999999998128 0.029999999999999808 -0.064599999999999963 -0.010000000000000021 4.5000000000000009 7.5000000000000009 0.1000000000000001 -0.89499999999999991 0.016666666666666167 3.1050000000000004 0.013333333333333352 1.0000000180025095e-35 1.5000000000000002 4.5000000000000009 0.06083333333333308 51.500000000000007 6.5850000000000009 -2.4999999999999996 6.1150000000000011 -1.9099999999999993 1.4550000000000003 -0.30166666666666647 1.0000000180025095e-35
decision_type=2 2 2 2 2 2 2 2 2 2 2 2 2 2 2 2 2 2 2 2 2 2 2 2 2 2 2 2 2 2
left_child=1 8 3 5 9 10 14 15 26 -3 -2 -12 -9 -5 -6 -4 -11 -7 -19 20 -16 -22 24 25 -14 -24 27 -1 -20 -17
right_child=2 4 7 13 6 17 -8 12 -10 16 11 -13 22 -15 19 29 -18 18 28 -21 21 -23 23 -25 -26 -27 -28 -29 -30 -31
leaf_value=0.19422979095364812 -0.02639364277405612 -0.0077310590215014241 -0.013225553387896849 -0.035884961440591022 0.0009216918197468111 -0.0042043454568587062 0.017751334347509785 0.011975584338498838 -0.015370077083910553 -0.01097128370825216 0.0063632763672196212 -0.016950860578797848 0.06983751545726731 0.012695334848971946 0.0012990867900680187 -0.0047652115456714812 0.0059319608092244323 0.017927652348675039 0.25537408736719053 0.0054310311787234668 0.011738075328089259 0.023310733491557614 -0.011354183413298913 0.00074990632245481258 -0.015925411485529124 0.1427929991187574 -0.0012359492496394891 -0.018777453313829687 0.061505493051201988 0.018000722039614097
leaf_weight=1.0054321438074101 604.45035110041499 555.35105070471764 928.68437246978283 539.70563023537397 876.76628754287958 287.52320774644613 1365.0519729070365 421.82155244797468 782.78369987010956 193.2305920496583 143.76393952965736 864.39186297357082 7.1547798737883559 26.956498023122549 401.00360315293074 467.70420795679092 2117.2652375809848 41.240380126982927 1.773904178291559 1499.4298182241619 1873.4101152047515 450.22369788587093 2.9102731682360163 631.30690917372704 250.501355368644 4.7658921331167221 1127.436126511544 181.0050750374794 2.9459888041019431 93.742591880261898
leaf_count=14 11190 3478 10398 17790 4659 3511 6710 3750 11338 1258 2277 14166 40 411 1691 4093 12816 425 25 10004 7998 1994 23 6107 2393 32 12509 2879 28 677
internal_value=-0.000178278 0.00487632 -0.0110296 -0.019322 0.00775155 -0.0151721 0.0102367 -0.00361065 -0.0079477 0.0021446 -0.0184118 -0.0136262 0.0020348 -0.033574 0.00822567 -0.00860571 0.00451831 0.000493877 0.0298855 0.00974172 0.012114 0.0139804 -0.00264181 0.00175421 -0.0135439 0.084351 -0.00351063 -0.0176008 0.134368 -0.000964072
internal_weight=16745.3 11424 5321.34 2512.75 9331.73 1946.09 6465.89 2808.59 2092.23 2865.85 1612.61 1008.16 1318.46 566.662 5100.83 1490.13 2310.5 333.483 45.9603 4224.07 2724.64 2323.63 896.639 638.983 257.656 7.67617 1309.45 182.011 4.71989 561.447
internal_count=154684 77348 77336 49823 50608 31622 33056 27513 26740 17552 27633 16443 12345 18201 26346 15168 14074 3989 478 21687 11683 9992 8595 6162 2433 55 15402 2893 53 4770
is_linear=0
shrinkage=0.05


Tree=43
num_leaves=31
num_cat=0
split_feature=28 13 28 28 20 24 16 15 14 10 13 14 18 14 14 29 26 5 19 12 23 22 0 27 24 11 1 27 0 22
split_gain=336.473 160.605 76.29 50.4876 49.7249 47.1853 45.0387 30.0724 26.638 25.4142 25.4053 24.7693 23.0648 21.7411 21.0569 19.1988 18.7335 19.6055 16.7913 19.3222 17.7995 15.9931 15.7689 21.1613 15.6844 21.5093 15.0849 14.9612 14.9512 18.9251
threshold=1.5000000000000002 -0.70499999999999974 4.5000000000000009 4.5000000000000009 0.81500000000000006 0.0083333333333324173 1.5000000000000002 0.013333333333333352 -0.03932500000000002 0.30314999999999998 0.89499999999999924 0.057341666666666659 4.5000000000000009 0.009150000000000021 -0.027950000000000055 1.0000000180025095e-35 0.079999999999999641 1.0000000180025095e-35 -0.034999999999999989 0.40195000000000008 6.785000000000001 -0.019999999999999792 3.5000000000000004 0.095000000000000209 0.13333333333333422 0.3695 2.5000000000000004 -0.1400000000000001 7.5000000000000009 -0.67000000000000048
decision_type=2 2 2 2 2 2 2 2 2 2 2 2 2 2 2 2 2 2 2 2 2 2 2 2 2 2 2 2 2 2
left_child=6 3 4 13 8 10 22 21 -3 14 11 -4 26 -2 -8 -9 17 18 19 -10 -21 -7 -1 -24 -23 -26 -6 -17 29 -12
right_child=1 2 5 -5 12 7 9 15 16 -11 28 -13 -14 -15 -16 27 -18 -19 -20 20 -22 24 23 -25 25 -27 -28 -29 -30 -31
leaf_value=0.0028590653706376083 -0.021113999610010314 -0.011110025289794372 -0.026894125376755146 -0.033672768347351376 0.011106508636458984 0.0070446764692817998 -0.0047243468854310617 0.0033433165026327833 0.0064457276057383944 0.010265393683782415 0.24592067653565827 -0.0037964296595026934 -0.0090674868479482945 -0.0054977692957363256 0.0062250412085164755 0.11753007124319406 -0.01230238258489884 0.0054444246478824176 -0.0049232145848549583 0.017565378867996733 0.12176669652129374 -0.014996132176931893 0.020360593321396159 -0.011543424798835897 -0.012382585997424566 0.11188070236690957 0.0031483443030159673 0.027053874597484148 -0.014207667469797767 0.0055564208940587501
leaf_weight=172.08009225130081 491.17398463189602 1042.1585494726896 676.47460783459246 514.0139297042042 864.13624513521791 115.81164356134832 645.21816788613796 297.0458829626441 104.85294008627534 2504.557731449604 0.82447424530982871 140.10885332152247 295.62264205887914 408.03112237527966 1374.4412222355604 5.0072831064462653 374.71018318459392 939.23714777827263 1584.9704262576997 9.0837903581559676 7.4672279506921759 501.5046777445823 1211.0031626224518 54.305357813835144 8.6202284879982454 5.8428226299583903 1915.2239068560302 52.223512386903167 246.63456435501575 121.41503811255097
leaf_count=741 8909 11547 14973 15539 4877 1844 2911 3487 921 10443 8 2836 2316 6428 5985 37 4595 9152 15840 76 65 7895 5523 229 83 56 12770 473 2810 1315
internal_value=-0.000172852 -0.00546751 -0.00308321 -0.0211731 -0.00058653 -0.0112894 0.00934981 -0.00320808 -0.0042174 0.0069002 -0.0180115 -0.022931 0.00421035 -0.0140278 0.00272705 0.00845236 -0.00183911 -0.000357146 -0.0035505 0.0143708 0.0645773 -0.00974678 0.01706 0.0189913 -0.0135157 0.0378176 0.00562263 0.0349699 -0.00712089 0.00717762
internal_weight=16683.8 10722.2 9308.98 1413.22 7137.46 2171.51 5961.61 986.056 4062.48 4524.22 1185.46 816.583 3074.98 899.205 2019.66 354.277 3020.32 2645.61 1706.37 121.404 16.551 631.779 1437.39 1265.31 515.968 14.4631 2779.36 57.2308 368.874 122.24
internal_count=154684 128852 97976 30876 62159 35817 25832 13875 42196 19339 21942 17809 19963 15337 8896 3997 30649 26054 16902 1062 141 9878 6493 5752 8034 139 17647 510 4133 1323
is_linear=0
shrinkage=0.05


Tree=44
num_leaves=31
num_cat=0
split_feature=20 1 28 15 15 28 10 24 25 26 13 14 24 0 22 0 13 17 19 0 24 24 9 9 0 22 12 30 24 26
split_gain=310.219 178.312 90.7442 50.5008 43.5701 39.3601 38.4269 31.6624 30.8933 26.6477 25.6677 22.1035 20.3477 19.7682 19.6069 17.2771 17.2707 17.489 17.1584 17.0796 16.65 16.3048 18.3085 16.1437 15.6384 15.3479 15.0983 14.9577 14.9212 14.8617
threshold=-0.095000000000000182 2.5000000000000004 5.5000000000000009 0.0066666666666666966 -0.0050000000000000175 5.5000000000000009 0.22594999999999996 -0.030000000000000689 1.5000000000000002 -0.039999999999999584 -1.941666666666666 -0.056416666666666733 -0.026666666666665947 23.500000000000004 -2.774999999999999 4.5000000000000009 1.9416666666666669 1.5000000000000002 0.015000000000000001 5.5000000000000009 0.056666666666667094 -0.011666666666666268 7.9450000000000012 6.9350000000000014 17.500000000000004 4.3250000000000011 0.21695000000000003 1.0000000180025095e-35 0.063333333333333922 1.0000000180025095e-35
decision_type=2 2 2 2 2 2 2 2 2 2 2 2 2 2 2 2 2 2 2 2 2 2 2 2 2 2 2 2 2 2
left_child=2 4 6 5 14 21 10 26 15 -8 -1 -10 -12 23 -2 -6 17 -9 -14 -11 -4 22 24 -13 -3 -19 -5 -21 -17 -15
right_child=1 3 20 7 8 -7 9 16 11 19 12 13 18 29 -16 28 -18 25 -20 27 -22 -23 -24 -25 -26 -27 -28 -29 -30 -31
leaf_value=-0.0387789392744603 -0.025258153608280182 -0.0088624181638531346 -0.038250704866243851 0.019046073806056801 0.0048150032407660746 -0.027945266804681641 0.0032410484968645489 0.011629935561216553 0.0011368558113486612 0.0016651688473539661 -0.02474693034348479 0.0080591998523663454 -0.0040935999669009879 0.036484378165479094 0.0035675740698575004 0.015043600721176598 0.016209793617552926 0.00050221360253786753 -0.017711917168300808 -0.012797442729996467 -0.008228114962677514 -0.0033739495883960222 0.040196972782335284 0.018410832385913831 -0.024167702694696425 -0.037438562190276713 -0.012149053849870705 0.016308517555499578 0.026160388204374298 -0.011354967944278302
leaf_weight=116.31633293256164 60.565746750682592 597.74486915767193 365.00366889499128 42.202094670385122 241.02057501673698 237.77216806821525 608.7396290525794 399.81254900805652 783.97867739573121 295.64227803051472 337.81680808216333 2377.0706219375134 497.96628846973181 112.14137137681246 2269.2257956787944 766.35774970799685 260.23069783300161 1354.6830986421555 431.91172498092055 1187.6002672165632 52.869372887536883 1457.7838579677045 16.410172019153833 447.55337277799845 231.54887452721596 27.18992080539465 479.41030334867537 45.844878152012825 497.98977849259973 18.982534568756819
leaf_count=2644 345 7030 12858 459 1092 6465 6584 3314 3916 4099 6343 11740 6951 502 11300 3654 1434 12266 6676 16941 1255 12895 169 2228 2926 180 5241 679 2353 145
internal_value=-0.000167338 0.00364047 -0.0124225 -0.00358233 0.00850798 -0.00857721 -0.00980861 0.00136916 0.0110353 -0.00560632 -0.0162997 0.0086007 -0.0142372 0.0105804 0.00281821 0.0170835 0.00417768 0.00242028 -0.0104191 -0.00912851 -0.0344522 -0.00657799 -0.012101 0.00969939 -0.0131358 -0.000244314 -0.00962515 -0.0117156 0.0194222 0.0295588
internal_weight=16619.4 12679.7 3939.71 5104.79 7574.89 2541.26 3521.84 2563.53 5245.09 2137.83 1384.01 3739.73 1267.69 2955.75 2329.79 1505.37 2041.92 1781.69 929.878 1529.09 417.873 2303.49 845.704 2824.62 829.294 1381.87 521.612 1233.45 1264.35 131.124
internal_count=154684 89654 65030 52379 37275 29485 50917 22894 25630 28303 22614 18531 19970 14615 11645 7099 17194 15760 13627 21719 14113 23020 10125 13968 9956 12446 5700 17620 6007 647
is_linear=0
shrinkage=0.05


Tree=45
num_leaves=31
num_cat=0
split_feature=1 20 13 28 25 14 24 14 28 22 13 24 15 0 0 8 18 1 10 24 24 13 1 13 0 26 23 15 11 11
split_gain=285.029 125.556 110.706 53.2227 46.2203 35.4728 35.2978 27.8497 24.5442 23.6943 23.6522 22.8926 22.848 24.8146 20.8175 19.0317 18.2532 18.0949 19.8779 19.8012 17.9372 16.9207 17.2892 16.9021 16.815 15.9515 19.3531 15.4386 18.0033 15.416
threshold=3.5000000000000004 -0.41999999999999965 0.28166666666666768 5.5000000000000009 1.5000000000000002 -0.056416666666666733 0.041666666666666526 0.00067499999999998128 2.5000000000000004 -0.010000000000000451 0.74500000000000066 0.1000000000000001 -0.010000000000000021 4.5000000000000009 4.5000000000000009 0.6593500000000001 4.5000000000000009 2.5000000000000004 0.3202000000000001 0.021666666666666948 0.016666666666666167 -1.4666666666666663 2.5000000000000004 -0.63499999999999945 6.5000000000000009 0.024999999999999915 6.8150000000000004 0.013333333333333352 0.44470000000000004 0.39540000000000003
decision_type=2 2 2 2 2 2 2 2 2 2 2 2 2 2 2 2 2 2 2 2 2 2 2 2 2 2 2 2 2 2
left_child=1 8 3 6 14 -6 12 20 25 -9 21 -5 -2 -14 -3 16 24 19 -19 -16 -4 -7 -23 -10 -11 26 -1 -8 -29 -17
right_child=2 4 7 11 5 10 27 9 23 15 -12 -13 13 -15 17 29 -18 18 -20 -21 -22 22 -24 -25 -26 -27 -28 28 -30 -31
leaf_value=-0.014863136982257164 -0.024879015408113672 0.0018796426195248003 -0.012149020049872963 -0.03430576205881463 -0.0026970447985931196 -0.020430736986459724 -0.0033839967144575324 0.023835979190696927 -0.011670543526829757 0.012200348478966946 0.010151952727875222 0.013179683297114135 0.0069732812888401233 -0.015608492709189476 -0.008507209360152054 0.0038942935616654052 -0.019265716657407086 -0.011980484414554625 0.012132147289914033 0.017037719623281978 -0.0007673252645870733 0.0057376637106436911 -0.0033111283575156004 0.0039577331071146814 -0.0021502399338941438 -0.022813387812690485 0.0073951033409144912 0.015722048077337163 0.10845689409789877 0.11703623598193842
leaf_weight=362.69069877639413 575.44095417484641 428.06743296608329 908.67382531799376 494.52806398831308 1453.7583370599896 72.265711341053247 283.34123507887125 115.51298922672868 282.83217167109251 274.8012161385268 2174.6970742493868 26.754438243806362 142.35715855285525 836.58069168403745 79.237420484423637 5.8007143288850767 116.94949594885111 128.88497796282172 253.74486397206783 1780.7057465054095 559.18850289843976 2776.390104368329 651.80511676892638 445.52924409881234 793.68149786815047 349.58490893989801 133.64284437149763 41.10757240653038 5.9972144588828078 6.2594454810023308
leaf_count=4400 11190 2098 10398 17790 8799 413 3511 1069 5023 2401 11335 411 2277 14166 394 43 1264 894 1517 8593 4770 14792 6670 5358 7527 5342 1720 421 57 41
internal_value=-0.000161972 0.00426776 -0.00987535 -0.0177283 0.00637335 0.0042716 -0.0138175 -0.00308073 -0.00883906 0.00220981 0.00605671 -0.0318686 -0.0169724 -0.0123247 0.0119837 0.000123692 -0.000512092 0.0139123 0.00401005 0.0159495 -0.00781311 0.00351249 0.00401721 -0.00211093 0.00154056 -0.0146322 -0.00886988 0.00102258 0.0275287 0.062617
internal_weight=16560.8 11373.8 5186.98 2406.11 9799.56 7128.92 1884.82 2780.87 1574.28 1313.01 5675.16 521.283 1554.38 978.938 2670.64 1197.49 1185.43 2242.57 382.63 1859.94 1467.86 3500.46 3428.2 728.361 1068.48 845.918 496.334 330.446 47.1048 12.0602
internal_count=154684 77348 77336 49823 55505 42009 31622 27513 21843 12345 33210 18201 27633 16443 13496 11276 11192 11398 2411 8987 15168 21875 21462 10381 9928 11462 6120 3989 478 84
is_linear=0
shrinkage=0.05


Tree=46
num_leaves=31
num_cat=0
split_feature=20 1 28 15 15 28 10 24 13 25 26 14 24 11 0 23 24 29 22 13 17 0 25 15 26 20 6 22 22 19
split_gain=259.713 146.436 83.1638 44.0708 39.123 35.6297 35.035 27.9591 24.66 23.9404 23.4346 21.7136 19.0231 16.6648 16.3763 16.2966 15.8209 15.637 15.3233 15.1097 15.1577 15.0645 14.8807 19.2058 23.1689 42.424 16.6897 14.2668 14.2105 14.1988
threshold=-0.095000000000000182 2.5000000000000004 5.5000000000000009 0.0066666666666666966 -0.0016666666666666702 5.5000000000000009 0.22594999999999996 -0.030000000000000689 -1.941666666666666 1.5000000000000002 -0.039999999999999584 -0.025174999999999999 -0.026666666666665947 0.31905000000000006 23.500000000000004 6.7150000000000007 0.1000000000000001 1.0000000180025095e-35 -0.89499999999999991 1.9416666666666669 1.5000000000000002 15.500000000000002 4.5000000000000009 0.01183333333333335 -1.0000000180025095e-35 1.370000000000001 0.13500000000000004 -2.774999999999999 4.3250000000000011 0.015000000000000001
decision_type=2 2 2 2 2 2 2 2 2 2 2 2 2 2 2 2 2 2 2 2 2 2 2 2 2 2 2 2 2 2
left_child=2 4 6 5 11 21 8 22 -1 -6 -8 -2 -10 -12 -15 -4 29 -18 -11 20 -9 -3 23 -5 25 26 -25 -13 -22 -14
right_child=1 3 15 7 9 -7 10 19 12 18 13 27 16 14 -16 -17 17 -19 -20 -21 28 -23 -24 24 -26 -27 -28 -29 -30 -31
leaf_value=-0.037942427734785331 -0.0028474594816643869 -0.0029147073240215859 -0.015604745849702837 -0.038595022184859433 0.016211997288211495 -0.026820551109761732 0.0032650691446815569 0.010855471161569269 -0.023663854943457577 -0.0011538446753326913 -0.014866680047628323 -0.022416947378083366 -0.0049496136207762987 -0.0026597607926458059 -0.035119746415861776 -0.039149696371918022 0.013046166759131179 0.12497850985405796 0.0095087583742096051 0.015181930212332776 0.00054373933248397829 -0.011282949557119811 -0.011977569716986216 0.33430911745258762 0.0078244937613521602 0.008444211932306862 0.139220378863702 0.0068970782216056974 -0.036384715086268164 -0.017650389722094307
leaf_weight=110.64274127781391 988.54789420217276 1416.4662457220256 97.810275733470917 12.606102898716925 1336.0057719945908 228.00654063932598 608.26751623675227 402.9872731026262 326.71629804372787 380.73862595483661 595.5315153375268 42.43407404050231 478.61969570443034 869.8763879314065 40.672884877771139 295.59423339366913 25.006741579622034 3.5650344006717196 2929.7633935250342 262.10583573579788 1352.9997087288648 866.98292120546103 461.33139654807746 1.5341009497642497 29.82447312772274 7.0546211991459131 3.8414042182266712 1898.7085817456245 26.562514923512936 407.33667626231909
leaf_count=2644 5064 13950 3183 147 6320 6465 6584 3314 6343 1954 9007 234 6802 12128 584 10930 276 37 14373 1434 12266 9070 5133 20 287 61 52 9330 180 6512
internal_value=-0.000156964 0.00330738 -0.01151 -0.00326764 0.00770939 -0.00797385 -0.00903744 0.00134781 -0.015324 0.0105624 -0.00501792 0.00318445 -0.0133078 -0.0083632 -0.0041097 -0.0332958 -0.00960806 0.0270125 0.00828246 0.00397285 0.00232466 -0.00609197 -0.00905005 0.0155679 0.0317267 0.0890768 0.194896 0.00625626 -0.000167292 -0.0107891
internal_weight=16508.1 12648.5 3859.64 5072.3 7576.2 2511.46 3466.24 2560.85 1351.89 4646.51 2114.35 2929.69 1241.24 1506.08 910.549 393.405 914.528 28.5718 3310.5 2044.66 1782.55 2283.45 516.192 54.8607 42.2546 12.4301 5.37551 1941.14 1379.56 885.956
internal_count=154684 89654 65030 52379 37275 29485 50917 22894 22614 22647 28303 14628 19970 21719 12712 14113 13627 313 16327 17194 15760 23020 5700 567 420 133 72 9564 12446 13314
is_linear=0
shrinkage=0.05


Tree=47
num_leaves=31
num_cat=0
split_feature=1 20 13 24 15 24 13 14 15 28 9 28 24 14 11 3 0 22 28 15 22 22 18 18 9 14 24 23 0 26
split_gain=240.082 102.891 99.7478 41.6012 33.6026 31.9395 32.0044 28.6135 28.5425 25.4875 25.327 22.818 20.3837 19.5916 19.4606 19.1671 18.5014 18.1011 18.0674 17.9498 17.7307 16.5865 16.5357 16.0836 16.0188 16.0005 15.5204 15.2001 16.7473 15.1283
threshold=3.5000000000000004 -0.41999999999999965 -0.30166666666666647 -0.013333333333334084 0.0033333333333333344 1.332267629550188e-15 -2.2441666666666658 0.018200000000000011 0.018333333333333358 5.5000000000000009 4.4650000000000007 2.5000000000000004 0.0099999999999993445 -0.013499999999999983 0.46755000000000002 41.500000000000007 1.5000000000000002 -1.0000000180025095e-35 5.5000000000000009 0.031666666666666662 -1.0000000180025095e-35 -1.0999999999999999 1.5000000000000002 2.5000000000000004 7.9450000000000012 -0.0018999999999999848 0.13333333333333422 6.8550000000000013 17.500000000000004 0.105
decision_type=2 2 2 2 2 2 2 2 2 2 2 2 2 2 2 2 2 2 2 2 2 2 2 2 2 2 2 2 2 2
left_child=1 11 5 10 9 18 -7 12 13 14 -3 -1 -6 21 24 -15 -17 -9 -2 20 -8 -5 -12 25 -4 -13 -22 -26 -29 -24
right_child=2 3 4 8 7 6 19 17 -10 -11 22 23 -14 15 -16 16 -18 -19 -20 -21 26 -23 29 -25 27 -27 -28 28 -30 -31
leaf_value=-0.013725330994343563 -0.023662405798071398 -0.009292163360626042 -0.010627248912576036 -0.0084330013979618222 -0.010911856087038803 -0.045677491060162501 -0.0028884078276436645 0.024655423279702101 0.013819097022254742 -0.027587077469405665 0.0098441981310752047 -0.0049848350775471596 0.0013010484464326384 0.011389036994507702 0.014285911568980701 -0.023061693986253157 0.005082184968047034 0.0032008035170651705 -0.041969111921648122 0.056303256907899293 -0.024662732651817523 0.0041494624509381232 0.0014222975569796834 -0.006424283972796577 0.010924065461098443 0.022425280142009733 0.077685820959799437 0.19815866717468852 0.0099354988940638916 -0.017886205626405818
leaf_weight=829.30398357287049 515.98660996183753 544.62421003170311 1279.0176146440208 302.87072432413697 783.00965434499085 64.910101009532809 328.66446516290307 113.49680892564356 1513.9298521317542 195.34684938006103 596.14729029685259 97.987214650958776 606.12683913297951 2143.225004080683 89.246492404490709 61.09372727945447 1322.029806073755 734.78798194602132 182.427499698475 10.491663269698618 174.1120229549706 1937.0228576175869 1266.7181995473802 506.55009378306568 20.56290660426021 116.59324835427105 3.7845771834254256 2.5284540876746169 2.2188753858208656 110.27671965956688
leaf_count=11462 11562 3915 14696 1774 9973 2106 5690 1201 7646 5731 3618 1340 5622 11511 869 319 7088 7324 7469 242 4548 10566 8030 7660 198 1381 58 25 22 1038
internal_value=-0.000152119 0.00389927 -0.00915529 0.00579314 -0.005113 -0.0212355 -0.0125843 -0.0011644 0.00770913 -0.0106732 0.000253031 -0.00806903 -0.00558296 0.00610495 -0.00830222 0.00842774 0.00383905 0.00607134 -0.0284442 -0.00842984 -0.00977056 0.0024481 0.00288768 -0.00156426 -0.00984778 0.00990857 -0.0224854 0.0295419 0.110184 -0.000124025
internal_weight=16455.1 11348.4 5106.72 9797.94 3826.34 1280.38 581.963 2237.42 7280.17 1588.92 2517.77 1550.43 1389.14 5766.24 1393.57 3526.35 1383.12 848.285 698.414 517.053 506.561 2239.89 1973.14 721.131 1304.33 214.58 177.897 25.3102 4.74733 1376.99
internal_count=154684 77348 77336 55505 45661 31675 12644 24120 38904 21541 16601 21843 15595 31258 15810 18918 7407 8525 19031 10538 10296 12340 12686 10381 14941 2721 4606 245 47 9068
is_linear=0
shrinkage=0.05


Tree=48
num_leaves=31
num_cat=0
split_feature=1 13 20 24 24 28 11 28 15 14 26 24 3 6 7 10 14 0 13 27 24 5 11 9 13 12 23 10 0 28
split_gain=218.136 93.3902 93.049 37.4627 34.4813 33.7404 30.0494 27.6766 25.7237 23.6052 21.3205 18.8415 18.1927 17.0509 22.5757 16.5595 16.3061 14.9655 16.0592 14.9363 14.6786 23.407 15.5362 14.6359 14.3808 14.2743 14.2581 16.8468 14.2501 23.7072
threshold=3.5000000000000004 -0.35166666666666718 -0.41999999999999965 -0.013333333333334084 0.041666666666666526 5.5000000000000009 0.38265000000000005 5.5000000000000009 0.018333333333333358 -0.064599999999999963 0.024999999999999915 1.0000000180025095e-35 39.500000000000007 0.15500000000000003 3.2050000000000005 0.25075000000000008 -0.038549999999999938 5.5000000000000009 1.7925000000000002 -0.14999999999999988 -0.0016666666666673711 1.5000000000000002 0.47735 4.3750000000000009 -2.0358333333333323 0.33644999999999997 6.6450000000000005 0.52095000000000014 15.500000000000002 2.5000000000000004
decision_type=2 2 2 2 2 2 2 2 2 2 2 2 2 2 2 2 2 2 2 2 2 2 2 2 2 2 2 2 2 2
left_child=2 7 10 9 5 6 17 11 12 23 13 -2 16 14 -1 -11 -5 -3 19 -19 21 22 -16 -4 -13 -15 -6 -28 -8 -30
right_child=1 4 3 8 26 -7 28 -9 -10 15 -12 24 -14 25 20 -17 -18 18 -20 -21 -22 -23 -24 -25 -26 -27 27 -29 29 -31
leaf_value=0.17766768248998932 -0.023375200547244342 0.00049761687260577701 -0.02728135359245806 0.0021751540833250651 0.015815856476826155 -0.021011653243353412 0.0089881339691194103 -0.034045047249164843 0.013113363203530843 -0.0048025310153751262 -0.014991860454061543 -0.040258308395792627 0.0028306779658574606 -0.014179529961253615 0.017923047871004488 0.0053775637005760678 0.010587886136763574 0.093522910573690901 0.0046371250208806997 -0.012713847721039177 0.00062317084596649438 0.23203580172159166 0.13855662251767489 -0.0053817515914627483 -0.0058467864921199876 0.0005402947055819855 -0.003744674563802427 0.01594449093025389 0.070225517565949733 -0.0085251148308080945
leaf_weight=1.9382579997181881 470.02242983132601 360.04156851768494 94.457743579521775 771.83939862623811 192.85626253858209 402.38493475690484 433.8578067086637 305.58413855545223 1515.5919807776809 547.49962904118001 609.2500958442688 33.061642227694392 2729.8217208124697 351.38749689981341 48.261779136955738 1477.4553099609911 2269.9978591278195 3.3162863180041304 152.00748985260725 1412.1999607235193 215.04528398066759 1.397048208862542 2.8252397403120986 396.74415427073836 371.66199595481157 309.99681518785655 521.40100981667638 137.2391026429832 9.9207807853817922 260.48309172317386
leaf_count=28 10889 3851 714 4293 1627 10896 4321 12181 7646 3854 9847 818 14735 4796 680 9433 12230 35 960 16862 2254 20 33 2600 6276 4185 4827 1054 65 2674
internal_value=-0.000147425 -0.00877373 0.00370511 0.0055 -0.00503217 -0.00752731 -0.00546567 -0.0210912 0.00731622 0.000239895 -0.00772015 -0.0165658 0.00579393 -0.00296076 0.00764097 0.00262511 0.00845323 -0.00869507 -0.0108065 -0.012465 0.00640912 0.0301162 0.0245944 -0.00959303 -0.00865784 -0.00728021 0.00385899 0.000357905 0.0033732 -0.00563585
internal_weight=16409.5 5066.04 11343.5 9803.41 3885.71 3034.21 2631.83 1180.33 7287.25 2516.16 1540.1 874.746 5771.66 930.852 269.468 2024.95 3041.84 1927.57 1567.52 1415.52 267.529 52.4841 51.087 491.202 404.724 661.384 851.496 658.64 704.262 270.404
internal_count=154684 77336 77348 55505 47172 39664 28768 30164 38904 16601 21843 17983 31258 11996 3015 13287 16523 21708 17857 16897 2987 733 713 3314 7094 8981 7508 5881 7060 2739
is_linear=0
shrinkage=0.05


Tree=49
num_leaves=31
num_cat=0
split_feature=28 13 28 14 13 0 13 10 24 13 9 24 9 26 24 23 24 27 19 14 0 15 14 7 24 5 10 24 3 13
split_gain=202.983 113.184 60.3067 43.2629 38.2495 33.8089 29.3929 29.3842 26.173 25.7548 35.0215 24.7198 22.7396 21.2353 20.5063 25.2923 20.3367 20.4394 16.7887 16.2728 19.0987 14.4023 14.3669 15.6544 14.1953 14.0833 14.0772 14.1316 14.3553 13.9424
threshold=1.5000000000000002 -0.96999999999999942 5.5000000000000009 -0.0070916666666666619 1.0150000000000012 5.5000000000000009 1.116666666666666 0.44010000000000005 0.015000000000001014 -2.1341666666666654 5.495000000000001 0.010000000000000233 6.1350000000000007 -0.020000000000000014 -0.021666666666666053 7.2650000000000006 -0.033333333333333652 0.11999999999999968 -0.039999999999999994 0.021783333333333352 2.5000000000000004 -0.01 0.059666666666666708 7.6850000000000014 0.07833333333333449 1.5000000000000002 0.48010000000000003 0.083333333333333495 40.500000000000007 1.7100000000000006
decision_type=2 2 2 2 2 2 2 2 2 2 2 2 2 2 2 2 2 2 2 2 2 2 2 2 2 2 2 2 2 2
left_child=4 9 3 6 12 21 14 13 -4 10 -2 -11 16 -7 15 25 -1 19 -16 -18 -21 -5 23 -15 -20 -3 27 -9 -29 -10
right_child=1 2 8 5 -6 7 -8 26 29 11 -12 -13 -14 22 18 -17 17 -19 24 20 -22 -23 -24 -25 -26 -27 -28 28 -30 -31
leaf_value=-0.0069936289296881797 -0.041047201747665338 -0.015828308942505327 -0.025735124824174605 -0.0016071929605270805 0.014687033075370854 0.0013967337269959411 0.0014727308071991877 0.011058466045298735 -0.0090569487456269027 -0.025197512043307831 0.19236763769668708 -0.0057769916953519761 0.01081081671598458 -0.011402041100217242 0.0081780040925168596 0.13168396661659196 0.0020033557815999142 -0.034810041347031098 -0.0083471472274115454 -0.011348107218356492 0.011968519070362236 0.012412581871537527 -0.00079192926738714587 0.094703648187744113 0.00827759551974744 0.036176659398973014 0.0019858266067267999 0.074859752239221242 -0.030277879302641537 0.02936728539700853
leaf_weight=448.0460749566555 173.14664189144969 880.12189475446939 388.87582172825933 235.79522691294551 1339.4147996902466 1135.1414227075875 1049.4881977960467 370.15231458097696 223.77994358167052 406.21839923970401 1.6220607552677382 274.63628508336842 1256.5615741014481 1020.8743987679482 202.79344752803445 2.9460685849189749 1786.7069359123707 32.759349524974823 1608.4715731367469 96.677369475364685 958.98181657493114 821.01436027884483 513.28673783689737 3.4880215898156157 139.5420779697597 13.213786121457813 936.0480118766427 16.269457779824737 4.0560453385114661 26.392736054956913
leaf_count=2053 5997 12995 12138 2551 6063 9975 6557 3192 5541 10633 34 5457 5405 12223 1752 39 7684 145 18205 418 4064 6842 5622 26 1057 197 7413 92 24 290
internal_value=-0.000142834 -0.00433413 -0.00277977 -0.00172053 0.00725486 0.00133076 -0.00567983 -0.000770996 -0.0176191 -0.0217589 -0.0388808 -0.0173639 0.0050812 -0.00379032 -0.00831639 -0.0145767 0.00291471 0.00445878 -0.00544012 0.00491136 0.00983318 0.00928449 -0.00761956 -0.0110407 -0.00702001 -0.0150591 0.00531257 0.0132874 0.0538791 -0.00500327
internal_weight=16366.5 10447.4 9591.75 8952.7 5919.15 5056.13 3896.58 3999.32 639.049 855.623 174.769 680.855 4579.73 2672.79 2847.09 896.282 3323.17 2875.13 1950.81 2842.37 1055.66 1056.81 1537.65 1024.36 1748.01 893.336 1326.53 390.478 20.3255 250.173
internal_count=154684 128852 106731 88762 25832 47960 40802 38567 17969 22121 6031 16090 19769 27846 34245 13231 14364 12311 21014 12166 4482 9393 17871 12249 19262 13192 10721 3308 116 5831
is_linear=0
shrinkage=0.05


Tree=50
num_leaves=31
num_cat=0
split_feature=1 13 20 24 10 26 13 28 15 24 22 13 24 13 21 27 14 15 11 23 8 14 0 3 7 28 7 22 22 14
split_gain=185.502 84.4653 78.0923 43.3058 34.0534 32.6616 32.2646 31.3096 26.6928 25.3862 24.2655 24.077 22.7673 20.4987 19.9514 19.2694 18.9549 18.7063 18.4757 20.3502 18.2701 18.2266 16.7436 16.6994 17.8456 16.7824 16.7803 16.1431 16.0063 15.9242
threshold=3.5000000000000004 0.29166666666666724 -0.56000000000000016 0.0016666666666664833 0.3202000000000001 1.0000000180025095e-35 -2.2441666666666658 5.5000000000000009 0.031666666666666642 -0.044999999999999478 -0.010000000000000451 1.6383333333333343 0.07833333333333449 2.0666666666666673 -0.055 0.10999999999999989 -0.038549999999999938 0.026666666666666661 0.21784999999999996 6.7650000000000006 0.34100000000000003 -0.013499999999999983 2.5000000000000004 40.500000000000007 2.2400000000000007 2.5000000000000004 6.7650000000000006 3.7950000000000008 -0.049999999999999593 0.039833333333333422
decision_type=2 2 2 2 2 2 2 2 2 2 2 2 2 2 2 2 2 2 2 2 2 2 2 2 2 2 2 2 2 2
left_child=2 3 23 7 9 11 -5 22 12 -4 -3 -6 15 29 -10 28 20 21 -16 -20 -7 -11 -2 25 -25 -1 -26 -15 -8 -12
right_child=1 10 4 6 5 16 8 -9 14 17 13 -13 -14 27 18 -17 -18 -19 19 -21 -22 -23 -24 24 26 -27 -28 -29 -30 -31
leaf_value=-0.010023513814192248 0.0032121099225960598 0.013187861505524668 -0.010860458219852353 -0.04460247489733974 0.0077654235006295834 0.021254741124891511 -0.0037087529347517943 -0.037560631587990431 -0.022013515669082138 -0.0031458811584560847 -0.0076243525234317815 0.018618699706755001 0.013121718772946312 0.020390213360817838 0.24260549783316343 0.13067167233835186 0.00391452388621442 0.015341397654390774 0.10553530946956241 -0.012891581958937696 -0.014048910438550596 0.0045561848171071567 -0.01975067790856461 0.19936800273479924 -0.015241499952747598 0.0053753568746136033 0.064510210680286145 -0.0098949680153101304 -0.017290070244725991 0.0017250363769721643
leaf_weight=376.08802845329046 87.360986907035112 233.84210945479572 388.89607686549425 56.872841959819198 4338.2598616629839 41.527877125889063 440.82127699814737 248.91302164457738 7.4832845833152559 1258.3130695316941 1645.9919640067965 579.22567234188318 121.31352658011019 146.68320523947477 1.5164140481501842 2.4276541732251635 835.39701108634472 266.37226060405374 9.3570800237357599 5.9241381622850886 311.8173683360219 1971.7729236148298 869.5238974802196 0.97808922082185645 607.06245718896389 334.13511188328266 6.6681325584650031 62.856941752135754 427.1669353581965 629.66712279804051
leaf_count=5370 1640 2281 3016 2062 22026 463 7013 10788 119 7566 17790 2676 1608 898 29 38 6665 1418 176 104 2578 11305 17631 13 9214 4958 80 350 8917 5892
internal_value=-0.00013821 -0.00816111 0.00340495 -0.0152616 0.00491746 0.00724588 -0.00795423 -0.0217635 -0.00590278 0.00125811 -0.00221056 0.00904382 -0.00717088 -0.00365946 0.0458915 -0.00999915 -0.000191672 0.002606 0.0761429 0.0596242 -0.00989975 0.00155577 -0.0176542 -0.00800117 -0.0140349 -0.00277888 -0.014375 0.0113054 -0.0103926 -0.00503741
internal_weight=16314.2 4997.72 11316.5 2278.68 9991.58 6106.23 1072.88 1205.8 1016.01 3885.35 2719.04 4917.49 991.729 2485.2 24.2809 870.416 1188.74 3496.46 16.7976 15.2812 353.345 3230.09 956.885 1324.93 614.709 710.223 613.731 209.54 867.988 2275.66
internal_count=154684 77336 77348 50125 57713 34408 20066 30059 18004 23305 27211 24702 17576 24930 428 15968 9706 20289 309 280 3041 18871 19271 19635 9307 10328 9294 1248 15930 23682
is_linear=0
shrinkage=0.05


Tree=51
num_leaves=31
num_cat=0
split_feature=20 1 28 13 15 14 1 0 20 26 11 3 24 4 22 26 15 23 16 9 22 8 10 26 23 23 15 4 30 13
split_gain=170.499 97.7924 66.5924 35.1665 31.873 30.468 24.2655 23.7915 23.3942 21.1323 19.7088 20.975 18.6255 19.5289 17.9934 20.9852 17.2871 16.6561 15.819 15.1926 14.7615 14.5859 15.0132 14.5708 14.447 14.409 14.5251 14.1618 14.128 13.83
threshold=-0.095000000000000182 2.5000000000000004 5.5000000000000009 0.90999999999999981 -0.006666666666666674 -0.0084250000000000418 4.5000000000000009 17.500000000000004 -2.024999999999999 0.024999999999999915 0.46039999999999998 40.500000000000007 -0.073333333333332792 49.500000000000007 -0.049999999999999593 -0.16500000000000001 0.028333333333333332 6.7150000000000007 3.5000000000000004 3.8850000000000002 -2.774999999999999 0.48364999999999997 0.25940000000000002 0.029999999999999808 6.6150000000000011 6.785000000000001 0.01183333333333335 56.500000000000007 1.0000000180025095e-35 2.3800000000000008
decision_type=2 2 2 2 2 2 2 2 2 2 2 2 2 2 2 2 2 2 2 2 2 2 2 2 2 2 2 2 2 2
left_child=2 4 5 6 20 -1 21 10 -7 18 11 -6 -5 24 15 -8 27 -4 -9 -18 -2 22 -3 -10 -14 26 -16 -13 -25 -15
right_child=1 3 17 12 7 8 14 9 23 -11 -12 16 13 29 25 -17 19 -19 -20 -21 -22 -23 -24 28 -26 -27 -28 -29 -30 -31
leaf_value=-0.013084583932370176 -0.024209626666881402 -0.0085979226497829801 -0.011884926487757791 -0.018620315793877681 0.0085268056681937713 -0.017461253682045041 0.1048020068884062 0.017837000858684178 0.0018775398870328191 -0.0076035095279452462 0.018852257108796591 0.00065975893734829803 0.047113281825757941 0.0035635641064232643 -0.01662337430197619 -0.0027562168448887698 -0.041472019237508886 -0.03700762432111309 0.0055614961570851591 0.019287515690191187 0.0017595323053206679 -0.013844765448514228 0.0020167296695872681 -0.0096408710175776569 -0.011623943941374464 -0.024349047230058093 0.0053606882739652487 -0.015585308610959825 0.032392681130629666 0.021712410275907271
leaf_weight=1390.6171985063702 56.190409287810326 488.44527601078153 88.967833368107677 106.49639173224568 1988.1759193353355 257.37828706018627 4.6377962194383135 1136.431821718812 1160.3261630181223 111.16168479248881 282.40203485637903 1224.6984700448811 10.882963936775921 1783.8777274116874 251.17389160394669 204.34168855287135 10.970763109624384 255.28643620572984 341.25606937333941 165.38864627480507 2092.5826878622174 275.91074562259018 1047.5537912268192 523.75715114548802 274.98814783245325 346.27265562489629 107.20387498661876 150.66160756722093 20.784034376963973 111.53255043178797
leaf_count=22608 326 5140 3183 939 9721 5307 53 5395 14498 844 1357 6034 66 12988 5172 3742 55 10930 1554 805 10429 2503 10015 8166 2039 7394 1746 755 338 582
internal_value=-0.000134001 0.00264149 -0.00957297 -0.00277346 0.00623239 -0.00742275 -0.00661012 0.00827824 -0.00341028 0.0134205 0.00614069 0.0051266 0.00179733 0.00279418 -0.013254 -0.000369221 0.00077002 -0.030515 0.0150021 0.0155079 0.00108044 -0.00326004 -0.00135871 -0.00128905 -0.00938785 -0.0170752 -0.0100471 -0.00111978 -0.00803654 0.00463151
internal_weight=16270.4 12573.2 3697.12 5013.32 7559.92 3352.86 2725.54 5411.15 1962.25 1588.85 3822.3 3539.9 2287.78 2181.28 913.63 208.979 1551.72 344.254 1477.69 176.359 2148.77 1811.91 1536 1704.87 285.871 704.65 358.378 1375.36 544.541 1895.41
internal_count=154684 89654 65030 52379 37275 50917 35765 26520 28309 7793 18727 17370 16614 15675 18107 3795 7649 14113 6949 860 10755 17658 15155 23002 2105 14312 6918 6789 8504 13570
is_linear=0
shrinkage=0.05


Tree=52
num_leaves=31
num_cat=0
split_feature=28 20 7 25 1 22 14 3 18 15 0 20 0 13 29 26 18 15 26 23 24 30 4 15 17 24 27 3 15 17
split_gain=157.165 83.552 62.7281 38.0697 37.7683 30.29 25.9716 23.1491 22.4044 22.3031 21.8741 20.1187 18.8981 19.4306 16.1555 15.7423 14.9636 14.9446 14.916 14.637 14.1562 17.151 13.656 13.0205 17.2328 12.5859 12.4008 12.1676 12.0462 11.9459
threshold=4.5000000000000009 -0.020000000000000236 4.5250000000000012 1.5000000000000002 2.5000000000000004 -0.89499999999999991 0.00582499999999997 39.500000000000007 3.5000000000000004 0.026666666666666661 16.500000000000004 -2.3349999999999986 15.500000000000002 -0.63499999999999945 1.0000000180025095e-35 -0.1400000000000001 1.5000000000000002 -0.030833333333333348 -0.16500000000000001 7.2350000000000012 -0.021666666666666941 -2.4999999999999996 59.500000000000007 0.013333333333333352 4.5000000000000009 -0.025000000000000796 -0.060000000000000046 38.500000000000007 0.028333333333333332 2.5000000000000004
decision_type=2 2 2 2 2 2 2 2 2 2 2 2 2 2 2 2 2 2 2 2 2 2 2 2 2 2 2 2 2 2
left_child=1 6 -2 14 5 -3 11 17 10 12 23 -1 13 -9 28 27 -17 -7 -13 20 -18 -22 29 -5 -25 -20 -26 -6 -4 -15
right_child=2 4 3 8 15 7 -8 9 -10 -11 -12 18 -14 22 -16 16 19 -19 25 -21 21 -23 -24 24 26 -27 -28 -29 -30 -31
leaf_value=-0.02945189569939273 -0.027376164507043801 -0.0010812192685391304 -0.0030399261417216653 -0.0091073978869976348 0.029542290158720903 -0.0077309353785157651 -0.0005453453834202344 -0.024660220889954274 -0.02133338072126403 0.016963878127168174 -0.017985653852513276 0.038445753621582909 0.008080847673431554 0.0067792847498262367 0.024407626810047767 0.0035364871315069555 -0.010473976701044295 0.010997250683467444 -0.016373698315228807 0.098006853649442505 0.040240638870762027 -0.0019426354821748479 -0.051617579087401437 0.0119251000630951 0.037365746245484034 -0.0059054178360957756 -0.018594052772177055 -0.0020221714176951035 0.024216137485841147 -0.0022249787745034946
leaf_weight=121.89675630256534 511.69337308034301 1272.7038881368935 321.57190942764282 373.99813614413142 75.778827369213104 110.3277997598052 1387.8399842865765 79.269266709685326 421.03891871497035 309.48344694450498 347.31281550042331 16.868456330150366 1041.8990479633212 585.43341060727835 86.524276312440634 1119.5544529445469 575.28105898946524 3086.5138594582677 399.50584613904357 3.536684736609458 24.492371778935194 1489.6668098121881 12.374106775969265 234.63765908032656 11.091105366125701 1020.735069964081 92.192181123420596 51.132949650287628 46.385751640424132 993.37760090082884
leaf_count=2591 17360 6459 4552 7108 420 536 17546 379 9967 1498 6247 145 5035 2831 865 7716 6089 14988 6920 35 165 11628 63 3241 117 13126 1481 286 418 4872
internal_value=-0.000129369 0.00194434 -0.0118079 -0.00769045 0.00397533 0.00594666 -0.00552037 0.00738497 -0.0115767 0.00424726 -0.00769852 -0.00994918 0.00279627 -0.00049983 0.00496737 -0.000446955 -0.00112928 0.0103509 -0.00829494 -0.00362505 -0.00379708 -0.0012603 0.000703786 -0.0026799 0.00443381 -0.00885009 -0.0125848 0.0168249 0.000396048 0.00111386
internal_weight=16224.1 13777.7 2446.45 1934.75 10830.8 7491.38 2946.85 6218.68 1480.27 3021.84 1059.23 1559.01 2712.35 1670.45 454.482 3339.44 3212.53 3196.84 1437.11 2092.98 2089.44 1514.16 1591.19 711.919 337.921 1420.24 103.283 126.912 367.958 1578.81
internal_count=154684 103328 51356 33996 63000 36661 40328 30202 28161 14678 18194 22782 13180 8145 5835 26339 25633 15524 20191 17917 17882 11793 7766 11947 4839 20046 1598 706 4970 7703
is_linear=0
shrinkage=0.05


Tree=53
num_leaves=31
num_cat=0
split_feature=28 19 8 25 23 15 13 20 24 14 18 14 29 19 23 0 10 9 13 14 13 15 8 23 22 26 19 0 7 8
split_gain=143.355 75.6884 60.0388 41.2184 39.1096 28.8991 26.4403 23.1491 22.1964 21.1855 19.0609 18.9836 17.1458 16.6017 15.8993 18.4177 17.5078 15.5284 14.8686 17.9656 14.8204 15.7868 16.825 18.9802 14.4533 14.4385 14.4989 14.0561 13.6972 13.41
threshold=4.5000000000000009 1.0000000180025095e-35 0.20979999999999996 1.5000000000000002 6.785000000000001 -0.002666666666666664 0.076666666666666897 -1.9899999999999993 0.10166666666666792 -0.04158333333333334 2.5000000000000004 0.070800000000000016 1.0000000180025095e-35 0.025000000000000012 6.6050000000000013 3.5000000000000004 0.30314999999999998 6.1550000000000011 -0.60833333333333306 0.020316666666666625 1.7100000000000006 0.028333333333333332 0.23465000000000003 6.6950000000000012 -0.010000000000000451 -0.079999999999999613 0.010000000000000004 1.5000000000000002 3.7650000000000001 0.38664999999999999
decision_type=2 2 2 2 2 2 2 2 2 2 2 2 2 2 2 2 2 2 2 2 2 2 2 2 2 2 2 2 2 2
left_child=1 3 -2 14 5 -4 -5 -3 20 17 13 12 -9 -6 -1 -16 -17 -8 19 -10 21 24 23 -23 -7 26 -14 -12 -18 -19
right_child=2 7 4 6 10 8 9 11 18 -11 27 -13 25 -15 15 16 28 29 -20 -21 -22 22 -24 -25 -26 -27 -28 -29 -30 -31
leaf_value=0.020808335357832445 -0.02977040515505144 -0.018893751200009055 -0.013140988382594698 -0.0021870067814745583 -0.010040089505605554 0.013759972657346454 -0.0056984801743574674 -0.0071672148440250442 0.042731989646777005 0.0058736044080593746 0.021289705314677693 0.005696053938663439 0.14375373624525034 0.055305321550443078 -0.0036958228019466663 0.0033733583859376381 0.082886764221827489 0.023504603322426418 0.030702882308038471 0.30547082871556119 0.020665603766038512 0.33170082670347628 0.015939250767468206 0.029442467220545422 -0.008134167105759137 0.0031533285092715429 0.029507450799423053 -0.024684179363130544 0.012171823598150645 0.0019001702297274004
leaf_weight=255.21328846365213 373.89476645737886 285.44967053458095 355.73867026530206 2639.7662115506828 508.06699920445681 91.989647319540381 829.41096943616867 1966.6778229027987 1.5633849911391728 3882.5747112184763 17.297912400215864 430.47161976248026 3.1662016585469273 9.9094662945717555 310.58798817545176 812.63584532216191 6.8795976340770713 81.682871747761965 43.733711961656809 1.1144120059907434 91.716625656932592 0.90707485750317518 77.709874771535397 1.2151684630662201 417.45162822306156 156.49894414842129 22.597349558025599 427.89748167060316 1481.3140080086887 595.23488586768508
leaf_count=1316 13681 5698 7413 21598 8487 1650 5178 22546 28 22830 372 4228 24 144 1600 4562 46 513 374 19 700 18 1009 31 7313 1725 183 10117 7766 3515
internal_value=-0.000125012 0.00184876 -0.011347 0.0037503 -0.00798069 -0.00146237 0.00191266 -0.00538294 0.0042491 0.00392089 -0.0153109 -0.00388778 -0.00580759 -0.00878996 0.00889704 0.00773295 0.00927571 -0.00111225 0.0377057 0.152075 0.00196894 -0.000941081 0.0197326 0.158632 -0.00418075 0.00886324 0.0435477 -0.0228979 0.0124987 0.00450715
internal_weight=16180.4 13760.2 2420.21 10895.3 2046.31 1083.14 8028.67 2864.86 727.402 5388.9 963.172 2579.41 2148.94 517.976 2866.63 2611.42 2300.83 1506.33 46.4115 2.6778 680.99 589.273 79.8321 2.12224 509.441 182.262 25.7636 445.195 1488.19 676.918
internal_count=154684 103328 51356 68924 37675 18555 53634 34404 11142 32036 19120 28706 24478 8631 15290 13974 12374 9206 421 47 10721 10021 1058 49 8963 1932 207 10489 7812 4028
is_linear=0
shrinkage=0.05


Tree=54
num_leaves=31
num_cat=0
split_feature=1 13 28 14 2 0 13 9 0 24 24 24 10 11 3 19 26 13 0 9 10 23 11 19 24 5 13 27 14 9
split_gain=133.811 85.8388 45.2667 34.1861 33.0082 28.4132 23.2316 28.5005 23.1971 23.1703 22.7174 21.9609 21.3636 17.145 16.5441 16.1772 15.925 15.4804 14.9842 15.1906 14.2589 14.2293 13.8392 13.4118 13.1998 13.1069 12.9003 12.8957 12.3163 11.9436
threshold=1.5000000000000002 -0.96999999999999942 5.5000000000000009 -0.0070916666666666619 3.5000000000000004 5.5000000000000009 -2.1341666666666654 5.4150000000000009 15.500000000000002 0.010000000000000233 -0.035000000000000579 0.0066666666666672656 0.44010000000000005 0.42765000000000003 39.500000000000007 0.015000000000000001 -0.020000000000000014 1.485000000000001 13.500000000000002 5.6050000000000013 0.48010000000000003 7.2350000000000012 0.44885000000000003 -0.025000000000000005 -0.023333333333333869 1.0000000180025095e-35 0.88000000000000134 0.084999999999999978 0.021066666666666654 6.7250000000000005
decision_type=2 2 2 2 2 2 2 2 2 2 2 2 2 2 2 2 2 2 2 2 2 2 2 2 2 2 2 2 2 2
left_child=4 6 3 10 8 -5 7 -2 13 25 21 26 16 18 -6 -12 29 -16 19 24 -14 -3 -18 -13 -1 -8 -4 28 -10 -7
right_child=1 2 11 5 14 12 9 -9 27 -11 15 23 20 -15 17 -17 22 -19 -20 -21 -22 -23 -24 -25 -26 -27 -28 -29 -30 -31
leaf_value=-0.012287486639247461 -0.039566489222218441 -0.013104175502108474 -0.031121344140257259 0.0086148789701474323 0.016112059751174735 0.0005739124924206367 -0.030019727186282943 0.13573847170034944 0.0059692241909940404 -0.0037726229037228672 -0.0010891993232254851 0.011184683880263819 0.01256214669566218 0.011670758756726702 0.0034146467317621564 -0.0099939873850228792 -0.0085360213138908191 0.020802239028605566 -0.011307704190889457 0.0073955699880268403 0.0012463980492725575 0.066376009081704809 0.0047917654903421401 -0.012534745463797221 0.0001535150565474738 -0.010516634670122676 -0.0090942778509221136 -0.0090156529310145665 0.015659827058032049 0.037158314881458897
leaf_weight=266.50076460465789 150.53269280865788 770.77718671225011 222.66518028452992 1067.3928295653313 944.61916951835155 1114.7066896464676 243.4366448353976 2.3547508809715501 889.99719625711441 262.70042207464576 2435.763415876776 85.26915212161839 394.55424800515175 300.53673674911261 710.68843800574541 645.11283598840237 1287.5317859761417 156.13226841390133 307.02949389815331 573.86792538315058 945.59480675682425 5.672712877392768 229.49346460588276 197.94174267537892 1066.1148911267519 133.32622247003019 94.757074486464262 100.30579347535968 519.13793414831161 22.764708001166582
leaf_count=1266 5980 10478 9191 9415 4358 9825 6863 43 3874 5430 22392 1681 3310 1302 3147 7933 15370 747 1335 2425 7437 62 2475 5384 4644 3755 1704 450 2243 165
internal_value=-0.00012101 -0.00354479 -0.00222874 -0.00133403 0.00592999 0.00136811 -0.019357 -0.0368665 0.00340667 -0.0151707 -0.0048801 -0.015515 -0.000568271 0.000464913 0.0115347 -0.0029538 -0.00316635 0.00654651 -0.00105655 0.000594351 0.00457788 -0.0125235 -0.00651981 -0.0053933 -0.00233448 -0.0231181 -0.0245458 0.00830631 0.00953933 0.00130609
internal_weight=16147.3 10312.3 9520 8919.36 5834.93 5062.04 792.351 152.887 4023.49 639.463 3857.33 600.633 3994.65 2514.05 1811.44 3080.88 2654.5 866.821 2213.51 1906.48 1340.15 776.45 1517.03 283.211 1332.62 376.763 317.422 1509.44 1409.14 1137.47
internal_count=154684 128893 106822 88862 25791 47997 22071 6023 17539 16048 40865 17960 38582 10972 8252 30325 27835 3894 9670 8335 10747 10540 17845 7065 5910 10618 10895 6567 6117 9990
is_linear=0
shrinkage=0.05


Tree=55
num_leaves=31
num_cat=0
split_feature=1 13 20 15 24 28 14 16 0 11 23 1 20 23 22 13 3 1 26 18 0 7 0 26 13 1 14 30 10 19
split_gain=124.469 68.2398 50.9589 36.7614 30.9666 34.2868 27.3161 26.2578 23.9091 20.8819 18.1388 17.1713 19.5996 15.5859 15.5739 17.0786 15.5584 15.6333 17.0842 14.8296 14.7019 14.6512 14.4867 16.0971 13.9551 13.7996 14.0503 13.706 13.55 13.4606
threshold=3.5000000000000004 -1.1399999999999992 -0.56000000000000016 0.013333333333333352 0.1216666666666666 5.5000000000000009 -0.058333333333333313 1.5000000000000002 15.500000000000002 0.46515000000000001 6.785000000000001 1.5000000000000002 2.5350000000000006 6.7650000000000006 -1.0999999999999999 1.0308333333333335 40.500000000000007 2.5000000000000004 -0.19999999999999971 3.5000000000000004 14.500000000000002 6.7650000000000006 6.5000000000000009 1.0000000180025095e-35 -2.4924999999999993 2.5000000000000004 0.051166666666666617 1.5000000000000002 0.16025000000000003 1.0000000180025095e-35
decision_type=2 2 2 2 2 2 2 2 2 2 2 2 2 2 2 2 2 2 2 2 2 2 2 2 2 2 2 2 2 2
left_child=2 -2 16 4 5 8 22 11 9 14 -5 19 27 -6 -3 -16 17 -1 -19 20 -8 24 -4 -24 -18 26 28 -13 -9 -23
right_child=1 3 6 10 13 -7 7 25 -10 -11 -12 12 -14 -15 15 -17 21 18 -20 -21 -22 29 23 -25 -26 -27 -28 -29 -30 -31
leaf_value=-0.0083123867856106873 -0.027388921384360318 0.010599271566198509 -0.0097031282813357586 0.0065909175884890266 0.047078676898416466 -0.0228193350386139 0.011272606051548874 -0.0037402365217845688 -0.013052397556255396 0.017865243163479729 -0.0045708757674951207 0.0022492966634357387 0.019755377966242993 -0.022423696564953854 -0.0095784780467794428 0.0033525486864204065 0.13645488606630912 0.13429584512268386 0.0056980585946281625 0.0016568209269124182 0.02421032473824531 0.11984624302927678 0.0035751474357101857 -0.0099741708673873834 -0.013775218254480385 -0.0015023243081644343 0.0091311422629806113 0.082481992506419521 0.0044344862085612061 -0.02112368931229917
leaf_weight=380.66123658232391 371.95509556867182 150.77245224453509 421.83313196524978 783.03069052286446 36.938321627676487 384.75930495001376 490.04698041081429 615.00250125676394 965.0742551125586 110.54410127177835 680.13220224902034 971.12944258004427 203.24728891253471 10.31983222439885 1018.945869281888 340.73093385994434 1.5499092489480961 2.6043064855039111 310.79704912938178 189.34154842793941 397.85560302436352 3.9740200899541369 1104.6046643219888 273.47617998160422 585.7306052763015 1133.6867144070566 1273.5709194391966 5.3522314168512812 2884.1458553597331 2.9506863318383694
leaf_count=5608 13030 2717 2527 7750 312 13961 2331 3340 13376 1206 7917 5647 926 99 14465 2503 23 25 4695 845 1955 43 5709 2632 9204 10282 6474 35 15010 37
internal_value=-0.00011678 -0.00680971 0.00277012 -0.00510158 -0.00825475 -0.00889353 0.00398009 0.00520943 -0.00682163 -0.00311208 0.0014025 0.00979678 0.0056293 0.0319013 -0.00464733 -0.006338 -0.00658764 -0.00150349 0.00676668 0.0143607 0.0170698 -0.0125262 -0.00159545 0.000886324 -0.0133787 0.00345649 0.00463438 0.00268906 0.00299772 0.0597776
internal_weight=16104.8 4853.2 11251.6 4481.25 3018.09 2970.83 9963.29 8163.38 2586.07 1620.99 1463.16 2256.97 1179.73 47.2582 1510.45 1359.68 1288.27 694.063 313.401 1077.24 887.903 594.205 1799.91 1378.08 587.281 5906.41 4772.72 976.482 3499.15 6.92471
internal_count=154684 77336 77348 64306 48639 48228 57713 46845 34267 20891 15667 11739 6608 411 19685 16968 19635 10328 4720 5131 4286 9307 10868 8341 9227 35106 24824 5682 18350 80
is_linear=0
shrinkage=0.05


Tree=56
num_leaves=31
num_cat=0
split_feature=28 20 8 25 25 18 26 14 0 0 30 29 15 14 19 4 0 1 24 8 4 20 26 1 0 5 10 26 14 7
split_gain=113.986 58.7154 52.9449 34.7058 29.1835 25.7418 22.5953 20.8688 20.2787 19.3797 21.085 17.0402 16.959 15.7231 15.2663 15.1541 14.9274 15.1025 17.1548 14.8041 14.1735 13.596 13.4342 13.4299 16.9441 15.3332 19.3744 13.4918 13.3031 12.937
threshold=4.5000000000000009 -0.020000000000000236 0.20979999999999996 1.5000000000000002 1.5000000000000002 4.5000000000000009 -0.015000000000000123 -0.056416666666666733 16.500000000000004 4.5000000000000009 1.0000000180025095e-35 1.0000000180025095e-35 -0.0079999999999999915 0.065516666666666709 0.025000000000000012 49.500000000000007 4.5000000000000009 2.5000000000000004 0.021666666666666948 0.22875000000000004 43.500000000000007 -1.6999999999999993 -0.16500000000000001 2.5000000000000004 23.500000000000004 1.0000000180025095e-35 0.61560000000000004 1.0000000180025095e-35 0.052233333333333333 4.705000000000001
decision_type=2 2 2 2 2 2 2 2 2 2 2 2 2 2 2 2 2 2 2 2 2 2 2 2 2 2 2 2 2 2
left_child=1 6 -2 11 16 8 14 -6 13 -8 21 -4 15 -5 20 -9 -3 18 -18 -16 29 -11 -20 24 -14 -25 -27 -26 -28 -1
right_child=2 4 3 5 7 -7 9 12 -10 10 -12 -13 23 -15 19 -17 17 -19 22 -21 -22 -23 -24 25 27 26 28 -29 -30 -31
leaf_value=0.19761403955865353 -0.02820273753264145 -0.00052901521851056986 -1.8937427523959707e-05 -0.0065440239271494817 -0.0033308907667844844 -0.025388863972451332 0.0038944060717906008 -0.012969077868649988 -0.017029272716955351 -0.021870061673055659 0.022404558207688843 0.023819933864923835 0.0057425150171032946 0.011717036360089269 -0.02279837058672237 0.00066412622512656617 -0.011708559312759924 0.0026738957929072589 0.070586635232806866 -0.00011273494900422687 0.0036208454827132822 -0.0093273462176626538 0.012315048628611942 -0.0024586540198018123 0.030341164040508996 0.0053629009586220284 0.024034159504519242 -0.014927282299616679 0.091775000305659313 0.021160847581211999
leaf_weight=1.7853215783834446 350.23281960375607 468.10278209298849 385.42658946849406 723.49008915014565 1603.1761518009007 252.7841277346015 273.99657966569066 238.47833680734038 413.75658372603357 266.30716950632632 46.840252727270126 93.062349040061235 2922.7457183860242 140.81910941004753 118.11140079423785 1403.0917675085366 75.456938587129116 644.12794295698404 9.9494856446981412 183.86614361777902 861.14362773671746 1145.0121158249676 1681.5840754806995 1095.3802361413836 115.41850677132607 492.23166218772531 24.767786908894777 19.197285145521164 10.245607770979403 2.4840707220137119
leaf_count=27 13681 2280 5431 13735 10195 6900 4049 1512 8319 5625 719 967 14368 2323 1903 8835 362 3898 49 1985 9433 16566 8023 8687 520 3888 173 144 66 21
internal_value=-0.000112767 0.00163499 -0.0102631 -0.00713617 0.00333052 -0.01081 -0.00468267 0.00176415 -0.00792645 -0.00830617 -0.0105987 0.00461754 0.00305628 -0.00356881 0.000693823 -0.00131643 0.00764175 0.00922805 0.0116173 -0.00898569 0.00407139 -0.0116941 0.0126578 0.00459007 0.00654135 0.000913453 0.00791919 0.0238855 0.0438565 0.0949479
internal_weight=16063.1 13703.5 2359.57 2009.34 10804 1530.85 2899.55 7924.73 1278.07 1732.16 1458.16 478.489 6321.56 864.309 1167.39 1641.57 2879.22 2411.12 1766.99 301.978 865.413 1411.32 1691.53 4679.99 3057.36 1622.63 527.245 134.616 35.0134 4.26939
internal_count=154684 103328 51356 37675 63000 31277 40328 48388 24377 26959 22910 6398 38193 16058 13369 10347 14612 12332 8434 3888 9481 22191 8072 27846 15032 12814 4127 664 239 48
is_linear=0
shrinkage=0.05


Tree=57
num_leaves=31
num_cat=0
split_feature=28 19 7 24 25 15 28 7 10 5 13 21 18 23 14 0 13 26 19 14 26 21 15 11 0 11 23 3 1 6
split_gain=103.827 53.7738 50.0657 32.1403 29.0269 19.8272 21.9011 21.8275 18.5855 19.1222 23.2527 27.1499 18.5551 18.2033 17.9278 17.6705 17.1592 17.0845 17.0417 15.6808 13.9998 15.6866 14.3617 20.7405 13.3333 13.0579 12.9652 12.8088 12.7311 12.5644
threshold=4.5000000000000009 1.0000000180025095e-35 4.5250000000000012 -0.018333333333333975 1.5000000000000002 -0.0083333333333333506 1.5000000000000002 6.3650000000000011 0.35015000000000002 1.0000000180025095e-35 -1.3566666666666669 0.025000000000000012 4.5000000000000009 6.5250000000000012 -0.055533333333333372 15.500000000000002 -0.20166666666666686 -0.14499999999999999 0.025000000000000012 0.065516666666666709 -0.024999999999999908 1.0000000180025095e-35 -0.0066666666666666949 0.23409999999999997 4.5000000000000009 0.45290000000000002 6.9650000000000007 28.500000000000004 5.5000000000000009 0.15500000000000003
decision_type=2 2 2 2 2 2 2 2 2 2 2 2 2 2 2 2 2 2 2 2 2 2 2 2 2 2 2 2 2 2
left_child=1 3 -2 14 29 -5 7 -7 18 26 11 -11 15 -12 -1 19 25 -8 -3 28 -15 24 -23 -24 -22 -16 -10 -25 -6 -4
right_child=2 8 4 5 12 6 17 -9 9 10 13 -13 -14 20 16 -17 -18 -19 -20 -21 21 22 23 27 -26 -27 -28 -29 -30 -31
leaf_value=-0.0094635775322775319 -0.02459314212550559 -0.0034740467737571705 0.011910350835136672 -0.00035346831798605438 -0.00070074065684406041 0.0059693040726896711 0.020817752781992799 0.014634248412250517 -0.0062189435890473415 0.31018021537904539 0.13628013346558862 0.0087083300340241969 -0.023154351992706601 0.017515348835354737 -0.010463580410209918 -0.015355915282878864 0.0031209375959259846 0.002260142589056996 -0.013832077245296934 0.013772308721560525 0.024143853688850827 0.0020330127551401252 0.16020414710036843 0.11976530456834228 -0.021402741693436974 0.020085316090325996 0.024159222287679329 0.014606026029468963 -0.015411690712788119 -0.0049195700871634378
leaf_weight=583.89262048155069 461.91173399239779 883.50945014506578 261.97192675992846 1599.0717310383916 421.62735325284302 2324.4665734320879 128.98881952092052 1057.4223073422909 728.21902701631188 1.3776733912527555 2.718493938446044 1.6309085264801977 218.01655791886151 175.26795775443316 421.3806694149971 434.86787830106914 1493.7690233550966 3220.957617200911 721.28681664913893 121.07252446562052 19.119562651962042 118.81875841319561 3.2100675702095023 3.2586838975548771 100.67960181459785 38.146858476102352 36.903296630829573 25.996309608221054 225.85147939808667 192.29922452755272
leaf_count=4751 17360 11413 3008 8645 6168 9968 749 5039 7140 29 17 36 5866 1413 4400 8538 10405 24604 10956 1893 181 1388 35 27 1064 363 430 275 5696 2827
internal_value=-0.000108941 0.00155399 -0.00984775 0.0031508 -0.00621655 0.00465134 0.00584018 0.00867859 -0.00459567 6.35016e-05 0.00821649 0.146757 -0.00973282 0.00728832 -0.00177626 -0.00730132 0.000521683 0.0029747 -0.00812954 -0.00274381 0.0065027 -0.000617499 0.0100857 0.0395578 -0.0141337 -0.00792762 -0.00475375 0.0263196 -0.00583217 0.00478601
internal_weight=16027.7 13690.1 2337.62 10868.1 1875.71 8330.91 6731.84 3381.89 2822 1217.2 452.078 3.00858 1421.44 449.069 2537.19 1203.42 1953.3 3349.95 1604.8 768.551 446.351 271.083 151.284 32.4651 119.799 459.528 765.122 29.255 647.479 454.271
internal_count=154684 103328 51356 68924 33996 49005 40360 15007 34404 12035 4465 65 28161 4400 19919 22295 15168 25353 22369 13757 4383 2970 1725 337 1245 4763 7570 302 11864 5835
is_linear=0
shrinkage=0.05


Tree=58
num_leaves=31
num_cat=0
split_feature=1 13 10 15 26 24 28 20 0 24 4 13 3 11 3 23 10 8 14 20 14 28 7 8 10 13 24 8 21 11
split_gain=96.0313 58.872 40.3425 31.0433 28.2314 27.0039 33.1126 26.4694 23.2628 21.6175 19.2136 18.9569 16.1731 16.1253 15.6629 15.5809 14.9932 14.26 15.4592 22.7035 14.4892 14.6675 13.4173 13.1149 12.88 12.5853 12.415 13.4765 20.8169 12.1463
threshold=3.5000000000000004 -1.1399999999999992 0.30314999999999998 0.013333333333333352 1.0000000180025095e-35 0.10166666666666792 5.5000000000000009 -0.74999999999999967 5.5000000000000009 -0.046666666666665517 50.500000000000007 1.2233333333333336 39.500000000000007 0.46515000000000001 41.500000000000007 6.785000000000001 0.73175000000000001 0.33760000000000007 -0.038549999999999938 1.325 -0.037833333333333295 2.5000000000000004 6.5650000000000004 0.14090000000000003 0.71610000000000018 -2.0358333333333323 -0.11083333333333333 0.30395000000000005 0.020000000000000014 0.40285000000000004
decision_type=2 2 2 2 2 2 2 2 2 2 2 2 2 2 2 2 2 2 2 2 2 2 2 2 2 2 2 2 2 2
left_child=2 -2 7 5 11 6 8 -1 13 -9 -10 14 25 -3 24 -5 29 26 -19 20 -20 -22 -18 -14 -4 -11 27 28 -6 -12
right_child=1 3 4 15 17 -7 -8 9 10 12 16 -13 23 -15 -16 -17 22 18 19 -21 21 -23 -24 -25 -26 -27 -28 -29 -30 -31
leaf_value=-0.010505831959695899 -0.025779747055014037 0.00075505756277088757 0.0079907840471966137 0.0062759280825410938 -0.054168429018778622 0.018457659089938808 -0.022543348628398189 -0.011577584616509947 -0.019305740939110631 -0.03249522069132723 -0.0090983409276539726 0.011841302756661487 -0.021271092877859579 0.03589120932210748 0.0013448115726375268 -0.0040870291980182509 0.098765867551165065 -0.012446514657436378 0.1030211084719191 0.011558670425670693 -0.013632791920060823 0.002471754156627677 0.0020641890253383639 -0.0012925445587709894 -0.022736646698570215 0.0049894256609903757 0.0073555124715329878 0.21286418888973022 0.20631726769038022 0.0016599788046751558
leaf_weight=670.40531963668764 350.14586287923157 488.59882051497698 2310.1311876382679 785.12057082168758 2.292716652154922 97.503440696746111 357.18482620641589 346.17988394573331 353.86765576526523 22.661672873422503 1289.7990326117724 1260.2742330133915 87.712928833439946 34.992896515876055 1809.046963814646 674.17123802006245 6.3307390641421071 354.267512653023 3.0455635711550704 283.0565178617835 311.69491282105446 258.75251740217209 8.2766998745501024 1293.8028762042522 34.614969182759523 1883.5605023130774 282.29587677493691 1.491943087428808 1.1525564491748808 329.35229494795203
leaf_count=11538 13030 6208 12852 7750 37 858 13799 2866 4794 133 18426 5996 575 358 9917 7917 66 3252 30 1620 2903 2540 83 7880 194 11184 3793 19 19 4047
internal_value=-0.000105347 -0.00604353 0.0024228 -0.00448189 0.00478911 -0.0074194 -0.00829902 -0.00137714 -0.00627297 0.000306973 -0.00874291 0.00646997 0.00155835 0.00310329 0.00484029 0.0014884 -0.00645503 -0.00128565 -0.00366164 -2.82353e-05 -0.00574714 -0.00632784 0.0439739 -0.00256099 0.00753716 0.0045438 0.00873023 0.0873328 0.0329725 -0.00690999
internal_weight=15991.8 4775.34 11216.4 4425.2 6912.12 2965.91 2868.4 4304.32 2511.22 3633.92 1987.63 5414.07 3287.74 523.592 4153.79 1459.29 1633.76 1498.05 1210.82 856.55 573.493 570.447 14.6074 1381.52 2344.75 1906.22 287.233 4.93722 3.44527 1619.15
internal_count=154684 77336 77348 64306 43172 48639 47781 34176 33982 22638 27416 28959 19772 6566 22963 15667 22622 14213 10345 7093 5473 5443 149 8455 13046 11317 3868 75 56 22473
is_linear=0
shrinkage=0.05


Tree=59
num_leaves=31
num_cat=0
split_feature=20 1 28 16 11 22 22 0 3 15 15 5 23 24 0 4 23 24 23 12 16 15 26 9 0 13 9 10 26 8
split_gain=88.277 49.598 48.8411 26.0453 24.1169 23.964 20.8055 19.6044 18.3895 19.341 17.7543 17.3851 17.1162 17.0849 16.6027 16.3871 16.0879 15.8579 15.8418 40.0433 14.311 16.9276 16.9306 13.8172 13.3568 17.1549 13.7095 12.4659 12.404 28.6135
threshold=-0.095000000000000182 2.5000000000000004 5.5000000000000009 1.5000000000000002 0.31990000000000002 -0.010000000000000451 -0.89499999999999991 4.5000000000000009 39.500000000000007 0.028333333333333332 -0.010000000000000021 1.5000000000000002 6.7150000000000007 -0.073333333333332792 5.5000000000000009 50.500000000000007 6.785000000000001 -0.046666666666666405 6.9650000000000007 0.16760000000000003 2.5000000000000004 0.036666666666666667 -0.14499999999999999 7.8750000000000009 15.500000000000002 -0.63499999999999945 7.6650000000000009 0.17595000000000002 -0.095000000000000182 0.26290000000000008
decision_type=2 2 2 2 2 2 2 2 2 2 2 2 2 2 2 2 2 2 2 2 2 2 2 2 2 2 2 2 2 2
left_child=2 6 4 13 17 7 -2 23 -8 24 -6 14 -4 -3 -12 -15 -7 -1 -16 -20 -9 22 -22 -5 25 -10 -27 -11 29 -13
right_child=1 3 12 5 10 16 8 20 9 27 11 28 -14 15 18 -17 -18 -19 19 -21 21 -23 -24 -25 -26 26 -28 -29 -30 -31
leaf_value=-0.023338150719469541 -0.0013704202258202323 -0.019013881777470289 -0.0067872716043511742 0.014953069517540009 -0.0083243332184998811 -0.0040134958475432627 0.0082609719128753454 0.010916084697714394 -0.023902455781374218 -0.022689192437805469 0.011219825863598206 0.22023827794222234 -0.034022502792868586 -0.0074270945813695415 -0.0039140991522167616 0.0052995540828700838 -0.013189625502467234 -0.0082223764230603402 0.28285673502880249 0.018338295447128897 0.042854595558566501 0.060251705183586926 -0.007692355186422555 0.13844610080363384 0.0059987637945079835 -0.0010168965427580681 0.021329700192843387 0.018985886806752766 0.023258497722547813 -0.0053834683735157146
leaf_weight=207.47869954444468 1283.5271756574512 89.552706712856889 79.037459801882505 169.74356739223003 683.92708112299442 1018.5160029232502 3204.5053279697895 170.73414233885705 78.911952223628759 19.391150530427694 285.93638049252331 2.7280141841620198 213.56546612456441 299.35615993104875 900.81572453677654 1631.1977357845753 899.51642184145749 1059.7770831957459 1.4850408155471075 39.121715627610683 17.019258273765445 9.6858368087559921 622.3029894977808 2.2956621274352065 1065.8252346776426 1556.4711908511817 71.799826994538307 240.37632872909307 30.697363615036011 2.8980709239840508
leaf_count=4517 6581 870 3183 1837 11738 12155 15762 1500 384 95 3666 41 10930 2310 12539 12379 12705 17258 25 642 145 99 8356 23 5232 7685 359 1177 461 30
internal_value=-0.000101978 0.00187181 -0.0071085 -0.00202596 -0.00532848 -0.00505406 0.00442682 0.00125605 0.0056198 0.00282907 -0.00183522 0.0016768 -0.0266658 0.00233578 0.000667901 0.00332613 -0.00831691 -0.0106972 -0.00253701 0.0280121 -0.00196438 -0.00535284 -0.00634676 0.0166009 0.00160697 -0.00113491 -3.15067e-05 0.0158749 0.0357671 0.104018
internal_weight=15958.2 12450.7 3507.47 4929.92 3214.87 2909.81 7520.81 991.781 6237.28 3032.78 1947.61 1263.68 292.603 2020.11 1227.36 1930.55 1918.03 1267.26 941.422 40.6068 819.742 649.008 639.322 172.039 2773.01 1707.18 1628.27 259.767 36.3234 5.62609
internal_count=154684 89654 65030 52379 50917 36820 37275 11960 30694 14932 29142 17404 14113 15559 16872 14689 24860 21775 13206 667 10100 8600 8501 1860 13660 8428 8044 1272 532 71
is_linear=0
shrinkage=0.05


Tree=60
num_leaves=31
num_cat=0
split_feature=28 8 19 24 23 15 8 10 14 10 12 14 24 18 19 8 1 8 0 26 28 15 15 10 15 2 22 15 13 7
split_gain=82.2962 44.6897 42.8652 32.2115 30.7268 21.6202 19.3675 18.4397 18.3244 17.5808 17.2581 17.1071 16.173 16.0285 15.1818 13.537 21.5241 16.9628 13.0497 12.8553 12.5936 14.023 12.5716 12.5461 14.7464 12.5421 14.2059 15.2117 13.4287 12.8167
threshold=4.5000000000000009 0.20979999999999996 0.025000000000000012 -0.018333333333333975 6.785000000000001 -0.002666666666666664 0.17010000000000003 0.35315000000000002 -0.055533333333333372 0.43785000000000002 0.40275000000000005 0.082716666666666702 0.10166666666666792 2.5000000000000004 0.025000000000000012 0.42295000000000005 1.5000000000000002 0.42130000000000006 1.5000000000000002 -0.16500000000000001 1.5000000000000002 -0.0050000000000000175 -0.048333333333333325 0.28970000000000001 0.018333333333333358 3.5000000000000004 -0.55000000000000038 0.035500000000000011 -1.4666666666666663 4.9850000000000012
decision_type=2 2 2 2 2 2 2 2 2 2 2 2 2 2 2 2 2 2 2 2 2 2 2 2 2 2 2 2 2 2
left_child=2 -2 3 6 5 -3 11 -4 -8 10 19 -1 25 14 -6 17 -17 -11 -15 -5 21 -21 -12 24 -14 26 28 -28 -7 -29
right_child=1 4 7 9 13 12 8 -9 -10 15 22 -13 23 18 -16 16 -18 -19 -20 20 -22 -23 -24 -25 -26 -27 27 29 -30 -31
leaf_value=-0.023940061047069798 -0.026114295078532468 -0.010716074335220413 -0.012825162790919076 0.024155338128702707 -0.0080089898620817369 0.24303548099386207 -0.0086935567195870218 0.00043754024371978062 0.00089418931033450873 0.010517520973728838 -0.051760238184879015 0.025789669777867365 0.11082092677702418 0.02289195575753035 0.054276100851640065 0.010175773876655893 0.00027567909855870414 0.053042235748461022 -0.021964184204248671 -0.001328708846218134 -0.0016158408731406539 0.0060246836250065503 0.009462777855295753 0.016967906161186274 -0.001807220805192452 0.010192971185091947 -0.010184608207274277 0.11158173399334122 0.018824135093009012 0.014275343567908317
leaf_weight=155.98147755861282 322.91603080555797 336.23826688155532 714.50743394158781 59.722393251955509 487.25936698168516 0.67751079238951106 646.63545916602015 413.88998510316014 2173.2495675142854 949.96631513908505 8.4717903770506364 19.449955955147743 8.9025456383824331 16.912054227665067 9.9839660394936782 959.00344856828451 1284.2158578447998 24.044158082455397 392.95226611196995 1050.7286254912615 2668.0223349872977 1692.9749380499125 818.26274228096008 35.411933932453394 4.3148284181952468 301.56068985909224 301.44685163721442 4.2153611630201366 46.672613553702831 17.15904332511127
leaf_count=2219 13681 7413 11065 381 8487 19 5820 4331 18484 5923 47 221 96 372 144 4554 8128 140 10117 4578 24517 7372 5548 285 40 3927 5599 84 893 199
internal_value=-9.87632e-05 -0.00887697 0.00137292 0.00221474 -0.00604243 -0.000247281 -0.00230722 -0.00796048 -0.0013044 0.00363819 0.00210213 -0.0184266 0.00463917 -0.0127926 -0.00675839 0.00664525 0.00450809 0.0115673 -0.0201133 0.00108473 0.000830128 0.00320863 0.00883541 0.0324836 0.0740533 0.0026234 -0.00354317 -0.00729447 0.0220323 0.0334657
internal_weight=15925.7 2286.62 13639.1 12510.7 1963.71 1056.6 2995.32 1128.4 2819.89 9515.41 6298.18 175.431 720.361 907.108 497.243 3217.23 2243.22 974.01 409.864 5471.45 5411.73 2743.7 826.735 48.6293 13.2174 671.732 370.171 322.821 47.3501 21.3744
internal_count=154684 51356 103328 87932 37675 18555 26744 15396 24304 61188 42443 2440 11142 19120 8631 18745 12682 6063 10489 36848 36467 11950 5595 421 136 10721 6794 5882 912 283
is_linear=0
shrinkage=0.05


Tree=61
num_leaves=31
num_cat=0
split_feature=28 26 15 14 25 13 0 13 15 13 14 18 10 10 8 3 0 7 0 3 15 26 8 4 27 8 11 9 22 10
split_gain=75.9523 54.921 37.6182 29.9539 26.9188 26.2287 25.3973 22.6669 19.8321 17.8724 16.8396 15.9594 22.8595 15.0676 14.4033 14.4027 13.4236 16.6706 13.8528 14.209 15.7644 13.9565 20.2356 12.7204 17.9769 12.6668 12.6321 12.2789 12.0441 20.0289
threshold=5.5000000000000009 1.0000000180025095e-35 -1.0000000180025095e-35 -0.033549999999999934 1.5000000000000002 -2.1341666666666654 2.5000000000000004 0.67333333333333412 0.0049999999999999845 2.0666666666666673 -0.025174999999999999 1.5000000000000002 0.56275000000000008 0.22594999999999996 0.14450000000000005 36.500000000000007 19.500000000000004 6.3150000000000004 9.5000000000000018 28.500000000000004 0.033666666666666671 0.010000000000000233 0.32750000000000007 51.500000000000007 -0.22999999999999995 0.39325000000000004 0.51195000000000013 6.0550000000000006 -0.2950000000000001 0.44010000000000005
decision_type=2 2 2 2 2 2 2 2 2 2 2 2 2 2 2 2 2 2 2 2 2 2 2 2 2 2 2 2 2 2
left_child=1 2 5 14 -2 -1 15 13 -6 -4 -7 12 -9 -8 -3 -5 17 18 26 20 21 22 -20 24 -12 -14 -15 -28 29 -13
right_child=4 3 9 6 8 10 7 11 -10 -11 23 28 25 16 -16 -17 -18 -19 19 -21 -22 -23 -24 -25 -26 -27 27 -29 -30 -31
leaf_value=-0.036501445219818955 0.00075028655570637259 -0.036201388795696024 0.0043263809010442396 0.02782621414036909 -0.031696992341271261 -0.0050461625106086325 -0.013874297489260057 0.0055556620733746131 -0.012146672871887403 0.016593914729025792 0.096847786923515478 0.0046333264403060886 0.12523798500356581 -0.0076542196872300163 -0.0095549655342347644 0.0044230632175982837 -0.01420334842303282 -0.014549929350993219 0.2119613592958455 0.0061378998774203313 0.2087302160012785 0.020633691115767502 -0.0043762048111769328 0.0034314263338041662 -0.0042882886073030034 0.032840316432864267 0.016532738126566207 0.14865441220101225 -0.0041383957913267077 0.093890415617052081
leaf_weight=51.415633287280798 173.67073551937938 52.902655525133014 6190.3567248918116 101.14101589471102 261.29984901566058 1446.7220300603658 505.60571040213108 332.4470374584198 257.60019567701966 311.85649038106203 4.416941810399293 25.559724792838097 3.9670877754688254 255.5533423833549 1225.634812604636 187.82486568577588 224.03558775037527 165.84265759028494 2.4387010410428038 353.08114708960056 1.3185354135930527 30.529879571869969 1.9414258562028406 2269.2648603245616 839.40114527195692 57.067135237157345 6.2782741039991361 2.4427537731826305 543.89826885983348 8.3345675095915777
leaf_count=1088 4401 1472 39154 1134 12825 11292 9540 2248 8301 1481 36 208 27 3734 16057 2035 3366 2081 34 5339 14 457 24 17149 6490 355 87 30 4159 66
internal_value=-9.54944e-05 0.00064227 0.002465 -0.0043131 -0.0162887 -0.000989358 -0.0014257 -0.00303545 -0.0219915 0.00491475 -0.000588929 0.00295282 0.0107194 -0.00679012 -0.0106575 0.0126144 -0.00335751 -0.000392206 0.00320022 0.0091977 0.0390183 0.0326084 0.116073 0.00148245 -0.00375889 0.038846 -0.00563482 0.0535399 -0.00233631 0.0265815
internal_weight=15893.8 15201.3 11113.4 4087.85 692.571 4611.22 2809.31 2520.34 518.9 6502.21 4559.8 971.274 393.481 1549.07 1278.54 288.966 1043.46 819.427 653.584 389.31 36.2285 34.91 4.38013 3113.08 843.818 61.0342 264.274 8.72103 577.793 33.8943
internal_count=154684 129157 76690 52467 25527 36055 34938 31769 21126 40635 34967 7063 2630 24706 17529 3169 15166 11800 9719 5868 529 515 58 23675 6526 382 3851 117 4433 274
is_linear=0
shrinkage=0.05


Tree=62
num_leaves=31
num_cat=0
split_feature=1 13 10 24 3 13 26 23 11 20 26 13 0 20 23 28 4 26 20 17 0 22 15 24 10 8 30 0 10 9
split_gain=71.3372 49.3232 31.1934 27.0093 22.3076 22.5341 21.0249 20.6978 21.3124 20.847 18.1822 16.065 15.8879 15.8742 15.7608 15.0719 14.778 14.6067 20.72 19.623 17.2481 14.4279 13.7665 15.7181 14.1116 13.4748 13.4 14.4018 14.9192 13.0447
threshold=3.5000000000000004 -1.1399999999999992 0.30314999999999998 -0.029999999999998913 39.500000000000007 -2.1341666666666654 1.0000000180025095e-35 6.6450000000000005 0.38345000000000007 5.0150000000000015 0.14000000000000015 1.6383333333333343 15.500000000000002 -1.1949999999999994 6.8850000000000007 5.5000000000000009 49.500000000000007 -0.12499999999999999 -0.79999999999999949 2.5000000000000004 6.5000000000000009 -1.0999999999999999 -0.0083333333333333228 -0.02499999999999902 0.20064999999999997 0.33760000000000007 1.5000000000000002 14.500000000000002 0.35730000000000001 7.8950000000000005
decision_type=2 2 2 2 2 2 2 2 2 2 2 2 2 2 2 2 2 2 2 2 2 2 2 2 2 2 2 2 2 2
left_child=2 -2 4 15 5 -1 11 9 10 17 16 -4 22 -6 -12 29 -9 18 19 20 -5 -18 -10 24 -24 -8 -23 28 -28 -3
right_child=1 3 6 7 13 -7 25 8 12 -11 14 -13 -14 -15 -16 -17 21 -19 -20 -21 -22 26 23 -25 -26 -27 27 -29 -30 -31
leaf_value=-0.037561519202319364 -0.023960587892694767 -0.0096171292089070499 0.0046614420196768791 0.072804255541016424 -0.018742325627677029 0.0024929751902688486 0.0086326996195360967 -0.016743476864042026 -0.0053658937167349102 0.10134789847649282 0.0281943255815927 0.013433988505286829 -0.0046803942217574527 -0.0037874903363490468 0.21462506491043565 -0.026608971860421632 0.012347606387326487 0.0024166287393457783 0.017925343021222197 0.018849906783720973 0.2656450461933253 -0.0057416358691818213 0.17182917951546012 0.011500483454258867 0.041941019272717608 -0.0034157400313782208 0.30132174383065968 -0.0046832580716754243 0.013795108095037768 0.027895952693330603
leaf_weight=35.640195414423943 328.09043366927654 865.84768118523061 4819.9145417269319 2.3066013604402524 198.58541831560433 2377.0437326151878 287.45331316813827 276.9484570492059 125.32923470064998 6.1045059859752646 3.5742392037063828 585.24450486153364 351.28400305937976 1667.0545228198171 1.6602496169507501 133.85361880064011 120.81314085796475 265.07389706373215 74.095262087881565 4.0234711263328791 2.3316690884530544 1711.1856576381251 2.425798179581764 378.41886063758284 15.156121760606764 1204.2532276269048 1.1304836180061095 2.0643602441996336 0.75078996084630478 23.811712972819805
leaf_count=554 13030 13459 26205 26 3878 18131 3868 4143 1934 33 51 2754 4676 11613 25 5536 2191 3044 597 55 31 23649 40 4258 210 10345 33 50 19 246
internal_value=-9.26068e-05 -0.00526355 0.00208044 -0.00385924 -0.00127356 0.00190129 0.00416102 -0.0016843 -0.0030374 0.00974928 -0.00574654 0.00561129 0.0035386 -0.00537934 0.0873255 -0.0109666 -0.00597711 0.00814171 0.0264794 0.099653 0.169746 -0.00435303 0.00907675 0.0136477 0.0598618 -0.00109399 -0.00552942 0.0865079 0.186574 -0.00861309
internal_weight=15871.5 4696.28 11175.2 4368.19 4278.32 2412.68 6896.87 3344.68 2990.74 353.935 2118.13 5405.16 872.614 1865.64 5.23449 1023.51 2112.89 347.831 82.757 8.66174 4.63827 1835.94 521.33 396.001 17.5819 1491.71 1715.13 3.94563 1.88127 889.659
internal_count=154684 77336 77348 64306 34176 18685 43172 45065 41279 3786 30161 28959 11118 15491 76 19241 30085 3753 709 112 57 25942 6442 4508 250 14213 23751 102 52 13705
is_linear=0
shrinkage=0.05


Tree=63
num_leaves=31
num_cat=0
split_feature=20 28 1 16 14 22 0 11 3 0 24 23 24 4 20 23 9 21 26 23 13 8 16 15 26 7 9 13 0 0
split_gain=66.5625 40.5836 36.7656 21.7826 21.264 20.8346 18.8193 20.9501 18.6129 18.4998 16.3543 16.2844 14.6806 14.3396 13.6534 14.146 17.7339 16.4035 13.8006 13.5366 13.4368 13.1475 13.0599 14.5656 14.7243 12.9204 20.8328 12.4945 12.2751 13.3355
threshold=-0.095000000000000182 5.5000000000000009 2.5000000000000004 1.5000000000000002 -0.0084250000000000418 -0.030000000000000134 15.500000000000002 0.46039999999999998 40.500000000000007 4.5000000000000009 0.021666666666667837 6.7150000000000007 -0.073333333333332792 50.500000000000007 -2.024999999999999 6.9750000000000005 6.6650000000000009 0.010000000000000004 0.024999999999999915 6.785000000000001 0.4466666666666666 0.48220000000000002 2.5000000000000004 0.036666666666666667 -0.14499999999999999 6.4850000000000012 5.5050000000000008 -1.4666666666666663 7.5000000000000009 13.500000000000002
decision_type=2 2 2 2 2 2 2 2 2 2 2 2 2 2 2 2 2 2 2 2 2 2 2 2 2 2 2 2 2 2
left_child=1 4 6 12 -1 9 7 8 28 -5 27 -3 -4 -14 -6 18 -17 -18 21 -7 -10 -16 25 24 -24 26 -11 -8 -2 -30
right_child=2 11 3 5 14 19 10 -9 20 22 -12 -13 13 -15 15 16 17 -19 -20 -21 -22 -23 23 -25 -26 -27 -28 -29 29 -31
leaf_value=-0.0096012335164612356 0.00022148086788875319 -0.0051676683125127399 -0.01781449020902395 0.016310402961462567 -0.012721559828825849 -0.0036452449814928403 -0.035116813391761009 0.014330442531345453 -0.0065432413247286953 -0.0054277963466256678 0.011697426583219039 -0.032400539723423431 -0.0069710432011704628 0.0049753771239379307 0.0038701728659155735 0.013204594467850576 0.049852060121433804 0.21671762636666411 -0.0076139013264913541 -0.01208959393251036 0.001695612809682865 -0.01907382260262697 0.039117312665581515 0.054388276020028582 -0.0073408841653158797 -0.015371375569049623 0.034978629185146048 0.0044062933635981303 0.010497396807635695 -0.0013476544270640128
leaf_weight=1287.7864003013819 1142.9998375587165 76.266393667086959 87.376049874350429 171.59067180752754 228.5030212290585 1018.5142518114299 20.237743008881807 314.6151207908988 1035.4606341570616 55.019491620361805 1130.1350458934903 195.88643193989992 296.8165192771703 1634.0601415429264 1012.7565628923476 71.505009585991502 5.6530117988586417 1.9916981719434259 496.93094718270004 888.68474936764687 947.93650833144784 66.539672743529081 17.548927392810583 10.136543085798619 605.9131108019501 37.259944306686521 75.913485007360578 1678.2477208040655 912.5702128149569 321.26863717287779
leaf_count=22608 5627 3183 870 1835 5307 12227 123 1531 5214 491 5506 10930 2310 12379 13005 1154 67 23 8110 12803 4698 643 144 99 8244 334 643 8425 4542 1609
internal_value=-8.98096e-05 -0.00623951 0.00161781 -0.00175137 -0.00464955 -0.00454215 0.00381747 0.00186967 0.00097056 0.00141006 0.00703659 -0.024769 0.00223182 0.00313896 -0.00126466 0.000316809 0.0209432 0.093326 -0.000718936 -0.00758 -0.0026056 0.00245565 -0.00177875 -0.00506655 -0.0060332 0.0106067 0.0179994 0.00393537 0.00395475 0.00741317
internal_weight=15846.1 3443.82 12402.3 4898.83 3171.67 2880.58 7503.47 4674.85 4360.24 973.382 2828.62 272.153 2018.25 1930.88 1883.88 1655.38 79.1497 7.64471 1576.23 1907.2 1983.4 1079.3 801.792 633.599 623.462 168.193 130.933 1698.49 2376.84 1233.84
internal_count=154684 65030 89654 52379 50917 36820 37275 23221 21690 11790 14054 14113 15559 14689 28309 23002 1244 90 21758 25030 9912 13648 9955 8487 8388 1468 1134 8548 11778 6151
is_linear=0
shrinkage=0.05


Tree=64
num_leaves=31
num_cat=0
split_feature=28 8 10 23 13 25 24 17 13 15 19 23 18 26 19 7 22 15 12 3 14 13 27 7 22 0 6 11 21 8
split_gain=62.0962 38.1109 35.1538 25.9356 23.5216 22.6784 20.2861 19.7808 21.3011 18.3694 16.5548 14.3684 14.211 13.6539 13.4621 12.939 12.8373 12.4268 12.4123 13.7444 15.0396 12.1782 16.4755 12.1164 12.0935 12.0787 11.8057 11.6756 13.1939 11.5912
threshold=4.5000000000000009 0.20979999999999996 0.22594999999999996 6.785000000000001 -2.1341666666666654 1.5000000000000002 -0.041666666666665624 5.5000000000000009 2.3800000000000008 -0.002666666666666664 0.025000000000000012 6.7550000000000008 2.5000000000000004 -0.024999999999999908 0.025000000000000012 6.3650000000000011 -0.36000000000000015 0.016666666666666653 0.39745000000000003 48.500000000000007 0.089616666666666719 1.0983333333333332 0.084999999999999978 5.6950000000000012 -1.0549999999999999 1.5000000000000002 0.13500000000000004 0.41234999999999999 0.055000000000000014 0.49030000000000007
decision_type=2 2 2 2 2 2 2 2 2 2 2 2 2 2 2 2 2 2 2 2 2 2 2 2 2 2 2 2 2 2
left_child=2 -2 4 9 -1 -4 27 8 17 -3 15 -9 14 16 -5 18 24 -7 19 -8 -21 -15 -23 -22 -11 -14 -16 -6 -29 -19
right_child=1 3 5 12 6 7 10 11 -10 13 -12 -13 25 21 26 -17 -18 29 -20 20 23 22 -24 -25 -26 -27 -28 28 -30 -31
leaf_value=-0.03513670236129169 -0.024320940038743764 -0.0097070102388791667 0.0065756397916387505 -0.0070728349885575388 -0.016776887661929637 0.000654141115725735 -0.00048445819131072936 0.0025857206478294426 0.025814319223348654 0.0018061969480315345 -0.012006148621974608 -0.0087849131615307819 0.022679026016677876 -0.010109350217066148 0.18294371606481991 0.011477297085408865 0.0077335078067000927 0.0082594832582681878 0.0078703830708811481 -0.014825463262827569 0.021041582033523892 0.006877504268155709 0.11877862160728847 -0.085780104155233114 0.058152807759170082 -0.02048725138818424 0.029036053121584041 0.0026970509659134806 0.11837956537949075 -0.0010702884080621047
leaf_weight=57.13593465834856 302.34952764213085 328.80361677706242 2675.9100856184959 477.99320708960295 342.04811451397836 4680.2095268014818 1550.5941564850509 435.93160455301404 95.100076124072075 15.106127804145215 318.9399362038821 766.05257753096521 16.935493571683764 211.80270441994071 1.4505179487168778 226.83725715428591 354.79690602328628 1205.5891761928797 332.91005493886769 335.25087987445295 46.00466937571764 108.95743845030665 3.3917468637228003 2.8171264976263037 25.76328407600522 376.15934528317302 8.8359346278011781 51.382548660039902 2.5889772102236739 459.90609591081738
leaf_count=1184 13681 7413 15249 8487 4630 37024 12187 3141 444 261 5058 6252 372 4766 14 1291 4640 7882 2623 2799 362 1099 30 17 346 10117 130 580 40 2565
internal_value=-8.67803e-05 -0.0078151 0.00118315 -0.00522933 -0.00333742 0.00261419 -0.00277131 0.0012272 0.00232607 8.45405e-05 -0.00127987 -0.00466105 -0.0115515 0.00455719 -0.00585493 9.1612e-05 0.0107902 0.00197406 -0.00104736 -0.00258189 -0.0110497 -0.00305093 0.0102557 0.0148777 0.037326 -0.0186275 0.050739 -0.0133666 0.00824626 0.00568318
internal_weight=15817.6 2232.35 13585.2 1930 3266.51 10318.7 3209.37 7642.79 6440.8 1048.62 2813.35 1201.98 881.374 719.818 488.28 2494.41 395.666 6345.7 2267.58 1934.67 384.073 324.152 112.349 48.8218 40.8694 393.095 10.2865 396.02 53.9715 1665.5
internal_count=154684 51356 103328 37675 30771 72557 29587 57308 47915 18555 24337 9393 19120 11142 8631 19279 5247 47471 17988 15365 3178 5895 1129 379 607 10489 144 5250 620 10447
is_linear=0
shrinkage=0.05


Tree=65
num_leaves=31
num_cat=0
split_feature=28 15 1 30 25 0 26 0 7 15 3 14 3 11 8 20 14 15 9 12 23 23 0 9 1 14 24 24 12 26
split_gain=58.5632 40.8732 32.8317 24.0623 23.6136 23.4737 26.586 21.0349 19.5835 18.6521 18.571 17.9614 21.1016 17.4103 17.2055 16.2478 15.5853 14.3588 14.4343 13.511 12.8058 12.719 12.4634 12.439 13.7769 12.4203 12.3562 12.2928 12.0066 11.7646
threshold=5.5000000000000009 -0.01666666666666668 1.5000000000000002 1.0000000180025095e-35 1.5000000000000002 5.5000000000000009 -0.044999999999999922 4.5000000000000009 6.4450000000000012 0.0018333333333333398 47.500000000000007 0.0019500000000000353 37.500000000000007 0.40870000000000006 0.059249999999999955 -1.4199999999999995 0.070800000000000016 -0.016666666666666646 8.3150000000000031 0.21695000000000003 7.2650000000000006 6.5750000000000011 23.500000000000004 5.7550000000000008 3.5000000000000004 -0.19754999999999992 -0.031666666666665837 0.1216666666666666 0.35305000000000003 0.2050000000000001
decision_type=2 2 2 2 2 2 2 2 2 2 2 2 2 2 2 2 2 2 2 2 2 2 2 2 2 2 2 2 2 2
left_child=1 14 7 5 -2 11 27 28 22 -6 -10 12 -4 15 -1 21 23 -13 -19 25 -14 -8 -9 24 -16 -17 -21 -7 -3 -15
right_child=4 2 3 -5 9 6 13 8 10 -11 -12 17 20 29 16 19 -18 18 -20 26 -22 -23 -24 -25 -26 -27 -28 -29 -30 -31
leaf_value=-0.031297461647704299 0.0013209664672521491 -0.007534531889240444 0.0081839404527503275 0.013562617851624097 -0.030841202100881746 0.0023005044353331503 0.13804842761263655 0.0035166715784318045 0.01497608010612915 -0.011270596234319722 -0.0033283940176356188 0.066921576024800519 -0.0082949407996501436 0.002199231350519588 -0.0062756436599375534 0.049157534751890684 0.0046631059873794116 0.0084750511110092061 0.10921042318823784 -0.011429711784698746 0.096860512147471017 -0.018624217281384241 0.017936630647764337 3.207401019293551e-05 -0.017877485562352021 0.0026738807813365922 -0.0040615204483847268 0.027417676349244718 0.0051926292748188914 0.12689537976568888
leaf_weight=63.224534664303064 171.69825491867959 479.67763883620501 375.51300500147045 300.38442431017756 224.40798942837864 1609.7879298143089 1.3018989097326983 2851.392381682992 901.5725534260273 266.12874716427177 163.7326190546155 10.814830845221875 475.10473609529436 755.06037575565279 1037.2124587781727 15.078187249600886 361.2666208576411 800.54070123657584 3.5719599910080424 762.67181108146906 2.9129912219941607 259.81726643070579 158.15845124423504 505.63501652888954 339.68067867122591 306.18782365694642 2240.5261858701706 50.233438841998577 301.96212381124496 1.8962781336158503
leaf_count=1648 4401 2110 3712 3141 12038 13166 22 12435 4370 9088 755 129 4861 7639 9304 163 3436 7067 24 10356 32 5884 692 4235 6771 3244 22330 292 1315 24
internal_value=-8.39354e-05 0.000552873 0.00165479 -0.000319604 -0.0146378 -0.000863209 -0.00232143 0.00489553 0.00633674 -0.0202236 0.0121628 0.00438299 -0.000686133 -0.0043788 -0.00557418 -0.00583345 -0.00484936 0.00969223 0.00892253 -0.00489016 -0.00765413 -0.0178431 0.00427447 -0.00667485 -0.00913783 0.00485553 -0.0059327 0.00306057 -0.00261779 0.00251161
internal_weight=15797.2 15134.9 12827.9 7971.4 662.235 7671.02 6002.56 4856.5 4074.86 490.537 1065.31 1668.46 853.531 4342.54 2307.02 3585.58 2243.79 814.927 804.113 3324.46 478.018 261.119 3009.55 1882.53 1376.89 321.266 3003.2 1660.02 781.64 756.957
internal_count=154684 129157 103763 82086 25527 78945 63120 21677 18252 21126 5125 15825 8605 49662 25394 41999 23746 7220 7091 36093 4893 5906 13127 20310 16075 3407 32686 13458 3425 7663
is_linear=0
shrinkage=0.05


Tree=66
num_leaves=31
num_cat=0
split_feature=13 26 0 9 18 28 1 13 3 24 7 10 5 1 9 23 0 11 9 21 10 20 0 7 11 3 9 8 30 3
split_gain=55.3201 47.3776 28.7459 28.7067 28.2595 25.9766 21.7492 21.0057 18.4427 17.3327 15.7992 14.4121 14.4108 14.6283 17.2409 13.9527 13.7706 13.4604 12.5442 12.3283 12.0296 11.8896 14.9678 14.6122 14.2132 12.8291 13.5184 12.4767 12.4336 12.4116
threshold=-2.1341666666666654 1.0000000180025095e-35 4.5000000000000009 5.4150000000000009 2.5000000000000004 5.5000000000000009 4.5000000000000009 2.1466666666666674 37.500000000000007 -0.060000000000000046 7.3750000000000009 0.35265000000000007 1.5000000000000002 3.5000000000000004 5.7950000000000008 6.7950000000000008 18.500000000000004 0.44885000000000003 8.0050000000000008 -0.039999999999999994 0.59200000000000008 2.4850000000000008 9.5000000000000018 6.7150000000000007 0.37730000000000002 34.500000000000007 4.4850000000000012 0.097399999999999959 1.5000000000000002 58.500000000000007
decision_type=2 2 2 2 2 2 2 2 2 2 2 2 2 2 2 2 2 2 2 2 2 2 2 2 2 2 2 2 2 2
left_child=3 4 8 -1 7 9 11 -2 -3 10 -4 -6 -13 -14 -15 -8 21 -18 -10 -9 -19 22 28 25 -23 27 -27 -24 -11 -28
right_child=1 2 5 -5 6 -7 15 19 18 16 -12 12 13 14 -16 -17 17 20 -20 -21 -22 24 23 -25 -26 26 29 -29 -30 -31
leaf_value=-0.034760851240765292 0.0036861289269425933 0.013821390082889684 -0.015546305012173587 0.11144588051211429 -0.0018885374007608258 -0.024522480092973961 -0.0041779003691577721 0.0032076604617356503 -0.0030169120409773271 -0.0090771739425727169 0.048838643346611282 0.0028554753505717696 0.020142167960973928 0.21394595738852679 0.037255151428877469 -0.020344363308444378 -0.011011321010479356 0.0077823948483030344 0.062088262180776212 0.025544897183196538 0.097804292002655488 0.0030430436054341278 -0.046584737824173182 -0.012980126026978889 0.037603929055803904 -0.012961873884835984 0.0020801451070355734 0.01436741280546166 0.085489251914076747 0.047744245554693407
leaf_weight=138.04668961465359 5419.2665509181097 310.71224592346698 453.9819810166955 3.4409767575561991 2884.788010859862 184.51712585799396 394.57756822463125 94.065368250012398 451.83426009491086 670.20123533159494 9.7323783002793771 2178.5220421906561 44.152796398848295 2.2221930325031272 3.6454949267208576 201.68485489394516 757.51492241024971 54.177104365080595 7.5218274593353263 179.9239033088088 3.983940675854682 121.22492012754083 8.675496891140936 165.14368250407279 39.422420332208276 164.9456755630672 541.50866680033505 260.41310554929078 3.4939865842461577 15.300959723070262
leaf_count=6123 37305 3987 7285 47 21158 8141 8795 445 5996 8511 93 13084 265 27 37 5262 10084 656 67 919 31 871 243 1512 248 2963 6714 3546 47 222
internal_value=-8.11255e-05 0.00020067 -0.00432253 -0.0312051 0.00187634 -0.00626999 -0.000609219 0.00436903 0.00441305 -0.00523997 -0.014195 0.000444576 0.00346473 0.0299992 0.104171 -0.00964618 -0.00376008 -0.00923157 -0.00195083 0.0178761 0.0139488 -0.00151775 -0.00266284 0.00078952 0.0115242 0.0030845 -0.000389406 0.0124023 -0.00858672 0.00333498
internal_weight=15768.6 15627.2 4224.31 141.488 11402.8 3454.24 5709.59 5693.26 770.068 3269.72 463.714 5113.33 2228.54 50.0205 5.86769 596.262 2806.01 815.676 459.356 273.989 58.161 1990.33 1829.68 1155.99 160.647 990.844 721.755 269.089 673.695 556.81
internal_count=154684 148514 61217 6170 87297 51167 48628 38669 10050 43026 7378 34571 13413 329 64 14057 35648 10771 6063 1364 687 24877 23758 15200 1119 13688 9899 3789 8558 6936
is_linear=0
shrinkage=0.05


Tree=67
num_leaves=31
num_cat=0
split_feature=13 28 14 3 13 9 0 3 7 20 24 0 0 28 24 0 1 24 12 0 22 24 7 12 7 13 27 21 23 27
split_gain=51.4665 44.0899 27.2242 27.6969 26.5056 25.2749 21.4528 19.69 21.1478 18.7561 17.186 17.0421 16.1042 16.1017 15.9597 17.0842 18.7522 13.8617 13.5557 13.5354 16.691 20.2243 22.9007 26.4067 12.9659 12.9327 12.6237 12.1461 11.9757 10.7744
threshold=-2.1341666666666654 1.5000000000000002 0.057341666666666659 35.500000000000007 -0.73333333333333306 5.4150000000000009 5.5000000000000009 47.500000000000007 6.4450000000000012 2.1650000000000014 0.043333333333332565 23.500000000000004 1.5000000000000002 4.5000000000000009 0.105 15.500000000000002 3.5000000000000004 1.0000000180025095e-35 0.35305000000000003 2.5000000000000004 -1.675 0.020000000000000909 4.1650000000000009 0.31535000000000007 6.9650000000000007 0.98500000000000087 0.034999999999999705 -0.055 7.2750000000000012 -0.024999999999999908
decision_type=2 2 2 2 2 2 2 2 2 2 2 2 2 2 2 2 2 2 2 2 2 2 2 2 2 2 2 2 2 2
left_child=5 6 3 9 17 -1 18 8 11 14 13 -8 -12 28 15 24 -17 -5 -2 20 21 22 -4 -24 -3 29 -9 -11 -6 -15
right_child=1 2 19 4 10 -7 7 26 -10 27 12 -13 -14 25 -16 16 -18 -19 -20 -21 -22 -23 23 -25 -26 -27 -28 -29 -30 -31
leaf_value=-0.034092198547337721 -0.0064184902632717202 0.0030994385611905913 0.042832519068318059 -0.025485635680676362 -0.004272567374749057 0.098586479479357891 0.0036842413590262367 0.0026942343481074519 0.013520247689740967 -0.018262767122233604 -0.0202033238741634 0.020886515439812913 0.0038864490496647256 -0.0017471911894048335 0.020464894545449478 -0.00076236940057671952 -0.015872670875393628 -0.006828925565623924 0.004727867377789228 0.0018641738040311149 0.011261901860183172 0.0017943559113728592 0.4010009505803166 0.1182564947200796 -0.015197862004804245 -0.0030150556307455239 -0.0092657179796097541 0.013949307099464896 0.07819258458230767 -0.020259141257883209
leaf_weight=133.82463067024946 749.68422880768776 1306.9453543834388 4.671020330861209 236.12930953782052 2949.5860525593162 3.6883675791323176 2430.0500814318657 786.51342716813087 923.18526689708233 31.979225464165211 75.736419981345534 153.0441600382328 826.18453101627529 96.668567827902734 84.950187817215919 476.70540974475443 360.6780974091962 172.14029002655298 428.77763126790524 1874.9719343269244 197.32562117930502 6.9049454499036065 1.2096960935741665 2.6020156983286142 104.56756233610213 253.59677864052355 306.654301866889 344.71317467931658 4.4090765714645377 420.55100719444454
leaf_count=6123 3292 18160 98 7516 29864 47 10583 3440 4475 173 603 671 6460 1852 687 5020 7021 3625 1875 20677 1995 90 22 40 986 3006 1357 2550 44 12332
internal_value=-7.86896e-05 0.000189576 -0.00184728 -0.00321314 -0.00540689 -0.0305335 0.00365603 0.00519819 0.00702487 0.000861903 -0.00432925 0.00470345 0.00186357 -0.00582877 -0.000809076 -0.00161268 -0.00727068 -0.0176193 -0.00236294 0.00322021 0.0151731 0.0653286 0.117046 0.207989 0.00174394 -0.0122643 -0.000660759 0.0112147 -0.00414948 -0.0167992
internal_weight=15748.6 15611.1 9833.23 7745.54 5035 137.513 5777.91 4599.45 3506.28 2710.54 4626.73 2583.09 901.921 3724.81 2333.85 2248.9 837.384 408.27 1178.46 2087.69 212.713 15.3877 8.48273 3.81171 1411.51 770.816 1093.17 376.692 2954 517.22
internal_count=154684 148514 122821 99899 65302 6170 25693 20526 15729 34597 54161 11254 7063 47098 31874 31187 12041 11141 5167 22922 2245 250 160 62 19146 17190 4797 2723 29908 14184
is_linear=0
shrinkage=0.05


Tree=68
num_leaves=31
num_cat=0
split_feature=28 15 1 10 8 30 20 8 0 24 11 28 24 23 13 13 11 13 21 20 15 13 3 11 3 26 10 13 12 9
split_gain=47.9783 34.8276 24.0724 21.3326 21.0924 19.9885 19.3354 25.7755 18.7857 23.5695 17.5672 16.5199 17.9061 15.9097 15.3924 15.1298 15.8969 14.2646 17.4129 13.9164 13.1363 12.939 12.6968 17.9126 12.2437 15.499 19.3462 15.1847 12.7318 12.3964
threshold=5.5000000000000009 -0.0083333333333333506 1.5000000000000002 0.10100000000000002 0.24185000000000004 1.0000000180025095e-35 0.91000000000000048 0.49840000000000007 4.5000000000000009 0.06083333333333308 0.31830000000000008 4.5000000000000009 -0.0049999999999985603 6.6550000000000011 -2.2441666666666658 2.3800000000000008 0.38995000000000007 1.0150000000000012 -0.044999999999999991 -1.2600000000000002 0.026666666666666661 2.0666666666666673 35.500000000000007 0.40495000000000009 45.500000000000007 -0.07499999999999972 0.14359999999999998 -0.93000000000000027 0.34525000000000006 3.3400000000000003
decision_type=2 2 2 2 2 2 2 2 2 2 2 2 2 2 2 2 2 2 2 2 2 2 2 2 2 2 2 2 2 2
left_child=1 3 8 14 -2 6 7 10 -3 17 19 24 -13 -6 -1 -15 -17 18 -10 -4 -20 -21 -8 -24 25 26 29 -26 -29 -5
right_child=4 2 5 11 13 -7 22 -9 9 -11 -12 12 -14 15 -16 16 -18 -19 20 21 -22 -23 23 -25 27 -27 -28 28 -30 -31
leaf_value=-0.041670863280937172 -0.029573299045925261 -0.0027483973905214412 -0.018772080834018774 0.0058646142614763455 0.015336417735250393 0.013702910518559342 0.0071003000044967905 -0.014074363222242821 -0.013048541748398455 0.016923023737970916 0.0016270149426715549 -0.025902223725371484 -0.0020739286982086108 -0.01304849635383926 -0.010054423943008109 0.011693977978576065 0.17340359320059257 0.010800125466219324 0.0030736278422267456 -0.0040012154444050178 0.0199878828833823 0.11856784000743276 -0.0021038118921739269 0.010102721400847923 -0.019697193785452954 -1.5044324641642636e-05 0.010804780009913289 -0.0079549436269228894 0.0039438064208191055 0.11510383881173976
leaf_weight=41.362589919939637 154.31941330526024 669.10609802603722 180.07656922005117 3.9572845846414548 61.829973919317126 260.85190940834582 1026.473580500111 446.73897576332092 160.3054896146059 461.54627896100283 2012.3588503208011 143.64124606922269 174.76783864013851 418.65261113643646 555.57470506802201 5.1283655278384677 2.1598481461405754 746.76376184821129 2013.7326337769628 1075.351786820218 121.72988464683294 2.1574873626232138 1573.8777939975262 371.48861220479012 153.92535935714841 1773.2766922246665 189.99364181235433 510.98047025874257 401.43285104632378 7.5554959140717983
leaf_count=1342 9663 2922 3856 46 1309 2581 6756 4113 694 2236 24065 3741 3095 14483 7407 53 19 3585 8751 13466 536 12 11260 2302 2179 14797 1521 4410 3395 89
internal_value=-7.62886e-05 0.000493694 0.00192686 -0.00353527 -0.0134619 0.000124307 -0.000405257 -0.00280916 0.00492855 0.00639447 -0.00127011 -0.00198766 -0.0128234 -0.00836467 -0.0122452 -0.0118051 0.0596163 0.00479731 0.00284473 -0.00590601 0.00403781 -0.0037558 0.00260114 0.000227157 -0.000853142 0.00147816 0.0146185 -0.00517054 -0.00271987 0.0775551
internal_weight=15721.1 15079 11122.6 3956.47 642.09 6949.38 6688.52 3716.68 4173.18 3504.08 3269.94 3359.53 318.409 487.771 596.937 425.941 7.28821 3042.53 2295.77 1257.59 2135.46 1077.51 2971.84 1945.37 3041.12 1974.78 201.506 1066.34 912.413 11.5128
internal_count=154684 129157 87135 42022 25527 68411 65830 45512 18724 15802 41399 33273 6836 15864 8749 14555 72 13566 9981 17334 9287 13478 20318 13562 26437 16453 1656 9984 7805 135
is_linear=0
shrinkage=0.05


Tree=69
num_leaves=31
num_cat=0
split_feature=13 26 0 18 9 28 13 1 17 3 10 4 3 20 23 18 23 22 13 23 6 9 27 13 0 22 21 24 9 21
split_gain=44.8686 37.2741 25.0862 23.583 23.0592 22.663 18.1293 17.7108 15.9605 15.414 15.1126 14.3398 18.833 13.2491 12.7653 12.2474 19.9744 12.5877 13.6756 14.1039 12.4476 12.0304 16.8999 12.0077 11.5479 11.0995 11.4656 11.1614 10.8764 10.8655
threshold=-2.1341666666666654 1.0000000180025095e-35 4.5000000000000009 2.5000000000000004 5.3150000000000004 5.5000000000000009 2.1466666666666674 4.5000000000000009 4.5000000000000009 37.500000000000007 0.45480000000000004 51.500000000000007 28.500000000000004 -1.6999999999999993 6.7950000000000008 1.5000000000000002 7.0550000000000006 -0.37999999999999962 0.60000000000000109 6.6950000000000012 0.13500000000000004 6.285000000000001 -0.029999999999999801 0.5899999999999993 2.5000000000000004 2.9150000000000014 0.02 0.048333333333334234 8.0050000000000008 -0.039999999999999994
decision_type=2 2 2 2 2 2 2 2 2 2 2 2 2 2 2 2 2 2 2 2 2 2 2 2 2 2 2 2 2 2
left_child=4 3 9 6 -1 8 25 11 10 -3 -4 24 -13 -10 -9 16 20 18 19 -17 23 -7 -23 -12 -5 26 -2 -28 -11 -8
right_child=1 2 5 7 -6 21 29 14 13 28 15 12 -14 -15 -16 17 -18 -19 -20 -21 -22 22 -24 -25 -26 -27 27 -29 -30 -31
leaf_value=-0.033706335756045529 0.0034638502366126228 0.012806916531377489 -0.0048560800630404561 -0.022204360606481899 0.070174468922304348 -0.031437913872295789 0.0026888512646502678 -0.003626210060000511 -0.031658998674356072 -0.0025998636831785745 -0.023187501525866013 0.010543742279216254 0.00046754376888007198 -0.0084125400175311879 -0.019272398590516132 0.098981963403031434 0.13758385379402349 -0.0049501240094393072 0.088464757256656576 0.003342104987690542 0.023170883733085831 0.24753806207871759 -0.0058700554534739276 0.012218100280952233 -0.0028860776690424459 -0.0064324563261095287 0.009009062386896657 0.042485055849996574 0.056977486154925996 0.023669677650493742
leaf_weight=124.95866082794964 5016.8715888522565 314.2881975043565 1616.9585195071995 82.28979835473001 5.580706436187028 125.75937102176249 93.871404230594635 390.28633746132255 65.447622330859303 448.5566457984969 37.678007001057267 542.59104194212705 3190.6976506011561 965.57471378706396 195.74512152466923 4.2272071950137606 3.2091051973402491 314.58088049292564 6.6132006645202628 43.753771496936679 116.07390997372568 0.66676503699272771 49.673000259324908 65.712598912417889 1290.8658910198137 278.03647747449577 80.985081826336682 35.954041039571166 7.7937069237232199 180.10431653261185
leaf_count=6095 34863 3987 22702 562 75 6400 445 8795 1786 5996 466 4106 20971 12800 5262 62 25 3093 51 702 910 22 1719 429 8932 1668 568 206 67 919
internal_value=-7.37624e-05 0.000171061 -0.00386271 0.00165526 -0.0292653 -0.00570106 0.0039329 -0.00061972 -0.00475157 0.00428598 -0.00235391 0.000325079 0.001932 -0.00988819 -0.00885232 0.00448214 0.0137433 -0.0011039 0.0210587 0.0117681 0.0119325 -0.0231696 -0.00251359 -0.000684547 -0.00404377 0.00329764 0.00382461 0.0193016 -0.00158238 0.0164811
internal_weight=15695.4 15564.9 4186.57 11378.3 130.539 3415.93 5685.82 5692.48 3239.83 770.639 2208.81 5106.44 3733.29 1031.02 586.031 591.849 222.674 369.175 54.5942 47.981 219.465 176.099 50.3398 103.391 1373.16 5411.85 5133.81 116.939 456.35 273.976
internal_count=154684 148514 61217 87297 6170 51167 38669 48628 43026 10050 28440 34571 25077 14586 14057 5738 1830 3908 815 764 1805 8141 1741 895 9494 37305 35637 774 6063 1364
is_linear=0
shrinkage=0.05


Tree=70
num_leaves=31
num_cat=0
split_feature=13 28 5 20 9 0 9 13 25 15 12 17 3 11 11 29 0 23 3 15 14 23 24 1 17 21 12 23 24 8
split_gain=41.6848 34.8881 24.5858 26.2367 20.8463 17.8632 17.5893 15.9998 19.66 17.8994 22.7956 15.2219 14.372 14.1934 14.1585 13.0858 13.1454 13.5483 13.5016 12.4585 12.3669 18.4283 11.5555 10.7835 14.7068 12.2299 10.7699 10.7576 10.8498 10.9788
threshold=-2.1341666666666654 1.5000000000000002 1.0000000180025095e-35 0.95000000000000051 5.3150000000000004 5.5000000000000009 7.0950000000000006 -0.96999999999999942 1.5000000000000002 0.0066666666666666411 0.37469999999999998 1.5000000000000002 47.500000000000007 0.52795000000000014 0.37074999999999997 1.0000000180025095e-35 14.500000000000002 6.5450000000000008 61.500000000000007 0.035000000000000017 -0.045333333333333316 6.5850000000000009 -0.025000000000000796 4.5000000000000009 4.5000000000000009 0.15500000000000003 0.22099999999999997 7.4650000000000007 -0.046666666666666405 0.48220000000000002
decision_type=2 2 2 2 2 2 2 2 2 2 2 2 2 2 2 2 2 2 2 2 2 2 2 2 2 2 2 2 2 2
left_child=4 5 3 7 -1 20 12 8 9 -3 -11 19 -7 23 -12 16 -4 -18 22 -9 21 -2 -19 25 -25 -5 -21 28 -13 -30
right_child=1 2 15 13 -6 6 -8 11 -10 10 14 27 -14 -15 -16 -17 17 18 -20 26 -22 -23 -24 24 -26 -27 -28 -29 29 -31
leaf_value=-0.033036054795633533 0.074138710226584872 -0.0018617708448278648 0.0034231027916564179 0.0018638451285027603 0.063801722621704623 0.005282051977464901 0.013733274377491791 8.7609858999595149e-05 -0.021923985883945129 0.032221185730031014 0.11520293204820187 -0.014577254232146243 -0.001607040980458126 0.026460659073648574 0.38786405053241652 0.010421473562018592 0.089824381503542383 -0.014001201823597143 0.10692036061643856 0.12968051859426458 0.0005368023942774596 -0.013686857080944784 -0.0015227564150043376 -0.00056142292537498021 -0.016770190564168775 0.089539908380378994 0.025058074038940482 0.12073456625597559 -0.0041087518376826974 -0.01331651677584998
leaf_weight=121.21522310376167 6.112282618880271 51.493641203269362 1774.3589899828658 1746.2896373011172 5.8245407203212372 3104.8867758214474 478.34554481506348 770.73534952756017 281.16890120692551 7.0005195513367635 1.1908030100166795 390.35883662477136 1001.1881801337004 51.766989005729556 0.79329450987279404 388.28492790833116 3.8934364244341841 227.89806520286947 2.7574746739119282 2.8837781064212349 909.59673707187176 261.90221083164215 997.89850834384561 468.45124778151512 199.56345427408814 3.9864894039928904 16.731856985017657 1.6532610161229957 2013.8234158540145 385.74076961167157
leaf_count=6095 27 1078 21771 11049 75 13868 2268 9690 8718 149 31 7750 4390 368 16 4579 29 4225 46 24 3985 1155 11812 5819 2824 31 141 20 28472 4179
internal_value=-7.14423e-05 0.000161587 -0.00165542 -0.00348143 -0.0285962 0.00324838 0.00465936 -0.00602277 -0.0163612 0.00950044 0.0746208 -0.00503668 0.00360228 0.000555386 0.22422 0.0017833 0.000667807 -0.003299 -0.00359412 0.00108909 -0.00224453 -0.0116839 -0.00384273 8.46425e-07 -0.00540365 0.00206354 0.0404391 -0.00677101 -0.00684656 -0.00558894
internal_weight=15677.8 15550.8 9788.72 6393.63 127.04 5762.03 4584.42 3923.57 341.647 60.4783 8.98462 3581.93 4106.07 2470.06 1.9841 3395.09 3006.81 1232.45 1228.55 790.351 1177.61 268.014 1225.8 2418.29 668.015 1750.28 19.6156 2791.58 2789.92 2399.56
internal_count=154684 148514 122821 80359 6170 25693 20526 60268 9992 1274 196 50276 18258 20091 47 42462 37883 16112 16083 9855 5167 1182 16037 19723 8643 11080 165 40421 40401 32651
is_linear=0
shrinkage=0.05


Tree=71
num_leaves=31
num_cat=0
split_feature=28 15 26 24 13 17 1 3 13 3 22 30 13 4 14 9 8 9 22 13 20 20 11 9 20 26 8 23 13 19
split_gain=39.64 29.7787 21.8321 19.4097 18.3537 17.4654 18.0238 16.1358 15.3787 13.2757 13.1894 13.1082 12.7971 12.6755 12.5035 11.8312 16.9963 27.2908 14.1529 13.9989 11.7151 11.5747 12.2553 10.9889 10.8918 10.8203 11.2157 10.6293 13.4366 11.8306
threshold=5.5000000000000009 -0.01666666666666668 0.064999999999999961 0.0066666666666672656 2.0025000000000008 4.5000000000000009 4.5000000000000009 28.500000000000004 0.88000000000000134 64.500000000000014 -2.774999999999999 1.5000000000000002 -2.2441666666666658 51.500000000000007 0.070800000000000016 4.5050000000000008 0.42295000000000005 7.0550000000000006 0.995 0.41449999999999992 0.91000000000000048 1.0100000000000007 0.40984999999999999 6.7250000000000005 2.8750000000000013 -0.16500000000000001 0.2883 6.7150000000000007 2.3800000000000008 -0.16499999999999995
decision_type=2 2 2 2 2 2 2 2 2 2 2 2 2 2 2 2 2 2 2 2 2 2 2 2 2 2 2 2 2 2
left_child=1 10 4 8 5 7 11 13 -2 15 -1 23 -5 -3 -12 24 17 18 -17 -18 -4 -22 -23 -7 25 26 -9 29 -29 -14
right_child=3 2 20 12 -6 6 -8 9 -10 -11 14 -13 27 -15 -16 16 19 -19 -20 -21 21 22 -24 -25 -26 -27 -28 28 -30 -31
leaf_value=-0.024037820376658154 -0.027727487287520655 0.0012448099549779948 -0.0089425944119758596 -0.045033430813612267 0.011068714209605278 -0.0020209430340792224 -0.012739029957756824 -0.011894872652700797 -0.0027009870370140656 -0.058403866708372582 -0.0057432469132128062 0.056387298949491509 0.171559497569437 0.011412948686585066 0.0044868044398304807 0.0066395511639154555 -0.0068129865527480661 0.025040291617471885 -0.0014775157047040325 0.002002393439363427 0.029541090025784613 -0.0044465436471146178 0.020867391713060131 0.0056194935624234842 0.046037726421087936 -0.0036558358719946562 0.083037392935277635 -0.011816984443139014 0.088632064516713779 0.0081222889541982049
leaf_weight=85.981532547622919 232.56381572503597 471.38615225069225 739.3640443533659 17.493701850995421 537.08025123178959 2291.8381592556834 321.04355951398611 5.4104198068380338 83.397291200235486 9.1309984587132913 1829.9930501505733 10.179234454408286 1.1167155187576998 876.19610707648098 356.94611843302846 1897.8714510686696 589.36239887028933 169.46156917884946 748.93432155437768 1909.345952514559 33.683727223426104 347.95062623359263 55.429555902257562 592.2078251875937 11.370812386274336 1131.8794895336032 7.3215983808040619 156.29889132641256 3.4016344398260108 130.65577262919396
leaf_count=1896 13974 3988 11865 1282 2632 17038 5029 56 1704 81 20075 99 33 7076 3423 15504 4876 1182 5194 11242 319 2923 405 3759 91 10359 45 5157 29 3348
internal_value=-6.91953e-05 0.000443861 0.00138332 -0.0124081 0.00204262 0.00160363 -0.00149896 0.00287804 -0.0211218 0.00184282 -0.00482875 -0.000252153 -0.00349708 0.00785612 -0.00407353 0.00192783 0.0029249 0.00558818 0.00434276 -7.68622e-05 -0.00510638 0.0013832 -0.000968088 -0.000452062 -0.0026565 -0.00314024 0.0426963 -0.00100414 -0.00967741 0.00950735
internal_weight=15654.3 15029.4 12756.4 624.928 11580 11042.9 3215.27 7827.67 315.961 6480.09 2272.92 2894.23 308.967 1347.58 2186.94 6470.96 5314.98 2816.27 2646.81 2498.71 1176.43 437.064 403.38 2884.05 1155.98 1144.61 12.732 291.473 159.701 131.772
internal_count=154684 129157 103763 25527 88251 85619 25925 59694 15678 48630 25394 20896 9849 11064 23498 48549 37998 21880 20698 16118 15512 3647 3328 20797 10551 10460 101 8567 5186 3381
is_linear=0
shrinkage=0.05


Tree=72
num_leaves=31
num_cat=0
split_feature=20 1 0 24 3 17 15 10 10 13 22 15 22 13 9 3 14 0 13 1 24 26 22 11 3 14 26 12 3 17
split_gain=37.4336 28.2517 20.175 20.6687 18.6861 18.2438 16.6579 15.7025 15.6942 15.5959 18.8874 14.1934 15.2519 17.3125 13.073 12.4202 14.9919 13.277 12.3372 17.1096 19.6886 28.1072 13.5009 12.2069 11.9454 16.0216 11.7464 15.2916 11.5818 11.4328
threshold=-1.6999999999999993 3.5000000000000004 16.500000000000004 0.043333333333332565 39.500000000000007 4.5000000000000009 0.028333333333333332 0.62570000000000003 1.0000000180025095e-35 0.34333333333333332 -1.425 -0.0079999999999999915 -0.14499999999999999 -0.10666666666666601 3.8850000000000002 41.500000000000007 0.061900000000000045 6.5000000000000009 -0.68999999999999917 2.5000000000000004 -0.0033333333333316335 -0.010000000000000229 0.51999999999999991 0.55590000000000017 32.500000000000007 0.084250000000000033 0.074999999999999747 0.32065000000000005 31.500000000000004 5.5000000000000009
decision_type=2 2 2 2 2 2 2 2 2 2 2 2 2 2 2 2 2 2 2 2 2 2 2 2 2 2 2 2 2 2
left_child=8 4 5 9 -2 7 29 11 23 -4 -11 -3 -13 -14 -8 16 17 18 28 -20 21 -21 -22 -1 -15 -26 27 -23 -10 -6
right_child=1 2 3 -5 6 -7 14 -9 15 10 -12 12 13 24 -16 -17 -18 -19 19 20 22 26 -24 -25 25 -27 -28 -29 -30 -31
leaf_value=-0.026027994148933323 0.0038253773662801703 -0.0063580754755936013 -0.017702335669160615 0.004878153200360006 -0.0001459541746298735 -0.0070142195605811157 -0.02202480566299796 0.021157097054147804 0.016948990755118996 0.15036918793582568 -0.0062634032097685201 0.013969257813833453 -0.01785647042907295 0.011407443806905572 0.012455357117174794 -0.015763163505408687 0.023836147255971763 -0.013971643556732645 -0.018408884235633038 0.40918524666412148 0.080336298613110022 0.029848296655380475 -0.05519757966733603 0.073066872263905069 -0.0037932571626106259 0.015174619650328606 0.014642776805657573 0.26121997506945105 -0.043903961760644032 -0.0071095067226380551
leaf_weight=178.27334010507911 5540.1501605734229 501.93624727893621 482.28064639214426 254.10682941786945 4157.7013713493943 802.30211946088821 29.835626691579819 100.46158592682332 23.73914226423949 1.9304647222161282 636.59079769439995 276.17138324026018 111.25875758286566 295.77539436612278 349.68025714159012 216.45432653836906 54.304040546528995 141.65260527841747 6.9219750575721291 0.86538596544414836 4.4561447221785757 1.2073273202404382 3.1266084350645542 3.1628556204959741 627.70718932989985 135.33147144690156 2.2270552488043904 1.7481268364936111 11.659343792125581 686.79018539004028
leaf_count=7774 35528 9224 12200 2698 28032 13026 188 991 674 24 7394 4019 3163 3090 1936 5739 1159 3723 102 20 74 28 42 113 7066 1319 54 37 308 4939
internal_value=-6.69107e-05 0.000442389 -0.00302198 -0.0079968 0.00180245 -0.000622806 -0.000342899 0.00188024 -0.0118158 -0.0109158 -0.00578985 0.000886192 0.0034004 0.000905842 0.0097447 -0.00697939 0.00056815 -0.00582619 0.0147958 0.0456087 0.0781184 0.145405 0.0244514 -0.0243005 0.00287736 -0.000429141 0.101359 0.166703 -0.00309439 -0.00113316
internal_weight=15639.8 14990 4225.85 1374.91 10764.2 2850.94 5224.01 2048.64 649.798 1120.8 638.521 1948.18 1446.24 1170.07 379.516 468.362 251.908 197.604 55.9511 20.5526 13.6306 6.0479 7.58275 181.436 1058.81 763.039 5.18251 2.95545 35.3985 4844.49
internal_count=154684 134837 64214 22316 70623 41898 35095 28872 19847 19618 7418 27881 18657 14638 2124 11960 6221 5062 1339 357 255 139 116 7887 11475 8385 119 65 982 32971
is_linear=0
shrinkage=0.05


Tree=73
num_leaves=31
num_cat=0
split_feature=13 25 28 15 9 23 15 17 13 3 19 0 26 24 21 27 7 27 9 7 4 20 3 19 20 9 20 14 12 10
split_gain=35.4476 30.8803 33.508 22.8093 18.6513 17.3595 14.5502 14.4503 13.1793 15.6304 12.79 13.9792 17.1147 11.4954 11.3281 11.1121 11.2867 11.0213 10.4473 19.0524 15.0772 14.0567 12.5524 12.0909 19.7311 14.4451 13.1332 14.2914 12.3524 11.5136
threshold=-2.1341666666666654 1.5000000000000002 5.5000000000000009 -0.01666666666666668 5.3150000000000004 6.6050000000000013 0.0049999999999999845 4.5000000000000009 -0.096666666666666443 37.500000000000007 0.015000000000000001 20.500000000000004 -0.18500000000000003 0.056666666666665318 -0.055 -0.10999999999999986 4.5850000000000009 -0.05000000000000026 6.9350000000000014 4.8650000000000011 53.500000000000007 3.6250000000000009 29.500000000000004 -0.030000000000000002 -0.015000000000000123 2.5650000000000004 -0.15499999999999978 0.087716666666666707 0.33575000000000005 0.22749999999999998
decision_type=2 2 2 2 2 2 2 2 2 2 2 2 2 2 2 2 2 2 2 2 2 2 2 2 2 2 2 2 2 2
left_child=4 5 3 -3 -1 -2 -4 14 9 -9 11 -7 -13 17 15 -5 -17 -14 22 20 -20 -21 23 24 25 -16 27 28 -27 -25
right_child=1 2 6 7 -6 10 -8 8 -10 -11 -12 12 13 -15 18 16 -18 -19 19 21 -22 -23 -24 29 -26 26 -28 -29 -30 -31
leaf_value=-0.031696201156889481 0.014026376442274042 -0.0060303909892561718 -0.025346922213121792 -0.047584156585974438 0.058465250876575371 0.0024680934399760757 -0.0063953882212460025 0.00057285072695963449 -0.00077096348565283126 -0.014905843006314782 -0.005006067957764892 0.11368818855756652 -0.0079928459953895453 0.019101619268302044 -0.021364907379825028 -0.036186543409716936 -0.002399214620481838 0.011485933648338428 0.038248016157516392 0.0053585014149174527 0.19322581156319865 0.042038334244855188 7.0302968260775993e-05 -0.0019555225326593774 0.013668154816595625 -0.015198289381809484 0.22792790718077152 0.21196164538018003 0.10990494211724254 0.0092794117822111357
leaf_weight=113.81493898201734 385.24299525097013 1674.346830861643 190.33237635716796 16.380937695503235 6.0404032394289962 2604.5186806144193 216.46325796470046 271.67821562476456 2240.4182990267873 408.06974208727479 451.98605732712895 4.0503499675542107 115.09198538213968 226.26704200915992 2.9922091942280522 27.06880889646709 284.52333686128259 196.78144378308207 4.8559263683855525 828.62838017195463 2.3187386635690928 26.969923876225948 4290.2536583766341 409.99826579913497 100.59540610387921 3.7237619776278716 1.7540745399892319 1.6719957217574117 4.1970301792025566 513.8325513266027
leaf_count=6095 2575 19778 10805 99 75 16896 7001 3806 17279 5687 5260 25 745 1439 52 364 1933 1459 45 5875 27 149 37820 4474 764 52 19 19 53 4014
internal_value=-6.51792e-05 0.000144207 -0.00116795 -0.000652071 -0.0271523 0.0039388 -0.0152625 0.000301874 -0.00262118 -0.0087194 0.00285892 0.00398863 0.0112928 0.0105221 0.00161109 -0.00744461 -0.00533441 0.0042976 0.00209076 0.00719511 0.0883344 0.00651471 0.00126437 0.00619602 0.0214897 0.0763615 0.102132 0.0791301 0.0510908 0.00429332
internal_weight=15624.9 15505 11521.1 11114.3 119.855 3983.94 406.796 9439.93 2920.17 679.748 3598.7 3146.71 542.191 538.14 6519.77 327.973 311.592 311.873 6191.79 862.773 7.17467 855.598 5329.02 1038.77 114.934 14.3391 11.3469 9.59279 7.92079 923.831
internal_count=154684 148514 120115 102309 6170 28399 17806 82531 26772 9493 25824 20564 3668 3643 55759 2396 2297 2204 53363 6096 72 6024 47267 9447 959 195 143 124 105 8488
is_linear=0
shrinkage=0.05


Tree=74
num_leaves=31
num_cat=0
split_feature=20 25 28 15 23 24 10 15 0 5 15 27 17 12 21 11 10 7 24 8 17 5 22 7 0 19 5 29 1 10
split_gain=33.3773 26.8821 30.0704 19.3847 15.5844 14.3701 13.9681 13.3881 12.5567 11.4783 11.9109 25.5941 14.7717 16.8946 13.1421 13.9745 12.6194 11.4317 11.4092 19.1395 11.3126 11.6834 11.3077 11.2295 10.8975 12.7626 11.5763 11.0617 10.613 18.411
threshold=-2.444999999999999 1.5000000000000002 5.5000000000000009 -0.01666666666666668 6.6050000000000013 -0.052666666666666188 1.0000000180025095e-35 0.0049999999999999845 1.5000000000000002 1.0000000180025095e-35 0.02500000000000004 -0.10499999999999997 4.5000000000000009 0.40195000000000008 -0.044999999999999991 0.51195000000000013 0.24920000000000003 1.8750000000000002 0.01166666666666716 0.32595000000000002 5.5000000000000009 1.0000000180025095e-35 1.0349999999999999 6.6450000000000005 3.5000000000000004 0.0099999999999999898 1.5000000000000002 1.0000000180025095e-35 2.5000000000000004 0.26300000000000007
decision_type=2 2 2 2 2 2 2 2 2 2 2 2 2 2 2 2 2 2 2 2 2 2 2 2 2 2 2 2 2 2
left_child=6 4 3 20 -2 8 -1 -4 -5 10 12 -12 -7 16 22 -16 -14 -8 -19 -20 21 -3 -13 -22 -6 -26 27 -27 29 -18
right_child=1 2 7 5 24 9 17 -9 -10 -11 11 14 13 -15 15 -17 28 18 19 -21 23 -23 -24 -25 25 26 -28 -29 -30 -31
leaf_value=-0.032232722622389069 0.013341003256951041 -0.007482177837940954 -0.024479052706651301 0.010494490849902838 -0.0047030361405941959 0.00065113815695739012 0.05544557673503582 -0.0060619158091638793 -0.0071589844365024663 0.0036782764735260095 -0.033879976180932268 -0.01724702335143077 -0.016653941053114744 0.0077181997805482617 0.014820539954516879 -0.046773107813987233 0.043111661872479258 -0.023089024491055397 0.0028364157777516327 0.24336906358286378 -0.018365076506082444 0.0019114415898902838 0.0055561768634605786 0.026155584692588205 0.0051960007639090646 -0.0072658316084914997 0.040096929571521618 0.015846554907994751 -0.011086224240904656 -0.002258656416497857
leaf_weight=104.19750467501581 384.62559284362942 847.98839315306395 182.40485743340105 113.1837938837707 431.40666177868843 3387.0157616529614 6.7365782754495731 214.97163564991206 915.41193874366581 2769.4178883191198 38.741895459592342 74.517296805977821 293.35868004150689 210.82920676469803 410.8319500759244 9.419951329007743 23.334750300273299 81.437698336318135 52.855193346738815 0.84017768315970798 225.15414610970765 542.95511708781123 201.03390534035861 15.114453505724667 2621.3391009019688 451.44531617686152 14.899205490946768 58.475147434510291 393.18020662479103 535.33902596309781
leaf_count=5535 2532 9698 10614 1046 2864 28471 202 7019 10568 22947 219 590 3211 1920 2625 53 149 2749 1212 14 2809 5998 1218 130 16734 4993 184 621 4634 3125
internal_value=-6.31301e-05 0.00022942 -0.00100326 -0.000515422 0.0037774 0.000359811 -0.0183323 -0.0145158 -0.00521645 0.00104697 -0.000259541 0.00567338 -0.00115939 -0.00537099 0.00787569 0.0134399 -0.00758715 -0.00812303 -0.011292 0.00660006 -0.00554595 -0.00381538 -0.000610491 -0.0155644 0.00274921 0.00377107 -0.00334607 -0.00461542 -0.00479278 -0.000363624
internal_weight=15612.5 15366.4 11404.2 11006.8 3962.19 9375.62 246.067 397.376 1028.6 8347.02 5577.6 734.545 4843.06 1456.04 695.803 420.252 1245.21 141.87 135.133 53.6954 1631.21 1390.94 275.551 240.269 3577.57 3146.16 524.82 509.92 951.854 558.674
internal_count=154684 144972 117044 99411 27928 80776 9712 17633 11614 69162 46215 4705 41510 13039 4486 2678 11119 4177 3975 1226 18635 15696 1808 2939 25396 22532 5798 5614 7908 3274
is_linear=0
shrinkage=0.05


Tree=75
num_leaves=31
num_cat=0
split_feature=13 28 30 0 24 26 20 28 0 0 9 0 14 27 0 26 8 9 14 28 12 7 15 23 14 24 12 9 13 28
split_gain=31.4985 27.4365 21.885 20.32 27.8865 19.2086 17.6656 17.9161 16.3872 17.6053 16.0908 15.2017 14.6654 13.7138 13.7066 13.1543 12.7619 13.4367 15.1526 14.3905 12.1116 11.6906 11.8093 11.3614 15.1978 20.1249 14.1013 11.315 11.1655 11.0062
threshold=-2.1341666666666654 1.5000000000000002 1.0000000180025095e-35 4.5000000000000009 -0.05666666666666708 -0.10000000000000007 2.3350000000000013 5.5000000000000009 15.500000000000002 13.500000000000002 5.4150000000000009 5.5000000000000009 0.021783333333333352 0.084999999999999978 14.500000000000002 -0.21000000000000038 0.49030000000000007 6.7250000000000005 0.042541666666666651 4.5000000000000009 0.35305000000000003 7.3750000000000009 0.035500000000000011 6.705000000000001 -0.07934999999999999 0.065500000000000128 0.25055000000000005 6.535000000000001 1.4333333333333333 2.5000000000000004
decision_type=2 2 2 2 2 2 2 2 2 2 2 2 2 2 2 2 2 2 2 2 2 2 2 2 2 2 2 2 2 2
left_child=10 8 3 -3 21 -6 7 16 9 11 -1 20 14 -10 -11 -4 17 18 19 -7 -2 22 -5 24 25 26 -9 -23 -18 -17
right_child=1 2 15 4 5 6 -8 23 13 12 -12 -13 -14 -15 -16 29 28 -19 -20 -21 -22 27 -24 -25 -26 -27 -28 -29 -30 -31
leaf_value=-0.029872815986885494 -0.0061412893517723338 0.003021752459162007 0.079078189357953951 -0.016720749723856381 0.0060943957892765129 -0.0037986636600797863 0.0043003402952959029 0.22767502267569301 0.0072849588795300792 -0.025596976128601314 0.06713459355484383 0.0049433661262122987 0.0033542679762976571 -0.0088239558157383116 -0.0043306300035185182 -0.020788573876684702 -0.012290115242939837 0.005034758914421727 0.0016073658813586843 -0.01395448678934099 0.0044067639941451093 0.13193949100848579 0.02737391392248922 -0.022054807408065886 -0.0055006087771032131 0.35045144935409733 0.0086590918033595029 0.010728910852889302 -6.6259811698701123e-05 0.010406017623320647
leaf_weight=110.62313249893486 747.77745671570301 1653.0438102092594 6.6559541951864949 498.22075058706105 625.96642461698502 2495.5145955681801 721.13284945767373 0.89398998115211625 2065.4677618741989 149.40812195837498 4.4465383421629658 1883.6583675295115 175.35618036985397 141.14806750416756 153.72354081273079 30.36600661277771 650.6649994365871 548.71594620682299 1129.7818100173026 405.4844427164644 427.85203459858894 2.349080389365553 15.661520725116132 210.16326905880123 54.821517513133585 0.61588762514293183 4.1307570766657591 10.674248547293244 262.04528803378344 410.8440302554518
leaf_count=6123 3292 18839 57 9859 5514 30122 5267 35 9316 673 47 8434 789 623 691 254 5869 5299 12934 8887 1875 23 182 9873 2057 10 163 115 1462 6000
internal_value=-6.10949e-05 0.000132617 -0.00148402 -0.00200447 -0.00309243 -0.00226992 -0.00307741 -0.00400063 0.00287309 0.000763987 -0.0261242 0.00215891 -0.0081547 0.00625454 -0.0148124 0.00931155 -0.00338178 -0.00230578 -0.00330506 -0.00521818 -0.00230249 -0.0141912 -0.0153769 -0.0165598 0.00254035 0.0806907 0.0476258 0.0325922 -0.00878056 0.00825907
internal_weight=15597.2 15482.1 9737.75 9289.88 7636.84 7109.93 6483.97 5762.83 5744.39 3537.78 115.07 3059.29 478.488 2206.62 303.132 447.866 5492.21 4579.5 4030.78 2901 1175.63 526.906 513.882 270.625 60.4622 5.64063 5.02475 13.0233 912.71 441.21
internal_count=154684 148514 122821 116510 97671 87492 81978 76711 25693 15754 6170 13601 2153 9939 1364 6311 64573 57242 51943 39009 5167 10179 10041 12138 2265 208 198 138 7331 6254
is_linear=0
shrinkage=0.05


Tree=76
num_leaves=31
num_cat=0
split_feature=10 13 25 24 11 28 23 7 14 8 12 30 22 11 3 9 8 20 3 5 19 7 11 23 12 18 20 13 9 7
split_gain=29.4128 30.2197 19.1271 18.5003 19.7336 17.9712 17.6305 15.645 14.375 14.0368 13.0801 13.0126 17.7575 12.446 12.2392 12.5512 15.269 13.6689 11.6182 11.5064 11.3776 13.7443 10.9674 18.3475 11.1225 13.2671 14.7188 10.9158 13.7541 10.7899
threshold=0.22749999999999998 -2.2441666666666658 1.5000000000000002 -0.031666666666666725 0.41234999999999999 5.5000000000000009 6.5950000000000006 6.3650000000000011 -0.056416666666666733 0.4391500000000001 0.39865000000000006 1.5000000000000002 -0.26500000000000007 0.48095000000000004 28.500000000000004 6.9350000000000014 0.38664999999999999 3.6250000000000009 24.500000000000004 1.5000000000000002 0.020000000000000014 6.2950000000000008 0.28540000000000004 6.7350000000000012 0.32544999999999996 4.5000000000000009 -1.0000000180025095e-35 -0.11666666666666602 4.0550000000000006 6.1450000000000005
decision_type=2 2 2 2 2 2 2 2 2 2 2 2 2 2 2 2 2 2 2 2 2 2 2 2 2 2 2 2 2 2
left_child=1 -1 -2 4 6 8 -3 10 -4 -9 18 -12 -13 -11 -10 29 20 -18 -5 -20 -17 -22 -21 24 -24 26 -26 -8 -29 -16
right_child=2 3 5 7 -6 -7 27 9 14 13 11 12 -14 -15 15 16 17 -19 19 22 21 -23 23 -25 25 -27 -28 28 -30 -31
leaf_value=-0.032900908152056277 0.0045742416197779709 0.19963331769383241 -0.0037879368637463227 0.0034926999088340143 0.010767173013841438 -0.012234476718064706 -0.021666213857734051 0.045257873801705345 0.0074008532580981754 0.0033424420257090908 0.0047587380358767653 0.014006684725371166 0.24857457219722209 0.050533152507804741 0.0012691843793625898 0.017780372954447479 0.0022435033972808263 0.034864251454675255 -0.0062998149146393963 -0.016935831319697111 0.039074769847944835 0.18127053760491846 0.026050362899403403 0.0037586877649141495 0.28020849974737133 0.045812799621192127 0.093633433791257895 -0.016520030982924757 0.0074580912487930556 -0.0036660184425127925
leaf_weight=87.688471850007772 3060.2749965135008 0.95869935397058625 1647.4459416475147 415.07206163462251 89.355683816596866 291.08664095215499 286.45901219733059 25.436612407676876 759.36306296661496 228.7764660185203 403.2378814695403 2.138688694685698 1.2956193387508381 14.880770146846769 3267.233703609556 118.1863150652498 924.36675582267344 33.269061379134655 1935.0689507126808 14.74183205142617 6.3524840343743545 2.3200062103569508 5.4556056344881636 19.008602546527982 1.9331311453133819 3.4028109414502978 2.3325659409165382 157.75750691816211 96.320846622809768 1675.441966952756
leaf_count=5405 20366 11 14777 5929 1381 11910 7064 205 6047 1537 4590 39 13 99 30787 921 6551 188 21183 184 91 34 52 228 31 37 16 1943 1135 11930
internal_value=-5.92516e-05 -0.00388994 0.00117307 -0.00320307 -0.0110022 -1.98704e-05 -0.0145945 -0.00160187 0.000401699 0.0099142 -0.00270717 0.00558415 0.102499 0.0062245 0.00141874 0.000665057 0.00553612 0.00337678 -0.00411385 -0.00570687 0.0218366 0.077114 0.018771 0.0351525 0.0806225 0.119447 0.178186 -0.0149745 -0.00742995 -0.000403724
internal_weight=15576.7 3791.32 11785.3 3703.63 630.852 8725.07 541.496 3072.78 8433.98 269.094 2803.69 406.672 3.43431 243.657 6786.53 6027.17 1084.49 957.636 2397.02 1981.94 126.859 8.67249 46.8745 32.1327 13.1241 7.66851 4.2657 540.537 254.078 4942.68
internal_count=154684 51082 103602 45677 11534 83236 10153 34143 71326 1841 32302 4642 52 1636 56549 50502 7785 6739 27660 21731 1046 125 548 364 136 84 47 10142 3078 42717
is_linear=0
shrinkage=0.05


Tree=77
num_leaves=31
num_cat=0
split_feature=20 17 1 13 24 15 22 10 3 8 15 7 4 13 1 28 11 12 10 22 21 0 12 30 12 20 23 12 8 15
split_gain=28.0517 22.6499 28.7112 22.0383 15.9407 15.1655 16.2454 14.146 15.1484 14.0587 13.8681 19.7621 17.0448 13.5798 13.2217 13.5956 13.0462 12.8279 12.5762 11.9655 11.7231 11.7078 11.6938 13.4981 11.488 11.3192 11.9736 12.2752 14.1437 12.9351
threshold=-2.444999999999999 1.5000000000000002 4.5000000000000009 0.92333333333333412 1.332267629550188e-15 0.016666666666666653 3.6450000000000009 0.24415000000000003 55.500000000000007 0.48364999999999997 -0.018333333333333295 5.1050000000000013 50.500000000000007 -0.086666666666666656 1.5000000000000002 4.5000000000000009 0.49445 0.54230000000000012 1.0000000180025095e-35 -1.6099999999999994 -0.025000000000000005 23.500000000000004 0.33644999999999997 1.0000000180025095e-35 0.38105000000000006 3.6250000000000009 6.8650000000000011 0.21695000000000003 0.26975000000000005 -0.011666666666666678
decision_type=2 2 2 2 2 2 2 2 2 2 2 2 2 2 2 2 2 2 2 2 2 2 2 2 2 2 2 2 2 2
left_child=18 5 7 4 13 22 17 8 24 -6 -9 12 16 -4 21 25 -12 19 -1 -7 -14 -13 23 -2 -3 26 -16 29 -29 -28
right_child=1 2 3 -5 9 6 -8 10 -10 -11 11 14 20 -15 15 -17 -18 -19 -20 -21 -22 -23 -24 -25 -26 -27 27 28 -30 -31
leaf_value=-0.030884897650897272 -0.0019969009901239158 -0.0037603828294999206 -0.026590050628740421 0.00048776066236612707 -0.0018973517334862978 -0.029394543493280717 -0.020459288577687574 -0.0045180987162738457 -0.017111694653527534 -0.027546646975463964 -0.0073686988630052887 0.0029586692345859871 -0.00068936275041859868 -0.010567786532572941 -0.0034144034547787445 0.02460710388839887 0.10160445034845177 -0.050658971462676596 -0.0074955486094622804 0.012898911033588254 0.014154627564182785 0.019665467788616813 0.0057732820302696559 0.027498696602744684 0.0044387433807909866 0.02081065525803865 0.1227603457588507 0.14425045027867439 0.0017372540463788237 0.020976308131774091
leaf_weight=97.617672758176923 1344.3981237243861 1932.4599062521011 226.07263272535056 641.01019186340272 451.68244849331677 17.096890076994896 42.367463491857052 909.25464668683708 176.4065042603761 60.590313293039799 175.58268514927477 2304.1757905036211 164.4239161266014 318.65065707173198 2593.0351852402091 50.4521166048944 2.7901840135455123 8.2611075732856971 139.74518556334078 765.4238836877048 696.15010638069361 109.86423723399639 1092.5851881988347 39.940407196059823 548.47030589729548 55.633052505552769 3.3301318474113932 1.7465183287858952 548.63459905795753 49.800486333668232
leaf_count=5535 12634 17733 10394 6482 10970 176 229 7535 1885 1129 1497 10470 1460 7972 20403 636 19 52 4177 5295 6288 512 10046 574 4937 268 38 22 4875 441
internal_value=-5.74756e-05 0.000206625 -0.00080191 -0.0068269 -0.0112628 0.00386902 0.00970447 0.000189202 -0.00295442 -0.00493108 0.00127906 0.00205932 0.00840281 -0.0172174 0.000906452 -0.00114937 -0.00566409 0.0113205 -0.0171146 0.0119749 0.0113185 0.003719 0.00190619 -0.00114591 -0.00194777 -0.00154894 -0.00193808 0.00440504 0.00218949 0.0273559
internal_weight=15567.7 15330.3 12020.2 1698.01 1057 3310.07 833.149 10322.2 2657.34 512.273 7664.87 6755.62 1038.95 544.723 5716.67 3302.63 178.373 790.782 237.363 782.521 860.574 2414.04 2476.92 1384.34 2480.93 3252.18 3196.55 603.512 550.381 53.1306
internal_count=154684 144972 115966 36947 30465 29006 5752 79019 24555 12099 54464 46929 9264 18366 37665 26683 1516 5523 9712 5471 7748 10982 23254 13208 22670 26047 25779 5376 4897 479
is_linear=0
shrinkage=0.05


Tree=78
num_leaves=31
num_cat=0
split_feature=20 4 17 16 1 3 14 15 8 2 10 7 15 13 30 1 19 10 10 10 1 20 14 9 8 19 13 4 24 23
split_gain=25.7493 21.644 22.1114 21.6698 23.164 15.7248 16.3237 15.0341 14.7918 15.5923 14.491 14.5922 15.6993 14.3898 13.7351 14.1501 15.1546 13.8535 11.9865 11.9171 11.5561 14.8755 12.1622 11.2069 16.2279 14.816 13.308 14.4559 11.7125 15.445
threshold=-2.444999999999999 50.500000000000007 5.5000000000000009 1.5000000000000002 5.5000000000000009 27.500000000000004 0.057341666666666659 -0.020000000000000007 0.45925000000000005 3.5000000000000004 0.23039999999999997 5.0850000000000009 -0.01833333333333333 0.85333333333333317 -2.4999999999999996 4.5000000000000009 -0.039999999999999994 0.61560000000000004 1.0000000180025095e-35 0.62570000000000003 1.5000000000000002 2.5350000000000006 0.14169999999999999 6.6350000000000007 0.44080000000000003 0.025000000000000012 -0.39499999999999996 51.500000000000007 -0.044999999999999478 6.8050000000000006
decision_type=2 2 2 2 2 2 2 2 2 2 2 2 2 2 2 2 2 2 2 2 2 2 2 2 2 2 2 2 2 2
left_child=18 14 3 8 5 -5 10 -4 9 13 -7 12 -12 -3 -2 16 -16 -18 -1 -11 -10 -22 -23 26 25 -25 -13 -28 -27 -30
right_child=1 2 7 4 -6 6 -8 -9 20 19 11 23 -14 -15 15 -17 17 -19 -20 -21 21 22 -24 24 -26 28 27 -29 29 -31
leaf_value=-0.03023545357106799 0.063310074464036192 0.019860991670018327 -0.017399071969922502 0.0068595176836372188 -0.012042863366043342 -0.0060450907497364226 0.0045571798185668538 -0.0025223025196558562 0.0090611939700281658 0.015455544866832217 -0.0056195081328618349 -0.019347650393791511 0.0090942874985844788 0.00094675814207439719 0.011726198132582886 -0.01374950550695582 -0.0031405664034262065 -0.02451316434340757 -0.0071705317142195706 0.046847738066109534 -0.0026122458426230564 0.0074318366757740676 0.053410203486516698 0.0093439688317919524 -0.0027135266624968169 -0.055193727460099429 0.010190502628307898 -0.0037907702646443166 0.034465788187214304 0.13532590330237634
leaf_weight=94.800996284931898 7.5381160527467719 129.90778842940927 189.33002891018987 1032.3107067961246 349.64042100962251 1172.5238521881402 1647.6535892235115 1648.4266173299402 556.67430463433266 381.37313742935658 239.02970376051962 122.43022754788399 750.47480087541044 445.09410453960299 166.15579729620367 340.55101407784969 1887.6618188964203 78.993102699518204 138.80014185700566 32.834766851738095 994.88506057672203 330.04009133391082 15.038144402205942 318.31312015932053 433.39560364186764 2.1517370324581888 205.74905907455832 1822.8486324260011 11.199988001957538 5.7414406165480605
leaf_count=5535 51 1004 2550 9735 13034 13147 13745 16187 2862 2433 2706 1602 7831 2771 1183 7751 14487 512 4177 204 7121 1876 81 2469 3428 33 1595 14375 128 71
internal_value=-5.57138e-05 0.000195534 0.00102178 0.00187 0.000546422 0.00111337 0.000232175 -0.00405494 0.00559118 0.0105479 -0.00116954 0.000292036 0.00553995 0.00521997 -0.00407977 -0.00428515 -0.00277396 -0.00399902 -0.0165308 0.017944 0.00300597 0.000490394 0.00943553 -0.00148522 0.00368771 0.0119101 -0.00333889 -0.00237273 0.0546908 0.0686472
internal_weight=15551.6 15318 12837.1 10999.3 8113.46 7763.82 6731.51 1837.76 2885.85 989.21 5083.86 3911.33 989.505 575.002 2480.9 2473.36 2132.81 1966.65 233.601 414.208 1896.64 1339.96 345.078 2921.83 770.802 337.406 2151.03 2028.6 19.0932 16.9414
internal_count=154684 144972 120988 102251 83899 70865 61130 18737 18352 6412 47385 34238 10537 3775 23984 23933 16182 14999 9712 2637 11940 9078 1957 23701 6129 2701 17572 15970 232 199
is_linear=0
shrinkage=0.05


Tree=79
num_leaves=31
num_cat=0
split_feature=13 28 5 15 24 9 13 0 11 0 3 4 0 24 14 24 20 27 15 21 11 27 27 3 14 29 0 23 3 23
split_gain=24.2238 22.1381 20.2973 18.4945 16.1325 15.1846 15.0705 16.3388 13.9222 13.9071 13.7092 12.7502 15.079 12.4385 12.3794 12.2933 11.8999 11.5633 12.9411 11.5719 11.2607 11.2266 10.7308 10.5102 12.3971 10.2982 10.5186 11.7259 11.1469 10.1941
threshold=-2.1341666666666654 1.5000000000000002 1.0000000180025095e-35 -0.020833333333333339 0.0083333333333324173 3.4050000000000007 2.0025000000000008 23.500000000000004 0.52795000000000014 4.5000000000000009 59.500000000000007 50.500000000000007 4.5000000000000009 0.031666666666666739 -0.062499999999999965 -0.056666666666666192 -1.9899999999999993 0.044999999999999936 0.034999999999999989 -0.044999999999999991 0.70185000000000008 -0.23999999999999974 -0.17000000000000035 46.500000000000007 0.081075000000000022 1.0000000180025095e-35 14.500000000000002 6.5450000000000008 61.500000000000007 6.785000000000001
decision_type=2 2 2 2 2 2 2 2 2 2 2 2 2 2 2 2 2 2 2 2 2 2 2 2 2 2 2 2 2 2
left_child=5 6 3 4 -3 -1 7 10 9 22 11 -2 -13 14 -9 -11 -17 18 19 -14 25 -18 -5 -24 -25 26 -4 -28 -29 -19
right_child=1 2 20 8 -6 -7 -8 13 -10 15 -12 12 17 -15 -16 16 21 29 -20 -21 -22 -23 23 24 -26 -27 27 28 -30 -31
leaf_value=-0.031267039432944371 -0.0037788230295182617 -0.018838709161730013 0.0033841438659148433 -0.022439727096293681 -0.0027709529507573827 0.024416521793366994 0.017326643472889688 -0.022932756761014344 0.013372143669871012 -0.012822374929509285 -0.016083882984049558 -0.0032451117124808028 -0.0090202729380460794 0.033986842944551295 0.013940919340045824 -0.019288986708558321 0.063536238219341762 0.0061240705793394364 0.023769071841555356 0.0058452535954387833 -0.056272489484953406 -0.0026060754620399252 0.0071122421893313505 -0.0098703217474328444 0.023944939329358157 0.0095534682217205957 0.082471320149233168 -0.0031799650838751437 0.093534387208834224 -0.0064159587431270402
leaf_weight=92.019494873471558 824.51332305371761 327.51771002262831 1768.7088840072975 39.89975031837821 298.68298323731869 14.121953777968882 168.03406246006489 27.118424341082573 141.3860283549875 339.22062944155186 107.83449658751488 793.10533340275288 137.60816197097301 63.434343948960304 141.6847460269928 108.35007988847792 6.4254682697355738 266.47404387593269 96.2101119607687 2691.0079062879086 8.3328537903726083 4135.0125658679754 693.63426506705582 197.81956543959677 31.407378016971052 390.98637825716287 4.0316446386277667 1208.1222995994613 2.9866492236033073 413.63088806718588
leaf_count=5835 3662 7115 21744 272 4021 335 873 121 1449 6487 482 3481 634 306 628 3001 40 1171 466 12046 91 47669 7280 2705 320 4569 28 15984 46 1823
internal_value=-5.38791e-05 0.000109836 -0.00134553 -0.00301883 -0.0111748 -0.0238584 0.00257391 0.00212826 -0.00212174 -0.00251632 0.00156264 0.001927 0.00299669 0.0151106 0.00801712 -0.00366255 -0.00293141 0.00436992 0.00573545 0.00512207 0.00177999 -0.00250346 0.00294721 0.00404481 -0.00523715 0.00192332 0.000923514 -0.00265808 -0.00294146 -0.00150261
internal_weight=15539.3 15433.2 9702.53 6319.36 626.201 106.141 5730.66 5562.62 5693.16 5551.77 5330.38 5222.55 4398.04 232.238 168.803 4589.01 4249.79 3604.93 2924.83 2828.62 3383.17 4141.44 962.761 922.861 229.227 3374.84 2983.85 1215.14 1211.11 680.105
internal_count=154684 148514 122821 80359 11136 6170 25693 24820 69223 67774 23765 23283 19621 1055 749 57197 50710 16140 13146 12680 42462 47709 10577 10305 3025 42371 37802 16058 16030 2994
is_linear=0
shrinkage=0.05


Tree=80
num_leaves=31
num_cat=0
split_feature=1 13 0 22 22 15 3 11 13 7 12 15 8 14 20 6 7 4 9 26 20 7 27 21 12 13 4 12 23 15
split_gain=22.8977 20.7787 22.2322 18.5414 17.9287 21.0531 16.8663 16.031 14.2552 18.485 14.9669 13.8649 12.1973 11.8503 11.8476 11.7964 12.1977 11.7953 11.5695 11.4007 11.2325 12.5906 11.6075 11.2872 22.5464 11.4131 10.8151 10.9549 10.937 13.7364
threshold=3.5000000000000004 0.28166666666666768 17.500000000000004 -0.010000000000000451 -0.67000000000000048 -0.010000000000000021 39.500000000000007 0.46515000000000001 -0.35166666666666718 6.7650000000000006 0.14435000000000003 0.028333333333333332 0.17965 0.25109166666666677 0.4549999999999999 0.14500000000000005 6.2750000000000012 50.500000000000007 3.8850000000000002 -0.044999999999999922 -0.57999999999999974 6.7650000000000006 0.034999999999999705 0.085000000000000034 0.37135000000000007 -2.4924999999999993 47.500000000000007 0.44010000000000005 6.9250000000000007 -0.031666666666666655
decision_type=2 2 2 2 2 2 2 2 2 2 2 2 2 2 2 2 2 2 2 2 2 2 2 2 2 2 2 2 2 2
left_child=6 2 4 14 5 13 -1 19 -9 10 -10 20 -4 -2 26 -7 -17 -5 -13 -6 21 23 -23 25 -25 -8 -3 28 29 -28
right_child=1 3 12 17 7 15 11 8 9 -11 -12 18 -14 -15 -16 16 -18 -19 -20 -21 -22 22 -24 24 -26 -27 27 -29 -30 -31
leaf_value=0.0030629229087556892 -0.0097780597673451167 -0.036646964298732314 -0.032708073197097724 -0.0096239902172926863 -0.0010960147427691352 -0.0068114027592004805 0.125542454124423 -0.016021835710469914 0.18968605122312324 -0.055443325499342694 0.035178343666805084 -0.021517734001183716 -0.012377654026695356 0.096263165719701671 0.0069788851428049213 0.018286661780877025 0.15409990253510356 4.9576567899359941e-06 0.010901557524732632 -0.013828572748488486 -0.00070083198870272837 0.10075461353853876 -0.05512073011774267 -0.0011687386814049148 0.31104888068554037 -0.0098839550019938285 0.16396864539723632 -0.057096634044547984 -0.01605771337397759 0.047637850785626004
leaf_weight=5699.0986206382513 183.28347474802285 5.0070531368255606 88.65461590513587 378.15530826058239 257.0892096105963 54.464283869601786 1.5601261686533678 25.506058731116354 1.6276814006268967 5.6146466480568042 42.300167663954198 29.865666871890426 439.56264426652342 2.6730503141880027 181.76112609170377 200.43074545729905 1.6669836584478606 2000.8866701787338 350.37782181054354 556.07265803217888 4403.2859047483653 4.7705625854432574 1.5931895188987253 1.9429382737725966 0.82323367334902275 552.46057367511094 2.7162338048219672 2.7240133620798579 6.1745560094714156 38.587157048285007
leaf_count=39029 5350 57 4093 4181 5302 1213 17 824 29 90 665 198 10767 63 1729 4376 22 20997 1964 17029 26503 52 21 47 17 9500 32 29 73 415
internal_value=-5.18919e-05 -0.00306916 -0.00711092 -0.000197071 -0.00366592 0.00455636 0.00117049 -0.00776237 0.0143487 0.0299844 0.0409034 -0.000846683 -0.0157899 -0.00825376 0.0131405 0.0138411 0.0194069 -0.00152559 0.00835523 -0.00980305 -0.00155121 -0.00820029 0.0617306 -0.00899956 0.0917496 -0.00950259 0.0334259 0.0404149 0.0460095 0.0552881
internal_weight=15520.7 4474.96 1858.95 2616.01 1330.73 442.519 11045.8 888.21 75.0486 49.5425 43.9278 5346.68 528.217 185.957 236.97 256.562 202.098 2379.04 380.243 813.162 4966.44 563.151 6.36375 556.787 2.76617 554.021 55.209 50.202 47.4779 41.3034
internal_count=154684 77336 49823 27513 34963 11024 77348 23939 1608 784 694 38319 14860 5413 2335 5611 4398 25178 2162 22331 36157 9654 73 9581 64 9517 606 549 520 447
is_linear=0
shrinkage=0.05


Tree=81
num_leaves=31
num_cat=0
split_feature=15 28 22 13 14 24 21 17 4 12 15 22 7 24 21 22 8 5 2 13 22 27 0 23 3 24 22 0 3 14
split_gain=22.0381 24.2471 15.9723 15.4404 14.1141 13.3412 13.2351 13.2104 13.7007 12.7786 12.2944 12.4704 11.8991 11.6288 12.7653 11.5503 11.0485 11.0325 21.8541 10.6273 11.9849 10.5384 15.5231 10.0056 9.71255 9.35186 9.18952 11.8809 20.4776 23.2227
threshold=-4.1633363423443364e-17 4.5000000000000009 -2.774999999999999 2.1466666666666674 -0.025174999999999999 0.0016666666666673715 -0.039999999999999994 1.5000000000000002 60.500000000000007 0.3599 0.016666666666666653 -1.6099999999999994 7.2550000000000008 -0.052666666666666188 -0.020000000000000007 3.6450000000000009 0.61425000000000007 1.5000000000000002 3.5000000000000004 0.076666666666666897 0.69999999999999996 0.029999999999999808 13.500000000000002 6.6350000000000007 23.500000000000004 0.1000000000000001 -0.010000000000000451 22.500000000000004 43.500000000000007 -0.062499999999999965
decision_type=2 2 2 2 2 2 2 2 2 2 2 2 2 2 2 2 2 2 2 2 2 2 2 2 2 2 2 2 2 2
left_child=1 2 -1 7 25 17 -5 9 13 10 23 -12 -11 16 19 -13 -9 -3 21 20 -15 -19 -23 -2 -22 -4 -7 -28 -29 -30
right_child=3 5 4 6 -6 26 -8 8 -10 12 11 15 -14 14 -16 -17 -18 18 -20 -21 24 22 -24 -25 -26 -27 27 28 29 -31
leaf_value=-0.01869362690088373 0.019125709750123628 -0.018454399549486827 -0.0050694203541644493 -0.0014766455387796411 0.0010167292898809715 0.0074785095795771462 0.018552919284267187 -0.0056600661351270398 -0.033356067776215449 0.0091249919025595313 -0.037690670028036638 0.01044857908155415 0.039475791198293926 -0.0046307905664720664 0.0027185404831306412 -0.028017825471378738 -0.061976258203417484 -0.040739427589625572 0.2125072508565139 -0.00032473897024168298 0.048510739278781405 0.22573797944604712 -0.051894974139126505 -0.0036948763448708061 -0.027964147278931817 0.017401702504374002 -0.011929528716059762 -0.0016929897084619701 0.4341554538099664 0.079184001410861848
leaf_weight=126.90549991466105 51.570329335518181 376.12839225307107 1692.2345365509391 126.30944527685642 3654.7390788570046 119.05437540821731 237.65720710158348 576.33425232861191 30.493241026066244 558.85651156120002 14.707903491333125 511.67371615674347 34.273835176602006 380.82882910966873 3750.5590293286368 20.288882873952389 8.8427720200270397 4.5722082471474987 1.5041443007066844 2106.4923879094422 4.3506912868469945 1.0800493145361545 0.94311790447682131 700.02866771165282 90.816472293809056 47.60327472910285 260.26345752831548 14.490978034213187 0.51294355839490879 4.5282525857910505
leaf_count=2154 366 15122 15972 613 30872 3316 1249 7609 458 4443 212 3794 238 4290 35108 117 56 228 39 13545 75 36 35 6155 1016 289 6672 467 13 125
internal_value=-5.06995e-05 -0.00232807 -0.00116032 0.00150924 -0.00074786 -0.0105618 0.0116019 0.0010937 8.52864e-05 0.00479846 0.00202058 0.00772579 0.0108788 0.000232685 0.000855812 0.00898148 -0.00651108 -0.0172111 0.0405256 -0.00184944 -0.0085969 0.00130333 0.0963168 -0.00212906 -0.024468 -0.00445459 -0.0041563 -0.00910697 0.0285032 0.115302
internal_weight=15508.6 6304.56 5521.48 9204.08 5394.58 783.078 363.967 8840.12 6948.72 1891.4 1298.27 546.671 593.13 6918.22 6333.05 531.963 585.177 384.228 8.09952 2582.49 475.996 6.59538 2.02317 751.599 95.1672 1739.84 398.85 279.796 19.5322 5.0412
internal_count=154684 75340 49287 79344 47133 26053 1862 77482 62157 15325 10644 4123 4681 61699 54034 3911 7665 15460 338 18926 5381 299 71 6521 1091 16261 10593 7277 605 138
is_linear=0
shrinkage=0.05


Tree=82
num_leaves=31
num_cat=0
split_feature=13 26 4 16 1 3 24 14 9 9 8 13 9 2 23 20 0 14 12 24 15 8 21 24 7 15 10 9 8 4
split_gain=21.3376 19.2706 19.743 16.8039 18.8061 18.2442 18.0084 17.8705 15.6773 15.6427 13.9305 15.5142 13.8808 13.737 14.0867 13.0238 12.1238 11.2628 11.0995 10.9906 10.8435 13.6566 13.634 10.4969 10.2682 18.6092 15.5424 13.4614 15.514 13.007
threshold=-2.1341666666666654 0.06000000000000006 50.500000000000007 1.5000000000000002 5.5000000000000009 27.500000000000004 -0.088333333333333361 0.057341666666666659 4.2550000000000008 4.5050000000000008 0.45925000000000005 1.0983333333333332 3.4050000000000007 3.5000000000000004 6.5650000000000004 -1.2150000000000001 22.500000000000004 0.16277500000000003 0.54230000000000012 -0.079999999999999613 0.041666666666666671 0.30885000000000001 -0.025000000000000005 0.11000000000000078 5.1550000000000011 -0.01833333333333333 0.20064999999999997 6.6350000000000007 0.52300000000000013 60.500000000000007
decision_type=2 2 2 2 2 2 2 2 2 2 2 2 2 2 2 2 2 2 2 2 2 2 2 2 2 2 2 2 2 2
left_child=12 2 -2 10 5 6 8 9 -5 20 13 16 -1 14 -4 -3 -12 -13 -9 -15 22 -22 -7 -8 25 -11 -27 -26 -29 -28
right_child=1 15 3 4 -6 7 23 18 -10 24 11 17 -14 19 -16 -17 -18 -19 -20 -21 21 -23 -24 -25 27 26 29 28 -30 -31
leaf_value=-0.030236407566691759 -0.0035506635576527338 -0.016750342484449284 -0.051158737241419353 0.00042680688217820799 -0.011138074794107122 -0.018860429001271307 0.0055209600237506396 0.0052475580629324477 0.15593991943188468 -0.0074296964341043483 -0.0071582754037949857 0.0042331757512779171 0.022867720234886185 -0.070606057704381248 0.0054858344750109327 -0.0033628846506847001 0.019507654475856569 0.031235015645156124 -0.03304112942592316 0.016672038423301599 0.10423501761577166 -0.0074338846536213081 -0.0044511273441510801 0.035393510215264649 -0.0033716060962630172 -0.02369980046604114 0.0098717830355314305 0.0064599882401047345 -0.01403854810595118 -0.067754246077381494
leaf_weight=87.988036140799522 2284.2293822327629 209.8266982184723 11.182372424751518 2.8421968286857 339.47423849534243 193.52601872850209 1072.1563372164965 1488.3994717933238 3.7705348720774055 260.32265288662165 502.42161967139691 1411.3842844236642 14.306284722872077 3.6363778412342063 593.83092851750553 1353.7920282650739 46.576785368844867 39.705151457339525 19.171677744016051 447.27753017749637 5.0014462824910861 6.0495730247348547 1082.0179081195965 30.23658711835742 2290.9333918727934 37.239864099770784 794.94367151521146 756.62383705284446 105.12827400118113 5.4332754304632536
leaf_count=5835 21236 6071 62 34 12571 1837 9967 11815 28 2784 3717 8120 335 23 3784 19040 344 216 156 2785 41 39 11828 197 17415 399 7492 5660 799 54
internal_value=-4.92294e-05 0.000101984 0.000696683 0.00153673 0.000392698 0.000872768 0.00683378 -6.56264e-05 0.0890993 -0.00137963 0.00471621 0.00226338 -0.0228096 0.00936226 0.00443888 -0.00515939 -0.00489595 0.00497201 0.00476064 0.0159682 -0.00621006 0.043105 -0.00663731 0.00634031 8.24575e-05 0.00424676 0.00787569 -0.00136778 0.0039593 0.00934483
internal_weight=15499.4 15397.1 13833.5 11549.3 8493.27 8153.8 1109.01 7044.79 6.61273 5537.22 3056.02 2000.09 102.294 1055.93 605.013 1563.62 548.998 1451.09 1507.57 450.914 1286.59 11.051 1275.54 1102.39 4250.62 1097.94 837.617 3152.69 861.752 800.377
internal_count=154684 148514 123403 102167 83116 70545 10226 60319 62 48348 19051 12397 6170 6654 3846 25111 4061 8336 11971 2808 13745 80 13665 10164 34603 10729 7945 23874 6459 7546
is_linear=0
shrinkage=0.05


Tree=83
num_leaves=31
num_cat=0
split_feature=20 25 28 4 17 15 23 12 5 10 15 16 26 15 7 26 10 14 10 13 3 15 12 12 21 0 24 9 13 8
split_gain=19.7274 17.704 19.8206 13.4765 14.7654 14.1132 13.462 11.9936 11.8959 11.6095 12.1734 12.1 11.8076 11.5158 11.509 11.4719 14.1484 11.0673 10.714 10.5232 10.6666 22.4351 10.3719 13.137 11.4831 10.2485 11.2864 14.5529 11.154 11.9908
threshold=-2.444999999999999 1.5000000000000002 5.5000000000000009 49.500000000000007 5.5000000000000009 -0.020000000000000007 6.6050000000000013 0.31065000000000004 1.0000000180025095e-35 0.60080000000000011 -0.038333333333333282 5.5000000000000009 -0.11999999999999965 0.0018333333333333398 4.2250000000000005 -0.10499999999999997 0.15809999999999999 0.06430000000000001 1.0000000180025095e-35 0.73333333333333284 19.500000000000004 0.0049999999999999637 0.24865000000000001 0.33185000000000003 0.055000000000000014 20.500000000000004 0.066666666666666888 2.4750000000000005 -1.2399999999999998 0.19409999999999997
decision_type=2 2 2 2 2 2 2 2 2 2 2 2 2 2 2 2 2 2 2 2 2 2 2 2 2 2 2 2 2 2
left_child=18 6 3 -3 8 -6 -2 -7 19 10 11 -10 -12 -4 22 16 -14 -18 -1 20 21 -5 -13 -24 -25 -8 28 -28 29 -27
right_child=1 2 13 4 5 7 25 -9 9 -11 12 14 15 -15 -16 -17 17 -19 -20 -21 -22 -23 23 24 -26 26 27 -29 -30 -31
leaf_value=-0.028441499092019835 0.011913343829464705 -0.0052109632954060502 -0.022742816607796236 -0.052929625238034766 -0.018838880903008354 -0.0091840166398044314 0.00086835475868102772 0.0007831570406752694 0.012345546593293705 0.017180951487986599 -0.022463906887419022 0.2117409555604271 0.14787125631313497 -0.0048846241729612778 -0.0021148726006897543 0.0024185701855952519 0.0016606362675348819 0.095673756639082064 -0.005994145164564757 0.0025467681555986521 -0.0020966816258347377 0.27440476789479085 0.016458864044813871 -0.0096087153308765331 0.17888178246195438 0.027396576531434347 -0.020507995999087366 0.024306583934376534 0.0024251819730840896 0.15568928666886345
leaf_weight=87.584591679275036 386.30491468589753 1309.4955538716167 152.31161911599338 1.0465841349214309 152.07680100016296 467.75082319788635 2957.4673525784165 850.80079365521669 79.274487007409334 150.93532467633486 47.412936190143228 1.4723607813939477 2.6586458962410715 221.63091924414039 5.1722465660423032 2443.3190641971305 13.18733846396208 4.1048408411443225 135.23380389343947 1993.9268422536552 3402.3657767027617 1.04726080968976 5.3188491500914079 1.0662725064903495 3.3360418528318405 9.8249873286113125 20.603066856041551 150.04367751441896 429.74514335207641 2.235776192508637
leaf_count=5535 2532 12253 9862 29 1986 4304 20844 7910 872 1072 383 26 30 7771 93 21705 107 32 4177 12215 36186 14 110 27 57 158 154 1008 3199 33
internal_value=-4.7581e-05 0.000168 -0.000839069 -0.000452007 0.00019537 -0.00441612 0.00304692 -0.00275266 0.00102692 0.00369889 0.00291813 0.0204261 0.00225119 -0.0121585 0.0595679 0.0027269 0.0404877 0.0239776 -0.0148177 -0.00033781 -0.00202725 0.11079 0.0880699 0.0693388 0.133228 0.00208748 0.00797448 0.0188959 0.0037561 0.051179
internal_weight=15488.8 15265.9 11309.7 10935.8 9626.27 1470.63 3956.22 1318.55 8155.64 2757.26 2606.32 95.6403 2510.68 373.943 16.3658 2463.27 19.9508 17.2922 222.818 5398.39 3404.46 2.09384 11.1935 9.72116 4.40231 3569.92 612.453 170.647 441.806 12.0608
internal_count=154684 144972 117044 99411 87158 14200 27928 12214 72958 24514 23442 1185 22257 17633 313 21874 169 139 9712 48444 36229 43 220 194 84 25396 4552 1162 3390 191
is_linear=0
shrinkage=0.05


Tree=84
num_leaves=31
num_cat=0
split_feature=28 29 0 24 20 0 3 7 10 23 9 3 7 13 8 9 13 7 7 21 0 27 24 21 24 12 25 19 26 26
split_gain=19.1747 16.8471 16.6803 19.5168 15.4212 14.3097 13.4223 14.4789 17.7818 14.0407 14.5363 13.2214 14.0922 13.2002 12.9392 19.7088 12.1012 15.0317 13.116 12.0592 12.0383 12.0079 11.9735 12.1739 11.8742 11.4908 12.8739 16.1288 18.6643 11.3232
threshold=1.5000000000000002 1.0000000180025095e-35 17.500000000000004 -0.01166666666666538 2.7950000000000013 4.5000000000000009 35.500000000000007 6.6150000000000011 0.22749999999999998 6.9650000000000007 4.4850000000000012 48.500000000000007 6.4450000000000012 2.3800000000000008 0.43085000000000001 6.8750000000000009 1.485000000000001 6.955000000000001 7.1950000000000012 0.039999999999999994 23.500000000000004 0.010000000000000233 0.096666666666666248 -0.044999999999999991 0.046666666666666419 0.36455000000000004 3.5000000000000004 -0.0099999999999999863 -0.024999999999999908 -0.10000000000000007
decision_type=2 2 2 2 2 2 2 2 2 2 2 2 2 2 2 2 2 2 2 2 2 2 2 2 2 2 2 2 2 2
left_child=5 2 4 13 6 -1 7 8 -2 10 -8 12 20 -4 15 -12 -16 -18 -19 -14 -7 -9 23 -3 25 -11 27 28 -27 -5
right_child=1 22 3 29 -6 11 9 21 -10 24 14 -13 19 -15 16 -17 17 18 -20 -21 -22 -23 -24 -25 -26 26 -28 -29 -30 -31
leaf_value=-0.0033798831260584959 -0.0022763420719426729 -0.016439469015785527 -0.012946182868747907 0.0098714922128175387 0.0096088358037550309 0.0021466420854819135 -0.010661364544906744 -0.012374720064875659 0.008037000139956051 0.0050527652550492776 -0.0011541887221265814 -0.0016017835743455018 0.010839503275459371 0.049587445474566942 -0.0090296918891459074 0.018428956606257887 -0.0052209778849561734 0.037508116240878325 0.00047317178870012738 -0.026024326085409218 0.016521645567363782 0.0074173363724067826 0.024678729263269958 0.0046648201446535826 -0.026184948562875295 0.037152430788723163 0.021355969651870348 0.024987589441788187 0.23736184044718081 -0.0039724143161538215
leaf_weight=943.79703018069267 710.30998699367046 73.718546646647155 758.29816174972802 164.09132504928857 338.655134415254 2626.831030189991 642.48177913576365 278.90287678223103 1015.4018209995702 117.37443177681416 1589.1408493211493 1050.1170087531209 938.0541015714407 8.5340069234371168 944.21257370337844 139.78135076258332 200.73110975325108 47.493104100227356 48.137779608368874 22.722300678491592 154.1917100250721 105.66934043541551 68.815562337636948 935.26156010013074 20.43980352114886 2.0531298527494073 48.27391813416034 5.5303927119821292 2.6882616057991982 1479.0073112444952
leaf_count=4172 14510 1028 14437 1560 2375 11546 11716 2355 11275 1900 21811 4636 4688 51 9616 1481 1207 286 273 101 689 960 511 12519 178 24 777 76 27 17899
internal_value=-4.61816e-05 -0.0013962 -0.00212932 -0.00566377 -0.000768056 0.00224751 -0.00136181 0.00183687 0.00379199 -0.00313426 -0.00384213 0.00335586 0.0047472 -0.0122503 -0.00236671 0.000429086 -0.00626307 0.00255141 0.0188658 0.00996768 0.00294365 -0.00693643 0.0044992 0.00312289 0.00988668 0.0140778 0.0321714 0.0830003 0.150667 -0.00258986
internal_weight=15480.7 9745 8667.21 2409.93 6257.28 5735.71 5918.62 2110.28 1725.71 3808.34 3611.98 4791.92 3741.8 766.832 2969.5 1728.92 1240.57 296.362 95.6309 960.776 2781.02 384.572 1077.8 1008.98 196.36 175.92 58.5457 10.2718 4.74139 1643.1
internal_count=154684 128852 114794 33947 80847 25832 78472 29100 25785 49372 46390 21660 17024 14488 34674 23292 11382 1766 559 4789 12235 3315 14058 13547 2982 2804 904 127 51 19459
is_linear=0
shrinkage=0.05


Tree=85
num_leaves=31
num_cat=0
split_feature=13 26 4 16 1 3 14 24 9 9 9 8 13 17 13 12 13 20 14 3 0 23 22 15 13 12 14 22 7 15
split_gain=18.6461 16.4571 16.9794 14.1358 16.4629 15.8312 15.8555 15.8019 13.4152 13.0833 12.7153 12.6258 13.6092 13.1184 12.8188 13.1593 11.9535 16.3747 15.2041 10.8175 10.8027 10.4351 10.2679 16.3045 10.5286 10.107 10.0416 10.0066 9.89197 17.0904
threshold=-2.1341666666666654 0.06000000000000006 50.500000000000007 1.5000000000000002 5.5000000000000009 27.500000000000004 0.057341666666666659 -0.088333333333333361 4.5050000000000008 4.4150000000000009 3.4050000000000007 0.45925000000000005 1.0983333333333332 1.5000000000000002 1.3666666666666663 0.42005000000000003 -0.19166666666666707 2.2450000000000006 -0.0018999999999999848 45.500000000000007 22.500000000000004 7.0850000000000009 0.79000000000000037 0.041666666666666671 0.058333333333333133 0.54230000000000012 0.16277500000000003 2.7750000000000008 5.1550000000000011 -0.01833333333333333
decision_type=2 2 2 2 2 2 2 2 2 2 2 2 2 2 2 2 2 2 2 2 2 2 2 2 2 2 2 2 2 2
left_child=10 2 -2 11 5 7 8 9 22 -5 -1 13 20 14 15 -4 17 -3 -19 -16 -13 -15 23 -7 -24 -8 -14 28 29 -10
right_child=1 16 3 4 -6 6 25 -9 27 -11 -12 12 26 21 19 -17 -18 18 -20 -21 -22 -23 24 -25 -26 -27 -28 -29 -30 -31
leaf_value=-0.029178554306961764 -0.003303567237934556 -0.013049530425839321 0.0048814737244265464 0.0088710018720989069 -0.010502156387672008 -0.004218351748578944 0.0049441865989494072 0.0058931612622763899 -0.0067427803076763396 0.14791622743136215 0.021514431798778762 -0.0068705428010902821 0.0038338869565485781 0.0054613822600750716 0.024365838778048876 0.057173852472032417 -0.0022642788107306716 0.33662129602017088 0.010147724640459899 0.065244238687488826 0.018316276629931287 0.076256824897597109 -0.032529162275087717 0.074032606890435143 -0.0086154468095800945 -0.031871996093411015 0.029311168220163244 -0.012818542006744999 -0.00095624549827760027 0.0081094938106310976
leaf_weight=84.079988004174083 2276.3521095952019 384.22099201288074 121.55464529432356 3.1990046221762887 334.38575772941113 1047.4635838242248 1490.0621983101591 1105.6055114725605 253.1210406338796 3.5907388180494308 14.50392518751323 499.94001381192356 1411.0552640035748 832.45194855052978 62.993303801864386 13.352335091680287 1166.7741459328681 0.64341423567384481 0.80005692970007547 21.779101088643074 46.534890810027719 5.2378275375813237 64.6192890368402 6.6994339134544125 159.97490227688104 18.877886014059186 39.765709914267063 145.82364041358232 3023.2729782341048 824.92411270737648
leaf_count=5835 21236 10858 763 37 12571 11488 11815 10164 2683 25 335 3717 8120 5316 341 80 14209 21 23 118 344 36 900 51 1306 156 216 1252 22916 7752
internal_value=-4.47894e-05 9.4284e-05 0.000642874 0.00142159 0.000371226 0.0008175 -5.89424e-05 0.00636017 -0.00129936 0.0824047 -0.0217205 0.00433804 0.00199915 0.00875605 0.0196314 0.0100571 -0.00478673 -0.012418 0.15567 0.034868 -0.00472577 0.00590405 -0.00578911 -0.00372105 -0.0154958 0.00448359 0.0045322 5.24446e-05 0.000510077 0.00462223
internal_weight=15463.7 15365.1 13812.6 11536.3 8481.62 8147.23 7034.84 1112.4 5525.9 6.78974 98.5839 3054.67 1997.3 1057.37 219.679 134.907 1552.44 385.664 1.44347 84.7724 546.475 837.69 1278.76 1054.16 224.594 1508.94 1450.82 4247.14 4101.32 1078.05
internal_count=154684 148514 123403 102167 83116 70545 60319 10226 48348 62 6170 19051 12397 6654 1302 843 25111 10902 44 459 4061 5352 13745 11539 2206 11971 8336 34603 33351 10435
is_linear=0
shrinkage=0.05


Tree=86
num_leaves=31
num_cat=0
split_feature=1 0 24 8 17 12 3 9 7 8 24 10 15 22 13 24 13 11 4 7 22 12 5 22 7 22 9 11 10 10
split_gain=17.658 18.6173 19.8327 16.4813 15.9104 14.341 13.614 14.5919 14.1203 14.889 12.558 12.5138 12.3036 15.2982 17.2499 14.3174 12.088 13.4363 12.0219 11.9392 13.4166 14.5296 12.2953 18.3474 13.708 22.1892 12.4967 11.6691 11.391 11.1604
threshold=3.5000000000000004 16.500000000000004 0.085000000000000422 0.17965 4.5000000000000009 0.40275000000000005 48.500000000000007 4.5950000000000006 6.4050000000000011 0.47415000000000002 -0.11083333333333333 0.7511500000000001 -0.023333333333333334 -0.63999999999999913 0.77166666666666683 0.1266666666666674 -0.19166666666666707 0.52795000000000014 56.500000000000007 6.6150000000000011 1.4600000000000004 0.49810000000000004 1.0000000180025095e-35 0.26000000000000006 6.1650000000000009 0.38999999999999985 6.035000000000001 0.70185000000000008 0.3916 0.71610000000000018
decision_type=2 2 2 2 2 2 2 2 2 2 2 2 2 2 2 2 2 2 2 2 2 2 2 2 2 2 2 2 2 2
left_child=5 4 3 -3 10 6 -1 8 -8 -10 -2 -5 -12 14 15 27 29 -18 -9 20 21 22 23 -19 25 -24 -25 28 -14 -15
right_child=1 2 -4 11 -6 -7 7 18 9 -11 12 -13 13 16 -16 -17 17 19 -20 -21 -22 -23 24 26 -26 -27 -28 -29 -30 -31
leaf_value=0.0012500021263630512 -0.029887044461288842 -0.02820954932288022 0.022717171230479519 -0.0074886937958806438 -0.0063534856790550005 0.0055489486291904295 -0.012184068807384891 0.0004478131951687164 0.12201409416708109 0.0074762745372969411 -0.0097434274331296387 0.0483635714795774 0.0045785775153732366 -0.010064982777246729 0.07604249579493505 0.10685823087547082 0.0023345995219044833 0.00059255500572772042 -0.017974787747514969 -0.0039948546780100447 0.0012598447597905803 -0.040294442484077375 0.3284808449632482 0.059780438372043179 0.048836406269338231 0.080426639311188153 0.20178740885434909 0.17462878883861233 0.03026777793190015 0.13754356337460014
leaf_weight=7619.9592228801921 30.88873870158568 99.153658243361861 52.574653475545347 1261.3768900251016 834.0553312045522 1513.87058751937 492.54581904970109 1281.0267124343663 3.8543721437454215 10.752708449959753 195.30078605702147 10.109171114861963 219.29074128391221 223.13911087857559 10.79903559014201 3.8920733258128157 1388.9574391143396 6.8053071340546065 95.130543610081077 18.133244184777141 10.870177732780574 2.6552081182599059 1.8156142272055142 3.7408481743186712 2.2875815629959106 1.7907517887651918 2.6443731933832169 1.0758331455290306 53.723731756210327 1.2879464961588372
leaf_count=52303 705 4810 520 21176 15779 10615 4821 8802 23 65 4982 105 4786 7279 75 36 15740 99 719 172 76 31 30 34 22 16 19 14 805 25
internal_value=-4.33498e-05 -0.00270682 -0.00741974 -0.00857573 -0.000480744 0.00102917 0.000309172 -0.00349747 -0.0107473 0.0376994 0.00176706 -0.00704463 0.00222221 0.00341884 0.0140421 0.0116335 0.00157535 0.00325785 -0.000825698 0.0285293 0.0466148 0.0692931 0.0845399 0.0577129 0.144578 0.205309 0.118591 0.0102813 0.00963369 -0.00921788
internal_weight=15453.5 4436.37 1423.21 1370.64 3013.15 11017.1 9503.27 1883.31 507.153 14.6071 2179.1 1271.49 2148.21 1952.91 288.781 277.982 1664.13 1439.7 1376.16 50.7431 32.6099 21.7397 19.0845 13.1905 5.89395 3.60637 6.38522 274.09 273.014 224.427
internal_count=154684 77336 26611 26091 50725 77348 66733 14430 4909 88 34946 21281 34241 29259 5716 5641 23543 16239 9521 499 327 251 220 152 68 46 53 5605 5591 7304
is_linear=0
shrinkage=0.05


Tree=87
num_leaves=31
num_cat=0
split_feature=15 28 10 13 3 26 10 21 8 26 6 2 8 22 12 21 15 1 20 13 7 7 24 20 23 24 13 22 11 24
split_gain=16.7585 19.0443 14.1319 12.5097 12.1943 16.3164 21.9074 11.8979 11.5785 18.053 13.6665 12.4995 15.4361 15.9581 13.7484 13.0237 17.1301 12.9028 12.801 17.3412 11.894 14.3871 11.4949 11.3961 11.2922 15.9176 11.1233 10.657 10.6417 15.3052
threshold=-4.1633363423443364e-17 4.5000000000000009 0.10554999999999996 2.1466666666666674 24.500000000000004 -0.10000000000000007 0.29390000000000005 -0.039999999999999994 0.50970000000000015 0.14000000000000015 0.12500000000000003 3.5000000000000004 0.37809999999999999 -0.9199999999999996 0.40920000000000001 -0.025000000000000005 0.02500000000000004 5.5000000000000009 1.155 0.20166666666666758 6.3350000000000009 6.0250000000000012 0.0016666666666673715 2.3350000000000013 7.0550000000000006 0.013333333333333199 0.47833333333333289 1.3900000000000006 0.45765000000000006 0.058333333333334021
decision_type=2 2 2 2 2 2 2 2 2 2 2 2 2 2 2 2 2 2 2 2 2 2 2 2 2 2 2 2 2 2
left_child=1 2 -1 8 5 6 -4 -5 11 10 -10 14 20 -14 15 18 17 -17 19 28 21 26 -3 -22 -15 -26 -13 -7 -2 -30
right_child=3 22 4 7 -6 27 -8 -9 9 -11 -12 12 13 24 -16 16 -18 -19 -20 -21 23 -23 -24 -25 25 -27 -28 -29 29 -31
leaf_value=-0.0074581187698267992 -0.011590336544613137 -0.015775717501296537 0.11834169358811962 -0.0020125263401689782 -0.0005233282065496167 0.013571646852753997 -0.021529372662473751 0.016973534187554221 -0.015737754149019071 -0.0475515897292033 -0.00058335733742636686 0.031174083315182455 -0.025773773622833618 0.0037291332191899925 0.0075477562464555479 0.0011255258044718303 0.014771415636290015 -0.012804244869634281 -0.013878725670499673 0.0026080954924243248 -0.0078744176816757782 0.044758718719970392 -0.0034928271559810081 0.088744670559595382 0.060231950960696272 -0.053206249231965458 -0.0020373506249705292 -0.022353156682399993 -0.0027039952963114899 0.068824729786692795
leaf_weight=735.9877748163417 455.14242848614231 369.3601835439913 7.8465809654444438 126.2606492638588 4575.6635726615787 149.64631099253893 4.3522267155349255 238.16786419972777 172.1294559519738 22.777125548571348 1096.3176966616884 46.843171761371195 45.667765099555254 2009.5179508151487 588.16949075926095 2716.1428013760597 219.16390384221449 177.07807933026925 285.80768736451864 756.6965058054775 52.619765339419246 56.631775049492717 393.30377431679517 3.2398076839745036 17.591413004323844 3.7519819363951674 54.595230840146542 23.947125993669033 29.412309919949621 10.028491850942371
leaf_count=8816 5381 15460 71 613 38832 1376 27 1249 1239 213 7508 447 400 15158 5666 23391 3000 6078 2021 5089 460 466 10593 17 150 26 369 165 337 66
internal_value=-4.23778e-05 -0.00203731 -0.00101013 0.00131747 -1.34505e-05 0.0125437 0.0684392 0.0103956 0.000942347 -0.00343206 -0.00263982 0.00169265 0.00477357 0.00345609 0.000345341 -0.000565782 0.00129389 0.000272961 -0.00433136 -0.00215063 0.0175618 0.0245703 -0.00944146 -0.00227059 0.00411338 0.0402905 0.0132993 0.00861584 -0.00943133 0.0154834
internal_weight=15443.9 6260.11 5497.44 9183.75 4761.46 185.792 12.1988 364.429 8819.32 1291.22 1268.45 7528.1 2290.46 2076.53 5237.64 4649.47 3112.38 2893.22 1537.09 1251.28 213.93 158.07 762.664 55.8596 2030.86 21.3434 101.438 173.593 494.583 39.4408
internal_count=154684 75340 49287 79344 40471 1639 98 1862 77482 8960 8747 68522 17493 15734 51029 45363 32469 29469 12894 10873 1759 1282 26053 477 15334 176 816 1541 5784 403
is_linear=0
shrinkage=0.05


Tree=88
num_leaves=31
num_cat=0
split_feature=13 25 28 5 20 16 7 11 23 9 0 3 15 1 15 22 3 7 8 14 0 24 14 15 21 7 10 25 19 9
split_gain=16.4517 14.8065 16.6824 12.5078 15.7844 12.0148 12.9193 12.8034 11.6813 11.66 11.0112 20.1564 10.5658 10.1972 10.0072 18.6771 9.55362 14.277 13.2061 9.53228 9.4061 10.2071 8.97605 11.1332 11.1929 11.0673 12.0151 10.2722 22.1788 10.1556
threshold=-2.1341666666666654 1.5000000000000002 5.5000000000000009 1.0000000180025095e-35 -0.76000000000000034 2.5000000000000004 6.3250000000000011 0.32605000000000006 6.6050000000000013 3.4050000000000007 15.500000000000002 46.500000000000007 0.0049999999999999845 4.5000000000000009 -0.0099999999999999655 1.0100000000000007 48.500000000000007 6.7350000000000012 0.13660000000000003 0.30952500000000011 3.5000000000000004 0.021666666666666948 -0.04778333333333331 -1.0000000180025095e-35 0.030000000000000009 5.0850000000000009 0.30450000000000005 5.5000000000000009 1.0000000180025095e-35 8.4100000000000019
decision_type=2 2 2 2 2 2 2 2 2 2 2 2 2 2 2 2 2 2 2 2 2 2 2 2 2 2 2 2 2 2
left_child=9 8 3 4 5 6 7 14 -2 -1 11 13 -4 -9 15 -3 -6 18 -18 -20 -10 -22 23 25 -25 26 -5 -28 -29 -27
right_child=1 2 12 22 16 -7 -8 10 20 -11 -12 -13 -14 -15 -16 -17 17 -19 19 -21 21 -23 -24 24 -26 29 27 28 -30 -31
leaf_value=-0.028180585605207954 0.010932439397321046 0.15899911073537612 -0.020827796889762117 -0.0081169839163937035 0.00012532096572852886 -0.010044987132897771 -0.055996786525083053 0.00045444578079746172 -0.0050759646806487063 0.020268791215029298 0.0069141091868195285 0.14774821930599416 -0.0037573185181867448 0.13197514263029128 -0.025552481292129545 -0.035765776079704055 -0.032443966543186875 -0.022980358261396338 -0.0025125912676095792 0.083014918728860909 -0.010252199468862954 0.0033917028831624732 0.0032065031358944548 0.0014875605132594148 0.093093001917458978 -0.018145632693327703 0.014744114369642456 0.19855693615845973 -0.013346899110485309 0.092182733727499938
leaf_weight=80.790102219209075 389.8963171672076 2.3392301872372654 162.60540410969406 100.37757975887507 5086.5713332807645 728.00020876526833 5.6287390552461138 6.971579711884262 434.61156120616943 14.673876928165553 9.5033440887927991 5.874490547925233 204.8358117826283 1.8688471019268034 15.00369439087808 2.5979966185986996 37.386285728774965 97.60892167314887 1264.7289594020694 3.2662188038229933 143.617854536511 3009.6908439761028 2877.9505851315334 500.15569501742721 3.3569498620927325 201.95685792341828 36.030310137197375 2.447126578539609 2.492533203214407 2.1075512990355483
leaf_count=5835 2575 32 10805 1622 39518 16026 68 73 2917 335 110 65 7001 25 196 35 378 664 10674 24 1220 21687 26096 4244 31 1907 418 27 62 14
internal_value=-4.10908e-05 8.76859e-05 -0.000831477 -0.000481218 -0.00168893 -0.00841983 0.0153432 0.0244365 0.00271305 -0.0207334 0.0488665 0.0759607 -0.0113116 0.0282576 -0.00523373 0.0565127 -0.000882216 -0.00453506 -0.00315583 -0.00229228 0.00181986 0.00277029 0.0018738 -0.00264421 0.0020983 -0.00955745 0.00119633 0.0240142 0.0916311 -0.0170062
internal_weight=15434.9 15339.5 11361.7 10994.2 7267.35 777.788 49.7879 44.1592 3977.82 95.464 24.2183 14.7149 367.441 8.84043 19.9409 4.93723 6489.56 1402.99 1305.38 1268 3587.92 3153.31 3726.88 848.925 503.513 345.412 141.348 40.97 4.93966 204.064
internal_count=154684 148514 120115 102309 67888 16630 604 536 28399 6170 273 163 17806 98 263 67 51258 11740 11076 10698 25824 22907 34421 8325 4275 4050 2129 507 89 1921
is_linear=0
shrinkage=0.05


Tree=89
num_leaves=31
num_cat=0
split_feature=4 17 20 16 1 13 22 30 3 8 2 13 24 30 15 10 15 14 3 14 10 7 8 12 27 17 15 12 20 21
split_gain=16.0565 18.2143 16.9073 13.6476 15.8185 12.5558 13.5716 11.1324 10.9855 10.8248 11.9268 12.4339 10.4074 14.1034 11.3841 10.1445 10.0695 9.84004 9.75683 12.997 9.95831 11.3183 13.5347 16.0016 12.5552 13.6889 10.6994 10.4641 9.82675 12.2638
threshold=50.500000000000007 5.5000000000000009 -1.2150000000000001 1.5000000000000002 5.5000000000000009 -0.71999999999999942 -0.24999999999999975 1.5000000000000002 64.500000000000014 0.45925000000000005 3.5000000000000004 0.85333333333333317 -0.026666666666665947 -2.4999999999999996 0.028333333333333332 0.62570000000000003 -0.020000000000000007 -0.04778333333333331 27.500000000000004 0.057341666666666659 0.23039999999999997 5.0850000000000009 0.28370000000000006 0.42890000000000006 -0.084999999999999951 2.5000000000000004 -0.01833333333333333 0.39745000000000003 -0.055000000000000153 -0.039999999999999994
decision_type=2 2 2 2 2 2 2 2 2 2 2 2 2 2 2 2 2 2 2 2 2 2 2 2 2 2 2 2 2 2
left_child=5 3 -3 7 8 -1 -7 9 18 10 11 17 14 -14 -8 -12 -4 -2 -5 20 27 22 26 28 -25 -26 -22 -20 -24 -30
right_child=1 2 16 4 -6 6 12 -9 -10 -11 15 -13 13 -15 -16 -17 -18 -19 19 -21 21 -23 23 24 25 -27 -28 -29 29 -31
leaf_value=-0.013201137433815811 0.052655452610597037 -0.02308138608665037 -0.014653449776217728 0.0053513797067558213 -0.01003075066981151 0.0046752584688036615 -0.017191030162949688 0.06229703509028274 -0.037422448573755346 0.0020017524098809763 0.01258992757428634 -0.00020300318428018158 0.084230697434604651 -0.0031679434351733131 0.01801800107557942 0.041297750860267983 -0.0015163882198547692 0.0120170486180182 -0.0070322149477760158 0.0040720126276768617 -0.0089749442845116194 -0.0013905940297752068 0.025485683599263839 -0.051051874098883898 0.16286213817711867 0.050322542746619438 0.004784800017978587 0.0061915541177160437 -0.038266052458758949 0.0086379626571179251
leaf_weight=305.54256195295602 17.166582718491554 108.57710936805233 160.84845650848001 1084.0296524167061 348.41300631174818 519.88458470534533 235.15648599620908 8.2771813012659532 18.698126586154103 1882.8414935031906 383.53132118005306 443.56485273502767 4.6309779845178118 1414.4547465480864 25.441710294224322 33.457405449822545 1565.9674112126231 112.60830983147025 998.82871824642643 1667.4867033241317 190.17737352382392 2899.7129194708541 82.27996970154345 2.106200102716687 3.6664118077605954 10.273313675075768 549.48115629330277 175.95256582088768 15.283880427479742 158.05106207821518
leaf_count=7130 138 3637 1858 11788 14861 4722 3018 59 213 11899 2431 2764 30 11461 205 204 14338 857 12040 14202 2395 23636 1338 18 39 111 6085 2019 109 1079
internal_value=-4.00421e-05 0.00067023 -0.00394341 0.00143407 0.000394405 -0.0037036 -0.0023843 0.00439434 0.000856758 0.00422753 0.00845925 0.00377976 -0.00456932 -0.00288273 -0.0137536 0.0148933 -0.00274007 0.0173927 0.000948084 0.000241273 -0.00101471 0.000197882 0.00475245 0.0142969 0.0627308 0.0799226 0.00124696 -0.00505163 0.0112566 0.00450218
internal_weight=15426.4 12921.3 1835.39 11085.9 8204.44 2505.11 2199.57 2881.45 7856.03 2873.17 990.328 573.34 1679.68 1419.09 260.598 416.989 1726.82 129.775 7837.33 6753.3 5085.81 3911.03 1011.32 271.661 16.0459 13.9397 739.659 1174.78 255.615 173.335
internal_count=154684 128118 19833 108285 89933 26566 19436 18352 75072 18293 6394 3759 14714 11491 3223 2635 16196 995 74859 63071 48869 34810 11174 2694 168 150 8480 14059 2526 1188
is_linear=0
shrinkage=0.05


Tree=90
num_leaves=31
num_cat=0
split_feature=28 29 0 24 24 20 26 7 0 0 7 10 11 23 22 24 0 22 17 14 0 12 13 12 27 13 13 19 26 20
split_gain=15.0178 15.4336 15.4667 18.5408 15.1887 14.4455 16.3547 13.9397 13.3467 16.293 12.7188 16.9201 13.4763 14.4571 12.8221 18.7332 12.6256 12.5428 12.4663 12.3531 12.5634 12.179 12.1148 11.0786 11.0223 10.9108 10.8307 10.7524 10.5552 10.7549
threshold=1.5000000000000002 1.0000000180025095e-35 4.5000000000000009 -0.05666666666666708 0.01183333333333403 2.7950000000000013 -0.16500000000000001 7.3750000000000009 15.500000000000002 13.500000000000002 6.4650000000000007 0.44010000000000005 0.54640000000000011 6.6050000000000013 1.0500000000000003 -0.031666666666665837 4.5000000000000009 0.40999999999999953 1.5000000000000002 0.021783333333333352 14.500000000000002 0.40695000000000003 0.13333333333333311 0.52395000000000014 0.084999999999999978 1.3666666666666663 1.485000000000001 -0.094999999999999973 0.19999999999999976 -2.444999999999999
decision_type=2 2 2 2 2 2 2 2 2 2 2 2 2 2 2 2 2 2 2 2 2 2 2 2 2 2 2 2 2 2
left_child=8 2 4 7 -2 6 -5 -4 9 16 11 12 21 -14 15 18 -1 -9 -13 20 -11 28 23 -17 -10 -7 -12 -3 29 -8
right_child=1 27 3 5 -6 25 10 17 24 19 26 14 13 -15 -16 22 -18 -19 -20 -21 -22 -23 -24 -25 -26 -27 -28 -29 -30 -31
leaf_value=-0.0033798493505291316 0.0074620932029435191 -0.041196741240717413 -0.014086400970333344 0.017726704203938813 -0.002392027013449404 -0.0077623003205577676 -0.020039942420751064 0.14996893862756419 0.0059886648928625698 -0.024957675720514653 -0.0097439614895591838 0.028117228736649388 0.15786093792429279 0.015356584172149383 -0.0033890318184208118 0.0014140708294784678 0.0035814400685998346 0.016085409615192944 -0.024713101967222664 0.0021001866050876033 -0.0045682185355926984 0.0041331209073421837 0.017607955104353309 0.11930033896285652 -0.0084526907476653 0.012705292247361433 -0.00043531975565378893 0.0049556653761715589 0.13674236193704822 -0.0043866675225045539
leaf_weight=942.28812500089407 785.5747334966436 12.771437195595352 442.32709541264921 95.377472963184118 778.63084159977734 86.580553754232824 113.85819924483076 2.2046123817563048 2050.1837580576539 149.02885203808546 1094.6554337395355 13.645884721539913 1.8330785874277342 61.198815274052322 374.36404336057603 219.84097954723984 2109.5546378865838 8.4716539718210679 61.453216718509793 174.05257207155228 153.23022250086069 423.97837238758802 328.30395998992026 2.0111837126314631 141.22976136207581 262.59365981444716 437.32028846442699 1063.6679093320854 1.3148349435068656 3028.7029418307357
leaf_count=4172 11384 532 9744 773 7364 859 4973 44 9347 676 11490 212 18 849 2960 3414 9521 72 1149 791 695 6699 3225 33 630 1588 2558 13526 29 45357
internal_value=-3.88318e-05 -0.00123697 -0.00194156 -0.00293823 0.00255691 -0.0022673 -0.00281956 -0.0127238 0.00199328 8.97329e-05 -0.00313756 -0.00183101 -0.00341688 0.0195009 0.00392932 0.00831109 0.00143207 0.0437319 -0.0151136 -0.00851094 -0.0146212 -0.00382176 0.0115087 0.00248276 0.00505796 0.00763019 -0.0070867 0.00440809 -0.00489454 -0.0049538
internal_weight=15420.2 9700.68 8624.24 7060.04 1564.21 6607.03 6257.86 453.003 5719.57 3528.15 6162.48 4630.51 3630.89 63.0319 999.619 625.255 3051.84 10.6763 75.0991 476.312 302.259 3567.85 550.156 221.852 2191.41 349.174 1531.98 1076.44 3143.88 3142.56
internal_count=154684 128852 114794 96046 18748 86186 83739 9860 25832 15855 82966 68918 57925 867 10993 8033 13693 116 1361 2162 1371 57058 6672 3447 9977 2447 14048 14058 50359 50330
is_linear=0
shrinkage=0.05


Tree=91
num_leaves=31
num_cat=0
split_feature=4 17 20 12 16 1 15 28 24 19 8 2 13 12 22 3 15 8 15 18 19 13 9 0 22 27 24 26 6 6
split_gain=14.5283 16.3592 15.4787 12.9509 12.5114 14.8825 11.3351 14.504 17.8772 12.1669 10.4109 10.8473 11.9741 10.3421 10.2835 9.48615 10.631 9.29553 9.18863 9.17375 10.5068 15.8592 12.8163 10.6968 8.86241 9.42916 8.7237 11.66 13.6398 15.429
threshold=50.500000000000007 5.5000000000000009 -1.2150000000000001 0.55635000000000012 1.5000000000000002 5.5000000000000009 0.02166666666666665 3.5000000000000004 0.105 -0.030000000000000002 0.45925000000000005 3.5000000000000004 0.85333333333333317 0.39385000000000003 1.9850000000000001 57.500000000000007 0.001666666666666636 0.45815 -0.020000000000000007 2.5000000000000004 -0.0099999999999999863 0.70833333333333337 1.9000000000000001 21.500000000000004 0.995 0.010000000000000233 -0.034999999999999691 0.095000000000000209 0.13500000000000004 0.18500000000000003
decision_type=2 2 2 2 2 2 2 2 2 2 2 2 2 2 2 2 2 2 2 2 2 2 2 2 2 2 2 2 2 2
left_child=6 3 -3 4 10 13 7 9 -9 -1 11 12 -2 -6 -15 17 -17 -14 -4 20 21 -12 -22 -24 25 -5 -7 -28 -29 -30
right_child=1 2 18 24 5 26 -8 8 -10 -11 19 -13 15 14 -16 16 -18 -19 -20 -21 22 -23 23 -25 -26 -27 27 28 29 -31
leaf_value=0.020109931134501467 0.017339842716047688 -0.022292379731824928 -0.014035370132850731 0.0084867837486264416 0.00013870016336769021 -0.024491112789450178 0.0040455024745437813 -0.01348483816575141 0.030382213988094115 -0.0033146367727490012 -0.028459913702336432 0.014659849009530785 -0.0017576423019784243 0.0063535061247865458 -0.0102402979412468 0.10402942676131194 0.0015622761906674961 0.072009954163136575 -0.0014366793801917012 -0.0038863844439664974 0.042584100010074677 0.002101099586792918 0.0052308771882700195 0.02738581004671465 -0.04469050445723266 -0.040151347939253471 -0.0068169257948876572 0.23085160720204165 -0.0081627035198879334 0.31804114047491694
leaf_weight=57.654811356216669 130.59789040032774 105.9530666526407 159.48467121785507 30.930861286818981 6522.3616345217451 77.168123709969223 412.40358706656843 564.05101769184694 24.222823360003531 1439.1521033104509 45.031438753008842 414.38786769658327 427.32693187706172 1184.296508051455 101.35700871422887 4.6049017682671529 5.6213824115693569 4.3136478047817937 1563.6678841710091 470.79573499970138 27.269309643656015 740.78341937810183 527.21564849931747 60.76069900020957 24.048159830272198 14.700434736441819 261.43419132009149 1.0524646933190513 3.3465160839259629 0.40652759419754136
leaf_count=419 996 3637 1858 349 62553 4137 3473 11800 255 10619 461 2614 2666 11243 841 27 33 28 14338 3224 162 4477 3131 378 158 166 10416 36 151 38
internal_value=-3.7842e-05 0.000637516 -0.00374328 0.00136072 0.00149671 0.000498562 -0.00352861 -0.00502668 -0.0116786 -0.00241236 0.00434286 0.00849851 0.00403852 0.000946612 0.0050453 0.000107193 0.0477033 -0.00102044 -0.00260274 0.00215198 0.00418104 0.000349788 0.00907446 0.00752034 -0.0201274 -0.00718232 -0.00968869 -0.00539829 0.0717799 0.0271715
internal_weight=15406.4 12908.9 1829.11 11079.8 11010.1 8151.42 2497.48 2085.08 588.274 1496.81 2858.71 986.853 572.465 7808.02 1285.65 441.867 10.2263 431.641 1723.15 1871.86 1401.06 785.815 615.246 587.976 69.6795 45.6313 343.408 266.24 4.80551 3.75304
internal_count=154684 128118 19833 108285 107612 89415 26566 23093 12055 11038 18197 6364 3750 74637 12084 2754 60 2694 16196 11833 8609 4938 3671 3509 673 515 14778 10641 225 189
is_linear=0
shrinkage=0.05


Tree=92
num_leaves=31
num_cat=0
split_feature=13 26 4 14 3 8 9 20 21 28 30 8 12 7 23 24 20 15 10 19 10 4 15 26 16 10 14 13 22 24
split_gain=14.0826 12.935 12.4672 12.0025 13.8263 12.2824 11.1203 10.5414 10.5243 25.2643 10.0952 19.6956 30.942 17.1532 10.5952 11.1444 10.5312 10.4196 10.0323 9.83795 11.5087 11.0677 17.3861 9.77545 12.1982 13.0676 18.4277 10.2605 14.1741 9.74352
threshold=-2.1341666666666654 0.074999999999999747 50.500000000000007 0.057341666666666659 39.500000000000007 0.17515000000000003 5.4150000000000009 -1.3599999999999994 0.085000000000000034 3.5000000000000004 1.0000000180025095e-35 0.38289999999999996 0.16760000000000003 5.3850000000000007 6.9350000000000014 -0.058333333333333119 0.4549999999999999 0.0016666666666666846 0.19070000000000001 -0.039999999999999994 0.61560000000000004 43.500000000000007 0.018333333333333358 -0.14499999999999999 5.5000000000000009 0.13905000000000003 0.018900000000000004 -0.71999999999999942 -0.24999999999999975 -0.038333333333332657
decision_type=2 2 2 2 2 2 2 2 2 2 2 2 2 2 2 2 2 2 2 2 2 2 2 2 2 2 2 2 2 2
left_child=6 2 19 4 -4 18 -1 8 -3 -10 14 12 -12 -14 -9 -16 17 -15 -6 21 23 22 -2 24 -21 26 -26 -25 -29 -17
right_child=1 7 3 -5 5 -7 -8 10 9 -11 11 -13 13 16 15 29 -18 -19 -20 20 -22 -23 -24 27 25 -27 -28 28 -30 -31
leaf_value=-0.023611001475881858 0.17379763500744339 -0.020781860932440877 0.00226537096727899 0.0042443336881100181 -0.022649387264198195 -0.00094867048027990556 0.054625430553546774 -0.0069101411330753206 0.36577793567497002 -0.0033830449543579815 0.31624153621753215 -0.017143469176262149 0.0069257248611584669 0.25052843840239142 -0.0029278065821769332 0.042152024744484456 0.040273356339531448 0.073734444518311432 -0.0032135947838044347 0.010492565627608448 -0.021786208588052955 0.0057155402529999967 -0.010858107313944328 -0.013495035192392146 0.042590838974980394 0.026399881710037015 0.34250842391368125 0.0054507695513312231 -0.0049507935556791687 0.0043175685563536428
leaf_weight=87.234797160606831 2.5176128996536127 123.91998647106811 4651.5335104917176 2473.4092803830281 120.77221684996039 4467.1224566819146 4.7913556043058625 776.21388938091695 0.59836393035948221 2.0557327158749104 1.0807517562061573 17.056822381913662 12.437029467895629 1.8030538158491247 117.9894699761644 32.702077464200556 3.0369018213823438 1.5497031603008506 147.46573983039707 43.263042843900621 86.085481494665146 201.15882559586316 2.5820979941636324 233.96684767585248 1.0425925543531769 3.0255545591935515 1.0066838953644035 437.05202929582447 1306.8693090835586 35.478643012233078
leaf_count=6123 27 3929 42274 20592 2133 40456 47 11150 18 70 24 208 320 30 1966 481 35 23 2172 344 637 1838 20 4199 23 43 18 3762 11285 437
internal_value=-3.67088e-05 8.05481e-05 0.00049016 0.00114569 0.000329215 -0.00157267 -0.0195376 -0.00507774 -0.0186719 0.079844 -0.00335595 0.0222861 0.0560696 0.0411344 -0.00434084 0.00637154 0.107719 0.168811 -0.0119644 -0.00286313 -0.00388088 0.00755969 0.0803023 -0.00312016 0.0190951 0.092432 0.189922 -0.00366308 -0.00234401 0.0224644
internal_weight=15396.8 15304.8 14178.9 11860.3 9386.89 4735.36 92.0262 1125.92 126.574 2.6541 999.348 36.9643 19.9074 18.8267 962.384 186.17 6.38966 3.35276 268.238 2318.57 2112.31 206.259 5.09971 2026.23 48.3379 5.07483 2.04928 1977.89 1743.92 68.1807
internal_count=154684 148514 129823 107627 87035 44761 6170 18691 4017 88 14674 640 432 408 14034 2884 88 53 4305 22196 20311 1885 47 19674 428 84 41 19246 15047 918
is_linear=0
shrinkage=0.05


Tree=93
num_leaves=31
num_cat=0
split_feature=24 9 3 4 19 10 26 14 27 11 28 0 27 9 12 12 5 14 10 16 3 20 23 26 14 23 12 20 10 11
split_gain=13.1467 17.9284 14.8238 11.431 13.8588 12.1685 11.7961 17.5123 13.0251 11.2292 11.1707 12.6115 12.6353 11.7683 11.8457 11.6568 11.4475 12.4043 12.6774 14.7021 12.8073 14.0045 10.8344 10.6418 10.5481 10.3252 15.2434 18.123 10.1634 14.0067
threshold=-0.030000000000000689 2.8850000000000002 47.500000000000007 49.500000000000007 -0.039999999999999994 0.61560000000000004 0.10999999999999989 0.13196666666666673 -0.015000000000000123 0.41234999999999999 1.5000000000000002 4.5000000000000009 0.044999999999999936 7.0750000000000011 0.38414999999999999 0.55635000000000012 1.0000000180025095e-35 0.14169999999999999 0.037750000000000006 1.5000000000000002 40.500000000000007 0.034999999999999705 6.9250000000000007 0.084999999999999978 0.1478083333333334 6.8650000000000011 0.27745000000000003 0.38999999999999996 0.44405 0.49445
decision_type=2 2 2 2 2 2 2 2 2 2 2 2 2 2 2 2 2 2 2 2 2 2 2 2 2 2 2 2 2 2
left_child=1 9 -3 4 -2 28 10 -8 -9 -1 11 -5 13 -13 -15 16 17 -12 20 -20 24 -22 23 -4 -19 26 27 -11 29 -6
right_child=3 2 22 6 5 -7 7 8 -10 25 15 12 -14 14 -16 -17 -18 18 19 -21 21 -23 -24 -25 -26 -27 -28 -29 -30 -31
leaf_value=-0.021219541525302598 0.011188393881943225 0.00059758078465355438 -0.0072320388552884647 -0.0030747557284139023 -0.0071500901873860698 -0.027149064269393682 0.015000470058890417 0.21027789856114276 0.033863706561699979 0.0587154981450414 -0.0021580887902265 0.0042633291629432524 -0.0040902426860614498 0.0089386199375851225 0.030653653829058561 -0.024977322666569747 0.0027614466611218806 0.16811435683906992 0.030001070555056297 -0.0013959966245031777 0.21851661544285939 0.035073852093907877 0.0035051837447291415 -0.023049384602781459 0.0022039739950565763 -0.029181496286394076 0.009319212719924086 0.30424848901970059 0.0042001460851503374 0.017144198848286853
leaf_weight=195.65088469767943 152.92840403411537 1691.7340303384699 426.09082499844953 694.82899952679873 1117.2136537977494 57.544586010277271 72.872919127810746 2.0480266809463501 2.1391370249912134 3.4010421372950104 4071.6155873592943 2804.6970205754042 399.35084234923124 273.41247886419296 81.530580148100853 47.094801286701113 2384.2660706592724 1.1012477912008742 51.687406262382865 133.81731233373284 2.1767931962385765 1.9929787199944256 161.28613414894789 141.7026181826368 7.3650054791942239 11.481966570951043 18.913786507677287 0.96470990777015675 318.91900358349085 62.656235998496413
leaf_count=5059 1589 22026 5578 3053 11880 444 1011 20 29 80 48067 12676 1760 1375 411 515 28382 19 309 1482 40 17 2429 2690 154 232 326 10 2459 562
internal_value=-3.61136e-05 -0.00323948 -0.00197098 0.000630449 -0.00317432 -0.00458563 0.00121995 0.020714 0.120151 -0.0165669 0.00108282 0.00308678 0.00428971 0.00534886 0.0139266 -0.000189279 -1.38383e-05 -0.00156358 0.0106531 0.00735221 0.0591115 0.130839 -0.00793099 -0.0111795 0.0237848 0.00962001 0.0287577 0.112971 -0.00371932 -0.00585996
internal_weight=15392.5 2651.23 2420.81 12741.3 1709.26 1556.33 11032 77.0601 4.18716 230.412 10954.9 4253.82 3558.99 3159.64 354.943 6701.12 6654.02 4269.76 198.141 185.505 12.636 4.16977 729.08 567.793 8.46625 34.7615 23.2795 4.36575 1498.79 1179.87
internal_count=154684 38430 32723 116254 16934 15345 99320 1060 49 5707 98260 19275 16222 14462 1786 78985 78470 50088 2021 1791 230 57 10697 8268 173 648 416 90 14901 12442
is_linear=0
shrinkage=0.05


Tree=94
num_leaves=31
num_cat=0
split_feature=13 3 8 15 10 8 8 9 9 11 23 26 4 14 4 24 7 10 24 1 0 8 4 19 10 15 27 19 20 24
split_gain=12.7509 11.8245 16.2268 13.6341 13.9801 16.7186 12.9811 17.1426 13.5678 11.8734 23.2602 13.2903 11.5495 12.3176 11.5622 11.0624 10.9965 10.8265 10.4825 12.768 17.5515 12.4125 13.9949 10.9902 13.5541 12.3165 10.9281 10.4366 9.94208 10.9279
threshold=-2.1341666666666654 39.500000000000007 0.17515000000000003 0.028333333333333332 0.22594999999999996 0.21529999999999996 0.50545000000000007 7.6650000000000009 7.7150000000000007 0.5011500000000001 6.8150000000000004 0.039999999999999598 49.500000000000007 -0.058333333333333313 48.500000000000007 0.028333333333332881 7.5750000000000011 1.0000000180025095e-35 0.105 3.5000000000000004 15.500000000000002 0.63250000000000017 52.500000000000007 0.12500000000000003 0.52365000000000006 0.011666666666666702 -0.14499999999999999 -0.044999999999999991 3.1750000000000012 0.019999999999999133
decision_type=2 2 2 2 2 2 2 2 2 2 2 2 2 2 2 2 2 2 2 2 2 2 2 2 2 2 2 2 2 2
left_child=17 18 9 6 -5 15 7 12 -9 -3 11 -11 14 -14 -4 -6 -8 -1 19 26 21 -21 -23 25 -25 28 -2 -16 -22 -30
right_child=1 2 3 4 5 -7 16 8 -10 10 -12 -13 13 -15 27 -17 -18 -19 -20 20 23 22 -24 24 -26 -27 -28 -29 29 -31
leaf_value=-0.031029865147638391 -0.011823373753187694 -0.01276350031140981 -0.0052605063997521158 -0.016531338854583556 0.043363016433096702 0.0083239243489671762 -0.0099542258568293199 0.058897724049022653 0.010659249348600632 -0.030665196330816463 0.10719254615572821 0.11711124070370837 -0.005942542479602294 0.00065518266839795117 0.069744765913168583 0.19656901193011511 0.0094856916555992824 0.0057967814612076528 0.010592438477852472 0.00075531325615030764 -0.014687887127335049 0.083798873515598726 -0.024733248496518256 0.020216918845396444 0.19906822348413172 -0.00076621400511114575 0.0027023219451447608 -0.030790194629479781 -0.021328466315311552 0.071521878488170307
leaf_weight=60.104560081847012 132.71100577898324 400.23211264004931 339.27943325042725 58.700472545810044 3.2136325305327764 509.89826094731688 643.39461078122258 16.272797107696533 139.86703621223569 11.19378734752536 6.1984619069844475 1.7607968840748061 850.99238015338778 4192.9885450475849 2.6790328333154312 1.8603239357471464 82.018778322264552 29.87831454211846 299.10955180227757 1386.8981440910138 475.85552754672244 9.2040535416454059 4.3854805901646605 5.2419619858264914 1.3276025056838987 309.19591713044792 5322.6771396361291 70.871691532433033 5.7389891212806088 7.0762174800038338
leaf_count=5127 780 7058 3273 472 42 3392 4709 129 1108 127 92 41 9480 41623 30 13 541 1043 1888 21943 10234 76 30 86 11 3794 36588 811 80 63
internal_value=-3.51143e-05 7.5323e-05 -0.00137342 -0.000794001 0.00658737 0.00922261 -0.00146207 -0.000648618 0.0156866 -0.0109231 0.027535 -0.0105793 -0.00111603 -0.000457949 -0.00915652 0.0995347 -0.00775625 -0.0188018 0.00140976 0.00105121 -0.00215967 0.00122126 0.0487745 -0.00804571 0.0563599 -0.00857602 0.00234896 -0.0271283 -0.0135175 0.029941
internal_weight=15380.8 15290.8 7331.42 6912.04 573.673 514.972 6338.36 5612.95 156.14 419.385 19.153 12.9546 5456.81 5043.98 412.83 5.07396 725.413 89.9829 7959.42 7660.31 2204.92 1400.49 13.5895 804.436 6.56956 797.867 5455.39 73.5507 488.671 12.8152
internal_count=154684 148514 72941 65623 3919 3447 61704 56454 1237 7318 260 168 55217 51103 4114 55 5250 6170 75573 73685 36317 22049 106 14268 97 14171 37368 841 10377 143
is_linear=0
shrinkage=0.05


Tree=95
num_leaves=31
num_cat=0
split_feature=17 1 8 15 12 15 22 12 22 0 14 13 14 7 7 24 13 22 14 27 14 12 6 13 24 20 27 14 25 9
split_gain=11.8453 17.8844 18.4006 12.2161 10.5114 10.217 13.1053 11.4622 11.2937 10.293 11.0986 11.0884 10.9777 15.0792 11.1447 15.5223 10.4199 10.1542 11.0436 22.0676 31.779 14.4807 11.9433 10.4798 14.3042 13.3244 20.0488 30.2479 12.6713 11.5812
threshold=1.5000000000000002 4.5000000000000009 0.18930000000000005 0.035000000000000017 0.55635000000000012 0.016666666666666653 3.6450000000000009 0.37525000000000003 -1.6099999999999994 20.500000000000004 0.11022500000000003 0.38333333333333425 0.063066666666666701 7.0150000000000006 4.0650000000000004 0.0083333333333333055 0.63500000000000034 -1.4849999999999997 0.049150000000000006 0.020000000000000021 0.072108333333333344 0.38265000000000005 0.13500000000000004 0.29166666666666724 0.0050000000000012266 -1.1700000000000004 -0.020000000000000014 0.0019500000000000353 2.5000000000000004 4.0750000000000011
decision_type=2 2 2 2 2 2 2 2 2 2 2 2 2 2 2 2 2 2 2 2 2 2 2 2 2 2 2 2 2 2
left_child=4 -2 -3 17 5 7 8 -1 -7 -9 12 -12 13 -11 15 -14 -13 18 22 21 -21 -20 -4 24 -19 26 -25 -28 -29 -26
right_child=1 2 3 -5 -6 6 -8 9 -10 10 11 16 14 -15 -16 -17 -18 23 19 20 -22 -23 -24 25 29 -27 27 28 -30 -31
leaf_value=-0.00061707268605594521 1.1079065727980889e-05 -0.023475393619601576 0.1703199321743622 0.013720762506926124 -0.030091237493799133 -0.029087957672465588 -0.019650732259786134 0.0047535609020270498 0.0099855008613712326 -0.012032507132342406 -0.024505009568705386 0.11452832712182957 0.29185122695545451 0.14354089316222771 0.044226189084846601 0.067040592649011327 0.0048192662488895331 -0.019766290516794099 -0.053338061139676068 0.43151155064212415 0.0073721120571541912 0.19077693893910752 0.0049337759158469517 -0.040661881322671872 0.020452114479210703 -0.0034504124677914778 0.0076984002762023485 0.3673158366618236 0.14806542534341943 -0.0083611927923437652
leaf_weight=1923.5734613453969 10334.541274766438 131.88795607630163 1.1228240681812156 91.304965509101748 24.420565528795123 18.945122914854437 41.860974058508873 491.33035598881543 775.19974380591884 14.818311998620631 18.049973121844236 3.2655204664915782 1.1179479081183665 1.7405177205800999 31.481942081823945 2.4516920279711485 6.4179000034928322 261.506978682708 2.3509110044687982 0.92997883353382327 0.84102725144475698 0.81917413417249907 39.268105952069163 3.4299887865781784 44.432902329601347 937.85014436859637 3.2891093585640174 1.0627058669924738 1.7346707135438917 162.11345253512263
leaf_count=19323 82343 8955 30 1008 224 283 228 4639 5558 162 199 27 28 21 282 33 41 10985 53 28 27 19 1291 48 1336 13003 90 15 37 4368
internal_value=-3.42299e-05 -0.000767497 -0.0055457 -0.0040221 0.00259278 0.00283245 0.00761608 0.0012291 0.00905336 0.00745202 0.024162 -0.00134822 0.0378702 0.00431999 0.0537198 0.137447 0.0418162 -0.00513112 0.0181629 0.088722 0.230093 0.00974311 0.00953133 -0.00587717 -0.0119981 -0.00285309 0.0560128 0.110493 0.231357 -0.00216278
internal_weight=15373.2 12018.5 1683.94 1552.06 3354.67 3330.25 836.006 2494.25 794.145 570.674 79.3438 27.7334 51.6104 16.5588 35.0516 3.56964 9.68342 1460.75 45.332 4.94109 1.77101 3.17009 40.3909 1415.42 468.053 947.367 9.51647 6.08649 2.79738 206.546
internal_count=154684 123636 41293 32338 31048 30824 6069 24755 5841 5432 793 267 526 183 343 61 68 31330 1448 127 55 72 1321 29882 16689 13193 190 142 52 5704
is_linear=0
shrinkage=0.05


Tree=96
num_leaves=31
num_cat=0
split_feature=28 29 0 24 24 19 20 26 7 10 7 12 0 0 22 24 12 0 0 17 14 0 21 13 11 8 15 23 22 9
split_gain=11.4161 13.8481 13.7458 15.2986 14.6026 12.6411 12.1664 13.6207 12.2096 14.2696 12.0967 12.0954 11.6158 14.9541 11.6025 16.4553 11.55 13.1423 11.7181 11.1631 10.7647 11.3167 10.4967 10.4337 10.3663 10.287 14.0385 12.3043 13.1604 11.9462
threshold=1.5000000000000002 1.0000000180025095e-35 4.5000000000000009 -0.05666666666666708 0.01183333333333403 -0.15499999999999994 2.7950000000000013 -0.16500000000000001 6.4650000000000007 0.44010000000000005 7.3750000000000009 0.40695000000000003 15.500000000000002 13.500000000000002 1.0500000000000003 -0.031666666666665837 0.35725000000000001 12.500000000000002 4.5000000000000009 1.5000000000000002 0.021783333333333352 14.500000000000002 -0.050000000000000003 0.13333333333333311 0.45485000000000003 0.39805000000000001 0.02166666666666665 6.8550000000000013 1.0349999999999999 7.3750000000000009
decision_type=2 2 2 2 2 2 2 2 2 2 2 2 2 2 2 2 2 2 2 2 2 2 2 2 2 2 2 2 2 2
left_child=12 2 4 10 -2 -6 7 -5 9 11 -4 -9 13 16 15 19 18 24 -1 -11 21 -15 -3 -17 -18 26 -25 28 -27 -29
right_child=1 22 3 6 5 -7 -8 8 -10 14 -12 -13 -14 20 -16 23 17 -19 -20 -21 -22 -23 -24 25 -26 27 -28 29 -30 -31
leaf_value=-0.0068170997966396224 0.0072916217850939272 -0.016336914190305668 -0.013016848668043269 0.016006441367406182 0.12564453511489604 -0.0026885219355903254 0.0069734024317717556 -0.0041541017774194928 -0.0067753032687611851 0.02584806662616972 0.039929827430964737 0.0047126920659837888 0.0046042706592038267 -0.023795818817438339 -0.0033100747375227045 0.0023767606926872152 0.0023836200238051292 0.02588901258314872 0.001534896799456895 -0.023776919352729596 0.0016399038447451862 -0.0044335131649780582 0.0054468197398220104 0.036266601271139683 0.020770162927109009 0.0025816086264368902 -0.0046603697633285325 0.046198174754308263 0.127638658513542 -0.061243484717079716
leaf_weight=602.02929313480854 786.45342791313305 58.47585561266169 431.56553606363013 96.826619631610811 1.9236436281353224 775.66630751965567 350.52966022770852 3168.8677374012768 1523.0088206529617 13.983112527988849 11.064271181821821 437.74521820107475 2184.1287644132972 148.98382479697466 373.64118272252381 222.1032949835062 897.29110277444124 73.398256957530975 1388.7446506097913 59.781270276755095 173.51385262608528 152.92805526405573 1018.3472370989621 99.371977306902409 83.81976355612278 170.75448567792773 26.551077261567116 30.808640867471695 2.1299860402941695 2.8243428505957118
leaf_count=2680 11384 900 9744 773 64 7300 2447 51041 14048 212 116 6884 9977 676 2960 3447 4033 332 6268 1149 791 695 13158 1000 380 1621 224 336 17 27
internal_value=-3.38133e-05 -0.00108096 -0.00175132 -0.00269555 0.00248767 -0.00237104 -0.00209018 -0.00260027 -0.0028941 -0.00161147 -0.0116934 -0.00307791 0.00173977 -3.72678e-05 0.00366715 0.00781635 0.00125028 0.00548118 -0.000990828 -0.0143698 -0.00828448 -0.0139882 0.00426387 0.0107675 0.00395445 0.0163734 0.0276371 0.00950535 0.00412235 0.0371757
internal_weight=15367.3 9662.42 8585.6 7021.56 1564.04 777.59 6578.93 6228.4 6131.57 4608.56 442.63 3606.61 5704.84 3520.71 1001.95 628.308 3045.28 1054.51 1990.77 73.7644 475.426 301.912 1076.82 554.544 981.111 332.441 125.923 206.517 172.884 33.633
internal_count=154684 128852 114794 96046 18748 7364 86186 83739 82966 68918 9860 57925 25832 15855 10993 8033 13693 4745 8948 1361 2162 1371 14058 6672 4413 3225 1224 2001 1638 363
is_linear=0
shrinkage=0.05


Tree=97
num_leaves=31
num_cat=0
split_feature=13 25 28 5 15 13 10 17 23 9 12 9 10 3 11 12 11 1 7 24 23 15 4 11 22 0 24 9 9 10
split_gain=11.2634 11.0212 12.8032 10.2176 12.393 13.9887 10.1607 10.1442 12.8315 14.169 13.6118 12.4652 12.0773 11.8715 14.3098 13.8612 11.6249 10.3165 10.0146 13.2794 9.97758 9.14083 8.91415 8.94481 8.89435 8.48287 10.1342 13.3124 15.6109 9.6281
threshold=-2.1341666666666654 1.5000000000000002 5.5000000000000009 1.0000000180025095e-35 -0.020833333333333339 -1.0083333333333329 1.0000000180025095e-35 2.5000000000000004 6.7150000000000007 5.9650000000000007 0.29585000000000006 6.6750000000000007 0.316 29.500000000000004 0.39435000000000003 0.38905000000000006 0.38145000000000007 1.5000000000000002 4.245000000000001 -0.11083333333333333 6.6050000000000013 0.0018333333333333398 56.500000000000007 0.36215000000000003 -3.3149999999999991 20.500000000000004 0.066666666666666888 2.4750000000000005 3.2250000000000005 0.68820000000000003
decision_type=2 2 2 2 2 2 2 2 2 2 2 2 2 2 2 2 2 2 2 2 2 2 2 2 2 2 2 2 2 2
left_child=6 20 3 4 5 -3 -1 8 -7 12 -11 18 13 14 15 16 -10 -15 19 -9 22 24 -2 -24 -4 -22 -27 -28 -29 -30
right_child=1 2 21 -5 -6 7 -8 11 9 10 -12 -13 -14 17 -16 -17 -18 -19 -20 -21 25 -23 23 -25 -26 26 27 28 29 -31
leaf_value=-0.030151412377849102 0.0083501033479635826 -0.024101915464392252 0.22913868586042466 0.0017061434413136404 -0.00081585677761269798 -0.018364930099487389 0.0057689284362727154 0.14166510958264272 0.031988204666024776 -0.061686341170985627 0.003098258247529382 0.019458955563686302 0.038240281881983029 0.019475502950233852 0.0011530196956503749 0.21678108312718183 0.17836875597237878 -0.01400971922710615 -0.017018788188138158 0.00032975198351948133 0.00039940082906902009 -0.003586534003923632 0.0039103337031765831 0.078853049387610077 -0.020606893011368227 0.002848020861472829 -0.020573588446829438 0.12898878916747844 0.022171686687431327 -0.050370255927332942
leaf_weight=57.758608064148575 374.78082311805338 109.77737342845649 0.35740762297063966 3719.5124783180654 6475.2528929933906 54.764846572652459 29.867557373363525 1.7001601317897428 7.807561647146942 12.450200548395513 23.247472325339913 33.125750897452235 42.357494471594691 38.399390161037445 11.746784297749398 1.5947464704513539 1.6414708141237495 57.365121612325311 277.28798075858504 73.938147073611617 2965.2344319429249 215.60774593148381 7.0499639548361328 9.1479946635663492 140.27107639610767 442.23612503800541 20.592641063034534 3.3511367607861748 143.48353404738009 4.7246786057949057
leaf_count=5127 2463 2350 30 34421 58388 490 1043 23 99 98 200 291 396 172 130 17 21 967 3143 1103 21197 7768 52 60 10008 3448 154 36 962 27
internal_value=-3.28884e-05 6.96945e-05 -0.000726657 -0.000422957 -0.00151943 -0.00761655 -0.0179079 -0.00477745 0.00303928 0.00900132 -0.0194965 -0.00986727 0.0153234 0.00713567 0.0395687 0.0804297 0.0574172 -0.000582907 -0.0126198 0.00350662 0.00233568 -0.010055 0.00991965 0.0462351 -0.0199722 0.00150734 0.00685459 0.017147 0.0222721 0.0198591
internal_weight=15356.4 15268.8 11298.2 10942 7222.46 747.205 87.6262 637.427 251.375 196.61 35.6977 386.052 160.913 118.555 22.7906 11.0438 9.44903 95.7645 352.926 75.6383 3970.6 356.236 390.979 16.198 140.628 3579.62 614.388 172.152 151.559 148.208
internal_count=154684 148514 120115 102309 67888 9500 6170 7150 2590 2100 298 4560 1802 1406 267 137 120 1139 4269 1126 28399 17806 2575 112 10038 25824 4627 1179 1025 989
is_linear=0
shrinkage=0.05


Tree=98
num_leaves=31
num_cat=0
split_feature=17 1 12 8 26 12 4 12 23 15 3 8 8 9 21 13 7 9 3 8 23 21 8 26 27 7 10 27 23 26
split_gain=10.9978 17.7431 13.3863 12.5561 17.0738 11.4654 10.8086 11.3645 15.4354 9.82056 9.4394 13.8158 12.3204 12.1128 10.9354 10.1615 10.5431 14.0435 10.5801 16.2505 24.0996 20.8316 10.5932 10.544 10.1402 10.137 9.98437 9.85985 12.2423 32.3957
threshold=4.5000000000000009 4.5000000000000009 0.40195000000000008 0.10730000000000002 -0.034999999999999691 0.55635000000000012 50.500000000000007 0.32360000000000005 6.5250000000000012 -0.034999999999999989 39.500000000000007 0.17515000000000003 0.50970000000000015 7.6650000000000009 -0.055 2.0025000000000008 4.035000000000001 4.1050000000000013 19.500000000000004 0.030549999999999956 6.785000000000001 1.0000000180025095e-35 0.24374999999999999 -0.090000000000000288 -0.055000000000000153 7.7150000000000007 0.60080000000000011 -0.10999999999999986 6.785000000000001 0.020000000000000021
decision_type=2 2 2 2 2 2 2 2 2 2 2 2 2 2 2 2 2 2 2 2 2 2 2 2 2 2 2 2 2 2
left_child=5 2 -2 4 -4 6 7 9 -9 -1 14 -12 13 -13 -8 16 17 18 19 -16 23 -22 24 -21 -20 26 -14 -19 29 -29
right_child=1 -3 3 -5 -6 -7 10 8 -10 -11 11 12 25 -15 15 -17 -18 27 22 20 21 -23 -24 -25 -26 -27 -28 28 -30 -31
leaf_value=-0.027951014198442887 -0.0020621165754569019 -0.010061095492305574 0.19860807232238853 0.0054773645911973881 0.027602626147247844 -0.018630828291575689 -0.0076639083004542644 0.10156965347244207 0.00067371740412046723 -0.0055439882838492537 -0.010820783363881765 0.0012967329687506193 -0.012050565475246383 0.019303984218725312 -0.050660748536127703 0.015429288020862393 0.0026448059096961917 -0.027145527065551275 0.020729372395147622 0.16660294537730577 0.09253922705419558 0.41745094107756942 0.12705810689048772 -0.011467612231867125 -0.0035655777770652757 0.016205911882656833 0.0063823705585150095 0.041936095915806181 0.015392882100207131 0.19814378819168554
leaf_weight=52.293920584954321 3315.0538071119227 607.88460457371548 1.9184685572981832 534.700524488464 6.1033910051919502 75.198557084426284 215.73989646974951 3.8059044862166038 943.89764682110399 753.42382330121472 273.35413959762082 3755.7375063886866 388.28744100872427 95.769326351583004 2.3596877562813443 182.14995960891247 3724.1618305896409 6.1467868732288471 60.169671954587102 1.1353681813925498 1.0337021704763172 0.94368778727948655 1.7459266679361451 3.104053543414921 150.06532034836709 45.207119882106781 90.606017017737031 26.959045121446255 27.826999884098768 3.785125143826007
leaf_count=842 27554 16139 30 4382 103 752 1656 25 9741 7711 4653 36129 2699 721 252 944 33011 61 913 25 46 21 20 68 4473 272 588 311 449 93
internal_value=-3.20306e-05 -0.00212147 -0.000870394 0.00640888 0.0684994 0.000825187 0.000960534 -0.00263266 0.00107891 -0.00699828 0.00165622 8.4499e-05 0.000765777 0.00174449 0.00331412 0.00387916 0.00335443 0.0126183 0.00660899 0.0610526 0.103455 0.2476 0.00440626 0.0362218 0.00338769 -0.00642659 -0.00856308 0.033098 0.0394203 0.0611679
internal_weight=15350.6 4465.66 3857.78 542.722 8.02186 10884.9 10809.7 1753.42 947.704 805.718 9056.29 4648.96 4375.61 3851.51 4407.33 4191.59 4009.44 285.275 220.557 8.5765 6.21681 1.97739 211.981 4.23942 210.235 524.101 478.893 64.718 58.5712 30.7442
internal_count=154684 48208 32069 4515 133 106476 105724 18319 9766 8553 87405 45062 40409 36850 42343 40687 39743 6732 5818 412 160 67 5406 93 5386 3559 3287 914 853 404
is_linear=0
shrinkage=0.05


Tree=99
num_leaves=31
num_cat=0
split_feature=15 1 6 20 22 22 8 21 13 15 8 19 22 23 26 4 13 27 24 3 14 22 14 13 12 26 24 18 13 3
split_gain=10.7067 13.6557 15.3764 13.897 11.5301 10.8006 12.9675 10.5183 16.5358 10.3223 9.99706 12.5151 11.7063 9.85044 9.80391 9.75153 9.56125 10.6174 9.49517 9.4076 10.7637 9.26513 9.62284 8.84822 10.2689 8.74656 8.73609 8.54785 14.4175 10.4283
threshold=-4.1633363423443364e-17 5.5000000000000009 0.13500000000000004 3.4450000000000007 -2.774999999999999 1.3900000000000006 0.29880000000000007 -0.030000000000000002 2.1466666666666674 0.035000000000000017 0.50545000000000007 -0.0099999999999999863 -0.87999999999999956 6.5750000000000011 -0.095000000000000182 60.500000000000007 -0.17333333333333242 -0.15999999999999967 0.02666666666666773 25.500000000000004 0.06430000000000001 -1.1299999999999994 0.10225000000000005 1.3866666666666674 0.29640000000000005 -0.32500000000000012 0.046666666666667307 5.5000000000000009 -0.55833333333333213 39.500000000000007
decision_type=2 2 2 2 2 2 2 2 2 2 2 2 2 2 2 2 2 2 2 2 2 2 2 2 2 2 2 2 2 2
left_child=1 4 3 -3 -1 14 -7 16 9 10 15 23 -13 -11 18 25 17 -2 -6 21 -21 -20 -23 24 -12 -9 -17 -22 -29 -30
right_child=7 2 -4 -5 5 6 -8 8 -10 13 11 12 -14 -15 -16 26 -18 -19 19 20 27 22 -24 -25 -26 -27 -28 28 29 -31
leaf_value=-0.015375953044227082 0.059638963019929409 -0.015635185587682836 -0.014449060591307359 0.21147516466579691 -0.017794690375790984 -0.019393295014153461 -0.0032037209630142571 0.09830280415220527 0.015431403166512951 -0.079224454961852098 -0.032080431380571081 -0.083992675274100759 0.0021958249969658808 0.01510324021167864 -0.00040886436273626122 -0.036935753360232491 -0.00096987093235875179 -0.014214909199295057 -0.00085319662323057378 0.0015516276440170529 0.016868136011433131 0.059861639408969353 -0.025467928060169238 -0.0020579121226423336 -0.0094371263332218187 0.002144304950744707 0.062385243504599432 -0.023581051047421076 0.15381527393030081 0.041381201014734949
leaf_weight=139.24531628191471 4.9889786746352902 1.2639494314789765 244.97771579166874 1.4420772939920423 29.301034739241004 145.20061057712883 834.82538785599172 2.3658296205103388 220.85178665071726 2.8133077933453015 70.654445180669427 3.9671315141022196 569.1334149800241 170.68078775051981 4544.1849995525554 24.513099289033565 1840.8659609463066 198.12516526365653 13.523124246858059 160.56380849704146 39.585241517052054 26.049949882552031 3.7839696742594233 212.46346724778414 171.87225760612637 5655.9195773587562 2.4338045939803115 3.2413553427904835 4.375175327062605 3.9012750871479511
leaf_count=3635 44 43 12399 11 407 2234 5968 15 1163 30 648 25 3873 2382 48202 393 12029 2919 217 1510 321 246 32 1321 1663 52822 17 52 31 32
internal_value=-3.14418e-05 -0.00163652 -0.0131397 0.105395 -0.0011575 -0.000816643 -0.00560237 0.00105516 0.00196417 0.00153229 0.00122111 -0.00331618 0.00159921 0.0135737 0.000154699 0.00204161 -0.00210579 -0.0124009 0.00916177 0.0122589 0.00791261 0.0334775 0.0490389 -0.00950754 -0.0160337 0.00218451 -0.0279652 0.0278986 0.0658089 0.100817
internal_weight=15347.1 6195.46 247.684 2.70603 5947.78 5808.54 980.026 9151.65 7107.67 6886.82 6713.32 1028.09 573.101 173.494 4828.51 5685.23 2043.98 203.114 284.325 255.024 211.667 43.357 29.8339 454.99 242.527 5658.29 26.9469 51.103 11.5178 8.27645
internal_count=154684 75340 12453 54 62887 59252 8202 79344 64352 63189 60777 7530 3898 2412 51050 53247 14992 2963 2848 2441 1946 495 278 3632 2311 52837 410 436 115 63
is_linear=0
shrinkage=0.05


Tree=100
num_leaves=31
num_cat=0
split_feature=20 30 28 0 24 12 11 28 18 22 14 27 27 26 12 20 12 7 3 23 7 11 30 15 21 10 28 15 0 11
split_gain=10.1966 10.0225 12.7691 16.6433 14.7355 12.4828 11.1375 10.8943 10.3412 17.6545 10.0811 11.815 23.782 9.52633 10.3457 9.51608 21.3225 9.37834 9.20237 11.8953 9.68625 33.6641 9.20035 8.64189 9.48968 9.79145 10.3351 8.6294 10.0524 18.0512
threshold=-2.444999999999999 1.0000000180025095e-35 3.5000000000000004 16.500000000000004 0.085000000000000422 0.55635000000000012 0.51870000000000005 2.5000000000000004 3.5000000000000004 -0.74999999999999967 -0.10334999999999997 0.11499999999999978 0.13500000000000026 0.074999999999999747 0.40275000000000005 -2.1449999999999991 0.38105000000000006 6.4250000000000007 42.500000000000007 7.0150000000000006 4.4450000000000012 0.31265000000000004 -1.4999999999999998 -0.023333333333333334 1.0000000180025095e-35 0.62570000000000003 4.5000000000000009 0.031666666666666662 22.500000000000004 0.34734999999999999
decision_type=2 2 2 2 2 2 2 2 2 2 2 2 2 2 2 2 2 2 2 2 2 2 2 2 2 2 2 2 2 2
left_child=22 2 13 5 10 6 8 -3 9 15 11 -5 -13 14 -2 16 -4 23 -15 -20 21 -21 -1 -8 25 26 -25 -12 -29 -30
right_child=1 7 3 4 -6 -7 17 -9 -10 -11 27 12 -14 18 -16 -17 -18 -19 19 20 -22 -23 -24 24 -26 -27 -28 28 29 -31
leaf_value=0.13605811309868418 0.00051451565257127263 -0.021315459522646546 0.027139387749560873 0.0066611172001629195 0.020653582016756031 -0.040588547117432872 -0.028262016853825969 0.0095636922987409508 -0.005545765795240974 -0.00012782640153290308 -0.010835353277781488 0.34748274298889614 -0.05216957808859473 0.00037280856136296374 0.005147004506533305 0.015020532683734183 0.29034079694287773 -0.0069222154570932719 -0.014639633345532711 0.30851206051755098 0.0087327484811721822 -0.011632447603079963 -0.01194070805009618 0.046667982046045359 0.074691418642207782 0.15323126935623199 -0.010041326376740892 -0.0046233328258344615 0.082426693529774775 -0.0071069371155617778
leaf_weight=1.0555897559970606 8748.1566586280242 30.647686045616865 3.1423881752416483 71.918084080331028 45.285950862802565 19.11671785172075 5.5260113179683676 419.97276920080185 748.24044665461406 1655.1419521551579 1036.1802102695219 0.74935058224946149 0.73967612721025944 345.12522212602198 1397.8101500757039 162.86878666374832 1.0190164465457199 24.104178719222546 268.68285253457725 1.2460356671363144 19.231576666235924 2.4080187361687422 201.66244800295681 16.065880160778761 12.707572760060428 1.40339827351272 16.071069179102778 62.413242586888373 10.465361929498615 12.183124745264648
leaf_count=27 56856 261 88 1459 410 295 108 5997 16750 21790 19665 20 22 4034 9012 2602 22 239 3572 31 210 49 9685 128 144 18 310 654 111 115
internal_value=-3.06145e-05 0.000118551 -0.000106789 -0.00255642 -0.0073421 -0.000330152 -3.93263e-05 0.00746353 -0.000596642 0.00143562 -0.00840334 0.00954748 0.148955 0.000780438 0.00115273 0.0169282 0.0915904 0.0188401 -0.00515225 -0.0116922 0.0229118 0.0975371 -0.0111701 0.0308341 0.0378953 0.0239542 0.0183087 -0.00957857 0.00573094 0.0342646
internal_weight=15341.3 15138.6 14688 3905.34 1239.94 2665.41 2646.29 450.62 2570.41 1822.17 1194.65 73.4071 1.48903 10782.7 10146 167.03 4.1614 75.8781 636.694 291.568 22.8856 3.65405 202.718 51.7739 46.2479 33.5403 32.1369 1121.24 85.0617 22.6485
internal_count=154684 144972 138714 64950 22456 42494 42199 6258 41252 24502 22046 1501 42 73764 65868 2712 110 947 7896 3862 290 80 9712 708 600 456 438 20545 880 226
is_linear=0
shrinkage=0.05


Tree=101
num_leaves=31
num_cat=0
split_feature=17 1 12 8 26 10 8 13 8 21 10 13 24 15 10 11 24 10 21 11 13 24 20 20 12 23 4 28 9 12
split_gain=9.97387 15.5955 11.5156 10.7538 12.3318 10.3066 13.7106 11.9535 13.3225 9.65113 9.54464 9.11567 10.7106 16.2881 9.30882 11.4777 11.332 15.9596 10.2692 9.77667 9.10043 8.9369 13.1654 20.2571 17.5477 15.6455 10.9137 10.4566 9.93299 10.5591
threshold=4.5000000000000009 4.5000000000000009 0.40195000000000008 0.10730000000000002 -0.034999999999999691 0.44010000000000005 0.42295000000000005 0.51000000000000034 0.52300000000000013 -0.030000000000000002 0.42565000000000003 -0.60833333333333306 1.332267629550188e-15 0.041666666666666644 0.27610000000000007 0.29945000000000005 0.0033333333333325226 0.080549999999999969 0.050000000000000003 0.29304999999999998 2.2475000000000001 -0.05000000000000026 -1.1949999999999994 -1.3399999999999994 0.22714999999999999 6.9750000000000005 53.500000000000007 2.5000000000000004 6.8250000000000011 0.31005000000000005
decision_type=2 2 2 2 2 2 2 2 2 2 2 2 2 2 2 2 2 2 2 2 2 2 2 2 2 2 2 2 2 2
left_child=5 2 11 4 -4 10 21 8 -8 -9 -1 12 13 -2 16 19 17 -14 -18 -16 -11 27 23 25 -25 26 -23 -7 29 -26
right_child=1 -3 3 -5 -6 6 7 9 -10 20 -12 -13 14 -15 15 -17 18 -19 -20 -21 -22 22 -24 24 28 -27 -28 -29 -30 -31
leaf_value=0.00015376572168708031 -0.019225104770103509 -0.0095140476213881955 0.16380747259088541 0.005005671678076553 0.025944107155243357 0.011604533361884467 -0.0013790164080824156 -0.003745807050534697 -0.019804562716589355 0.0039609612667738537 -0.0080499930913843169 -0.0010313159068606832 -0.031504297333789247 0.17648030822048466 -0.0099491626573595237 -0.047692376517715657 0.0084300630913193651 0.16190730617561069 -0.037974111730268365 0.073540979982124693 0.020275563190223306 0.031982713831318198 0.0078667984612729655 0.27771098611121964 -0.054447033713513643 0.19414010746811131 -0.028489488442829426 -0.024170478141541742 0.15596368300431829 0.084094916483110876
leaf_weight=7081.8736819531769 179.62304769735783 601.02863712143153 2.1976238684728742 535.88707759231329 6.1935165738686901 37.256642896682024 489.3032321901992 403.27700720354915 122.70522165484726 1259.5318121388555 373.23263290617615 2940.153025704436 1.7743840869516123 1.0695078666321922 33.832654450088739 20.608251642435789 113.76842607511207 2.673864871263504 13.318032067269085 3.9118090085685244 91.700109120458364 21.308759993873537 929.30724458862096 1.1959718782454718 2.0173629438504559 1.2065627286210645 11.481104169040917 45.212401882745326 2.6058861101046205 4.3213927764445543
leaf_count=77087 3539 16139 30 4382 103 259 4832 2235 1223 8381 3140 21761 30 23 336 212 1374 35 204 40 465 364 7297 15 36 20 195 819 39 69
internal_value=-3.03302e-05 -0.0020227 -0.000854741 0.00588513 0.0620503 0.000785856 0.0030574 0.000943475 -0.00507326 0.00304224 -0.000256947 -0.00196276 -0.00935279 -0.0180667 -0.0010608 -0.0176819 0.0063128 0.0847564 0.00356714 -0.0012963 0.00506814 0.00779515 0.00913402 0.0358155 0.0978369 0.0173154 0.0108089 -0.00800857 0.0737862 0.0400028
internal_weight=15333.6 4456.04 3855.01 544.278 8.39114 10877.5 3422.43 2366.52 612.008 1754.51 7455.11 3310.73 370.58 180.693 189.887 58.3527 131.535 4.44825 127.086 37.7445 1351.23 1055.91 973.444 44.137 10.1406 33.9964 32.7899 82.469 8.94464 6.33876
internal_count=154684 48208 32069 4515 133 106476 26249 17136 6055 11081 80227 27554 5793 3562 2231 588 1643 65 1578 376 8846 9113 8035 738 159 579 559 1078 144 105
is_linear=0
shrinkage=0.05


Tree=102
num_leaves=31
num_cat=0
split_feature=4 17 20 30 22 16 1 3 30 26 19 24 7 8 7 20 3 14 21 13 1 11 9 15 23 1 18 21 12 9
split_gain=9.87094 11.9889 13.0166 10.9863 10.9218 12.1256 10.5221 9.5538 9.0254 8.79914 8.66613 9.85108 8.68683 10.3642 10.9307 9.66264 8.18179 8.41277 9.23116 12.8062 13.2564 17.5191 9.55513 9.77266 9.20011 9.764 9.19349 14.8274 9.45366 9.11317
threshold=50.500000000000007 5.5000000000000009 -1.2150000000000001 -2.4999999999999996 4.3250000000000011 1.5000000000000002 5.5000000000000009 64.500000000000014 1.5000000000000002 0.13500000000000026 0.015000000000000001 -0.052666666666666188 3.1050000000000004 0.39805000000000001 6.2950000000000008 2.1650000000000014 27.500000000000004 0.057341666666666659 0.02 -1.8516666666666661 3.5000000000000004 0.45485000000000003 2.3950000000000005 -0.0083333333333332881 6.8950000000000005 4.5000000000000009 3.5000000000000004 0.025000000000000012 0.37875000000000009 1.5050000000000001
decision_type=2 2 2 2 2 2 2 2 2 2 2 2 2 2 2 2 2 2 2 2 2 2 2 2 2 2 2 2 2 2
left_child=3 4 -3 -1 5 8 7 16 9 -2 11 -5 -12 14 -14 -15 -7 -18 -19 20 21 -20 29 -24 25 -25 28 -28 -27 -21
right_child=1 2 -4 10 -6 6 -8 -9 -10 -11 12 -13 13 15 -16 -17 17 18 19 22 -22 -23 23 24 -26 26 27 -29 -30 -31
leaf_value=0.056594655236289815 0.0043915367120398226 -0.020711330265770714 -0.0022159038757448624 -0.016259696237798542 -0.012445238103833136 0.0048534445379023912 -0.0083267851357982942 -0.035821347091637132 0.055311992141440947 -0.017394081819706024 -0.037869348423991707 -0.00096960232055777094 -0.0030895925083984834 -0.025294800438900519 0.14651280619814327 0.021658808507857927 -0.00086127549013933059 0.0013155182174883963 0.034793120509788854 0.029758708020540377 -0.052163236139358665 0.27270245704512658 0.0023577915012734426 0.023060221839716996 -0.01945158051452605 -0.016973616098188659 0.29467319806074593 0.052437705269305225 0.13976617399473065 0.12939037844151519
leaf_weight=7.7293046973645678 2720.5388229861856 100.73419024283066 1709.3770858068019 111.36140318680555 145.88975513540208 1077.0377523163334 334.86398317012936 17.841677132993937 8.6032326817512494 47.152308985590935 25.806873202323914 1949.0267397430725 261.43317569699138 103.74589355662465 1.2267107004299749 12.251053962856529 5030.7943544019945 1313.1405190899968 1.59564961772412 17.433067495003346 1.0959485196508465 1.5023678075522182 245.2009251518175 63.189242903143167 11.317038765177129 2.6212568171322337 1.146304549649358 1.4072747100144622 1.5197820225730536 2.6431579925119868
leaf_count=52 17328 3637 16196 1675 987 11733 14861 211 59 388 1514 17011 4975 1226 18 95 48587 10678 24 202 38 24 2459 454 109 46 19 27 21 30
internal_value=-2.97488e-05 0.000526669 -0.00324519 -0.00292294 0.00114473 0.00132662 0.000351775 0.000724859 0.00417933 0.00402038 -0.00310958 -0.00179601 -0.00980106 -0.0078881 -0.0023909 -0.0203358 0.00080876 0.000158045 0.00324012 0.0104471 0.0972943 0.150166 0.00939581 0.00733653 0.0223708 0.0291435 0.0865623 0.161177 0.0405507 0.0428758
internal_weight=15329.2 12856.6 1810.11 2472.58 11046.5 10900.6 8124.35 7789.49 2776.29 2767.69 2464.85 2060.39 404.464 378.657 262.66 115.997 7771.64 6694.61 1663.81 350.672 4.19397 3.09802 346.478 326.402 81.2009 69.8839 6.69462 2.55358 4.14104 20.0762
internal_count=154684 128118 19833 26566 108285 107298 89523 74662 17775 17716 26514 18686 7828 6314 4993 1321 74451 62718 14131 3453 86 48 3367 3135 676 567 113 46 67 232
is_linear=0
shrinkage=0.05


Tree=103
num_leaves=31
num_cat=0
split_feature=13 3 20 8 4 11 9 8 11 19 22 7 11 11 12 22 24 25 26 12 21 20 19 7 7 24 13 12 24 27
split_gain=9.4218 9.46816 14.2028 10.5211 9.75763 11.6257 12.8765 18.6512 13.7001 15.6958 13.5223 13.3015 21.7652 12.2337 17.8144 13.3829 12.1735 11.9089 10.2454 10.2003 10.1649 9.3103 18.6957 11.8844 11.9206 11.3501 11.0321 11.1301 10.4858 10.8856
threshold=-2.1341666666666654 39.500000000000007 -1.2150000000000001 0.14090000000000003 49.500000000000007 0.37730000000000002 6.7250000000000005 0.42295000000000005 0.17694999999999997 0.020000000000000014 0.40999999999999953 6.5650000000000004 0.32395000000000007 0.35895000000000005 0.45940000000000009 -0.26500000000000007 -0.038333333333333545 4.5000000000000009 0.044999999999999936 0.28055000000000002 0.015000000000000001 2.5350000000000006 -0.050000000000000003 6.1650000000000009 5.9050000000000011 0.019999999999999133 0.2516666666666672 0.38794999999999996 -0.0083333333333324138 0.084999999999999978
decision_type=2 2 2 2 2 2 2 2 2 2 2 2 2 2 2 2 2 2 2 2 2 2 2 2 2 2 2 2 2 2
left_child=-1 -2 -3 -4 -5 6 13 8 17 19 11 12 20 -6 15 -15 -9 -8 -16 -10 -11 23 -23 24 -7 28 -26 -28 29 -24
right_child=1 2 3 4 5 21 7 16 9 10 -12 -13 -14 14 18 -17 -18 -19 -20 -21 -22 22 25 -25 26 -27 27 -29 -30 -31
leaf_value=-0.016695946144961404 0.001257867253809365 -0.0098605807034315776 -0.014759792600773669 -0.0072667098026712373 -0.0015136979949398072 0.0033242365924806951 0.042136338424209163 -0.01596008030909989 -0.01717891878825949 0.28175837895151051 -0.0067239403099062477 0.24033595798670745 -0.0024572011430928423 0.00045175236853857805 0.024076418101039537 -0.018755886434750686 0.0031740477577938764 0.15340552677693128 0.13671200125899605 0.016352497197230233 0.088201400901180005 -0.016599476873177293 0.010995909188709761 -0.0031601004151976873 -0.0060707682490006029 0.0079434134495803901 0.016311298950383895 0.049960193133711181 0.074733806800669378 0.10451671678524206
leaf_weight=84.327931706327945 7941.0233860281296 448.14020654093474 130.02906570211053 480.39086708193645 3090.4463495868258 971.14483587210998 12.022289568558334 96.715915231965482 27.922911929897964 1.3372100610285982 3.8773679211735725 1.5171325122937558 3.7377256881445646 133.86506452132016 14.845826673321428 281.14905002387241 591.60568405222148 3.0059522408992043 2.3366845976561299 120.80106470733881 1.3765830881893633 28.110423866659403 20.179789854213599 593.29336811508983 40.107653492130339 30.572822134010494 114.33332110662013 31.303745636716485 19.658295410685241 3.6787940487265578
leaf_count=6170 75573 11857 1656 4319 29353 8781 76 929 227 25 40 23 60 1200 120 2543 4252 27 30 990 15 174 171 4324 393 179 811 207 134 25
internal_value=-2.91233e-05 6.31087e-05 -0.00123701 -0.000672785 -0.00040018 0.000128534 -0.00127405 0.00419618 0.0187415 0.0144689 0.0698591 0.107123 0.0757965 -0.0026156 -0.0104948 -0.0125604 0.000485516 0.0643924 0.039394 0.010057 0.183576 0.00344993 0.018119 0.00259335 0.00554391 0.0312916 0.0171492 0.0235439 0.0476948 0.025416
internal_weight=15322.9 15238.5 7297.51 6849.37 6719.34 6238.95 4386.56 863.92 175.598 160.57 11.846 7.96865 6.45152 3522.64 432.197 415.014 688.322 15.0282 17.1825 148.724 2.71379 1852.38 102.2 1750.18 1156.89 74.0897 185.745 145.637 43.5169 23.8586
internal_count=154684 148514 72941 61084 59428 55109 39910 6664 1483 1380 163 123 100 33246 3893 3743 5181 103 150 1217 40 15199 683 14516 10192 509 1411 1018 330 196
is_linear=0
shrinkage=0.05


Tree=104
num_leaves=31
num_cat=0
split_feature=13 8 9 6 17 1 24 0 13 12 26 15 9 14 15 22 9 21 23 0 8 7 21 27 23 27 22 20 2 3
split_gain=9.07481 9.94444 12.8236 12.7338 12.2281 13.1079 13.1226 11.0341 11.0608 10.7823 10.2559 10.462 15.3233 10.2307 12.7508 15.6914 28.042 12.3676 12.1047 28.791 10.1035 11.8436 9.95085 13.9717 12.7667 10.0206 10.191 10.0941 11.3935 10.0503
threshold=2.0025000000000008 0.52105000000000012 6.7250000000000005 0.12500000000000003 2.5000000000000004 4.5000000000000009 0.0066666666666672656 2.5000000000000004 1.8883333333333332 0.30865000000000004 0.14999999999999994 0.020000000000000035 6.6050000000000013 -0.13547499999999998 -0.011666666666666643 -0.55000000000000038 4.6550000000000011 -0.039999999999999994 6.6950000000000012 8.5000000000000018 0.50545000000000007 7.1950000000000012 0.010000000000000004 0.13500000000000026 7.0550000000000006 0.029999999999999808 -0.34500000000000014 0.34000000000000014 1.5000000000000002 41.500000000000007
decision_type=2 2 2 2 2 2 2 2 2 2 2 2 2 2 2 2 2 2 2 2 2 2 2 2 2 2 2 2 2 2
left_child=1 2 4 -3 9 -6 7 -7 -9 20 11 -5 -13 14 -8 16 -16 -17 19 -19 21 -1 24 -24 25 26 -4 28 -28 -29
right_child=-2 3 22 10 5 6 13 8 -10 -11 -12 12 -14 -15 15 17 -18 18 -20 -21 -22 -23 23 -25 -26 -27 27 29 -30 -31
leaf_value=-0.001195435595558101 0.0057146393210436115 -0.019658412762916386 -0.010167722426945802 -0.0046471704432228108 -0.00099419331700874108 0.0098048386077846383 -0.040003543694394829 -0.016070154941527463 0.068261066025019898 0.0034104089241743895 -0.041850565256191075 -0.0056982593944994624 0.020195636760133657 -0.00233534858868745 -0.0024177224620041725 0.16734248844754437 0.36748900796713779 -0.055906733735784447 -0.022073045568017646 0.28875917110044086 -0.025756229878795722 0.085737065351133138 0.011953625566306929 -0.059121314394826423 0.046955092182052238 -0.0060744669823504143 -0.077995155906146502 -0.0054417963924202556 0.011009891661405436 0.009469343418321563
leaf_weight=1690.148448468186 658.27103327214718 124.63755861110985 116.59354220330715 929.33552756346762 6040.2758912672289 48.354564281646162 3.9477593009360161 444.99648808129132 3.9224833883345118 2825.6781607815064 16.618205536156893 113.87151146493852 114.66846413444728 375.8032316067256 0.98766160197556141 1.5660347230732448 1.0646098516881464 1.2628366113640317 6.2583588883280754 1.1647264738567171 42.220063555054367 3.9270485434681168 410.9161888724193 7.032767202705144 15.624931131489573 333.93863471690565 3.6214111195877186 295.80657285451889 504.08866884466261 182.86139472573996
leaf_count=17730 3447 920 943 7191 52555 1530 146 16754 41 28362 169 709 709 8629 25 20 18 21 154 22 302 31 3225 75 142 2672 37 2390 4191 1524
internal_value=-2.84979e-05 -0.000286358 0.000119678 -0.0044626 -0.000505244 -0.00182861 -0.00749595 -0.0128889 -0.0153333 0.00150494 -0.00285002 -0.00229027 0.00729384 -0.000655683 0.0381841 0.0632703 0.18947 0.0380071 0.0146885 0.109461 -0.00159604 -0.000993917 0.00395897 0.0107577 0.00200274 0.00151393 0.00381141 0.00546379 0.010375 0.000254578
internal_weight=15319.5 14661.2 13362.1 1299.13 11491.6 6929.6 889.329 497.274 448.919 4561.97 1174.49 1157.88 228.54 392.055 16.252 12.3042 2.05227 10.252 8.68592 2.42756 1736.3 1694.08 1870.48 417.949 1452.54 1436.91 1102.97 986.378 507.71 478.668
internal_count=154684 151237 141539 9698 126340 79915 27360 18325 16795 46425 8778 8609 1418 9035 406 260 43 217 197 43 18063 17761 15199 3300 11899 11757 9085 8142 4228 3914
is_linear=0
shrinkage=0.05


Tree=105
num_leaves=31
num_cat=0
split_feature=15 21 17 30 2 14 20 1 6 22 21 13 15 7 22 21 22 8 23 13 10 11 9 20 12 29 11 3 7 27
split_gain=8.72419 12.3514 14.9753 13.2918 16.6376 17.6697 11.2271 14.7101 11.0311 10.1633 9.37628 13.4307 9.72627 9.6155 12.6187 9.3447 9.26662 10.6149 10.7822 10.0933 9.17137 8.89047 8.66433 13.7513 22.1669 15.2636 13.2802 12.0215 8.9788 8.89187
threshold=-4.1633363423443364e-17 1.0000000180025095e-35 5.5000000000000009 -1.4999999999999998 2.5000000000000004 0.01263333333333329 2.1650000000000014 4.5000000000000009 0.13500000000000004 -2.774999999999999 -0.030000000000000002 2.1466666666666674 0.02500000000000004 6.3750000000000009 1.5100000000000002 0.02 1.5349999999999999 0.28995000000000004 6.705000000000001 0.41449999999999992 0.49864999999999998 0.41335000000000005 7.3250000000000011 -0.99999999999999978 0.34345000000000009 1.0000000180025095e-35 0.18500000000000003 38.500000000000007 7.4050000000000011 -0.23499999999999985
decision_type=2 2 2 2 2 2 2 2 2 2 2 2 2 2 2 2 2 2 2 2 2 2 2 2 2 2 2 2 2 2
left_child=1 2 6 4 5 -3 7 -1 -8 -5 -2 12 -12 14 15 -14 22 21 -19 -20 -10 -18 29 24 -24 26 -25 -27 -28 -11
right_child=10 3 -4 9 -6 -7 8 -9 20 16 11 -13 13 -15 -16 -17 17 18 19 -21 -22 -23 23 25 -26 27 28 -29 -30 -31
leaf_value=-0.0019223068399950079 -0.0020350280815183445 0.024784168504046664 -0.014986625090317122 -0.013906449095796495 -0.0034255379027736781 0.17377477750875114 0.10490082692369972 -0.014443032240887766 0.017866777865580118 0.044983126059628391 0.00077867331538625348 0.013935967067809774 0.014040193953562145 -0.00036775205513841087 -0.0099706649400973252 0.0917874642500216 -0.035113636666447012 -0.018666689274118277 0.034314267270003716 -0.0011852020463338246 -0.013532548346567769 0.016364473451697822 -0.022032504441492393 0.078673637166703295 0.23961324581962945 0.16050900283839015 -0.0018757010751984157 0.025243506078925039 0.03603738999902921 0.00061499949544929463
leaf_weight=1516.283851840999 2040.0244964789599 4.1094620432704714 293.83009107038379 127.11524268705398 8.5734381973743421 3.8584144078195095 3.1040396988391867 277.51729403436184 86.38833171594888 11.331457924097775 6161.0709392181598 221.27075757831335 378.42576597258449 277.62806827202439 59.212506109848619 3.9047487489879122 49.278353645466268 84.671886852011085 22.074581293389201 215.44787367247045 31.822644772939384 10.107570670545099 1.5437282603234046 6.2029411792755118 1.7020003739744423 2.9367222199216476 105.98739155754447 3.7273737099021673 18.314918663352728 3286.0967970318161
leaf_count=12857 14992 62 4791 3394 75 52 19 12547 975 93 56481 1163 4413 1917 355 23 921 567 262 1614 244 151 24 46 27 28 837 36 138 35580
internal_value=-2.79674e-05 -0.00148038 -0.00447635 0.000189517 0.0449164 0.0969323 -0.00286379 -0.00385938 0.0118572 2.05107e-06 0.000952648 0.00181091 0.00142096 0.00692338 0.0115078 0.0148342 0.000464944 -0.00692739 -0.00334711 0.00211401 0.00941401 -0.026352 0.00128545 0.0134494 0.11517 0.0110425 0.00727349 0.0848521 0.00371048 0.000767468
internal_weight=15313.6 6172.03 2208.95 3963.08 16.5413 7.96788 1915.12 1793.8 121.315 3946.54 9141.54 7101.51 6880.24 719.171 441.543 382.331 3819.42 381.58 322.194 237.522 118.211 59.3859 3437.84 140.415 3.24573 137.169 130.505 6.6641 124.302 3297.43
internal_count=154684 75340 31433 43907 189 114 26642 25404 1238 43718 79344 64352 63189 6708 4791 4436 40324 3515 2443 1876 1219 1072 36809 1136 51 1085 1021 64 975 35673
is_linear=0
shrinkage=0.05


Tree=106
num_leaves=31
num_cat=0
split_feature=4 17 20 22 16 30 3 21 3 23 20 20 9 8 8 15 25 27 18 26 4 10 10 6 24 28 29 26 9 24
split_gain=8.62145 10.1856 11.5405 9.99731 10.5386 9.745 9.37158 9.09075 10.8866 17.5564 12.3967 29.5815 11.4961 10.6152 10.5371 10.4741 9.22104 9.03454 8.88425 10.1632 8.93825 8.63792 10.0003 9.35654 10.2338 11.303 8.40925 10.5496 10.2458 8.54068
threshold=50.500000000000007 5.5000000000000009 -1.2150000000000001 4.3250000000000011 1.5000000000000002 -2.4999999999999996 64.500000000000014 1.0000000180025095e-35 19.500000000000004 6.9350000000000014 -1.3399999999999994 -1.7549999999999999 2.0100000000000002 0.51660000000000006 0.14090000000000003 0.050000000000000031 4.5000000000000009 -0.084999999999999951 3.5000000000000004 0.079999999999999641 60.500000000000007 0.61560000000000004 0.61165000000000014 0.17500000000000002 0.17166666666666777 3.5000000000000004 1.0000000180025095e-35 0.18999999999999997 7.8750000000000009 -0.09833333333333226
decision_type=2 2 2 2 2 2 2 2 2 2 2 2 2 2 2 2 2 2 2 2 2 2 2 2 2 2 2 2 2 2
left_child=5 3 -3 4 -2 -1 7 13 9 10 11 12 -9 14 -6 18 17 -17 -16 20 -20 22 23 -7 25 -25 -10 28 -28 -29
right_child=1 2 -4 -5 6 21 -8 8 26 -11 -12 -13 -14 -15 15 16 -18 -19 19 -21 -22 -23 -24 24 -26 -27 27 29 -30 -31
leaf_value=0.052888762898999825 0.0038932816478106196 -0.019695616297848186 -0.0020338904906665647 -0.011983270265953607 -0.014373675422404284 -0.00039101660805087392 -0.035434995683602609 -0.051334001019584276 0.0017249370214991707 0.30805131712026224 -0.040896875558474016 0.40665209826240889 0.21364309964414605 -0.011341859661282047 0.00081631116222066139 -0.016247408345698402 -0.033635070502931533 0.088554000994071 -0.0039718702580105866 -0.025256022809622827 0.061547326483892245 -0.017149082868068335 0.10090005329157142 -0.0039369582941749864 0.068463084178737837 -0.018561636753386054 0.010097839194814492 0.028466870901120489 0.1409192453216552 0.20013234655202186
leaf_weight=7.8487718291580668 2777.6868587667122 97.794402925763279 1705.4614077568986 144.9514922555536 131.48558577429503 1673.8235427248292 18.279736141208559 1.5093357637524607 2972.8863287623972 0.68600905453786243 2.5183176328428081 0.65224738046526942 0.56164734624326218 233.45411892514676 3821.7539360686205 2.7021462209522715 3.1158721344545475 8.6054243799298984 671.45980224618688 58.095451447181404 5.2460876237601033 102.1332805659622 2.3452646313235155 494.11209988221526 4.4222788512706748 180.33650139532983 181.86724217003211 1.584293673746288 1.5090908259153355 1.3351537752896536
leaf_count=52 17775 3637 16196 987 4648 16217 238 102 30428 21 37 18 12 2109 36696 17 44 74 10100 1706 89 804 18 4225 35 5215 3127 22 16 19
internal_value=-2.74194e-05 0.000492348 -0.00299172 0.00106133 0.00123485 -0.00273592 0.000325377 0.000406069 0.00249772 0.0701949 0.0390645 0.113009 0.0205274 -0.000935182 -0.000418542 -1.71186e-05 0.0425238 0.0635098 -0.000151779 -0.00518688 -0.00346394 -0.0029136 -0.00229624 -0.00239911 -0.00735026 -0.00784736 0.0023707 0.0126757 0.0111744 0.106975
internal_weight=15310.2 12845.2 1803.26 11041.9 10897 2465.02 8119.31 8101.03 3165.11 5.92756 5.24155 2.72323 2.07098 4935.92 4702.46 4570.98 14.4234 11.3076 4556.56 734.801 676.706 2457.17 2355.04 2352.69 678.871 674.449 3159.18 186.296 183.376 2.91945
internal_count=154684 128118 19833 108285 107298 26566 89523 89285 33802 190 169 132 114 55483 53374 48726 135 91 48591 11895 10189 26514 25710 25692 9475 9440 33612 3184 3143 41
is_linear=0
shrinkage=0.05


Tree=107
num_leaves=31
num_cat=0
split_feature=28 5 13 25 0 13 24 14 11 0 3 15 13 12 12 15 14 24 24 23 13 24 22 7 0 24 13 5 22 9
split_gain=8.35943 11.923 11.4053 12.2311 10.448 11.1917 11.1115 11.246 10.3996 10.0191 9.32373 9.28818 9.43522 12.4697 11.6848 11.8357 9.39323 9.543 13.0051 9.06083 8.90079 15.5423 49.4203 10.2528 8.65328 8.65592 11.1535 15.316 8.53927 14.3607
threshold=1.5000000000000002 1.0000000180025095e-35 -0.96999999999999942 1.5000000000000002 23.500000000000004 2.0025000000000008 0.031666666666666739 -0.062499999999999965 0.70185000000000008 5.5000000000000009 59.500000000000007 0.0066666666666666411 -1.711666666666666 0.37469999999999998 0.31405000000000005 0.013333333333333324 -0.16730833333333325 0.02166666666666606 0.018333333333333094 6.8150000000000004 -0.93000000000000027 -0.008333333333333302 -1.3099999999999996 4.5250000000000012 4.5000000000000009 0.06083333333333308 -0.59500000000000031 1.5000000000000002 0.96999999999999997 4.5750000000000011
decision_type=2 2 2 2 2 2 2 2 2 2 2 2 2 2 2 2 2 2 2 2 2 2 2 2 2 2 2 2 2 2
left_child=4 2 3 11 5 10 7 -6 28 20 24 16 -13 14 15 -14 -2 18 -18 -12 21 22 -4 -23 -1 -26 27 -27 -3 -30
right_child=1 8 9 -5 6 -7 -8 -9 -10 -11 19 12 13 -15 -16 -17 17 -19 -20 -21 -22 23 -24 -25 25 26 -28 -29 29 -31
leaf_value=-0.0035331572765465442 0.19443544990041825 0.0034219757373074138 0.41813495594004008 -0.015922513108784921 -0.023884902798977189 0.014263497523742428 0.029829008811432297 0.010878649136264691 -0.055354385994783289 -0.0027962837077565562 -0.025083374770552946 -0.012707723293315158 -0.015614524710767352 0.18279654990396021 -0.035514098396135466 0.17380636816323092 -0.0058439809839728974 -0.007385266264227296 0.26012386281225047 0.0052474857750962021 0.0019153891261392013 -0.053516873784253828 -0.021068416713171972 0.12619052664620692 0.0010233162767414783 -0.018490350466196865 0.010294494598813465 0.073322179248844044 -0.014451375541622164 0.00057470708973106398
leaf_weight=888.1729969009757 0.60731827607378264 2212.2545941313729 1.0610812427476051 269.5530861034058 27.769171841442585 155.64428135752678 62.793820187449455 143.40507835894823 8.0358663750812394 4616.8476885147393 67.41387876868248 4.4204574814066282 1.3233617246150955 2.1072954079136252 2.7278226306661963 2.1883867802098393 1.0803662440739561 51.226719909347594 0.79992145998403419 38.791394650936127 1263.604699649848 2.8319429364055391 1.6158651625737546 1.1027463208883999 3748.4375538155437 60.836360588669777 490.98872609436512 4.9088671952486029 189.68932322319597 983.15759537927806
leaf_count=3932 18 35319 24 11852 126 843 315 649 91 56650 303 255 27 36 52 40 40 1311 24 179 13486 57 54 18 16816 268 2380 21 2035 7463
internal_value=-2.6923e-05 -0.000925712 -0.00222575 -0.0111851 0.00149228 0.00104853 0.0118387 0.00523904 0.0014586 -0.00171435 0.000660414 0.00802288 0.0463565 0.0776366 0.0421208 0.102425 -0.00108861 -0.00332457 0.107305 -0.0140051 0.00221815 0.0600806 0.153022 -0.00315161 0.000960326 0.00188735 0.0077048 -0.0116352 0.00159346 -0.00185552
internal_weight=15305.4 9616.24 6223.1 336.035 5689.16 5455.19 233.968 171.174 3393.14 5887.06 5299.55 66.4816 12.7673 8.34687 6.23957 3.51175 53.7143 53.107 1.88029 106.205 1270.22 6.61164 2.67695 3.93469 5193.34 4305.17 556.734 65.7452 3385.1 1172.85
internal_count=154684 128852 83944 13655 25832 24742 1090 775 44908 70289 23899 1803 410 155 119 67 1393 1375 64 482 13639 153 78 75 23417 19485 2669 289 44817 9498
is_linear=0
shrinkage=0.05


Tree=108
num_leaves=31
num_cat=0
split_feature=20 3 3 15 10 20 21 4 27 7 13 8 9 3 13 4 26 24 22 7 10 7 8 7 12 22 0 22 13 3
split_gain=8.08717 10.4979 8.1092 11.6941 12.2783 10.8628 11.0606 10.2803 10.1137 13.4776 9.87355 9.85861 11.519 12.2815 11.3408 9.46817 9.22848 9.17236 10.0215 8.89626 8.7678 13.9061 12.5853 9.88473 9.97331 20.8481 9.42255 8.80329 10.2978 9.0819
threshold=-3.4049999999999989 60.500000000000007 39.500000000000007 0.028333333333333332 0.22594999999999996 -1.2150000000000001 -0.025000000000000005 49.500000000000007 -0.079999999999999613 4.1450000000000005 1.485000000000001 0.50435000000000008 7.6650000000000009 42.500000000000007 1.3866666666666674 46.500000000000007 0.14000000000000015 -0.028333333333332874 0.27999999999999964 6.0750000000000011 0.56555000000000011 6.0950000000000006 0.6593500000000001 5.7550000000000008 0.44265000000000004 2.2450000000000006 7.5000000000000009 -0.51999999999999968 0.17166666666666711 52.500000000000007
decision_type=2 2 2 2 2 2 2 2 2 2 2 2 2 2 2 2 2 2 2 2 2 2 2 2 2 2 2 2 2 2
left_child=1 -1 -2 5 -5 -4 20 8 9 -8 -10 12 -9 17 -13 19 -16 18 -14 -12 21 23 -23 24 -7 26 -26 28 -25 -29
right_child=2 -3 3 4 -6 6 7 11 10 -11 15 14 13 -15 16 -17 -18 -19 -20 -21 -22 22 -24 27 25 -27 -28 29 -30 -31
leaf_value=-0.0222521266416007 0.0011410241174775501 0.26868741323756912 -0.0094410807805447063 -0.015417472404881805 0.0081395541263361137 -0.0089269319873586574 0.090280300529341953 0.00071430684023373594 -0.014538648691735474 0.0040403740453372281 -0.049172189068264628 -0.011237452657110672 0.046900567048001468 0.0062681075997717958 0.0052665402962157118 0.045295649257712622 -0.066352007663781132 0.0311836496839645 0.1882236750258684 0.015909992388490692 0.006626418100407057 -0.016418162567102903 0.068562249580777931 0.018980169818594281 -0.039172736293295651 0.13583791902294665 0.032736462896117327 -1.6295952111818127e-05 0.15163301614048411 0.032557345151427768
leaf_weight=48.312970879487693 7964.8628222658299 0.31205570325255294 430.4953144825995 61.901340715587139 519.79194948542863 375.93899796437472 5.0533214285969725 4181.8901675231755 289.87694296753034 43.780300950631499 8.066258981823923 359.0248316321522 3.1370968716219059 78.536275372840464 195.44646987691522 14.003058534115551 4.6039525568485251 27.624207784421742 2.090250376611948 15.043243668973444 122.51789152715355 350.69173990003765 4.4115974754095069 4.2432949896901837 7.5113988276571098 3.5858068503439418 11.576463179662822 132.6156322369352 2.2328791804611683 25.515692349523306
leaf_count=3629 78137 13 11617 538 3492 3249 44 40715 3053 302 54 3071 40 640 1162 93 31 201 16 98 789 2295 22 36 63 34 92 952 19 187
internal_value=-2.64419e-05 -0.020385 3.84886e-05 -0.00116757 0.00563271 -0.00175801 -0.00123041 -0.000293333 -0.0082601 0.0129645 -0.0114298 0.000323706 0.00113699 0.017006 -0.00592171 0.0128522 0.00361831 0.0426765 0.103411 -0.00680663 -0.00593738 -0.00761358 -0.0153624 -0.00272803 -0.00698463 0.0252195 0.00443897 0.00757972 0.0647167 0.00523971
internal_weight=15294.7 48.625 15246.1 7281.21 581.693 6699.51 6269.02 5228.18 375.823 48.8336 326.99 4852.35 4293.28 111.388 559.075 37.1126 200.05 32.8516 5.22735 23.1095 1040.84 918.324 355.103 563.22 398.613 22.6737 19.0879 164.607 6.47617 158.131
internal_count=154684 3642 151042 72905 4030 68875 57258 49520 3644 346 3298 45876 41612 897 4264 245 1193 257 56 152 7738 6949 2317 4632 3438 189 155 1194 55 1139
is_linear=0
shrinkage=0.05


Tree=109
num_leaves=31
num_cat=0
split_feature=17 1 8 10 23 20 20 26 10 4 23 19 9 12 15 22 22 12 26 0 14 20 9 22 4 19 9 14 1 12
split_gain=7.90467 11.1163 14.15 10.0671 9.95114 12.2574 11.5779 9.83863 9.51985 21.4687 9.68153 18.1172 12.6575 8.98512 8.47036 11.1584 10.1259 8.73923 9.24454 9.06641 9.57288 10.2513 9.3151 8.98973 8.82023 13.3688 10.9956 8.39711 10.5931 38.4096
threshold=1.5000000000000002 4.5000000000000009 0.18930000000000005 0.30045000000000005 6.6550000000000011 5.0150000000000015 -2.3849999999999993 -0.23499999999999985 0.31045000000000006 54.500000000000007 6.705000000000001 0.015000000000000001 5.3250000000000011 0.55635000000000012 0.016666666666666653 3.6450000000000009 -1.6099999999999994 0.37525000000000003 0.13500000000000026 20.500000000000004 0.11022500000000003 0.81500000000000006 5.7350000000000012 -1.7150000000000001 46.500000000000007 -0.014999999999999998 6.4350000000000014 0.06815000000000003 4.5000000000000009 0.38794999999999996
decision_type=2 2 2 2 2 2 2 2 2 2 2 2 2 2 2 2 2 2 2 2 2 2 2 2 2 2 2 2 2 2
left_child=13 -2 3 7 5 6 -4 -3 9 -5 11 12 -10 14 17 16 -16 18 -1 24 22 -22 23 -21 25 -19 -27 -25 -29 -30
right_child=1 2 4 8 -6 -7 -8 -9 10 -11 -12 -13 -14 -15 15 -17 -18 19 -20 20 21 -23 -24 27 -26 26 -28 28 29 -31
leaf_value=-0.00034004889287670505 -1.8369686187191892e-05 0.16207664855812287 0.16291806122438501 -0.051397760685159478 -0.0045700544652183079 0.071163063655028877 0.0042710008150144783 -0.026725102602994349 0.041979140988003955 0.37206821667333068 -0.018886028071237002 -0.052106090415600319 0.36280707108912147 -0.028501021684565548 -0.028409873283923366 -0.018632985410280155 0.0088830192429322219 0.12083004029276961 -0.030719113198732696 -0.033895683081300615 -0.016219095851380785 0.062877653834380098 0.011289852168654354 0.025278861774020792 0.0020907959648739575 0.0011717366863550954 0.08325022005028658 0.068014436278467358 0.47695233656161051 0.041686309580557912
leaf_weight=1892.4400497698225 10296.349254015367 0.69441947061568399 1.1582918846979726 0.60691722715273388 1353.499528940767 7.409918636083602 161.10167655628175 108.95367550151423 0.53477673232555234 0.59051301423460245 7.6807735855691135 1.0896267453208563 0.72314449120312929 23.786479634232819 18.63906605867669 41.345244243741035 776.54555249307305 3.5916512547992197 25.378249446861446 2.6624344326555756 22.648566567339007 5.0008697602897874 23.764345093630254 9.5573737816885131 464.21765024866909 20.202918846625838 5.1130611421540371 14.171105634421112 0.75189863052219097 1.5551050449721513
leaf_count=18865 82343 16 36 29 29934 38 2330 8381 23 33 408 38 27 224 283 228 5558 39 458 40 230 37 210 109 4367 198 35 103 16 48
internal_value=-2.57228e-05 -0.000627984 -0.00444589 -0.0209123 -0.00313917 0.00827539 0.0054035 -0.0255294 0.0241848 0.157435 0.00827416 0.0971376 0.226414 0.00212004 0.00233892 0.00669211 0.00800888 0.000877066 -0.000742051 0.00629398 0.0218949 -0.00191311 0.0344426 0.0536151 0.00375949 0.0305565 0.0177491 0.0625641 0.0841896 0.183548
internal_weight=15291.8 11940.4 1644.04 120.874 1523.17 169.67 162.26 109.648 11.2258 1.19743 10.0283 2.34755 1.25792 3351.37 3327.59 836.53 795.185 2491.06 1917.82 573.237 80.1117 27.6494 52.4623 28.6979 493.125 28.9076 25.316 26.0355 16.4781 2.307
internal_count=154684 123636 41293 8955 32338 2404 2366 8397 558 62 496 88 50 31048 30824 6069 5841 24755 19323 5432 793 267 526 316 4639 272 233 276 167 64
is_linear=0
shrinkage=0.05


Tree=110
num_leaves=31
num_cat=0
split_feature=4 17 15 12 12 24 9 30 12 10 7 22 22 16 1 30 22 27 23 14 8 27 10 10 24 8 13 9 3 4
split_gain=7.59352 8.99504 11.0332 10.0541 10.9933 11.8987 10.9166 9.90983 9.60617 9.21044 12.5124 8.65426 8.65028 9.43647 8.66046 8.57805 8.39486 8.93146 8.28445 9.01404 8.5819 8.08245 7.97726 9.11276 9.59587 9.26084 10.6989 8.92935 8.75481 8.60338
threshold=50.500000000000007 5.5000000000000009 -0.026666666666666661 0.19205000000000003 0.31065000000000004 0.1166666666666676 7.6350000000000007 1.0000000180025095e-35 0.55635000000000012 0.37540000000000001 3.7250000000000005 -1.5399999999999998 4.3250000000000011 1.5000000000000002 5.5000000000000009 -2.4999999999999996 0.995 0.010000000000000233 6.6950000000000012 -0.19754999999999992 0.45125000000000004 0.020000000000000021 0.61560000000000004 0.11049999999999996 -0.0083333333333341902 0.14760000000000004 -0.67499999999999949 4.205000000000001 57.500000000000007 46.500000000000007
decision_type=2 2 2 2 2 2 2 2 2 2 2 2 2 2 2 2 2 2 2 2 2 2 2 2 2 2 2 2 2 2
left_child=15 8 11 6 5 -5 7 9 12 10 -4 -3 13 -2 -15 -1 17 -10 -11 20 -20 -18 23 24 27 28 -27 -17 -25 -29
right_child=1 2 3 4 -6 -7 -8 -9 16 18 -12 -13 -14 14 -16 22 21 -19 19 -21 -22 -23 -24 25 -26 26 -28 29 -30 -31
leaf_value=0.049236936241656579 0.0038004393798942077 -0.047114024599730055 0.13061128798921706 -0.0094086823425946191 0.00024931148740901923 0.06023107330204857 0.12824981285153675 0.12643538185309636 0.010370032753450147 0.11532267063475705 -0.01215422079062743 -0.011383733976196193 -0.011098279895282625 0.00074750676705425149 -0.0075606864866656943 -0.02348373169834362 -0.062335523715785435 -0.038078243582058247 0.1313773428485778 0.0076744109464036911 0.0096241830980303908 0.0010113558638089493 -0.016464191300034122 0.016801197676341969 -0.004128682980008372 -0.014648856866885489 -0.00016817044428092676 -0.012909267033687359 0.12836366626261067 0.13488999114051156
leaf_weight=7.9635317306965581 2754.312124080956 20.621320223901421 1.6011042874306429 515.40430974122137 1087.7577900420874 6.2076004594564429 2.1172945369034997 1.8752839667722572 29.975946711841971 2.6346789896488216 37.02527621993795 95.116565682925284 143.15647959336638 7740.8648616387509 326.91288235923275 113.72655620472506 15.826921319589021 13.934931513387708 3.2717237109318402 21.72750882152468 2.595480396412313 7.3849202170968047 101.50295528490096 45.864504251629114 309.00982254324481 137.6772807855159 1735.0532707953826 2.2207943927496667 1.8286462216638018 1.7688466431573031
leaf_count=52 17622 504 47 5390 11646 39 17 27 349 21 415 1488 983 74229 14778 2823 106 166 26 192 21 52 804 812 4513 2378 15110 21 30 23
internal_value=-2.5495e-05 0.000462125 -0.0028173 -0.00178993 -0.00261232 -0.00857991 0.0163785 0.0130297 0.000996576 0.00994111 -0.00623644 -0.0177499 0.00111201 0.00127353 0.000410852 -0.00257222 -0.017861 -0.00500482 0.0306124 0.0225244 0.0775173 -0.0421815 -0.00274071 -0.00214724 -0.00875643 -0.000678647 -0.00123275 -0.0209045 0.0210787 0.052619
internal_weight=15286.9 12830.3 1797.96 1682.22 1609.37 521.612 72.8484 70.7311 11032.4 68.8558 38.6264 115.738 10965.2 10822.1 8067.78 2456.62 67.1227 43.9109 30.2294 27.5947 5.8672 23.2118 2448.65 2347.15 426.726 1920.42 1872.73 117.716 47.6932 3.98964
internal_count=154684 128118 19833 17841 17075 5429 766 749 108285 722 462 1992 107612 106629 89007 26566 673 515 260 239 47 158 26514 25710 7380 18330 17488 2867 842 44
is_linear=0
shrinkage=0.05


Tree=111
num_leaves=31
num_cat=0
split_feature=24 9 3 26 14 11 27 23 9 23 8 11 21 24 11 23 23 12 20 7 26 15 13 24 10 8 7 12 27 24
split_gain=7.38382 14.3683 12.1 10.0629 12.7287 11.6768 10.04 9.69562 9.69523 12.6728 9.69979 13.8665 9.64596 10.7145 9.58838 9.4968 9.25576 12.467 14.1999 9.1693 8.97362 8.78939 8.40057 9.68829 9.68767 9.32529 17.9842 38.2219 14.4715 10.4429
threshold=-0.030000000000000689 2.8850000000000002 47.500000000000007 0.10999999999999989 0.13196666666666673 0.27715000000000006 -0.015000000000000123 6.9250000000000007 6.8250000000000011 6.8050000000000006 0.42735000000000001 0.23409999999999997 0.020000000000000014 0.0049999999999994502 0.41234999999999999 7.245000000000001 6.8650000000000011 0.27745000000000003 0.4549999999999999 6.6850000000000014 0.084999999999999978 0.041666666666666644 -1.941666666666666 -0.038333333333332657 0.17680000000000004 0.20554999999999998 4.245000000000001 0.25720000000000004 0.18000000000000019 -0.040000000000000473
decision_type=2 2 2 2 2 2 2 2 2 2 2 2 2 2 2 2 2 2 2 2 2 2 2 2 2 2 2 2 2 2
left_child=1 14 -3 -2 5 8 -6 20 9 12 11 -11 13 -5 15 -1 17 18 -16 22 21 -4 24 25 -9 28 27 -27 -24 -28
right_child=3 2 7 4 6 -7 -8 19 -10 10 -12 -13 -14 -15 16 -17 -18 -19 -20 -21 -22 -23 23 -25 -26 26 29 -29 -30 -31
leaf_value=-0.020310289196205956 0.00035594384821120923 0.0010011876832742908 -0.0070999474197188384 -0.045689966827842377 0.16881002139119788 0.0026519967306579905 0.023924069845227301 0.28485486938385557 -0.01917889042495732 0.00089997505378355911 0.19368183823984828 0.18379241086445108 0.13076424708100953 0.10828265936774116 0.052205179995522627 0.092898662137156016 -0.02815136121231377 0.009124446877142511 0.2580934396788977 -0.039379216541244842 -0.021123880696208294 0.058668994617102212 -0.030622554364559618 -0.028173141647850619 0.013280305908245461 0.38366824936628652 0.0084247713161545688 0.039625909105506292 0.14557740720873835 0.075245928306694326
leaf_weight=183.81072208471596 12586.781850637402 1674.7893290524371 413.3820100557059 4.4841012069955486 2.4007324203848839 64.376464450731874 2.3821493568830183 0.58470001304522046 4.225969521328806 2.7103693373501301 2.5349775739014149 1.6779877613298593 1.6155444057658312 1.5104550216346977 3.5806648228317526 1.8713499484583724 11.089568947441874 18.831369940191507 1.0931133683770893 11.26568459626287 134.82812422187999 5.1431266572326413 19.173198440577838 17.909485382027924 0.7490964736789465 1.0142466379329551 96.913342993706465 3.9562824959866703 1.2407223237678398 6.222413156181573
leaf_count=5031 115043 22026 5539 82 20 873 32 16 39 57 21 37 30 20 81 28 232 326 9 88 2690 39 502 248 29 17 1355 75 26 73
internal_value=-2.48012e-05 -0.00244795 -0.00132047 0.00047369 0.0173306 0.0127674 0.0966485 -0.00677861 0.0474804 0.0668633 0.115814 0.070833 0.0223299 -0.00689331 -0.0146666 -0.0191693 0.00950128 0.0272655 0.100359 0.00410227 -0.00990568 -0.00629173 0.00741736 0.00627955 0.132331 0.0110806 0.0169332 0.109828 -0.0199134 0.0124562
internal_weight=15282.1 2607.45 2387.17 12674.7 87.9188 83.1359 4.78288 712.382 18.7594 14.5334 6.92333 4.38836 7.6101 5.99456 220.277 185.682 34.5947 23.5051 4.67378 159.029 553.353 418.525 147.763 146.43 1.3338 128.52 108.106 4.97053 20.4139 103.136
internal_count=154684 38430 32723 116254 1211 1159 52 10697 286 247 115 94 132 102 5707 5059 648 416 90 2429 8268 5578 2341 2296 45 2048 1520 92 528 1428
is_linear=0
shrinkage=0.05


Tree=112
num_leaves=31
num_cat=0
split_feature=30 1 0 27 14 3 3 8 4 11 9 19 10 8 7 0 0 27 24 23 28 5 22 15 7 22 24 4 27 21
split_gain=7.37373 10.4143 10.8165 10.0853 9.99539 11.7288 10.9289 13.3245 21.979 14.6683 10.7552 10.288 10.1307 10.9676 9.93529 9.92889 13.7266 10.3029 9.70966 9.43048 9.38948 9.30427 10.8606 10.6504 16.3121 16.0386 11.397 10.7013 19.0536 11.0442
threshold=1.0000000180025095e-35 1.5000000000000002 5.5000000000000009 -0.17000000000000035 0.0019500000000000353 35.500000000000007 24.500000000000004 0.15105000000000005 55.500000000000007 0.30214999999999997 8.3150000000000031 -0.044999999999999991 0.48900000000000005 0.31075000000000003 3.2850000000000006 15.500000000000002 13.500000000000002 0.084999999999999978 0.1216666666666666 7.2650000000000006 2.5000000000000004 1.0000000180025095e-35 0.84999999999999998 0.028333333333333332 6.3650000000000011 -0.27999999999999997 -0.060000000000000046 53.500000000000007 0.084999999999999978 -0.014999999999999998
decision_type=2 2 2 2 2 2 2 2 2 2 2 2 2 2 2 2 2 2 2 2 2 2 2 2 2 2 2 2 2 2
left_child=1 15 3 -3 5 6 11 8 14 -10 -6 12 13 -5 -8 16 -1 -17 21 -7 -2 -4 23 26 25 -25 -23 28 -27 -29
right_child=20 2 18 4 10 19 7 -9 9 -11 -12 -13 -14 -15 -16 17 -18 -19 -20 -21 -22 22 -24 24 -26 27 -28 29 -30 -31
leaf_value=0.0010700033907727841 -0.020770494305639764 -0.015691707344982622 -0.0036877485991146431 0.0023815777405081385 0.0058588676067006205 -0.0055859654335203178 -0.035737791791158803 0.008648034877224391 0.35917594741621611 0.070877327737562043 0.085391617885930027 -0.016530255385426972 -0.068734272324102147 0.14111805519297302 0.083427045852568063 0.0050547703983466457 -0.0081323375072335936 -0.0091565485678145788 0.015257142690132251 0.068748100234995058 0.0080069678742866728 -0.017674839826544296 -0.0041731180942524209 -0.001720019998016097 -0.0096577852585618944 0.022709742459982096 0.0025826627329080675 0.050009101659340888 0.17934792614898637 0.13855732933238638
leaf_weight=2987.5248846188188 30.302804695442319 78.050755363889039 4624.5176663757302 2.6654391791671506 981.04550526058301 621.38803686993197 3.1006331611424667 285.60779300238937 0.96949180308729388 0.80966552533209324 4.2692651581019154 69.710966900922358 1.5186043269932268 3.0598578061908484 4.0129169672727585 2008.6400429457426 468.82884054630995 136.18224050104618 79.008421241305768 4.2962567433714858 438.72164150839671 73.216528499498963 918.00519826915115 24.980813922360539 36.851983226835728 32.610572909004986 1343.1167941256426 9.6364182960242015 2.0643322300165883 5.5491999648511401
leaf_count=13487 261 560 63340 154 10881 8203 134 3154 21 23 28 1379 10 23 96 9239 2140 611 520 52 7274 2033 7730 247 306 375 22226 79 17 81
internal_value=-2.45774e-05 -0.000220034 -0.00125398 0.00193782 0.00263191 -0.000897303 0.00614059 0.0105247 0.0707975 0.227976 0.00620347 -0.010637 0.0460759 0.0765286 0.0314858 0.00148009 -0.000178226 0.00415244 -0.00217386 -0.00507555 0.00614771 -0.00236863 0.000125309 0.00270771 0.0175725 0.0309807 0.00153546 0.0473642 0.032035 0.0823668
internal_weight=15280.3 14811.2 9210.06 2060.51 1982.45 997.14 371.455 294.501 8.89271 1.77916 985.315 76.9549 7.2439 5.7253 7.11355 5601.18 3456.35 2144.82 7149.56 625.684 469.024 7070.55 2446.03 1528.03 111.693 74.8413 1416.33 49.8605 34.6749 15.1856
internal_count=154684 147149 121672 24718 24158 13249 4994 3428 274 44 10909 1566 187 177 230 25477 15627 9850 96954 8255 7535 96434 33094 25364 1105 799 24259 552 392 160
is_linear=0
shrinkage=0.05


Tree=113
num_leaves=31
num_cat=0
split_feature=20 3 30 1 0 24 27 13 24 26 23 21 12 14 19 20 27 7 8 23 12 13 15 4 24 13 20 12 8 18
split_gain=7.05768 8.81125 7.18097 8.82477 9.75793 15.643 13.0476 13.4559 12.0648 11.8589 11.1559 10.96 10.5988 11.3084 11.563 14.9429 12.2451 11.2267 25.1361 12.5278 10.3834 12.0879 10.665 10.1946 10.1006 9.95448 9.91127 21.5727 15.0009 17.3277
threshold=-3.4049999999999989 57.500000000000007 1.0000000180025095e-35 1.5000000000000002 17.500000000000004 -0.01166666666666538 -0.11499999999999976 -0.84499999999999942 0.053333333333334128 -0.12499999999999999 6.8250000000000011 0.020000000000000014 0.54230000000000012 0.17294166666666669 -0.025000000000000005 -1.5199999999999998 0.069999999999999854 3.8850000000000002 0.23670000000000005 6.745000000000001 0.37785000000000007 -1.1399999999999992 0.048333333333333353 54.500000000000007 0.1216666666666666 2.3800000000000008 -0.69000000000000017 0.37785000000000007 0.17260000000000003 5.5000000000000009
decision_type=2 2 2 2 2 2 2 2 2 2 2 2 2 2 2 2 2 2 2 2 2 2 2 2 2 2 2 2 2 2
left_child=1 -1 3 -2 10 25 7 -7 -8 -9 12 -10 13 14 15 16 -5 18 26 -20 -17 23 -23 -22 -19 -6 -16 -28 29 -29
right_child=2 -3 -4 4 5 6 8 9 11 -11 -12 -13 -14 -15 17 20 -18 24 19 -21 21 22 -24 -25 -26 -27 27 28 -30 -31
leaf_value=-0.022854396715045466 0.0014065472152896318 0.11424235695652506 0.0061535657110786159 0.039521908596976595 -0.01021364934275759 0.048876650553089311 -0.0016570343039671452 0.0090778193066970558 0.0065379150236978189 -0.029996835253466372 0.0033306330337276157 0.039239532324470972 -0.025757078085810726 0.01283503615927239 0.0006180087476418 -0.00054836622397004282 0.21000269609958286 -0.0040747479633827894 0.36338589617620787 0.074639255814485675 0.24459665307224476 0.0079153606711077056 0.069977216536810952 0.0074302773357260545 0.015908448917012871 0.035525789435115848 0.011006422820968522 0.032897984207202184 0.2425303534005214 0.24325721863213157
leaf_weight=45.88177436683327 5599.5303333848715 1.2027102508582164 464.97580257523805 13.478102034423499 790.09958357457072 7.2749796947464338 1379.015402443707 24.98152968287468 199.75870469724759 87.183436023071408 1741.9990055528469 29.391866457648575 44.00497182412073 141.19490112224594 131.66432305891067 944.34438996715471 1.1425862703472365 3211.2075691460632 0.71968365088105091 0.78580856882035732 1.0107165868394066 282.82947777025402 7.0959720909595481 0.8213132070377468 64.504972919821739 12.077167373150585 35.727213615551591 5.7462280541658384 1.5127924084663389 1.1799667803570626
leaf_count=3599 25477 43 6850 486 15030 124 17062 150 1795 651 25280 276 512 1366 4416 8044 30 39589 18 23 38 2328 48 18 431 68 749 120 29 34
internal_value=-2.42354e-05 -0.0193524 3.55376e-05 -0.000157191 -0.00111303 -0.00375501 -0.00107584 -0.01702 0.000108355 -0.0212941 -0.000105086 0.0107324 -0.00132927 -0.00110741 -0.00152592 0.00259318 0.0528447 -0.0030179 0.00923527 0.212671 0.00199881 0.0102434 0.00943433 0.138273 -0.00368124 -0.00952502 0.00749342 0.0279898 0.0998903 0.0687354
internal_weight=15272.3 47.0845 15225.3 14760.3 9160.75 2529.78 1727.61 119.44 1608.17 112.165 6630.97 229.151 4888.97 4844.97 4703.77 1250.72 14.6207 3453.05 177.336 1.50549 1236.1 291.757 289.925 1.83203 3275.71 802.177 175.831 44.1662 8.43899 6.92619
internal_count=154684 3642 151042 144192 118715 35156 20058 925 19133 801 83559 2071 58279 57767 56401 10992 516 45409 5389 41 10476 2432 2376 56 40020 15098 5348 932 183 154
is_linear=0
shrinkage=0.05


Tree=114
num_leaves=31
num_cat=0
split_feature=16 18 24 0 8 22 19 13 0 11 9 14 13 16 11 23 21 15 26 0 8 7 22 22 24 6 11 28 12 8
split_gain=6.99059 10.3405 10.1582 10.663 10.9522 9.73102 10.818 10.827 9.50647 9.44009 13.9677 10.4089 10.3816 12.7456 9.48655 9.32511 9.21283 16.0493 9.77 18.5629 9.62011 10.1817 14.1008 17.8281 9.4421 8.99899 8.92209 10.816 8.82235 8.75095
threshold=2.5000000000000004 4.5000000000000009 -0.041666666666665624 19.500000000000004 0.08840000000000002 1.3900000000000006 -0.039999999999999994 1.2816666666666667 22.500000000000004 0.48795000000000005 5.2550000000000008 0.16277500000000003 -0.38333333333333347 5.5000000000000009 0.39175000000000004 6.785000000000001 1.0000000180025095e-35 -0.013333333333333348 0.16500000000000006 8.5000000000000018 0.35470000000000002 5.3350000000000009 0.22999999999999979 -1.0000000180025095e-35 0.11000000000000078 0.12500000000000003 0.17694999999999997 2.5000000000000004 1.0000000180025095e-35 0.49030000000000007
decision_type=2 2 2 2 2 2 2 2 2 2 2 2 2 2 2 2 2 2 2 2 2 2 2 2 2 2 2 2 2 2
left_child=1 29 3 4 -2 6 9 8 16 14 11 12 13 -11 -4 -10 17 20 -18 -20 24 22 23 -22 -8 -17 27 -3 -23 -1
right_child=2 26 5 -5 -6 -7 7 -9 15 10 -12 -13 -14 -15 -16 25 18 -19 19 -21 21 28 -24 -25 -26 -27 -28 -29 -30 -31
leaf_value=0.0029688336445610314 -0.037701962118803327 0.035905934320444914 0.012029582377213126 -0.017166537093645108 -0.0025157131461248077 -0.0064245037645868225 -0.019657896835414065 0.056132026362569587 -0.0013915068750996254 -0.025022864398762848 -0.0054380133214377612 0.027412337621706268 0.2043806273264076 0.20654470475907402 -0.0091386432971842339 0.068937618744506726 0.0022606774217292167 -0.00050618215303367328 -0.025385782104426925 0.24744006273424191 0.051527790893093853 0.078746366119171865 0.0033441620286577527 0.3421492735697369 0.035974316311736601 -0.017296022851064314 -0.006404130398429392 -0.014519469415635028 -0.00723731500597115 -0.00085327732855304712
leaf_weight=4429.69775910303 22.707786293234676 27.833342555910349 231.85274867899716 168.75315935956314 847.74459284357727 603.21269051637501 215.97746781632304 8.5009655281901342 276.21979351527989 1.5776719888672244 7.3572380235418668 4.0901051089167595 2.6052846014499673 0.95324919745326031 68.583501014392823 3.0762235657311967 2660.0386555632576 2537.0173274558038 1.3458211934193962 1.1615908425301311 1.304222568869591 3.2071057446300975 3.0956362597644329 0.88631773088127275 7.9062424739822736 183.05255821486935 622.5202071685344 17.209392470307648 42.743682420812547 2262.456492010504
leaf_count=31396 1495 153 3855 3721 15614 6039 5243 49 3252 22 73 68 20 41 946 32 29368 29302 22 23 15 39 21 35 86 2598 5089 204 769 15094
internal_value=-2.41912e-05 0.00108474 -0.00105663 -0.00566367 -0.00343363 -0.000359304 0.0002249 -0.000254961 -0.000335699 0.00922442 0.0459486 0.0869253 0.134317 0.062195 0.00719731 -0.00722047 0.000245735 -0.00175007 0.00235367 0.101004 -0.0132205 0.0063237 0.0720386 0.169117 -0.0176933 -0.0158708 -0.00484927 0.01664 -0.00123614 0.00167667
internal_weight=15264.7 7359.72 7904.97 1039.21 870.452 6865.77 6262.55 5945.53 5937.03 317.02 16.5835 9.22631 5.13621 2.53092 300.436 462.349 5474.68 2812.14 2662.55 2.50741 275.121 51.237 5.28618 2.19054 223.884 186.129 667.563 45.0427 45.9508 6692.15
internal_count=154684 51936 102748 20830 17109 81918 75879 70854 70805 5025 224 151 83 63 4801 5882 64923 35510 29413 45 6208 879 71 50 5329 2630 5446 357 808 46490
is_linear=0
shrinkage=0.05


Tree=115
num_leaves=31
num_cat=0
split_feature=4 9 8 19 0 20 19 3 13 7 12 12 17 1 21 24 23 7 26 15 22 0 15 15 23 15 7 19 10 7
split_gain=6.92647 8.36818 14.5449 11.8792 17.1579 10.6152 13.5442 10.5781 10.4307 8.71282 8.68217 11.2459 10.8035 11.9933 10.1871 9.27196 13.8813 12.3004 9.15117 9.04974 11.8362 9.62021 9.19293 10.3788 7.9099 7.76409 12.7156 12.0889 9.98231 10.3638
threshold=50.500000000000007 7.3750000000000009 0.45125000000000004 0.035000000000000003 13.500000000000002 3.305000000000001 -0.014999999999999998 38.500000000000007 2.0025000000000008 6.6950000000000012 0.55635000000000012 0.40795000000000003 4.5000000000000009 4.5000000000000009 -0.064999999999999988 -0.0416666666666674 6.9850000000000012 4.1450000000000005 -0.10499999999999997 -0.01 -0.055000000000000153 3.5000000000000004 0.013333333333333352 0.024999999999999977 7.3450000000000006 0.011666666666666702 6.7250000000000005 -0.055 0.71610000000000018 6.8850000000000007
decision_type=2 2 2 2 2 2 2 2 2 2 2 2 2 2 2 2 2 2 2 2 2 2 2 2 2 2 2 2 2 2
left_child=-1 10 3 8 -5 6 7 -4 25 -7 11 12 14 18 -2 16 -13 -18 -14 21 -21 -19 -22 -24 -15 28 27 -27 29 -3
right_child=1 2 5 4 -6 9 -8 -9 -10 -11 -12 15 13 24 -16 -17 17 19 -20 20 22 -23 23 -25 -26 26 -28 -29 -30 -31
leaf_value=-0.0024597622965314599 -0.011881294251596595 0.0024160638435702935 -0.025221155451436758 0.011358024651533866 0.16561203130309915 -0.038586258531379286 0.004582845620363229 -0.0016222671413145464 0.073807911125068779 0.034583214784187626 -0.017645012328805169 -0.011795047695069803 0.01331710336864165 -0.011291025863560256 0.00093183600062960641 0.0060289548992284196 0.15140679654081943 0.19005733291665927 -0.0022422003545060861 -0.058639578773067171 -0.0057152898598372684 0.033127979833271114 0.16619596224647928 0.0055231379588118988 0.15543655074543969 -0.024769407194389179 -0.0059435151988955484 0.037452880754381308 -0.023426337371792942 0.039774879395205576
leaf_weight=2449.8160113096237 158.49207326443866 90.881902689114213 82.110245237126946 4.2123435316607347 3.1514264950528741 4.6080045551061621 388.60652711242437 112.61162418220192 6.868204101920127 34.752945758402348 68.598923389799893 150.75948274927214 98.173309846781194 395.65543086314574 7301.911564164795 1193.3935735831037 1.922795586753639 1.3980581667274279 2526.345400701277 5.4425965156406209 6.1741115143522531 3.239557805005461 2.1562894210219383 1.8825998064130542 0.71265205461531778 8.6990552581846696 31.962658726610243 76.045243148691952 27.667990257963538 23.329539562575519
leaf_count=26566 1304 807 622 49 42 29 2907 812 35 189 707 2217 719 11107 72310 11150 55 20 21489 67 73 60 28 17 16 57 251 537 242 200
internal_value=-2.38377e-05 0.00044195 0.00510335 0.0147303 0.0773731 0.00088549 -0.000810311 -0.0115734 0.0129926 0.0260172 9.16458e-05 0.000194342 -0.000361852 -0.00288451 0.000659628 0.00446086 -0.00635774 0.0305402 -0.00166019 0.019088 0.000915075 0.080436 0.0326523 0.0913034 -0.0109913 0.0113773 0.02093 0.0310657 0.00351951 0.0100472
internal_weight=15261.6 12811.8 895.508 272.818 7.36377 622.689 583.328 194.722 265.455 39.361 11916.3 11847.7 10481.3 3020.89 7460.4 1366.37 172.975 22.216 2624.52 20.2932 15.6556 4.63762 10.213 4.03889 396.368 258.586 116.707 84.7443 141.879 114.211
internal_count=154684 128118 6779 2220 91 4559 4341 1434 2129 218 121339 120632 106945 33331 73614 13687 2537 320 22208 265 185 80 118 45 11123 2094 845 594 1249 1007
is_linear=0
shrinkage=0.05


Tree=116
num_leaves=31
num_cat=0
split_feature=10 7 13 7 22 8 8 13 13 8 29 21 28 7 27 13 11 22 20 1 9 12 19 15 1 11 0 11 9 4
split_gain=6.62546 11.7474 12.7781 10.5718 10.2379 9.99669 9.49065 9.30118 8.81834 13.636 10.3443 9.93049 12.5702 8.79779 14.4671 12.2647 10.0719 11.911 9.36339 11.3279 19.119 14.2915 12.9368 22.9713 22.3128 11.1929 9.68262 9.6808 9.26724 10.1967
threshold=0.22749999999999998 5.1050000000000013 -0.46166666666666639 6.3650000000000011 1.5800000000000005 0.28370000000000006 0.4391500000000001 -2.2441666666666658 1.4108333333333334 0.52105000000000012 1.0000000180025095e-35 -0.055 2.5000000000000004 4.245000000000001 -0.23499999999999985 -0.8291666666666665 0.5011500000000001 -1.3099999999999996 -0.6100000000000001 4.5000000000000009 4.5750000000000011 0.40795000000000003 0.015000000000000001 -0.0050000000000000175 5.5000000000000009 0.38345000000000007 6.5000000000000009 0.29225000000000007 5.6250000000000009 55.500000000000007
decision_type=2 2 2 2 2 2 2 2 2 2 2 2 2 2 2 2 2 2 2 2 2 2 2 2 2 2 2 2 2 2
left_child=3 4 -3 7 5 13 -5 -1 9 10 -4 12 -10 15 -15 -2 18 -18 -17 27 -21 22 23 24 -22 26 -25 28 29 -20
right_child=1 2 8 6 -6 -7 -8 -9 11 -11 -12 -13 -14 14 -16 16 17 -19 19 20 21 -23 -24 25 -26 -27 -28 -29 -30 -31
leaf_value=-0.022620096602657208 4.7492907180591002e-05 -0.011248389594741727 -0.00050258511770945248 0.033450099822014752 -0.0097260896529682787 0.010088807912554352 0.0040572140705704644 -0.0023613584098367388 0.0075177547708967472 -0.0068631586954067325 0.0073208832187331499 0.0041901848609868578 -0.018834551222721388 0.11598806664682824 -0.00062263375079384532 -0.0035479555034167091 -0.012757825054457252 0.11876374986005356 0.015345357554955939 -0.025800284304578147 0.49732416836746868 -0.051894897292392661 0.012234627067317377 0.20761073648042727 0.10884886146691371 0.2549708899551541 -0.0015380557405187327 0.0082547001386758315 0.10234421511573066 0.070639988620156094
leaf_weight=57.659196078777313 248.15815916610882 255.07595467939973 5933.8069110144861 30.465125539340079 130.72914885543287 608.25804542098194 278.71313419193029 3259.5986051280051 77.195992730557919 801.78428222611547 454.90678962785751 1795.8886725623161 109.35973708704114 2.6671121604740611 967.87092198617756 57.664464687928557 2.6517575569450855 4.9068291811272493 37.507159411907196 3.7559601846151036 0.90811317786574297 1.1503000808879731 1.5590517064556477 0.76995636615902308 0.62335483776405454 0.9697878062725066 1.9673154847696421 116.55301688238978 4.5420526005327693 10.720589743927119
leaf_count=5405 4318 3906 50418 270 1632 6570 2002 43405 386 6624 4447 10412 619 20 11453 1156 22 47 271 134 23 45 60 27 33 22 64 781 31 81
internal_value=-2.33205e-05 0.000558431 -0.00020982 -0.00188931 0.00384487 0.0047006 0.00695347 -0.00271349 9.71344e-05 -0.000716876 5.4483e-05 0.00304962 -0.00793008 0.00246338 -0.000302179 0.00789225 0.0157978 0.0726224 0.0139983 0.0195876 0.0671614 0.111093 0.138674 0.176304 0.339203 0.109006 0.0572926 0.0162992 0.0340671 0.0276369
internal_weight=15258.4 11632 9428.02 3626.44 2203.93 2073.2 309.178 3317.26 9172.94 7190.5 6388.71 1982.44 186.556 1464.95 970.538 494.408 246.25 7.55859 238.691 181.027 11.7038 7.94788 6.79758 5.23853 1.53147 3.70706 2.73727 169.323 52.7698 48.2277
internal_count=154684 103602 76812 51082 26790 25158 2272 48810 72906 61489 54865 11417 1005 18588 11473 7115 2797 69 2728 1572 408 274 229 169 56 113 91 1164 383 352
is_linear=0
shrinkage=0.05


Tree=117
num_leaves=31
num_cat=0
split_feature=3 13 13 10 15 11 15 8 26 24 15 10 8 9 11 8 24 10 13 4 14 6 6 21 7 7 12 22 15 20
split_gain=6.53416 9.99381 9.75043 9.6465 9.49826 8.81263 8.73099 8.57791 8.30874 16.5148 7.89382 10.8837 10.4394 10.7714 10.9565 8.77246 15.216 9.85118 8.5313 8.06044 8.22393 8.24913 7.79677 7.77184 7.95604 10.7012 14.8012 13.7338 8.99076 9.48472
threshold=39.500000000000007 -2.2441666666666658 -0.67499999999999949 1.0000000180025095e-35 0.039166666666666662 0.40870000000000006 -0.01 0.37025000000000002 0.024999999999999915 -0.0033333333333325217 0.028333333333333332 0.22594999999999996 0.50545000000000007 7.6650000000000009 0.11849999999999995 0.58500000000000008 -0.029999999999998913 0.53590000000000015 2.2475000000000001 46.500000000000007 -0.09628333333333336 0.13500000000000004 0.13500000000000004 -0.025000000000000005 6.0950000000000006 5.6250000000000009 0.44265000000000004 2.2450000000000006 0.0083333333333333471 1.1800000000000006
decision_type=2 2 2 2 2 2 2 2 2 2 2 2 2 2 2 2 2 2 2 2 2 2 2 2 2 2 2 2 2 2
left_child=1 3 4 -1 5 7 -5 -2 9 -8 12 -12 13 23 22 17 18 -14 -17 -16 -21 -22 -15 24 25 26 -4 -28 -26 -30
right_child=2 -3 10 6 -6 -7 8 -9 -10 -11 11 -13 15 14 19 16 -18 -19 -20 20 21 -23 -24 -25 28 -27 27 -29 29 -31
leaf_value=-0.031844090239117315 -0.0085622942727478571 0.0011164810008809833 -0.0099502278177332829 -0.019827777419064985 0.098367212148156413 0.0038763224696711732 0.21778763111114158 -0.05157873961977795 -0.052417076531069695 0.028935086717617117 -0.015567811220132269 0.0074422758804445349 -0.01429900104183993 -0.0013432366606415892 -0.032139249200988748 -0.035034060672916631 0.013455740253313959 -0.00051667530802806114 0.034332320815838084 -0.037072762480068126 -0.0029814839029714281 0.024542745065125118 0.087557621705250471 0.00024522115018784193 -0.027772115495185351 0.0064187378297474555 0.016467582345797458 0.13046757780398768 0.00071580798906565235 -0.022490146391082766
leaf_weight=43.089626472443342 605.50645881472155 7930.5643684710376 320.57764379028231 8.8474149969406444 2.1572612510062745 157.15513354353607 1.5985641018487511 11.815312308724968 1.4604154606349764 4.1967567028477779 57.101903651840985 513.74594766180962 370.31518529821187 3.5875389948487264 10.991523988544939 29.390141041018069 109.61821142584085 199.50197225995362 5.219834402203559 7.8887914652004829 40.371225271373987 83.576758092269301 7.8910572454333305 4202.4268136480823 68.290164582431316 238.6820246418938 16.059307033196095 3.162130018696188 136.35120499134064 65.032646659761667
leaf_count=4725 11848 76099 3064 455 35 2492 39 238 67 100 464 3396 2831 23 82 214 681 1497 27 59 341 645 47 41461 464 1756 147 31 943 413
internal_value=-2.31077e-05 0.000963706 -0.00110815 -0.0195048 -0.0064027 -0.00669453 0.0135132 -0.00938561 0.0541682 0.0810276 -0.000474555 0.00514058 -0.0010161 -0.000238349 0.0127747 -0.00668538 0.00433027 -0.00947359 -0.0245723 0.00899764 0.0124273 0.0155778 0.0597724 -0.000635927 -0.00500183 -0.00169542 -0.00739498 0.0352218 -0.0120944 -0.00677806
internal_weight=15256.2 7989.76 7266.42 59.1928 776.634 774.477 16.1032 617.322 7.25574 5.79532 6489.78 570.848 5918.93 5204.89 154.307 714.045 144.228 569.817 34.61 142.828 131.837 123.948 11.4786 5050.58 848.155 578.481 339.799 19.2214 269.674 201.384
internal_count=154684 81485 73199 5386 14613 14578 661 12086 206 139 58586 3860 54726 49476 1197 5250 922 4328 241 1127 1045 986 70 48279 6818 4998 3242 178 1820 1356
is_linear=0
shrinkage=0.05


Tree=118
num_leaves=31
num_cat=0
split_feature=14 12 24 0 3 11 12 20 7 25 6 19 9 28 4 8 16 10 15 12 10 30 20 20 13 3 8 12 12 4
split_gain=6.44993 11.4545 9.5987 10.5732 8.48828 8.299 9.29855 8.22492 11.2993 10.0109 12.2705 9.88484 14.3846 10.6615 18.0437 13.3416 9.55485 8.74969 8.62197 8.03666 7.92927 12.3063 9.42949 18.4765 7.87335 10.8295 8.93546 9.51434 7.83244 8.42103
threshold=-0.064599999999999963 0.19205000000000003 0.013333333333334087 7.5000000000000009 24.500000000000004 0.20074999999999998 0.55635000000000012 -0.12999999999999942 4.4650000000000007 2.5000000000000004 0.16500000000000004 0.010000000000000004 3.4050000000000007 3.5000000000000004 53.500000000000007 0.19409999999999997 5.5000000000000009 0.59925000000000017 0.048333333333333325 0.35305000000000003 0.31835000000000008 -1.0000000180025095e-35 -1.385 -1.7249999999999999 0.17166666666666711 54.500000000000007 0.30240000000000006 0.35455000000000009 0.34625 50.500000000000007
decision_type=2 2 2 2 2 2 2 2 2 2 2 2 2 2 2 2 2 2 2 2 2 2 2 2 2 2 2 2 2 2
left_child=1 20 4 -4 -3 6 -5 8 9 11 -11 -7 -13 15 19 -14 17 18 24 -15 21 -1 23 -22 26 -26 -9 -28 29 -2
right_child=28 2 3 5 -6 7 -8 16 -10 10 -12 12 13 14 -16 -17 -18 -19 -20 -21 22 -23 -24 -25 25 -27 27 -29 -30 -31
leaf_value=0.10847238092504528 -0.0044168166686293659 0.01175245211436129 -0.0077421915425089907 0.015789933781384616 -0.0072872785094640763 -0.045513574346881573 -0.03349692774108589 0.0042917651322167908 -0.030937417009677882 0.24399988560768088 0.016776918731427181 -0.039205581991383409 0.16073495870323598 -0.052531355999074103 0.35034850227327463 -0.054061091602430028 -0.039684505565579044 -0.020923681466976599 0.088469776460843585 0.19216147883838319 0.3038107504448076 -0.0071026206975384771 0.016341051110705825 -0.0072190588426908169 -0.00073424915251032096 0.054269052428111468 0.053209847326073624 0.00090125432408373087 0.0018647695483098759 0.00010600786615383251
leaf_weight=2.3833976932801297 1228.6723562325351 61.61408466193825 269.45224833628163 172.81086607696488 1172.5248313727789 6.4947467022575465 10.130577229429035 46.753024280071259 42.220109633170068 1.009201358072459 1.4447008497081695 3.775800572242586 1.1706870868802073 0.74230764154344819 0.86546868178993452 1.8901482652872799 12.571279939264057 30.490763462148607 3.222933465614914 0.61239840183407068 0.84212135570123781 68.4897865280509 104.4157837620005 1.1027180748060335 222.80383100174367 9.323403896763919 27.194721231237054 12.777524143457411 5397.086859522853 6338.2317071408033
leaf_count=36 13408 1685 2166 1417 14641 171 88 331 599 23 53 146 25 21 16 32 72 194 18 19 28 939 890 28 1420 57 189 95 52998 62879
internal_value=-2.24997e-05 -0.00246932 -0.00349393 0.000503076 -0.00633672 0.00415537 0.0130606 0.000325369 -0.0167942 0.0163694 0.110226 0.00155971 0.0353165 0.0885981 0.172014 0.0280926 0.00314907 0.00467636 0.00709991 0.0580827 0.00973981 -0.00321594 0.0183729 0.127458 0.00627743 0.00147496 0.0191316 0.0364889 0.00040955 -0.000628384
internal_weight=15253.1 2289.13 2111.9 877.757 1234.14 608.304 182.941 425.363 60.2256 18.0055 2.4539 15.5516 9.05681 5.28101 2.22017 3.06084 365.137 352.566 322.075 1.35471 177.234 70.8732 106.361 1.94484 318.853 232.127 86.7253 39.9722 12964 7566.9
internal_count=154684 25399 23478 7152 16326 4986 1505 3481 1105 506 76 430 259 113 56 57 2376 2304 2110 40 1921 975 946 56 2092 1477 615 284 129285 76287
is_linear=0
shrinkage=0.05


Tree=119
num_leaves=31
num_cat=0
split_feature=26 20 21 1 23 30 8 8 12 24 12 9 13 15 13 21 12 20 11 0 12 12 21 23 12 7 22 9 3 0
split_gain=6.34757 7.49788 8.58883 14.5289 7.2615 9.29692 15.2238 26.7887 14.5163 8.52504 10.1459 11.4966 9.52925 8.11608 17.3869 23.3726 10.6583 10.811 9.18613 9.06419 10.9265 11.6897 16.1557 9.41854 8.10363 8.32768 7.65198 7.46316 9.75378 12.4053
threshold=0.074999999999999747 -1.3599999999999994 0.085000000000000034 3.5000000000000004 6.9350000000000014 1.0000000180025095e-35 0.37355000000000005 0.35795000000000005 0.16760000000000003 -0.058333333333333119 0.16760000000000003 4.9350000000000014 0.62333333333333452 0.035500000000000011 1.0000000180025095e-35 -0.050000000000000003 0.39745000000000003 0.72000000000000008 0.45765000000000006 15.500000000000002 0.38265000000000005 0.33575000000000005 -0.025000000000000005 6.8150000000000004 0.38025000000000003 7.0650000000000004 0.084999999999999756 4.6150000000000011 36.500000000000007 4.5000000000000009
decision_type=2 2 2 2 2 2 2 2 2 2 2 2 2 2 2 2 2 2 2 2 2 2 2 2 2 2 2 2 2 2
left_child=-1 2 -2 -4 5 13 7 8 -7 -6 11 -11 -13 18 15 -15 17 -16 -3 20 21 -20 -23 26 25 -19 -24 -10 -29 -30
right_child=1 4 3 -5 9 6 -8 -9 27 10 -12 12 -14 14 16 -17 -18 24 19 -21 -22 22 23 -25 -26 -27 -28 28 29 -31
leaf_value=0.00026253121680705504 -0.017230327290887953 -0.0081908889924564212 0.24526940135961556 -0.0023109599630820122 -0.0016192687115930136 0.22373218054222357 -0.012737372784765591 0.20832117274625964 -0.02273167666054688 0.20062191102954452 0.014968456043289067 -0.053403619250492446 0.10994992094480072 -0.0088532395105173252 -0.040137347586993749 0.32276373782183476 -0.063295662612404935 0.0086470688412034463 0.023212243030276133 -0.016038243500172092 -0.013815323568614833 -0.030538197662397931 0.021320429208312869 0.2223203710126736 0.11828846571220271 0.088650686540625759 0.16578962073973869 0.1749058694427702 0.17618055258288923 -0.011844666597941665
leaf_weight=14149.273617902305 121.86019035987556 666.75109381647781 0.83953228034079019 2.0144304074347019 118.75743693998083 0.89756749197840946 16.391065645031631 2.4354766784235826 6.4606719557195884 1.5689072515815485 65.822511693462729 1.584449456073344 2.04511583968997 1.0645206421613695 5.8668280150741365 1.0608463697135437 4.4018339514732352 15.790321180596953 16.838070293888453 17.41191258141771 10.817298791371284 1.8604532182216642 1.9212438510730856 2.1336488844826818 2.6446896456181994 4.0965746268630019 1.7527452260255811 1.3076857049018142 1.080912562087178 4.6554339313879609
leaf_count=135087 4786 10237 24 87 2041 17 195 28 169 29 875 32 16 14 66 29 34 120 188 228 120 19 27 28 17 24 14 23 20 90
internal_value=-2.21567e-05 -0.003677 -0.0152223 0.0705182 -0.00220388 -0.00431932 0.0215641 0.0549557 0.029021 0.0065759 0.0202794 0.0875261 0.0386396 -0.00545938 0.0180791 0.156669 0.00909885 0.0203202 -0.006602 0.0134869 0.0280406 0.0465163 0.0976889 0.138766 0.0360623 0.0251273 0.0902422 0.0160799 0.0516772 0.0235853
internal_weight=15251.4 1102.13 124.714 2.85396 977.419 787.641 33.2288 16.8377 14.4023 189.778 71.021 5.19847 3.62957 754.412 34.9256 2.12537 32.8002 28.3984 719.486 52.7354 35.3235 24.5062 7.66809 5.80764 22.5316 19.8869 3.67399 13.5047 7.04403 5.73635
internal_count=154684 19597 4897 111 14700 11707 542 347 319 2993 952 77 48 11165 304 43 261 227 10861 624 396 276 88 69 161 144 41 302 133 110
is_linear=0
shrinkage=0.05


Tree=120
num_leaves=31
num_cat=0
split_feature=1 24 23 12 9 14 7 13 10 3 23 13 14 14 21 15 3 13 14 24 11 13 13 27 12 12 12 0 24 24
split_gain=6.308 9.89422 7.64481 7.0474 8.08559 11.4911 9.60261 14.9038 9.01512 9.29861 8.28227 8.97782 8.17422 7.86541 7.59138 9.84321 9.44181 10.0666 9.57743 9.47889 8.46954 8.8196 8.16932 10.6279 8.31081 8.10557 9.67499 16.8909 8.75447 11.2264
threshold=5.5000000000000009 -0.028333333333331986 6.9250000000000007 0.40275000000000005 4.5550000000000006 -0.013499999999999983 4.2250000000000005 0.77166666666666683 0.23565000000000003 62.500000000000007 6.5950000000000006 -2.1341666666666654 0.037333333333333364 -0.2205 -0.034999999999999989 0.039166666666666662 55.500000000000007 -1.941666666666666 -0.010945000000000009 0.0033333333333325226 0.49445 0.22166666666666693 0.066666666666667776 0.10999999999999989 0.36974999999999997 0.34915000000000002 0.35010000000000002 12.500000000000002 0.069999999999999854 0.07333333333333282
decision_type=2 2 2 2 2 2 2 2 2 2 2 2 2 2 2 2 2 2 2 2 2 2 2 2 2 2 2 2 2 2
left_child=3 2 -2 4 5 10 7 8 12 13 -1 -12 -6 -10 20 16 25 -18 19 -19 22 -22 -7 24 -24 -16 27 -27 -28 -30
right_child=1 -3 -4 -5 6 14 -8 -9 9 -11 11 -13 -14 -15 15 -17 17 18 -20 -21 21 -23 23 -25 -26 26 28 -29 29 -31
leaf_value=0.019017848311374787 -0.020083623139919987 -0.0012932222881519842 0.0053246551917699066 0.0029572972147405762 -0.029976278180976819 -0.025643476705638449 0.00021700421767535921 0.15588970040630443 0.10121011379718602 0.10623258439663497 -0.04365596008556525 -0.0064746106920198585 0.016798459513023056 0.010127682133435817 -0.00058386257893169305 0.052500614608565567 0.070122241156563334 -0.016628655086337173 -0.017529488333458198 0.18708111869499094 0.074413770394095857 -0.0083375304585359359 -0.00062555704599158728 0.088070515628200494 -0.036021749322146655 -0.021639195586925095 0.0034987971828317737 0.10492347687014246 0.089534446015995639 0.016828172795510639
leaf_weight=31.406405621673912 141.20877505885437 577.64037100365385 37.457331300713122 2010.7000576294959 26.295021902769804 68.773873207625002 9018.97952629067 1.7245201691985119 2.3927918486297122 2.5886133927851906 16.470891585573554 1135.1057089511305 14.485974121838806 251.46274533309042 1164.7363153849728 9.2167676873505098 3.5401545371860257 1.1347922040149563 112.87396981194615 1.1495010610669849 5.9907093024812621 6.961567260324955 100.39348823949695 3.0478963814675799 19.864562522619963 4.433861483819781 414.83672776073217 6.5022036135196686 5.9131891485303631 51.987306972034276
leaf_count=298 6448 17524 1811 17628 415 1066 69327 10 29 30 1150 14109 174 3238 13533 56 82 27 1453 13 79 41 702 34 134 52 4732 82 43 364
internal_value=-2.21374e-05 -0.00447379 -0.0147568 0.000210169 -0.000232351 -0.00241607 0.000509235 0.0093255 0.00847512 0.0119476 -0.00631551 -0.00700641 -0.0133612 0.0109862 -8.78874e-05 0.000963587 0.000694784 -0.0129252 -0.0154782 0.0858821 -0.00919749 0.0299367 -0.0118364 -0.00413547 -0.0064724 0.00167553 0.00711638 0.0536106 0.00604081 0.0242534
internal_weight=15249.3 756.306 178.666 14493 12482.3 3164.34 9317.93 298.95 297.225 256.444 1182.98 1151.58 40.781 253.856 1981.36 1776.32 1767.11 118.698 115.158 2.28429 205.032 12.9523 192.08 123.306 120.258 1648.41 483.673 10.9361 472.737 57.9005
internal_count=154684 25783 8259 128901 111273 38050 73223 3896 3886 3297 15557 15259 589 3267 22493 20437 20381 1575 1493 40 2056 120 1936 870 836 18806 5273 134 5139 407
is_linear=0
shrinkage=0.05


Tree=121
num_leaves=31
num_cat=0
split_feature=22 13 3 3 4 24 28 23 13 19 0 19 21 21 14 12 20 4 18 8 8 6 9 3 11 8 12 10 19 26
split_gain=6.27389 8.48466 7.90979 10.2339 9.03878 12.7828 7.7785 11.8479 8.53197 7.9247 25.4313 30.8282 7.25429 7.20255 9.02081 8.1543 8.94954 7.62476 9.32737 8.83313 7.12008 10.9299 9.66392 10.3038 10.7991 10.3517 11.9697 9.73101 12.6716 10.2293
threshold=4.3250000000000011 2.0025000000000008 35.500000000000007 27.500000000000004 47.500000000000007 -0.041666666666665624 5.5000000000000009 6.7150000000000007 -0.74999999999999856 -0.16499999999999995 6.5000000000000009 -0.17499999999999996 -0.074999999999999969 -0.014999999999999998 0.15475833333333339 0.11324999999999992 1.0600000000000005 55.500000000000007 2.5000000000000004 0.59245000000000003 0.52105000000000012 0.12500000000000003 6.7250000000000005 35.500000000000007 0.40870000000000006 0.50170000000000015 0.34345000000000009 0.55015000000000014 -0.025000000000000005 -0.024999999999999908
decision_type=2 2 2 2 2 2 2 2 2 2 2 2 2 2 2 2 2 2 2 2 2 2 2 2 2 2 2 2 2 2
left_child=1 6 3 12 -5 -6 20 9 -9 10 11 -8 -2 14 17 16 -15 18 -3 -20 22 -22 23 -1 27 -26 -27 -25 29 -29
right_child=2 13 -4 4 5 -7 7 8 -10 -11 -12 -13 -14 15 -16 -17 -18 -19 19 -21 21 -23 -24 24 25 26 -28 28 -30 -31
leaf_value=0.0019507658286591169 0.045867847255969714 0.0042022395699451319 -0.016767606687430898 0.068889795219200037 0.10153457326062992 1.1326876176295364e-05 0.092329992159309954 -0.028740914974119399 -0.0078973465719913549 0.0034912144366797248 -0.024713242003552134 0.670146843656516 -0.027380171049953911 -0.090173710797681161 0.045580401003103649 0.014230170915373611 0.00073736086169818205 -0.030099152246469404 -0.044728265722985827 0.032577407762879457 -0.018005049081340565 -0.0020178480960448878 0.0038430186170185046 -0.0019764404669005155 0.0035859815810183448 -0.046465674506186355 0.0062827379248825421 -0.030982469169941074 -0.030641672006908139 0.071086784853883478
leaf_weight=3865.1764178606682 3.8526611775159862 256.36511138826609 122.00430583395064 7.4822456240653983 3.3973098397254935 35.491663116961718 0.69235483650118113 59.568386235972866 279.26179456757382 155.25573494937271 1.8323440123349426 0.34629797423258357 27.563924292102456 3.8697342723608008 10.916618421673773 247.33941895514727 9.0105517990887147 20.531862847507 18.275764450430874 4.6316081136465064 118.29669895768166 1110.530262498185 1782.2986358962953 5695.4738845834509 1297.3052583290264 22.558965787291527 20.553589344024658 4.1114662364125252 55.841098171658814 6.0916235819458944
leaf_count=36927 21 1258 903 47 28 225 37 6942 12572 5527 129 22 179 21 52 1382 49 105 92 22 802 7556 12960 55075 10912 144 138 26 471 60
internal_value=-2.16738e-05 9.52057e-05 -0.00882375 0.0036356 0.0185632 0.00888032 -0.000140602 -0.00628774 -0.0115618 0.00501334 0.0873259 0.28498 -0.0183977 0.0060737 0.000934415 0.0122104 -0.0265758 -0.000691256 0.00147079 -0.0290979 7.79419e-05 -0.0035569 0.000428279 -0.00012666 -0.00125728 0.00278497 -0.0213183 -0.00219772 -0.0212799 0.0299567
internal_weight=15245.9 15046.1 199.792 77.7878 46.3712 38.889 14475.2 496.957 338.83 158.127 2.871 1.03865 31.4166 570.941 310.721 260.22 12.8803 299.804 279.272 22.9074 13978.2 1228.83 12749.4 10967.1 7101.94 1340.42 43.1126 5761.52 66.0442 10.2031
internal_count=154684 153281 1403 500 300 253 150300 25229 19514 5715 188 59 200 2981 1529 1452 70 1477 1372 114 125071 8358 116713 103753 66826 11194 282 55632 557 86
is_linear=0
shrinkage=0.05


Tree=122
num_leaves=31
num_cat=0
split_feature=18 21 12 1 13 7 23 11 29 9 26 3 12 1 12 15 9 24 27 7 19 23 7 20 26 9 21 13 13 24
split_gain=6.02409 11.0533 12.6337 10.0881 10.7329 9.15754 8.94161 8.1557 7.92791 9.53624 11.3814 9.84788 11.126 9.61522 15.2562 11.5868 11.1116 21.5793 66.9923 9.33734 8.22087 16.6926 10.8051 13.4378 12.9617 21.2111 23.9293 14.0319 11.819 12.3187
threshold=1.5000000000000002 -0.025000000000000005 0.40195000000000008 5.5000000000000009 0.52000000000000102 4.6050000000000013 6.6450000000000005 0.35645000000000004 1.0000000180025095e-35 1.635 -0.21000000000000038 51.500000000000007 0.32175000000000004 3.5000000000000004 0.26685000000000009 -0.05333333333333333 2.0100000000000002 -0.0083333333333341902 1.0000000180025095e-35 6.6950000000000012 0.025000000000000012 6.8250000000000011 4.5050000000000008 -1.4199999999999995 -1.0000000180025095e-35 4.8550000000000013 0.010000000000000004 -0.41666666666666669 -0.23166666666666688 -0.060000000000000046
decision_type=2 2 2 2 2 2 2 2 2 2 2 2 2 2 2 2 2 2 2 2 2 2 2 2 2 2 2 2 2 2
left_child=-1 2 -2 8 6 7 -5 -6 20 11 -11 -10 -13 14 19 -16 17 18 -15 -12 -3 -22 -23 24 25 26 -24 -28 -26 -30
right_child=1 3 -4 4 5 -7 -8 -9 9 10 13 12 -14 16 15 -17 -18 -19 -20 -21 21 22 23 -25 28 -27 27 -29 29 -31
leaf_value=0.0015654031604134177 -0.0066392510056669145 0.00054926082721676892 0.0067197340936094698 0.014374681381848834 0.016219543548538284 -0.00032118095319931712 -0.017978015991186053 0.26137393093723532 -0.026602511328502432 0.077167391465540511 0.036294869897573453 0.13778718472305351 -0.028931483847922407 1.0671364533646757 0.11389124428170468 -0.0055116438589650103 0.014092349995451415 0.025279635855715379 -0.050472630193611284 -0.046351518004455187 -0.0086648391608504429 -0.0078845939131671951 0.33010197770026228 0.0068096896365185348 -0.0089712934514109052 -0.0016704711463847934 0.18147579379749165 -0.054683166022602328 0.19217493640821093 0.039496013568385627
leaf_weight=4296.1615153183229 1234.6328585287556 7506.9464915692806 206.59403071040288 23.754561492241919 0.73365674633532652 230.62761676218361 211.57366391085088 0.63106184266507626 33.846268437802792 5.9143782537430516 37.502384459599853 2.0477106580510727 1.9572003786452112 0.223544066771865 2.0510501954704514 216.17559786234051 215.13837234582752 1.3021574774757014 0.33506603166460991 3.760220853611826 687.20509567158297 107.26103168912232 1.5584442950785184 189.88291381206363 11.554227944463495 2.8597854971885681 1.4925907822325823 1.087119020521641 1.6303530037403104 6.9655259959399665
leaf_count=35024 10176 63154 1660 887 28 4053 14415 13 1136 41 376 27 40 13 34 2043 3698 78 42 24 11293 3187 23 2642 323 47 35 18 33 121
internal_value=-2.12682e-05 -0.000643945 -0.00472429 -2.5315e-05 -0.00718873 0.000442987 -0.0147123 0.129582 0.000345049 0.00633701 0.00823322 -0.0178296 0.0563118 0.00737758 0.000882372 -0.00438941 0.0151446 0.136803 0.396771 0.0287634 -2.09027e-05 -0.00425244 0.00509785 0.011514 0.0444178 0.103043 0.175409 0.0819557 0.0240578 0.0684541
internal_weight=15243.4 10947.2 1441.23 9506.02 467.321 231.992 235.328 1.36472 9038.7 520.254 482.403 37.8512 4.00491 476.488 259.489 218.227 216.999 1.86077 0.55861 41.2626 8518.44 1011.5 324.292 217.031 27.148 6.99794 4.13815 2.57971 20.1501 8.59588
internal_count=154684 119660 11836 107824 19396 4094 15302 41 88428 7552 6349 1203 67 6308 2477 2077 3831 133 55 400 80876 17722 6429 3242 600 123 76 53 477 154
is_linear=0
shrinkage=0.05


Tree=123
num_leaves=31
num_cat=0
split_feature=4 30 10 10 15 26 13 11 11 22 23 4 20 15 27 1 23 24 24 27 0 12 22 12 12 20 12 24 8 9
split_gain=5.9227 7.58383 7.19445 8.75527 7.5547 10.7768 9.32079 8.32242 10.4558 7.98919 8.37438 7.65068 13.2481 11.4928 8.8439 8.58585 7.60735 7.48194 7.6873 9.96768 10.3555 7.45545 10.2599 11.8364 8.66912 16.2428 10.2291 8.69463 8.98076 8.35186
threshold=50.500000000000007 -2.4999999999999996 0.61560000000000004 0.61165000000000014 0.00083333333333332493 -0.14499999999999999 -0.66166666666666563 0.37405000000000005 0.39335000000000003 -0.27999999999999997 6.6850000000000014 46.500000000000007 -1.6099999999999994 -0.016666666666666646 0.074999999999999747 3.5000000000000004 6.8050000000000006 -0.053333333333333226 -0.038333333333333545 0.084999999999999978 9.5000000000000018 0.43145000000000006 -0.11499999999999976 0.36305000000000004 0.36854999999999999 1.0600000000000005 0.37525000000000003 -0.026666666666666835 0.47739999999999999 4.285000000000001
decision_type=2 2 2 2 2 2 2 2 2 2 2 2 2 2 2 2 2 2 2 2 2 2 2 2 2 2 2 2 2 2
left_child=1 -1 3 4 5 7 -7 16 -9 10 -8 12 13 -12 15 -13 -3 -6 19 -19 -21 22 29 -24 25 -25 -26 28 -28 -11
right_child=-2 2 -4 -5 17 6 9 8 -10 21 11 14 -14 -15 -16 -17 -18 18 -20 20 -22 -23 23 24 26 -27 27 -29 -30 -31
leaf_value=0.046223573731397793 0.00040885371920268139 -0.0095754976081740932 -0.015527308111586017 0.093769678883978441 -0.016472166883742322 -0.015039999869845597 -0.015369646955554163 0.12478342683891881 0.022814344953051929 0.0022101885917599081 0.22667460632092334 0.012459915749672548 0.016561927527744682 0.021949271569158622 -0.036439392525201071 -0.023983342268814802 0.074337481114699275 0.008792006192694015 0.00075333646061592275 0.12244291396657742 0.024426501516682745 -0.024768506814203405 -0.0071582502631172109 0.023432048806113145 -0.026484981975675604 0.16491799565461551 -0.044754664351649112 0.019021915394859631 0.086046366882471984 -0.047299792417561978
leaf_weight=8.0331944152712804 12797.835498241242 15.88498647883535 100.63869053078815 2.3903216412290922 60.005360851529986 217.00119370128959 44.764284905046225 3.9194019353017193 7.0107627101242542 13.058724658563731 1.4262211509048941 84.499630644917488 79.102421147748828 1.3199948966503132 14.297260356135665 19.984005943872035 3.2542702304199329 40.492177899926901 1108.5914295027032 4.3443564409390074 7.096525096334517 51.106106336228549 406.53626516833901 12.779640186578034 20.251097512897104 2.4112343471497288 9.9995436384342593 76.513231008313596 1.5105281388387073 24.497052948921919
leaf_count=52 128118 167 804 18 939 5347 348 34 70 123 25 673 774 23 187 379 36 586 9616 39 72 533 4161 135 229 23 198 716 23 236
internal_value=-2.177e-05 -0.00227788 -0.00243791 -0.00187353 -0.00197158 -0.00495447 -0.00577571 0.0245708 0.059379 -0.00344906 0.00418482 0.0085478 0.02031 0.128271 0.000442761 0.00548962 0.00469232 0.000743948 0.00163411 0.0204357 0.0616455 -0.00647705 -0.00482999 -0.00304047 0.0105182 0.04589 0.00555558 0.012927 -0.0275889 -0.0300844
internal_weight=15240.6 2442.72 2434.69 2334.05 2331.66 1111.13 1081.06 30.0694 10.9302 864.057 245.394 200.63 81.8486 2.74622 118.781 104.484 19.1393 1220.53 1160.52 51.9331 11.4409 618.663 567.557 530.002 123.465 15.1909 108.274 88.0233 11.5101 37.5558
internal_count=154684 26566 26514 25710 25692 14440 14133 307 104 8786 2409 2061 822 48 1239 1052 203 11252 10313 697 111 6377 5844 5485 1324 158 1166 937 221 359
is_linear=0
shrinkage=0.05


Tree=124
num_leaves=31
num_cat=0
split_feature=22 13 8 28 7 24 0 12 7 13 4 6 7 23 24 24 0 24 11 27 15 12 16 3 26 26 9 19 19 10
split_gain=5.69484 7.97853 10.7098 14.1229 9.77918 8.79056 10.5863 11.0874 9.85818 9.11645 8.73763 10.8338 10.0852 12.3822 9.72228 10.2324 11.8438 9.60606 12.4377 15.8441 14.7006 8.11463 7.62584 10.7901 9.38778 7.62656 7.76783 8.52131 8.51231 9.67281
threshold=4.3250000000000011 1.3866666666666674 0.49030000000000007 1.5000000000000002 6.8650000000000011 0.023333333333333876 4.5000000000000009 0.29265000000000008 6.7150000000000007 0.48833333333333379 51.500000000000007 0.17500000000000002 6.9650000000000007 6.8450000000000006 0.016666666666667055 0.028333333333333769 6.5000000000000009 -0.059166666666667027 0.34455000000000008 0.050000000000000273 0.0066666666666666688 0.33525000000000005 1.5000000000000002 23.500000000000004 0.015000000000000126 0.13500000000000026 5.8750000000000009 -0.050000000000000003 -0.044999999999999991 0.38435000000000002
decision_type=2 2 2 2 2 2 2 2 2 2 2 2 2 2 2 2 2 2 2 2 2 2 2 2 2 2 2 2 2 2
left_child=1 2 -1 4 5 8 7 -7 9 21 17 -12 13 14 -13 -16 -17 18 -5 -20 -21 -4 25 24 -24 26 -3 -28 29 -29
right_child=-2 22 3 10 -6 6 -8 -9 -10 -11 11 12 -14 -15 15 16 -18 -19 19 20 -22 -23 23 -25 -26 -27 27 28 -30 -31
leaf_value=0.00015245894554826377 -0.0084271505483209455 -0.00058024818072741492 -0.048791609080255989 -0.029319919248730609 0.0081349464079717923 -0.088689342658249418 0.011668574334137757 -0.0063412039505873936 -0.030011927059553113 0.0056724780061007335 -0.0066419671395103108 -0.016782600919288449 -0.039501589562203579 0.12434077333245122 0.15233362513352267 0.10817107705775451 -0.012067474418957906 -0.01955193053034613 -0.036120440330067956 0.22693862436943718 0.048785110851542225 0.0026628036639884359 0.013241282805624414 -0.006711711404718961 0.096794698780228144 -0.02082284298894373 -0.0042785552325463605 -0.046771164865046531 0.0072004753894066333 0.033806242339352165
leaf_weight=11340.982911111088 198.86300447955728 523.14517989382148 17.664900109171871 5.8771382616832835 300.4280648380518 5.3925931006670025 105.18223512172699 16.890126705169678 53.758640944957733 75.279943719506264 718.12972875405103 8.5668005105108112 4.9969497527927151 3.5787093536928287 2.1407106798142186 3.1760569848120195 5.7666872125118971 202.68005266692489 2.40268674492836 1.9502033647149799 2.8503259718418121 13.532091394066809 15.301684431731703 293.01181746274233 4.3083860240876666 30.097897766157985 156.64301630854607 4.0299925096333018 1073.4926934428513 49.130016595125198
leaf_count=127957 1403 2974 74 99 1474 24 553 76 239 337 7515 99 52 43 21 22 45 2129 44 28 35 56 79 1734 30 205 872 23 6173 269
internal_value=-2.13053e-05 8.98362e-05 -0.000380371 -0.00427835 0.00182559 -0.00476289 0.00503634 -0.0262701 -0.012558 -0.0037458 -0.0080096 -0.00544768 0.0249377 0.0387997 0.0232209 0.0541411 0.0306358 -0.0168718 0.0246573 0.0686976 0.12116 -0.0264726 0.00291026 -0.00430862 0.0315982 0.00413908 0.00455499 0.0066484 0.00816762 0.0276978
internal_weight=15239.3 15040.4 12891.2 1550.24 588.129 287.701 127.465 22.2827 160.236 106.477 962.116 746.356 28.2259 23.229 19.6503 11.0835 8.94274 215.76 13.0804 7.20322 4.80053 31.197 2149.16 312.622 19.6101 1836.54 1806.44 1283.3 1126.65 53.16
internal_count=154684 153281 140922 12965 2833 1359 653 100 706 467 10132 7797 282 230 187 88 67 2335 206 107 63 130 12359 1843 109 10516 10311 7337 6465 292
is_linear=0
shrinkage=0.05


Tree=125
num_leaves=31
num_cat=0
split_feature=22 24 11 30 28 0 14 24 26 14 3 8 7 8 4 22 13 0 11 19 25 26 17 17 13 9 13 7 22 0
split_gain=5.66959 6.76689 12.7895 6.15168 9.23722 14.3122 13.1734 10.9974 11.0671 14.0146 10.2434 9.65987 21.7145 28.1562 9.16664 8.98549 10.6596 12.4589 11.4048 11.3291 10.7507 20.1814 23.2123 12.3606 16.7853 13.8348 19.1386 10.48 13.013 12.019
threshold=-2.774999999999999 0.085000000000000422 0.39095000000000008 1.0000000180025095e-35 3.5000000000000004 15.500000000000002 -0.10334999999999997 0.075000000000000636 0.2050000000000001 0.011908333333333328 38.500000000000007 0.18215000000000001 4.2250000000000005 0.22264999999999999 60.500000000000007 -0.010000000000000451 -0.20166666666666686 1.5000000000000002 0.54640000000000011 -0.034999999999999989 4.5000000000000009 0.069999999999999854 2.5000000000000004 5.5000000000000009 -0.35166666666666718 1.7550000000000001 -0.39499999999999996 6.1650000000000009 0.4899999999999996 8.5000000000000018
decision_type=2 2 2 2 2 2 2 2 2 2 2 2 2 2 2 2 2 2 2 2 2 2 2 2 2 2 2 2 2 2
left_child=1 -1 -3 4 -2 14 11 8 -8 -10 -9 -7 13 -13 15 -6 19 -18 -19 20 21 23 -23 25 -25 26 -17 28 29 -20
right_child=3 2 -4 -5 5 6 7 10 9 -11 -12 12 -14 -15 -16 16 17 18 27 -21 -22 22 -24 24 -26 -27 -28 -29 -30 -31
leaf_value=-0.011075729817739665 0.00066458195065288901 -0.005215782834868894 0.12747590719686014 0.0057946466563379125 0.0053274606411613289 -0.051501772301536776 -0.0090179472437721172 0.022387804241326317 0.013073129043333361 0.27782071078074982 -0.013175330345722554 0.03735746929780133 0.01098053795388227 0.3436493895651383 -0.053427091492499912 0.046939229893209172 0.015144407810089983 -0.0019741799996152755 0.22981699213577442 -0.016686086312954422 -0.041188659137737942 0.65416944176604752 0.067459006899581439 0.053113105974049828 0.37021235837958621 -0.028193603964259319 0.38753286847951074 -0.001679749872543306 0.028715269289230756 0.057499072408206148
leaf_weight=170.01136024715379 10699.87105962541 6.1262360857799631 2.5810363767668605 457.31868708180264 645.11297489935532 5.6523993324954054 1202.9691972413566 55.988878558389843 1.4833054766058915 0.75394408451393236 31.719375362619758 2.225047057960182 84.587238293141127 1.1320590162649748 7.9810682185925534 4.5704636410810044 122.22585634328425 1516.5041975430213 1.907725441269579 175.29115372640081 5.0415925406850866 0.28347479039803225 0.41594079043716192 1.4314137464389207 0.58907510153949338 7.9992821807973087 0.4533702852204432 11.175298534333704 8.0802496746182424 2.155030325986445
leaf_count=4599 74528 87 39 6267 11496 368 23799 562 41 20 292 91 1550 31 277 360 1392 19243 29 8551 443 21 29 86 14 251 13 109 60 36
internal_value=-2.07513e-05 -0.00887391 0.0341171 8.43455e-05 -9.45488e-05 -0.00217848 -0.00625602 -0.00756732 -0.00881132 0.102292 0.00952652 0.0118579 0.0159302 0.140643 7.28413e-05 0.000243415 -0.00152169 -0.000220944 -0.00144059 -0.0125475 0.0223557 0.0427053 0.305254 0.0304987 0.145564 0.0126468 0.0776757 0.0332612 0.0654176 0.138413
internal_weight=15233.6 178.719 8.70727 15054.9 14597.6 3897.73 1386.51 1292.91 1205.21 2.23725 87.7083 93.5967 87.9443 3.35711 2511.22 2503.24 1858.12 1662.05 1539.82 196.076 20.7846 15.743 0.699416 15.0436 2.02049 13.0231 5.02383 23.3183 12.143 4.06276
internal_count=154684 4725 126 149959 143692 69164 26754 24714 23860 61 854 2040 1672 122 42410 42133 30637 20869 19477 9768 1217 774 50 724 100 624 373 234 125 65
is_linear=0
shrinkage=0.05


Tree=126
num_leaves=31
num_cat=0
split_feature=14 12 24 0 3 30 26 11 12 4 26 3 19 23 22 21 20 14 11 22 23 6 1 23 12 4 24 9 23 18
split_gain=5.72026 10.1158 8.32832 9.54426 8.03271 7.82198 27.2881 7.08563 8.22327 7.09588 8.99633 7.5271 8.24227 8.1989 7.83648 7.35124 7.32017 11.0848 12.1645 15.215 7.85644 8.48365 6.96848 10.0013 8.29071 7.86742 10.3634 8.41599 9.00767 9.59464
threshold=-0.064599999999999963 0.19205000000000003 0.013333333333334087 7.5000000000000009 26.500000000000004 1.5000000000000002 -0.05000000000000026 0.20074999999999998 0.55635000000000012 54.500000000000007 -0.16500000000000001 30.500000000000004 -0.025000000000000005 6.7750000000000012 2.6050000000000009 0.010000000000000004 -1.0000000180025095e-35 -0.14198333333333329 0.17694999999999997 -0.18500000000000003 6.8650000000000011 0.18500000000000003 2.5000000000000004 7.2650000000000006 0.31145000000000006 56.500000000000007 -0.11083333333333333 7.6650000000000009 6.785000000000001 3.5000000000000004
decision_type=2 2 2 2 2 2 2 2 2 2 2 2 2 2 2 2 2 2 2 2 2 2 2 2 2 2 2 2 2 2
left_child=1 -1 4 -4 -3 7 -7 8 9 10 -5 12 -12 -14 16 -11 17 -13 19 -19 21 -18 24 25 -6 27 -27 -24 29 -29
right_child=-2 2 3 5 22 6 -8 -9 -10 15 11 14 13 -15 -16 -17 20 18 -20 -21 -22 -23 23 -25 -26 26 -28 28 -30 -31
leaf_value=0.0091166854801089606 0.00038569798583064677 0.0063519928911608117 -0.0074244850013991106 0.08134868793462241 -0.011938551435816711 -0.026747145544914849 0.22255118538295654 -0.00017177497429625305 -0.032410908024326612 0.050478394646614702 -0.018516985319774582 -0.021000917870580012 0.015354940888666372 0.069516420888771358 0.041512125812699557 -0.0041063989533633178 -0.021029334661030467 0.2200378889464632 -0.0050456607769380395 0.04599843084711245 0.044753608604072258 0.04651547016390898 -0.015663718592366465 0.10413876702507684 0.00042342076096848889 0.1526836978898243 0.0044052169630333952 0.065665046166283145 -0.01388024886937152 -0.056664238030952802
leaf_weight=177.97672635875642 12947.310868161963 119.63926031976007 268.60015966556966 4.2159691103734067 203.58319279085845 2.8731377488002181 1.7763184895738948 420.92517093243077 10.01817618915811 22.830854275263849 7.8696910892613223 7.2395356297493008 15.787246096413584 12.535611248575149 10.286993991583584 8.4515225272625667 62.991980792954564 1.9916989058256156 3.9681461146101356 3.3986899340525243 5.7638717684894791 5.0191945796832433 429.15722590638325 1.8571731466799963 406.33912520855665 1.2139490796253074 40.213993036188185 9.9073041388764995 13.522987022995947 1.9122970243915904
leaf_count=1921 129285 2441 2166 29 1425 34 26 3436 88 168 72 102 171 123 62 70 396 26 62 47 39 35 8271 24 2833 40 989 106 169 28
internal_value=-2.11153e-05 -0.00232937 -0.00329764 0.000424851 -0.00595617 0.00389282 0.0684969 0.00339494 0.0116272 0.014187 0.00940952 0.00719332 0.0267492 0.0393266 0.000161977 0.0357313 -0.00454483 0.0254563 0.0613944 0.110304 -0.0112945 -0.0160446 -0.00728552 -0.0116753 -0.00370283 -0.012109 0.00875017 -0.0140103 0.0139884 0.0458734
internal_weight=15229.2 2281.87 2103.89 876.544 1227.35 607.944 4.64946 603.294 182.369 172.351 141.069 136.853 36.1925 28.3229 100.66 31.2824 90.3731 16.5981 9.35853 5.39039 73.775 68.0112 1107.71 497.785 609.922 495.928 41.4279 454.5 25.3426 11.8196
internal_count=154684 25399 23478 7152 16326 4986 60 4926 1490 1402 1164 1135 366 294 769 238 707 237 135 73 470 431 13885 9627 4258 9603 1029 8574 303 134
is_linear=0
shrinkage=0.05


Tree=127
num_leaves=31
num_cat=0
split_feature=16 18 24 0 8 22 13 0 23 3 15 27 13 24 13 9 18 25 21 21 15 15 11 13 7 8 4 10 22 0
split_gain=5.63669 8.96582 8.04003 9.6266 9.59167 8.43088 9.16069 9.17981 10.7207 9.77209 12.3641 11.3033 10.5994 10.14 9.81684 9.49163 9.37112 11.9718 10.7921 8.79573 10.555 15.0094 9.7434 9.46451 8.96507 9.18172 9.32979 9.38079 9.18789 10.3764
threshold=2.5000000000000004 4.5000000000000009 -0.041666666666665624 19.500000000000004 0.08840000000000002 1.3900000000000006 1.2233333333333336 22.500000000000004 6.785000000000001 27.500000000000004 0.016666666666666653 0.084999999999999978 -2.2441666666666658 0.093666666666667467 0.7583333333333343 7.1950000000000012 5.5000000000000009 5.5000000000000009 0.025000000000000012 -0.025000000000000005 0.035000000000000017 0.036666666666666695 0.42605000000000004 -1.0083333333333329 4.2250000000000005 0.20740000000000003 46.500000000000007 0.11049999999999996 0.26000000000000006 10.500000000000002
decision_type=2 2 2 2 2 2 2 2 2 2 2 2 2 2 2 2 2 2 2 2 2 2 2 2 2 2 2 2 2 2
left_child=1 -1 3 4 -2 6 7 9 -9 10 12 13 -4 -12 19 -16 -14 -18 -19 22 24 -22 -11 -24 -21 26 -26 -28 -27 -30
right_child=2 -3 5 -5 -6 -7 -8 8 -10 14 11 -13 16 -15 15 -17 17 18 -20 20 21 -23 23 -25 25 28 27 -29 29 -31
leaf_value=0.0015263438294216842 -0.036355538684559756 -0.0045638194898676692 -0.025191250249844963 -0.016135603293790986 -0.0021243827155022978 -0.0059963556442333742 0.03637554500733637 -0.00041811258275666871 -0.015661592562261472 -0.0082859923370679871 0.019999940865621804 0.1130058836182988 0.0017965646698854766 -0.037873268208223065 -0.01087533575746473 -0.080911003296063322 0.014708112697283794 0.29090347476607253 0.052399827309829367 0.0058289757618005221 0.12521461611822965 0.013215812460263848 0.070047506202109519 0.005358661375264139 0.099184445455876069 -0.0011486839204089664 -0.042119433389294636 -0.0081641638715755291 -0.0017470825992351965 0.010841910751941559
leaf_weight=6682.501860874705 20.973966902354732 664.4125753659755 32.370993062155321 165.08041656576097 841.68103951448575 599.27704405318946 17.462541684508324 287.62056687474251 192.56901490315795 500.50890445243567 131.30518566723913 3.1124939969740799 721.93450713437051 8.0317186722531897 133.23600046243519 5.0200091488659373 119.99976075068116 0.72747848881408517 1.3628737498074768 720.41154542798176 4.0171754099428645 11.715229877270756 6.085431973449885 79.812244411557913 1.8668225873261679 2445.4393507326022 23.918796953745186 135.97108271066099 285.74659039825201 383.18135867360979
leaf_count=46490 1495 5446 2792 3721 15614 6039 96 3456 2799 4600 2225 42 9131 85 905 31 2119 24 32 10641 38 161 70 641 29 27845 329 1760 2512 3516
internal_value=-2.0721e-05 0.000975585 -0.000949574 -0.00507353 -0.00295665 -0.000331083 0.00021183 0.000110561 -0.00653116 0.000664662 0.00510694 0.018769 0.00288631 0.016664 -0.000290808 -0.0134183 0.00396317 0.0167746 0.135403 0.000103861 0.000939837 0.041814 -0.005616 0.00994155 0.000778935 -0.000331556 -0.0119462 -0.0132437 0.000271695 0.00546426
internal_weight=15227.4 7346.91 7880.44 1027.74 862.655 6852.7 6253.43 6235.97 480.19 5755.78 1018.85 142.449 876.396 139.337 4736.93 138.256 844.025 122.09 2.09035 4598.67 4012.27 15.7324 586.407 85.8977 3996.54 3276.12 161.757 159.89 3114.37 668.928
internal_count=154684 51936 102748 20830 17109 81918 75879 75783 6255 69528 16450 2352 14098 2310 53078 936 11306 2175 56 52142 46831 199 5311 711 46632 35991 2118 2089 33873 6028
is_linear=0
shrinkage=0.05


Tree=128
num_leaves=31
num_cat=0
split_feature=4 30 1 26 19 10 13 22 22 12 20 26 22 8 10 9 24 9 22 12 7 23 26 22 0 7 27 3 24 13
split_gain=5.3883 6.73082 6.71804 9.32599 9.21962 9.62722 7.20011 8.56312 12.8198 11.8709 12.2891 10.6703 9.78152 12.8454 13.7727 8.82801 8.33801 9.10683 9.33341 12.3293 8.24783 8.01814 8.98567 13.1338 9.98811 9.30178 10.6698 14.0723 8.8771 8.86724
threshold=50.500000000000007 -2.4999999999999996 4.5000000000000009 -0.23999999999999974 -0.039999999999999994 0.65820000000000012 -0.74999999999999856 -0.24999999999999975 0.14999999999999972 0.37469999999999998 -1.3399999999999994 0.024999999999999915 0.37000000000000038 0.39630000000000004 0.57605000000000006 3.9750000000000005 0.083333333333333495 4.8150000000000004 2.1250000000000013 0.38645000000000007 6.5850000000000009 6.8650000000000011 0.029999999999999808 1.6600000000000006 10.500000000000002 6.0950000000000006 -0.020000000000000014 30.500000000000004 -0.026666666666665947 1.3025000000000004
decision_type=2 2 2 2 2 2 2 2 2 2 2 2 2 2 2 2 2 2 2 2 2 2 2 2 2 2 2 2 2 2
left_child=1 -1 4 -4 -3 6 -6 9 20 -8 11 15 13 -10 -15 -11 21 -18 19 -19 -9 28 29 25 -25 26 -24 -28 -14 -23
right_child=-2 2 3 -5 5 -7 7 8 12 10 -12 -13 16 14 -16 -17 17 18 -20 -21 -22 22 23 24 -26 -27 27 -29 -30 -31
leaf_value=0.043233767192761383 0.00039031722386205611 0.0098745876093617752 0.092096434687580178 -0.0097831874294002988 -0.010363096365621088 -0.023525498737820425 0.00060052792602870511 -0.011247274336417564 0.027183840889258688 0.051896242916008778 0.015137911402503389 0.0044675644351830175 -0.021483399080426013 -0.015637307823606988 0.084959265207831744 0.19652581137747482 -0.011817238273332462 0.02538425416903934 0.062840493117993668 -0.049951089079625831 -0.045353514196933425 -0.0091174111918577959 -0.045539710854006772 0.0034767987507804778 0.090447405583962776 -0.045265369759339653 0.14959755651455509 0.018648548308414368 -0.0039401333675249837 0.021537298180402006
leaf_weight=8.133521853014825 12787.417644859059 169.6973241660744 2.2622040011920026 318.75416725198738 212.56716899573803 51.890881782397628 335.5953744025901 163.70588944293559 67.177048712968826 1.8893395289778698 105.94727861788124 2.6153287664055824 81.63494180701673 41.265510853379965 3.7082109265029422 2.3894698955118656 24.506934318691492 34.169726796448231 12.484406337141989 6.4573733136057845 19.878502685576677 81.812096303328872 3.989651419222354 4.7939049042761317 10.602492993697522 6.8326545283198348 2.6829763054847744 8.718837467953561 617.96316417492926 33.148692216724157
leaf_count=52 128118 1220 23 9285 3388 355 2786 1308 525 30 792 55 700 302 26 35 130 175 61 33 148 549 43 49 103 71 38 126 3988 170
internal_value=-2.0343e-05 -0.00217491 -0.00232696 -0.00906524 -0.00130088 -0.00227922 -0.00169482 -0.000594094 -0.00275731 0.00531776 0.019347 0.0840317 -0.000610751 0.0133383 -0.00734284 0.132664 -0.00229326 0.0133956 0.0250293 0.0134103 -0.0149403 -0.00372223 0.00666297 0.0278738 0.0633678 0.00328428 0.0248367 0.0494623 -0.00598723 -0.000278193
internal_weight=15224.7 2437.28 2429.14 321.016 2108.13 1938.43 1886.54 1673.97 1225.53 448.437 112.841 6.89414 1041.95 112.151 44.9737 4.27881 929.798 77.6184 53.1115 40.6271 183.584 852.179 152.581 37.6205 15.3964 22.2241 15.3915 11.4018 699.598 114.961
internal_count=154684 26566 26514 9308 17206 15986 15631 12243 8545 3698 912 120 7089 853 328 65 6236 399 269 208 1456 5837 1149 430 152 278 207 164 4688 719
is_linear=0
shrinkage=0.05


Tree=129
num_leaves=31
num_cat=0
split_feature=3 8 7 10 9 24 9 27 13 23 11 23 26 15 10 8 9 11 26 8 24 10 26 5 10 13 21 13 10 14
split_gain=5.38372 8.80572 10.6174 13.356 9.47266 14.0829 12.8603 9.63519 9.18651 9.15863 8.41576 19.37 11.517 7.78789 8.87418 8.35423 10.6221 9.90963 8.42156 8.25181 10.7044 8.78832 8.55167 11.26 7.87111 12.5553 7.75667 7.69154 8.84843 7.47143
threshold=39.500000000000007 0.17515000000000003 4.2250000000000005 0.34160000000000001 5.2350000000000012 -0.03666666666666573 5.2950000000000008 0.024999999999999915 -0.73333333333333306 6.6750000000000007 0.5011500000000001 6.8150000000000004 0.039999999999999598 0.028333333333333332 0.22594999999999996 0.50545000000000007 7.6650000000000009 0.11849999999999995 0.14000000000000015 0.58500000000000008 -0.029999999999998913 0.53590000000000015 0.084999999999999978 1.0000000180025095e-35 0.47635 2.0666666666666673 0.075000000000000025 -2.2441666666666658 1.0000000180025095e-35 0.022533333333333325
decision_type=2 2 2 2 2 2 2 2 2 2 2 2 2 2 2 2 2 2 2 2 2 2 2 2 2 2 2 2 2 2
left_child=27 10 3 4 29 -6 -7 -8 9 -4 -2 12 -12 15 -15 16 -10 -18 19 21 24 -17 -23 -24 25 -21 -11 28 -1 -3
right_child=1 2 8 -5 5 6 7 -9 13 26 11 -13 -14 14 -16 18 17 -19 -20 20 -22 22 23 -25 -26 -27 -28 -29 -30 -31
leaf_value=-0.030180094507519978 -0.0097631488341738057 0.015868881080597346 0.014881041425484104 -0.019513974559165887 -0.043589036496434891 0.19276727256974013 0.076236038668376638 -0.043556714420950458 -0.00089998940094635849 -0.014670725148353559 -0.031074951440851369 0.092575313102624027 0.10086761389635844 -0.014436085281693859 0.0069844984019824599 -0.012895913403900651 0.056412942622122091 0.0087538871053495747 -0.045897623039153589 -0.022671075925451114 0.012614876686595207 -0.0020528220553315273 0.010789746201172391 0.13108001048894422 -0.044492193402159264 0.08161431583196635 0.081622112342923409 0.0010062623061827217 0.013989932669098849 -0.00054832226508885838
leaf_weight=39.909271069569513 388.53114214912057 177.08653731876984 31.77842565998435 39.223040146753192 3.2170436172746131 1.9205384431406827 8.2671844223514181 2.1062153968960038 4802.6286676344462 225.17157591925934 11.245694059412928 6.7310173371806732 1.9390804404392827 53.413975621573627 510.10154914949089 360.6481449585408 11.800139103084801 144.10820337105542 13.167564980685709 10.435133465565743 109.59345028363168 186.0759535189718 6.4032693207263929 2.7944549415260553 16.361260327510536 3.9895870909094802 2.1109598865732542 7923.2576330192387 15.838030138984321 113.86085485154763
leaf_count=4725 7285 2981 409 548 62 24 109 23 45313 4312 134 96 41 431 3358 2758 71 1139 139 76 681 1363 71 27 113 22 40 76099 661 1573
internal_value=-1.99098e-05 -0.00100668 -0.000580588 0.00795774 0.0114738 0.049546 0.0739173 0.0519133 -0.00103533 -0.010261 -0.00813822 0.0235621 -0.0116702 -0.000651793 0.0049541 -0.00120913 -0.000483031 0.012361 -0.00628393 -0.0055348 0.00529701 -0.00827001 0.000273493 0.0473364 -0.0207535 0.00617216 -0.0137764 0.000876047 -0.0176312 0.00944409
internal_weight=15223.7 7244.71 6836.26 345.681 306.458 15.511 12.2939 10.3734 6490.58 259.061 408.447 19.9158 13.1848 6231.52 563.516 5668.01 4958.54 155.908 709.469 696.301 140.379 555.922 195.274 9.19772 30.786 14.4247 227.283 7979 55.7473 290.947
internal_count=154684 73199 65643 5320 4772 218 156 132 60323 4761 7556 271 175 55562 3789 51773 46523 1210 5250 5111 892 4219 1461 98 211 98 4352 81485 5386 4554
is_linear=0
shrinkage=0.05


Tree=130
num_leaves=31
num_cat=0
split_feature=21 15 8 14 23 13 1 12 4 12 20 8 23 24 19 13 24 20 15 21 25 27 3 4 8 6 3 14 9 4
split_gain=5.41622 12.2373 11.4033 8.03121 7.989 7.93375 7.74167 7.75362 9.34087 9.01766 13.743 11.0019 10.4595 23.343 7.9794 7.71744 10.6872 8.08751 9.00508 7.10841 17.0358 7.10693 11.4073 7.08413 8.46994 6.8469 23.8681 6.83614 8.75565 10.1135
threshold=-0.030000000000000002 0.035000000000000017 0.63250000000000017 -0.19754999999999992 6.5750000000000011 -0.17333333333333242 5.5000000000000009 0.35655000000000003 58.500000000000007 0.36120000000000002 2.3350000000000013 0.49840000000000007 7.0550000000000006 -0.074999999999998831 0.050000000000000003 -0.51833333333333409 0.048333333333334234 -1.0799999999999996 -0.034999999999999989 0.065000000000000016 3.5000000000000004 -0.15999999999999967 39.500000000000007 51.500000000000007 0.42735000000000001 0.14500000000000005 33.500000000000007 -0.18052499999999999 7.3750000000000009 58.500000000000007
decision_type=2 2 2 2 2 2 2 2 2 2 2 2 2 2 2 2 2 2 2 2 2 2 2 2 2 2 2 2 2 2
left_child=5 6 3 -3 -5 21 7 14 9 10 12 23 19 -14 27 16 -8 18 -17 -9 -21 22 -1 -12 -25 26 -20 28 29 -2
right_child=1 2 -4 4 -6 -7 15 8 -10 -11 11 -13 13 -15 -16 17 -18 -19 25 20 -22 -23 -24 24 -26 -27 -28 -29 -30 -31
leaf_value=-0.034695003565899739 0.0037626165311507248 -0.066209249298298897 0.086299545317497145 -0.069043315106516318 0.013264307164835752 -0.0013244865406758512 -0.027982575495278175 0.0057735408084690285 -0.01397941427310292 0.0018465958746638192 0.13731132132740495 0.0082324979905351574 -0.050611485239077186 0.18533928995234597 -0.012243467840681053 0.19201733528734627 0.015519983190081641 -0.004022296333453905 0.3255038909393812 0.18593552751445608 -0.010506647321316089 -0.012847364638920665 0.10884091092494939 -0.0056211423838632736 0.10098723018586334 0.0088158662798970607 -0.00074886031913437383 -0.00042971470678806193 0.055188162920118938 0.078091964392164537
leaf_weight=2.5166468187235287 90.123357974458486 3.3400415810756376 5.1125853992998591 2.9945324966683975 190.42016226425767 1931.4950814452022 68.340531608089805 287.06687961285934 87.72367767104879 3898.9383597855922 3.9115438312292117 8.7423961609601957 1.8187409825623033 2.4742515012621871 141.32983531663194 0.81635170942172663 17.793989825993776 580.09112323122099 0.79492121376097502 1.8459713752381492 2.7445176914334297 212.56923492997885 3.0761498063802719 3.3064094558358192 4.2681257575750351 14.841594935394822 1.9017510320991275 7635.3680070717819 10.729493163526056 4.8211756385862818
leaf_count=28 889 30 29 31 2468 12786 7217 2613 976 35277 25 45 20 22 3227 38 835 14972 34 26 37 3239 22 24 24 862 85 68692 65 46
internal_value=-1.95478e-05 0.000362934 0.0125781 0.0106625 0.01199 -0.00234535 0.000171335 0.000462003 0.00216909 0.00250517 0.0106263 0.0504987 0.00790104 0.0853779 -0.000469866 -0.00500242 -0.0189957 -0.00298837 0.0296885 0.00676063 0.0684886 -0.0113836 0.0442526 0.0826687 0.0544509 0.0221326 0.0954235 -0.000254913 0.0123752 0.00753698
internal_weight=15221.3 13071.7 201.867 196.755 193.415 2149.66 12869.8 12185.2 4302.84 4215.12 316.179 20.2285 295.95 4.29299 7882.37 684.58 86.1345 598.446 18.3546 291.657 4.59049 218.162 5.5928 11.4861 7.57454 17.5383 2.69667 7741.04 105.674 94.9445
internal_count=154684 138609 2558 2529 2499 16075 136051 112008 39089 38113 2836 118 2718 42 72919 24043 8052 15991 1019 2676 63 3289 50 73 48 981 119 69692 1000 935
is_linear=0
shrinkage=0.05


Tree=131
num_leaves=31
num_cat=0
split_feature=17 12 20 3 3 27 22 0 22 24 26 8 7 10 12 25 28 27 22 12 27 12 7 17 9 13 17 24 20 23
split_gain=5.4032 7.71676 6.98125 8.15273 6.85486 13.0142 11.9093 10.8352 9.82084 9.57965 8.72383 9.23356 14.9941 9.32731 11.4103 20.3449 11.6483 9.02457 10.3565 15.1897 8.25599 7.94717 11.4215 9.51965 15.6867 9.74396 7.53958 10.2573 9.57984 12.5284
threshold=1.5000000000000002 0.55635000000000012 -3.4049999999999989 60.500000000000007 35.500000000000007 1.0000000180025095e-35 4.3250000000000011 1.5000000000000002 -3.3149999999999991 0.105 0.079999999999999641 0.20090000000000005 4.2650000000000006 0.41160000000000002 0.26565000000000005 4.5000000000000009 2.5000000000000004 -0.029999999999999801 -2.0649999999999991 0.36175000000000007 0.015000000000000126 0.30865000000000004 6.4150000000000009 4.5000000000000009 5.8750000000000009 -0.32166666666666605 2.5000000000000004 0.0066666666666663774 -0.32000000000000012 6.8750000000000009
decision_type=2 2 2 2 2 2 2 2 2 2 2 2 2 2 2 2 2 2 2 2 2 2 2 2 2 2 2 2 2 2
left_child=1 -1 3 -2 5 9 10 20 -9 -4 -6 -12 13 14 15 -13 -17 -16 19 -19 -7 22 23 -22 25 -25 27 28 29 -10
right_child=2 -3 4 -5 6 7 -8 8 26 -11 11 12 -14 -15 17 16 -18 18 -20 -21 21 -23 -24 24 -26 -27 -28 -29 -30 -31
leaf_value=0.0019555881665832427 -0.026304674127496444 -0.026935683518389292 -0.0015093308484582573 0.20365837266974673 -0.00060852710006844928 0.074490775548423538 -0.018799870090138327 -0.040361717188830325 0.060333824547290284 0.011390809630021247 -0.026479756799340795 0.35157383060975805 -0.0062491453018020402 0.21925288150640646 0.11652450508710253 0.19519689266385454 -0.052234579511210022 0.26252670108237891 -0.031857060432391435 -0.051782455033267311 0.037553670841356745 0.002610899562398827 -0.015005617121253957 0.07506552247570826 -0.015746798828235837 0.24010857111401315 0.0027840155227802418 -0.0040605855528474529 0.01320612571482354 -0.0085156310106483026
leaf_weight=3324.5859141733963 32.376061563147232 23.274013574235141 2528.8012544321828 0.39005697472020884 7129.5228860503994 7.3716204836964598 96.203265432268381 12.234442978166042 25.817758844699711 152.59759022574872 54.528057056944817 0.73919661249965174 539.00545557821169 0.73527604294940907 1.7608880698680867 0.78117636404931556 1.2161964960396288 0.79568347334861467 7.4009945248253652 0.74364407174289227 15.143533695954835 34.756098068319261 7.3402617871761313 1.521401219069958 1.590687211602926 2.1696239337325087 1008.2546122474596 65.15810971474275 132.7235290473327 8.880111070815472
leaf_count=30824 2874 224 27196 11 66814 54 735 516 523 995 2017 15 8598 19 35 13 45 28 252 25 144 321 49 30 15 23 10550 483 1058 198
internal_value=-1.92992e-05 0.00175474 -0.000519632 -0.0235671 -0.000455838 0.001227 -0.00131609 0.00528508 0.0042164 -0.000775188 -0.0010987 -0.00684931 -0.00491429 0.0458505 0.0363625 0.127473 0.0445363 0.0130633 -0.00731444 0.110685 0.0244446 0.0185439 0.0384885 0.0577128 0.115512 0.17208 0.00465594 0.0127709 0.0193215 0.0427134
internal_weight=15218.4 3347.86 11870.6 32.7661 11837.8 4004.36 7833.43 1322.96 1253.07 2681.4 7737.23 607.707 553.179 14.1731 13.4378 2.73657 1.99737 10.7012 8.94032 1.53933 69.8932 62.5216 27.7655 20.4252 5.28171 3.69103 1240.83 232.58 167.421 34.6979
internal_count=154684 31048 123636 2885 120751 42155 78596 13964 13328 28191 77861 11047 9030 432 413 73 58 340 305 53 636 582 261 212 68 53 12812 2262 1779 721
is_linear=0
shrinkage=0.05


Tree=132
num_leaves=31
num_cat=0
split_feature=14 12 24 0 3 14 19 11 26 3 16 15 10 30 20 27 9 23 14 26 22 15 12 15 27 22 30 26 16 20
split_gain=5.18946 8.74179 7.22174 8.68065 7.3866 6.7896 12.7724 11.6972 9.37271 11.6186 9.53136 8.20127 6.71309 10.1783 9.92656 7.55906 6.61054 9.68888 9.39868 9.38258 19.0515 20.697 7.29946 10.4723 6.79183 6.65639 6.58615 20.5191 6.55903 17.7239
threshold=-0.064599999999999963 0.19205000000000003 0.013333333333334087 7.5000000000000009 24.500000000000004 -0.063449999999999965 -0.050000000000000003 0.26505000000000006 0.10999999999999989 31.500000000000004 4.5000000000000009 0.020000000000000035 0.31835000000000008 -1.0000000180025095e-35 -1.4949999999999994 -1.0000000180025095e-35 1.7550000000000001 6.6450000000000005 -0.19754999999999992 -0.015000000000000123 -1.6399999999999997 0.013333333333333324 0.40475000000000005 -0.0050000000000000175 -0.07499999999999972 -0.14499999999999999 1.5000000000000002 -0.05000000000000026 2.5000000000000004 -1.1949999999999994
decision_type=2 2 2 2 2 2 2 2 2 2 2 2 2 2 2 2 2 2 2 2 2 2 2 2 2 2 2 2 2 2
left_child=1 12 4 -4 16 6 -2 11 9 10 -9 -8 13 -1 15 -14 17 -3 25 20 -20 -22 -21 -24 -19 -18 -5 -28 29 -6
right_child=5 2 3 26 28 -7 7 8 -10 -11 -12 -13 14 -15 -16 -17 18 24 19 22 21 -23 23 -25 -26 -27 27 -29 -30 -31
leaf_value=0.09367307723410899 0.126481654500567 0.1696007986991652 -0.0071647840301732567 0.003167580171630983 0.12146744038942248 0.00029400382507632344 -0.034652085148573326 0.037230633716295591 0.13324712044780671 0.0069037931837659192 0.15982941836109044 0.05259369848092247 0.24029129937264676 -0.0072073556490898222 0.014219622842756739 0.040639932560081443 0.23524624331308097 0.16122755125266233 0.29084141735542246 -0.0012684016040407325 -0.026236004423321354 0.205621508695261 0.15765259198043446 0.011070083690389393 -0.032582787753910401 0.04043354040270089 -0.026058374710948514 0.18124096930638828 -0.010336368913368144 -0.0034167127746246913
leaf_weight=2.5950195770710698 2.5878117936663321 0.66048505203798313 267.8914747252129 604.00167632009834 2.8549193898215881 12887.069397093495 15.190575672313573 4.4942809487693038 2.0825382410548618 23.618431544397026 2.449333886615932 3.2741717621684066 0.84949513524770726 68.542141378624365 105.74141161795706 1.0728219295851875 0.8435250804759562 0.46726837847381553 0.8735967744141816 33.802630736026913 3.5198829188011578 1.3247634172439573 1.8533734274096785 3.5569161889143279 13.866259766742587 0.9131304589100171 2.8293003253638744 2.0649525057524434 569.55521485838108 586.2891583647579
leaf_count=36 27 28 2166 4926 56 128693 175 42 38 236 48 26 15 939 898 33 20 19 32 540 86 15 33 46 846 20 34 26 9560 5025
internal_value=-1.93018e-05 -0.00222105 -0.00312585 0.000335733 -0.00561284 0.000367932 0.0181104 0.0126232 0.030613 0.0236194 0.0804769 -0.0191816 0.00839148 -0.00352733 0.0162667 0.128868 0.0112469 -0.0176368 0.0205231 0.0160873 0.0759202 0.0371652 0.00736209 0.0612841 -0.0262646 0.13398 0.00363568 0.0614041 -0.00651035 -0.00281154
internal_weight=15216.7 2275.97 2097.17 876.787 1220.38 12940.8 53.6971 51.1093 32.6446 30.562 6.94361 18.4647 178.801 71.1372 107.664 1.92232 61.6818 14.994 46.6878 44.9312 5.71824 4.84465 39.2129 5.41029 14.3335 1.75666 608.896 4.89425 1158.7 589.144
internal_count=154684 25399 23478 7152 16326 129285 592 565 364 326 90 201 1921 975 946 48 1685 893 792 752 133 101 619 79 865 40 4986 60 14641 5081
is_linear=0
shrinkage=0.05


Tree=133
num_leaves=31
num_cat=0
split_feature=4 19 10 15 11 2 26 20 16 13 23 14 28 22 13 24 1 12 27 21 4 15 24 27 15 4 15 24 7 20
split_gain=5.07773 10.1423 7.78908 7.88322 8.08491 7.55888 9.36754 7.86774 7.84915 14.084 11.5798 7.43277 7.30708 8.5763 10.9109 9.63668 8.38612 7.18692 6.97595 6.93541 8.6497 15.7979 7.24948 7.1794 10.1011 6.86241 7.44342 8.41708 7.27197 14.2848
threshold=49.500000000000007 -0.039999999999999994 0.61560000000000004 -0.0049999999999999897 0.40040000000000003 1.5000000000000002 -0.14999999999999988 2.8750000000000013 5.5000000000000009 -0.043333333333332551 6.5950000000000006 0.0482 3.5000000000000004 -0.36000000000000015 -0.078333333333332686 0.105 4.5000000000000009 0.55635000000000012 -0.10499999999999997 -0.030000000000000002 43.500000000000007 0.018333333333333358 0.081666666666667456 -0.060000000000000046 0.02 47.500000000000007 -0.020000000000000028 0.080000000000000529 3.2850000000000006 -0.74999999999999967
decision_type=2 2 2 2 2 2 2 2 2 2 2 2 2 2 2 2 2 2 2 2 2 2 2 2 2 2 2 2 2 2
left_child=1 19 5 4 -4 7 8 -3 9 -7 -11 -12 16 15 -15 25 -8 -2 -19 22 21 -21 -1 -22 -25 26 27 -14 29 -28
right_child=17 2 3 -5 -6 6 12 -9 -10 10 11 -13 13 14 -16 -17 -18 18 -20 20 23 -23 -24 24 -26 -27 28 -29 -30 -31
leaf_value=-0.010774366403490597 0.00041922730711271199 -0.017276626170676719 -0.0090987398760901082 -0.031485454667290448 0.072675970736890472 -0.04476975631909913 -0.00085830634803322906 0.067882662158486609 0.089966415043946202 0.10629346271399764 -0.0073433151650860538 0.065350286469923302 -0.031999073071678263 -0.034269390481882898 -0.0083846144451644438 0.10221413229456473 0.067492293154006913 -0.056470498924068302 -0.0093812283943185901 0.16230816382197277 0.035459542951587486 -0.03608220881989925 0.059826970475778597 -0.01151681502392834 0.022110762726213536 -0.017519831924362971 0.040229248751259883 0.13785052342864035 0.017488695343691942 0.34509600427568499
leaf_weight=50.990724371047691 13213.540595514933 113.02559333969839 16.579618919640783 47.045338013209403 3.6964637371711424 7.2100147400051418 1152.8559853024781 2.7789092883467665 4.0395768135786048 4.6047768443822887 10.800691069103779 5.2138968976214519 11.819442594423887 49.232906010001898 235.19088597362861 2.4771227501332751 4.5051596648991099 8.8213826417922956 72.545824673958123 2.6040749959647647 27.551153509877622 1.6325368271209297 3.9151504952460519 42.206964742857963 47.422881085425615 29.152327551040798 1.6278697890229525 0.7773858308792122 41.690810170955956 0.50294427387416263
leaf_count=512 132838 2337 154 370 37 80 8279 17 53 23 75 35 339 2030 3453 23 38 62 776 24 185 28 22 528 705 728 63 13 843 14
internal_value=-1.92075e-05 -0.002422 -0.00357688 -0.0202529 0.00580933 -0.00290764 -0.00199367 -0.0152331 0.0248364 0.0153824 0.036416 0.0163237 -0.00255259 -0.00864386 -0.0128652 0.00499245 -0.000592244 0.000328002 -0.0144864 0.00900625 0.0156746 0.0858604 -0.00574003 0.0131371 0.00627543 0.00217806 0.0123563 -0.0215172 0.0220934 0.112188
internal_weight=15216.1 1921.15 1744.83 67.3214 20.2761 1677.51 1561.7 115.805 31.869 27.8294 20.6194 16.0146 1529.83 372.472 284.424 88.0479 1157.36 13294.9 81.3672 176.323 121.418 4.23661 54.9059 117.181 89.6298 85.5708 56.4185 12.5968 43.8216 2.13081
internal_count=154684 21008 19004 561 191 18443 16089 2354 266 213 133 110 15823 7506 5483 2023 8317 133676 838 2004 1470 52 534 1418 1233 2000 1272 352 920 77
is_linear=0
shrinkage=0.05


Tree=134
num_leaves=31
num_cat=0
split_feature=13 3 21 7 27 11 3 22 8 6 26 27 3 11 12 22 24 11 4 22 19 9 19 23 11 5 11 26 0 10
split_gain=4.94329 9.20705 7.21962 9.03934 7.97007 9.38164 7.87739 7.18102 6.86054 13.0074 10.6402 8.66943 9.91746 14.1875 13.2511 10.8525 13.9514 12.7201 10.8804 10.1631 9.57919 8.62289 9.69912 10.2687 9.58144 8.8926 8.43573 10.1764 9.6262 9.25513
threshold=2.1466666666666674 25.500000000000004 -0.039999999999999994 6.205000000000001 0.024999999999999915 0.32815000000000005 38.500000000000007 1.5800000000000005 0.52105000000000012 0.12500000000000003 0.14999999999999994 -0.024999999999999908 40.500000000000007 0.39960000000000007 0.28055000000000002 0.8300000000000004 0.033333333333334554 0.34935000000000005 51.500000000000007 0.09999999999999977 1.0000000180025095e-35 7.3250000000000011 -0.055 7.0250000000000012 0.36380000000000007 1.5000000000000002 0.23794999999999997 0.10999999999999989 15.500000000000002 0.48010000000000003
decision_type=2 2 2 2 2 2 2 2 2 2 2 2 2 2 2 2 2 2 2 2 2 2 2 2 2 2 2 2 2 2
left_child=8 -2 4 -4 7 6 -6 -3 21 -10 11 20 26 15 -15 16 -14 18 -17 -18 -11 -1 -23 25 -25 -24 -13 -28 29 -29
right_child=1 2 3 -5 5 -7 -8 -9 9 10 -12 12 13 14 -16 17 19 -19 -20 -21 -22 22 23 24 -26 -27 27 28 -30 -31
leaf_value=-0.00013222222353737747 -0.014827389524747422 -0.057445745978390611 -0.025782282851073864 0.014333948037841741 -0.053859267497589382 -0.055872850790241846 0.033981857669284292 0.0072784341091782587 -0.018707690297714009 -0.0032336786874580452 -0.04142420333497833 0.027401760388598206 -0.02896498845223193 -0.021678352646270369 0.031573493905524497 -0.029594650967720085 0.0036342229666854707 -0.024717586336767391 0.016588576750199549 0.11773089467215121 -0.021194071315631793 -0.020610703024569115 0.005075804124692814 0.023280671914386028 0.1274633936530026 0.040192523344492442 0.0032353901535118034 0.15427921711852866 -0.024530050507366445 0.040867160020492427
leaf_weight=12675.058590471046 50.982425760477781 4.5025876909494391 14.839277759194372 261.44238781556487 3.7843812406063098 13.522574685513971 7.8391984924674034 88.848734833300114 128.1507710609585 446.14209292363375 16.865776830352843 46.379402365535498 90.39400725858286 16.026147564873099 43.097864758223295 15.220764853060244 7.8037000279873592 39.504980077967048 78.660582253709435 2.6026647463440895 89.059773340821266 33.893408388830721 656.03815380996093 6.8591402908787114 3.2537587657570839 18.537128702737391 344.71033982839435 2.8092228677123767 2.9368044063448906 5.0017830617725849
leaf_count=136481 256 21 77 1373 20 70 41 431 951 2598 178 374 915 107 323 102 88 255 521 17 699 228 5258 58 27 138 2953 29 40 55
internal_value=-1.89052e-05 0.00516873 0.00775106 0.0121793 -0.0025735 -0.027558 0.00538272 0.00415661 -0.00017548 -0.00353838 -0.00197974 -0.00143903 0.00224371 -0.00474654 0.0171391 -0.0102719 -0.0226536 -0.00091504 0.009101 0.0321702 -0.00622236 0.00016985 0.00549809 0.00679053 0.0568008 0.0060408 0.00734606 0.00472924 0.0526408 0.0816557
internal_weight=15214.8 445.762 394.779 276.282 118.497 25.1462 11.6236 93.3513 14769 1375.37 1247.22 1230.35 695.148 293.311 59.124 234.187 100.8 133.386 93.8813 10.4064 535.202 13393.6 718.582 684.688 10.1129 674.575 401.838 355.458 10.7478 7.81101
internal_count=154684 2289 2033 1450 583 131 61 452 152395 10205 9254 9076 5779 2328 430 1898 1020 878 623 105 3297 142190 5709 5481 85 5396 3451 3077 124 84
is_linear=0
shrinkage=0.05


Tree=135
num_leaves=31
num_cat=0
split_feature=28 0 24 14 0 14 5 11 16 8 23 7 7 22 9 7 27 21 20 13 8 13 18 19 12 23 27 23 14 22
split_gain=4.85336 9.87588 9.61639 9.74012 9.37124 12.2846 9.03048 9.75229 9.01941 9.66737 9.58293 9.45362 10.9363 8.95075 12.047 13.6672 10.3431 8.79693 11.8295 8.77374 8.46744 11.4407 8.91202 12.4494 13.195 17.7172 9.15757 9.8694 14.7705 11.8887
threshold=1.5000000000000002 23.500000000000004 0.031666666666666739 -0.062499999999999965 23.500000000000004 0.10225000000000005 1.0000000180025095e-35 0.70185000000000008 2.5000000000000004 0.3004 7.0250000000000012 4.5650000000000004 4.8050000000000006 0.995 4.5050000000000008 3.9650000000000003 -1.0000000180025095e-35 0.025000000000000012 0.40999999999999953 2.0025000000000008 0.48364999999999997 0.60000000000000109 2.5000000000000004 -0.01 0.21695000000000003 6.7950000000000008 -0.05000000000000026 6.7650000000000006 -0.0018999999999999848 -0.049999999999999593
decision_type=2 2 2 2 2 2 2 2 2 2 2 2 2 2 2 2 2 2 2 2 2 2 2 2 2 2 2 2 2 2
left_child=1 19 3 -3 6 8 -2 13 9 11 -10 -6 -13 20 -15 16 -16 18 -7 -1 21 -8 23 -22 25 -25 -26 28 -28 -29
right_child=4 2 -4 -5 5 17 7 -9 10 -11 -12 12 -14 14 15 -17 -18 -19 -20 -21 22 -23 -24 24 26 -27 27 29 -30 -31
leaf_value=0.00036861314919514864 -0.0015509827843984156 -0.022032115061315489 0.028142304764415583 0.010385028116231286 -0.039359528135958714 -0.034270945965913777 0.0027757245008918074 -0.054289153141173344 -0.019699211345840045 -0.005374869195378178 0.12813921832634778 0.17012020415267076 0.032992677295608834 -0.014319969203900393 -0.0087376221827462092 6.2077638658171699e-05 0.19209363271941521 0.10973022326832534 0.055640112552826776 0.012540766686658492 -0.0064434233009354443 0.012034433514815457 -0.017273642490585894 -0.0025450533727177094 -0.028368893379335233 0.21551542681184066 0.1084426059082875 0.088084842701158628 0.0084208118286865814 -0.015451880400589799
leaf_weight=5278.3922093212605 5932.476406038506 27.674921035766602 61.781142562627792 142.39711220562458 2.2779550068080407 6.5255323927849558 1449.3576119537465 7.75083378329873 170.67677229410037 173.30566911492497 1.1032186429947604 2.1869049295783043 4.3384845107793808 163.55242749257013 1.0574837531894448 935.49271493870765 1.6282080085948099 3.0211900034919372 8.3259298903867585 152.31569154560566 116.78332995530218 433.42949838191271 91.735326346941292 1.7390644755214446 9.0099887996911985 2.0059374775737524 7.4508397681638598 3.4101295694708815 7.3145255865529162 14.830149684101345
leaf_count=23899 80479 126 315 649 25 99 27414 91 3624 1499 29 25 39 1797 17 7092 43 42 63 843 1097 3752 1121 18 70 23 86 39 85 183
internal_value=-1.83675e-05 0.00114146 0.0112473 0.00510996 -0.000706015 -0.00848844 -0.000390817 0.00172917 -0.010531 -0.00277844 -0.0187498 0.0483357 0.0789493 0.00186323 -0.00179759 0.00038543 0.113017 0.0319558 0.0161344 0.000710007 0.00375051 0.00490714 -0.00481359 0.00221852 0.0243242 0.114255 0.0163084 0.0285045 0.0588934 0.00390493
internal_weight=15213.3 5662.56 231.853 170.072 9550.79 371.762 9179.02 3246.55 353.889 182.109 171.78 8.80334 6.52539 3238.8 1101.73 938.178 2.68569 17.8727 14.8515 5430.71 2137.07 1882.79 254.279 162.544 45.7606 3.745 42.0156 33.0056 14.7654 18.2403
internal_count=154684 25832 1090 775 128852 5445 123407 42928 5241 1588 3653 89 64 42837 8949 7152 60 204 162 24742 33888 31166 2722 1601 504 41 463 393 171 222
is_linear=0
shrinkage=0.05


Tree=136
num_leaves=31
num_cat=0
split_feature=3 14 11 4 27 3 12 12 27 27 19 19 9 21 6 16 3 12 14 9 0 7 21 28 13 24 14 19 11 13
split_gain=4.76569 4.86052 7.38216 14.9098 9.19825 10.2412 9.58546 10.0356 9.12745 13.1763 8.94015 10.1711 7.03562 9.05242 7.3576 6.99629 8.54749 19.3584 21.0113 13.2123 6.89722 7.15971 6.24255 6.21422 9.20315 9.67288 5.95926 10.7202 11.3694 8.5643
threshold=64.500000000000014 -0.064599999999999963 0.16740000000000002 57.500000000000007 -0.029999999999999801 25.500000000000004 0.20854999999999993 0.11324999999999992 0.050000000000000273 0.039999999999999598 -0.019999999999999993 -0.0099999999999999863 6.6450000000000005 0.020000000000000014 0.15500000000000003 5.5000000000000009 21.500000000000004 0.33185000000000003 -0.073983333333333359 1.9000000000000001 8.5000000000000018 6.0750000000000011 -0.10499999999999997 1.5000000000000002 0.29166666666666724 1.332267629550188e-15 -0.063449999999999965 -0.044999999999999991 0.26505000000000006 -0.77999999999999969
decision_type=2 2 2 2 2 2 2 2 2 2 2 2 2 2 2 2 2 2 2 2 2 2 2 2 2 2 2 2 2 2
left_child=1 2 3 4 12 8 7 -7 9 10 -6 -12 20 14 -14 16 17 -4 19 -19 21 -1 -18 -5 -25 -26 27 -3 -29 -30
right_child=-2 26 15 23 5 6 -8 -9 -10 -11 11 -13 13 -15 -16 -17 22 18 -20 -21 -22 -23 -24 24 25 -27 -28 28 29 -31
leaf_value=-0.0016229770475057932 -0.023406960484672893 0.096254596623120928 -0.024215821076994437 0.082815528004633265 -0.056513545427961123 -0.0058875104720857909 -0.011820526069416717 0.033434243229275337 -0.033603324258034632 0.192929904923965 0.20589433654432968 0.037017604476919624 0.03705412406363736 0.11122562678408757 -0.021406666168799483 -0.015356738317780139 0.061479645181100939 0.1641331354943818 0.27887419729452284 -0.0071030781520226727 0.013698254533623272 -0.057561261667578904 -0.0032015543530104747 -0.024178241348073424 -0.011660589069264874 0.12527883017927996 0.00032035999703199596 -0.021794655497120861 -0.058903760280012096 0.035561824254922485
leaf_weight=33.077066102065146 21.748576110694557 3.9482170757837585 6.1663589314557594 7.5059855729341534 2.3447942510247257 40.200961756519973 199.80652403784916 27.20817872392945 4.4734982852824023 1.4124724715948094 0.96340423356741922 11.962515326915307 22.688761793076996 3.2376187406480303 7.0557463727891436 117.74836959806271 3.7386886700987807 1.7426472762599585 1.3078979277051983 3.1860274579375982 89.061983928084373 6.9163825102150431 1666.2277210133616 5.1848641606047732 2.179745664820075 3.1576235610991716 12862.083105132449 17.545731116319075 2.6061914991587392 30.223678488284349
leaf_count=313 279 35 118 35 67 420 2399 279 91 36 25 284 141 23 46 3279 33 34 23 43 745 46 16672 155 27 24 128455 197 69 291
internal_value=-1.82356e-05 1.52628e-05 -0.00211926 0.00347202 0.00168737 -0.00366874 -0.00632005 0.00998383 0.0298182 0.0468243 0.0333102 0.0496045 0.0112195 0.0318287 0.0231865 -0.00357426 -0.00274961 0.0386047 0.100718 0.0534415 0.00595244 -0.0112968 -0.00305675 0.048059 0.0232655 0.0693537 0.000390157 0.0169157 0.0106975 0.0280627
internal_weight=15206.7 15185 2268.56 468.438 450.41 288.372 267.216 67.4091 21.1567 16.6832 15.2707 12.9259 162.038 32.9821 29.7445 1800.12 1682.37 12.4029 6.23657 4.92867 129.055 39.9934 1669.97 18.0282 10.5222 5.33737 12916.4 54.3238 50.3756 32.8299
internal_count=154684 154405 25358 5156 4915 3601 3098 699 503 412 376 309 1314 210 187 20202 16923 218 100 77 1104 359 16705 241 206 51 129047 592 557 360
is_linear=0
shrinkage=0.05


Tree=137
num_leaves=31
num_cat=0
split_feature=10 8 10 6 14 19 19 20 3 12 19 23 20 10 24 8 12 23 24 4 23 11 13 28 24 3 14 15 24 7
split_gain=4.73001 11.3836 9.53166 9.7335 9.0211 9.00339 9.71016 8.62209 9.11205 9.61613 11.0894 8.81134 8.74922 8.63832 11.5553 8.55003 8.19698 9.28895 11.7142 10.5519 11.7139 10.4092 8.19405 8.6535 8.0627 8.0221 7.96361 7.81704 8.71943 8.59378
threshold=0.44010000000000005 0.42295000000000005 0.47635 0.19500000000000003 -0.19754999999999992 0.085000000000000034 0.14500000000000005 2.5350000000000006 42.500000000000007 0.40365000000000001 -0.019999999999999993 6.5550000000000006 -0.039999999999999584 0.47315000000000007 0.0049999999999994502 0.42130000000000006 0.40695000000000003 6.9750000000000005 -0.043333333333332551 49.500000000000007 6.6950000000000012 1.0000000180025095e-35 0.058333333333333133 4.5000000000000009 0.11000000000000078 47.500000000000007 0.097600000000000062 0.033666666666666671 0.056666666666667094 6.2750000000000012
decision_type=2 2 2 2 2 2 2 2 2 2 2 2 2 2 2 2 2 2 2 2 2 2 2 2 2 2 2 2 2 2
left_child=16 15 4 5 -3 -4 -7 8 9 10 -6 -12 -10 -9 -15 27 25 18 -18 20 26 -19 -23 -24 -14 -1 -20 -2 29 -29
right_child=1 2 3 -5 7 6 -8 13 12 -11 11 -13 24 14 -16 -17 17 21 19 -21 -22 22 23 -25 -26 -27 -28 28 -30 -31
leaf_value=-0.0003556636903020566 0.0034003322212395335 -0.065688708050290964 -0.0017674042130006954 -0.047343530387244148 -0.0055191145719208461 0.087132744781768801 -0.0017782029011970989 0.013949344055358885 -0.032073629972578864 -0.010099879107731254 0.087744084866812219 0.014143821145136499 -0.00020353101999923199 -0.0086389808218189403 0.098359808509793076 0.028992237829533304 -0.011788837411735347 0.12248489381925771 -0.037953232395258801 0.0060678149835566323 0.00011244018057155496 -0.002557454605357059 0.047508549767604484 -0.030945501076785249 -0.086114300260646565 -0.0039272183780710334 0.023744668400219573 0.021012986035794316 0.054954927489110197 -0.023456230625566551
leaf_weight=6978.2769750854932 1408.8218135316856 4.53378275129944 2614.2324863760732 11.663804418407379 83.29914266243577 5.9329836964607221 6.3655598238110542 68.723589546978474 26.296060011722147 66.53982592606917 4.125769078731536 283.18942138599232 197.09026926849037 3.8557936772704107 7.3012972958385944 35.800488892942667 133.53762887278572 2.5076535162515929 38.209536698646843 917.04860728234053 135.66515486943536 25.213838542578742 24.877259615808729 4.0930994264781466 2.7693971768021575 2029.4638280076906 6.0595092391595236 52.420587619766593 14.219651345163582 13.704748136922715
leaf_count=77236 12774 36 19580 93 650 39 45 419 365 532 23 2148 1411 26 40 269 2242 31 371 9193 1546 447 174 82 15 24301 47 389 75 85
internal_value=-1.79405e-05 0.00125888 -0.000356682 -0.001769 0.00462641 -0.00156662 0.0411136 0.00505536 0.00318645 0.00740153 0.0105437 0.0152007 -0.00496122 0.0205743 0.061382 0.00484593 -0.000627006 0.00310522 0.00219353 0.00389563 -0.00717507 0.0228937 0.0182846 0.0364241 -0.00139397 -0.00116034 -0.0295081 0.00426544 0.0194348 0.0117966
internal_weight=15205.8 4910.89 3385.92 2638.19 747.724 2626.53 12.2985 743.191 663.31 437.154 370.614 287.315 226.156 79.8807 11.1571 1524.97 10295 1287.21 1230.52 1096.98 179.934 56.6919 54.1842 28.9704 199.86 9007.74 44.269 1489.17 80.345 66.1253
internal_count=154684 39014 25422 19757 5665 19664 84 5629 5144 3353 2821 2171 1791 485 66 13592 115670 14133 13399 11157 1964 734 703 256 1426 101537 418 13323 549 474
is_linear=0
shrinkage=0.05


Tree=138
num_leaves=31
num_cat=0
split_feature=21 15 21 13 8 10 16 2 8 24 9 14 10 22 22 16 19 11 20 26 26 4 20 20 13 26 8 7 30 23
split_gain=4.76659 11.0813 9.8386 8.07583 11.5684 12.4487 11.212 10.5009 11.6045 10.0826 8.94855 9.01271 13.7229 10.1435 8.92734 11.5026 11.3004 10.6634 12.1806 12.5536 12.1083 9.67115 9.30196 8.99022 8.65201 10.1115 8.57613 8.71658 8.55125 8.41418
threshold=-0.030000000000000002 0.02500000000000004 0.015000000000000001 1.4108333333333334 0.39630000000000004 0.30314999999999998 1.5000000000000002 3.5000000000000004 0.32445000000000007 -0.031999999999999577 6.285000000000001 -0.023208333333333327 0.28020000000000006 2.7150000000000012 0.69999999999999996 2.5000000000000004 -0.034999999999999989 0.29945000000000005 -0.14499999999999999 -0.024999999999999908 -0.029999999999999801 55.500000000000007 -1.1199999999999997 -0.14499999999999999 -0.17333333333333242 -0.084999999999999951 0.37025000000000002 4.2250000000000005 -3.4999999999999996 6.8350000000000009
decision_type=2 2 2 2 2 2 2 2 2 2 2 2 2 2 2 2 2 2 2 2 2 2 2 2 2 2 2 2 2 2
left_child=-1 3 -3 4 5 7 29 10 9 -9 11 12 -2 -14 15 17 23 18 19 -7 -20 -19 -21 26 25 -6 27 -17 -18 -5
right_child=1 2 -4 6 24 14 -8 8 -10 -11 -12 -13 13 -15 -16 16 28 21 20 22 -22 -23 -24 -25 -26 -27 -28 -29 -30 -31
leaf_value=-0.0022021145056969308 -0.0029685521525211252 0.0055565081778630558 0.066270372066526306 0.0030246448895660505 0.016251096622436609 0.17774456198002592 -0.0072984164695908509 0.19204900436997893 0.010958418346348168 0.049162228064309615 0.070537558518976015 0.00024218286638631858 -0.020768353511655478 0.078146585691683382 -0.0013037600760946355 0.11559126483258181 0.10040417930218855 0.011362722483317026 -0.010444288225459151 0.13350045444032085 0.029113805809247328 -0.015042144087686171 -0.018430408282835219 0.013394454656703483 -0.0018561951871268493 -0.012758077746198696 0.15717892443503678 0.020837470815814482 0.0023098372638934673 0.012871446720059047
leaf_weight=2144.5355031487998 1089.2043355379719 785.60876477812417 6.7297976016998282 833.31187129579484 33.149683400988579 2.5411842474713922 198.53261517174542 1.5069487495347855 46.776200518477708 6.8312773220241052 4.3260217104107133 2630.169265861623 148.57287746667862 2.637837314978241 765.49566207639873 3.165379697456955 2.2246959749609223 206.77185877785087 24.291613755747676 1.5979864262044428 94.982590915635228 41.665414432063699 2.7261345125734797 52.834572623483837 3807.8822239455767 320.11996113695204 1.8689943971112359 10.406734425574539 1639.6164774964564 293.3148943297565
leaf_count=16075 18199 7037 37 4802 398 32 1208 15 446 64 44 36183 1843 42 6382 54 39 1735 239 28 819 351 41 706 32276 4141 30 173 19414 1831
internal_value=-1.74253e-05 0.000341346 0.00607219 -2.88295e-05 -0.000475308 0.000798359 0.00365759 -0.00102617 0.0206451 0.0749858 -0.00133441 -0.00141474 -0.00492806 -0.0190428 0.00331413 0.00500982 0.0032716 0.0129456 0.024785 0.0895473 0.0210573 0.00693436 0.0377159 0.0232029 -0.00255063 -0.010036 0.0567645 0.0429366 0.00244276 0.00558824
internal_weight=15203.4 13058.9 792.339 12266.5 10941.4 6780.21 1325.16 3930.02 55.1144 8.33823 3874.91 3870.58 1240.42 151.211 2850.19 2084.69 1710.12 374.577 126.14 6.86531 119.274 248.437 4.32412 68.2757 4161.15 353.27 15.4411 13.5721 1641.84 1126.63
internal_count=154684 138609 7074 131535 123694 86879 7841 56836 525 79 56311 56267 20084 1885 30043 23661 20416 3245 1159 101 1058 2086 69 963 36815 4539 257 227 19453 6633
is_linear=0
shrinkage=0.05


Tree=139
num_leaves=31
num_cat=0
split_feature=22 3 3 4 24 21 27 25 12 11 19 15 20 10 14 24 24 7 13 3 0 28 23 13 6 26 0 4 26 14
split_gain=4.71385 6.81494 8.97616 7.68088 10.7751 6.59958 5.82491 6.54435 6.07718 8.79029 6.07524 10.5771 7.48173 9.71446 11.8304 5.74829 10.22 7.50932 5.68266 10.4396 6.0779 5.39369 10.1475 7.41826 6.68864 19.4599 11.7953 25.1206 13.7936 12.7007
threshold=4.3250000000000011 35.500000000000007 27.500000000000004 47.500000000000007 -0.041666666666665624 -0.074999999999999969 -0.084999999999999951 1.5000000000000002 0.26935000000000003 0.40040000000000003 0.015000000000000001 -0.0016666666666666702 2.4350000000000009 0.46175000000000005 -0.0032166666666667283 0.013333333333333199 0.02999999999999892 6.3450000000000006 2.3800000000000008 25.500000000000004 21.500000000000004 5.5000000000000009 6.7150000000000007 -0.74999999999999856 0.18500000000000003 -0.17500000000000024 5.5000000000000009 55.500000000000007 0.11999999999999968 -0.043791666666666666
decision_type=2 2 2 2 2 2 2 2 2 2 2 2 2 2 2 2 2 2 2 2 2 2 2 2 2 2 2 2 2 2
left_child=18 2 5 -4 -5 -2 8 -8 -3 -10 12 -12 15 14 -14 -9 17 -17 21 20 -20 -1 -23 -24 -25 -26 27 28 29 -27
right_child=1 6 3 4 -6 -7 7 10 9 -11 11 -13 13 -15 -16 16 -18 -19 19 -21 -22 22 23 24 25 26 -28 -29 -30 -31
leaf_value=0.00015466469698131879 0.0438015661080942 0.056790305189394999 0.063326689644945686 0.090892715489488435 0.00025295541672214298 -0.025836747375856391 -0.048998112031966828 -0.036902563355839954 -0.031035334880776651 0.04737221200787791 -0.0082669029413281712 0.11840528931757632 0.11721131852835645 -0.023804490291350677 -0.0039057084910095355 -0.008999631705569746 -0.050417090979928206 0.10199037985880691 -0.0094048380036367632 0.01333333735864844 -0.072478472073577757 0.0051647284493182392 -0.026840364540189079 -0.0086647447588446922 0.40593228109739771 0.2198038558459513 -0.004977274063003025 0.48899718196616454 0.32521843604280815 -0.051348414868491621
leaf_weight=14316.916104326025 3.8921258896589306 4.9744380041956928 7.6917301937937728 3.6138598583638659 35.372513066977262 27.028029812499881 16.610640354454517 42.946246011182666 11.304879464209082 5.2275497615337363 6.1402016803622246 2.2524909526109678 3.5705573111772537 10.49820503592491 4.6313287839293498 3.0318232402205449 4.859297476708889 3.0641743615269661 17.985124088823799 160.49114387482405 4.8492394834756842 163.11563009000383 54.841863111359999 271.05597316892818 0.3269254863262202 0.55397033505141813 13.049412562977521 0.37023676326498378 0.39802157087251533 1.959160960279408
leaf_count=126915 21 28 47 28 225 179 107 383 72 26 71 20 26 62 29 29 32 18 88 814 26 5759 6942 11527 7 41 985 25 29 123
internal_value=-1.71813e-05 -0.00770701 0.00382325 0.0176638 0.00865485 -0.0170709 -0.0152187 -0.0204089 0.00833639 -0.00624289 -0.0145458 0.0257303 -0.0192016 0.00804898 0.0488206 -0.0286557 0.00367305 0.0467899 8.36234e-05 0.00883276 -0.0227995 -2.45857e-05 -0.00509965 -0.00998727 -0.00677485 0.0239776 0.0163313 0.101071 0.0517352 0.00842177
internal_weight=15202.6 196.71 77.5983 46.6781 38.9864 30.9202 119.112 97.605 21.5069 16.5324 80.9943 8.39269 72.6016 18.7001 8.20189 53.9015 10.9553 6.096 15005.9 183.326 22.8344 14822.6 505.671 342.556 287.714 16.6577 16.3308 3.28139 2.91115 2.51313
internal_count=154684 1403 500 300 253 200 903 777 126 98 670 91 579 117 55 462 79 47 153281 928 114 152353 25438 19679 12737 1210 1203 218 193 164
is_linear=0
shrinkage=0.05


Tree=140
num_leaves=31
num_cat=0
split_feature=30 28 21 24 15 20 9 27 3 23 12 12 22 12 17 0 15 9 15 27 27 21 12 15 12 10 1 0 8 13
split_gain=4.71811 8.32565 7.32009 10.1434 9.27562 7.51154 10.4767 12.5472 11.186 11.6679 12.4095 10.9565 17.6776 22.8573 11.7496 12.0959 13.1317 10.4654 8.7308 7.86862 10.8415 12.1293 11.8236 8.55681 7.20999 9.14214 6.64418 9.50186 8.89236 10.3965
threshold=1.0000000180025095e-35 2.5000000000000004 -0.044999999999999991 0.1166666666666676 0.036666666666666667 0.47000000000000003 5.0050000000000008 0.06000000000000006 44.500000000000007 6.8750000000000009 0.28745000000000004 0.30310000000000009 0.37000000000000038 0.29265000000000008 4.5000000000000009 20.500000000000004 0.013333333333333324 5.9650000000000007 -0.0099999999999999655 0.044999999999999936 0.039999999999999598 -0.030000000000000002 0.30785000000000001 0.009999999999999969 0.34395000000000003 0.37230000000000002 1.5000000000000002 23.500000000000004 0.26975000000000005 -0.38333333333333347
decision_type=2 2 2 2 2 2 2 2 2 2 2 2 2 2 2 2 2 2 2 2 2 2 2 2 2 2 2 2 2 2
left_child=26 -2 3 -3 5 6 -4 11 9 10 -9 12 13 14 15 16 -8 -12 -16 20 21 -7 -22 -24 -10 -26 27 -1 -29 -30
right_child=1 2 4 -5 -6 19 7 8 24 -11 17 -13 -14 -15 18 -17 -18 -19 -20 -21 22 -23 23 -25 25 -27 -28 28 29 -31
leaf_value=0.00075662183363801611 -0.020548660345973298 -0.021230277390739228 0.0035808911374208075 0.11855220760862417 0.071869730110692573 0.052692927978301343 -0.020651142176314325 0.018564163196449834 -0.036675335398443358 0.0015506849882679003 0.12891889060741446 0.0080165251411651265 -0.0083829750546373649 0.21107830159909158 0.023147854851597892 0.13728852286670096 0.1402635675934788 0.29460955753016316 0.18305020185422646 -0.024750017033286945 0.18494923984654893 -0.0027499889688425297 -0.039381444478413553 0.10044585408126377 0.2321519979376801 -0.0042013307008477744 -0.0010049033451524124 -0.0062884337204863047 0.064213399214013908 0.013548606575943981
leaf_weight=5349.1526455432177 30.134068304672837 32.677008096594363 124.73500423389487 1.351514633744954 5.6861615744419387 10.6828590137884 8.3153425762429887 1.3448285106569509 2.8133634114637971 1.7625996284186838 2.4196190163493161 67.652395301964134 9.9932973841205222 2.617874917574226 1.3000194607302549 2.0550705743953577 1.4959442457184184 1.5722902622073887 2.4862705431878558 27.686668918468058 1.6316500175744284 128.805789090693 2.294561717659235 2.0913647618144751 0.70062175206840016 0.98339146748185158 9145.8706600808073 55.540710967034101 10.793196737766264 163.65563959628344
leaf_count=24392 261 757 3354 9 41 74 133 21 59 37 35 877 120 39 30 28 16 29 34 354 18 1121 28 15 21 24 121672 248 46 791
internal_value=-1.71067e-05 0.00488606 0.00660782 -0.0156785 0.00845244 0.00756303 0.0134401 0.0248786 0.0740023 0.113087 0.149925 0.0189393 0.0450842 0.0743287 0.0514576 0.0269875 0.00388381 0.194179 0.128148 -0.000317973 0.00433091 0.00149615 0.0700412 0.0272932 0.0123045 0.0941318 -0.00017537 0.00118448 0.0111358 0.0166833
internal_weight=15200.3 475.29 445.156 34.0285 411.127 405.441 232.248 107.513 11.5967 7.09934 5.33674 95.9162 28.2638 18.2705 15.6526 11.8664 9.81129 3.99191 3.78629 173.193 145.506 139.489 6.01758 4.38593 4.49738 1.68401 14725 5579.14 229.99 174.449
internal_count=154684 7535 7274 766 6508 6467 4857 1503 226 122 85 1277 400 280 241 177 149 64 64 1610 1256 1195 61 43 104 45 147149 25477 1085 837
is_linear=0
shrinkage=0.05


Tree=141
num_leaves=31
num_cat=0
split_feature=4 19 10 15 2 26 20 12 22 27 13 1 20 28 22 13 24 1 11 8 23 13 19 26 12 8 10 14 14 12
split_gain=4.61277 8.97943 7.24907 7.55034 6.89855 8.14797 7.06437 6.54143 6.73604 10.2562 8.1729 8.4353 7.42877 6.50382 7.83084 10.2856 7.9708 7.2706 6.83444 17.7606 7.88414 11.542 10.3014 11.321 15.7477 16.03 25.0105 21.0732 7.79987 7.7496
threshold=49.500000000000007 -0.039999999999999994 0.61560000000000004 0.026666666666666661 1.5000000000000002 -0.14999999999999988 3.0650000000000008 0.55635000000000012 0.995 0.010000000000000233 -0.71999999999999942 3.5000000000000004 -0.015000000000000123 3.5000000000000004 -0.36000000000000015 -0.078333333333332686 0.105 4.5000000000000009 0.48400000000000004 0.40455000000000008 6.8550000000000013 1.6733333333333333 0.025000000000000012 0.039999999999999598 0.28250000000000003 0.38664999999999999 0.16375000000000003 0.0013249999999999653 0.054208333333333338 1.0000000180025095e-35
decision_type=2 2 2 2 2 2 2 2 2 2 2 2 2 2 2 2 2 2 2 2 2 2 2 2 2 2 2 2 2 2
left_child=1 -1 4 -4 6 -6 -3 -2 9 10 -9 12 -12 17 16 -16 -15 18 20 -20 28 22 29 24 -24 26 -26 -28 -7 -22
right_child=7 2 3 -5 5 13 -8 8 -10 -11 11 -13 -14 14 15 -17 -18 -19 19 -21 21 -23 23 -25 25 -27 27 -29 -30 -31
leaf_value=0.0084121877863155316 0.00040058821475806171 -0.016198970598711223 -0.01441601813074158 -0.074615320933291804 0.022974417628202796 -0.0017128497009906839 0.081698402097573619 -0.059135871206462014 -0.033411814640441226 -0.037189891847030011 -0.021464019622436162 -0.016609535064321775 0.051520881475655561 0.0021516194936821403 -0.033496371654084166 -0.0079588920451212231 0.089999342008998853 0.061668844857381402 0.036223872336974272 -0.01398174657967759 0.028107358808865137 0.049615292130076705 -0.024881390169701017 -0.0062671600384818869 0.012474207650278051 -0.012450675659199819 0.13055534534469751 0.3672256995783707 -0.014075234848720523 -0.0039802396546120096
leaf_weight=177.18026451999322 13198.057608196745 112.69931638659909 61.296840508002788 5.6923286616802207 32.276022285223007 710.37020031362772 1.8734027259051789 3.7071896281559011 28.529405404813588 15.573421400040386 4.3474686406552818 10.980190592352299 17.605351954698563 85.571423077024519 47.444905140902847 233.36102991178632 2.662486668676137 4.6738280449062577 40.066712893545628 31.436554163694382 21.366176778450608 14.655621655285357 3.1583177493885186 8.4055089661851508 2.2166946949437243 2.1166889555752277 2.4292489960789685 1.534791439771652 155.52637689653784 157.69990750215948
leaf_count=2004 132838 2343 527 34 266 5097 11 92 202 199 54 194 97 2000 2030 3453 23 38 274 175 150 72 46 166 36 18 38 19 1025 1163
internal_value=-1.71101e-05 -0.00231073 -0.00340354 -0.0195314 -0.0027572 -0.00188585 -0.0145982 0.000313787 -0.0138745 -0.00319933 0.0112479 0.0191708 0.0370672 -0.00241212 -0.00819095 -0.0122737 0.00480245 -0.00056674 -0.000819462 0.0141509 -0.00181108 0.00679271 0.00363784 0.0378023 0.0701378 0.106306 0.146976 0.222189 -0.0039333 -0.000151545
internal_weight=15194.5 1915.71 1738.53 66.9892 1671.55 1556.97 114.573 13278.8 80.743 52.2136 36.6402 32.933 21.9528 1524.7 369.04 280.806 88.2339 1155.66 1150.98 71.5033 1079.48 213.583 198.927 19.8613 11.4557 8.29742 6.18074 3.96404 865.897 179.066
internal_count=154684 21008 19004 561 18443 16089 2354 133676 838 636 437 345 151 15823 7506 5483 2023 8317 8279 449 7830 1708 1636 323 157 111 93 57 6122 1313
is_linear=0
shrinkage=0.05


Tree=142
num_leaves=31
num_cat=0
split_feature=12 3 2 10 13 11 20 28 9 12 12 12 14 1 13 13 21 27 10 8 23 22 3 22 10 10 15 10 8 24
split_gain=4.62834 8.17372 10.6933 13.1664 8.74474 13.0449 11.1646 11.8232 10.5547 10.1359 8.92506 14.2069 8.16523 8.47705 14.9718 32.6064 8.04187 7.78262 7.22746 8.41126 8.20396 9.37835 7.62653 7.06681 7.05642 10.2863 12.2269 14.0025 8.6536 7.71973
threshold=0.34075000000000005 52.500000000000007 3.5000000000000004 0.25725000000000003 -0.060000000000000268 0.51195000000000013 -1.5799999999999996 4.5000000000000009 7.035000000000001 0.28605000000000008 0.31785000000000008 0.25720000000000004 0.10225000000000005 3.5000000000000004 -0.29166666666666557 0.22166666666666693 -0.044999999999999991 0.15999999999999973 0.56555000000000011 0.26605000000000006 6.6750000000000007 0.79000000000000037 55.500000000000007 -0.089999999999999622 0.44405 0.3916 0.001666666666666636 0.41960000000000003 0.34855000000000008 0.046666666666667307
decision_type=2 2 2 2 2 2 2 2 2 2 2 2 2 2 2 2 2 2 2 2 2 2 2 2 2 2 2 2 2 2
left_child=1 -1 3 12 5 24 10 16 -9 -7 11 -6 -3 -14 -15 -16 -8 -2 19 20 -18 -22 -20 -4 25 29 28 -28 -27 -5
right_child=17 2 23 4 6 9 7 8 -10 -11 -12 -13 13 14 15 -17 18 -19 22 -21 21 -23 -24 -25 -26 26 27 -29 -30 -31
leaf_value=-0.00026443106384127198 0.0011286124856649967 -0.014948309296963667 -0.043778694831584343 -0.017611375640708776 0.14728437685898449 0.011410427339795999 -0.019213911979055334 -0.027833109532401302 0.13179489739215924 0.13838258827878205 0.20395983006557442 -0.055390499921965354 -0.0029388028988692567 -0.0014996318050541071 0.31060737951731693 -0.023258439004068713 0.10286632917473953 -0.015400498385488626 0.0049753866907479979 0.0065489945170082017 0.0077760415334625528 0.083193542637831075 0.087135446617305004 -0.012994861579939648 -0.035485447411788884 -0.01302463636525792 0.16003143332058567 0.017295688597469491 0.071784390410673762 0.020156885262454956
leaf_weight=7509.1867753104307 6721.3654947709292 230.37392322020605 21.744665432721376 97.22619956266135 1.6936237746849649 3.9432964585721484 22.911049146205187 31.678936530835927 1.0705373920500267 2.6134530566632748 1.1621945388615129 1.7665078751742838 17.384030825458471 3.8829178377054658 1.5038457587361302 1.4235813245177267 3.9224319271743324 71.976803169818595 5.0907261744141561 214.77935159578919 18.284448593854908 5.3219407238066188 6.3449273742735386 130.70434209145606 23.14392108656466 16.735207227524377 3.018084565177559 3.9894453226588666 3.6668722657486787 15.716789984144269
leaf_count=76331 67448 3540 173 1519 24 51 151 650 18 29 19 26 149 117 27 15 25 843 32 1508 151 43 42 925 312 246 36 57 44 133
internal_value=-1.69311e-05 -0.000801709 -0.0053293 -0.00284098 0.00199995 -0.00713226 0.00694526 0.00579294 -0.0226151 0.0620202 0.0840784 0.0438124 -0.0120463 0.0155856 0.0628709 0.148251 0.00915578 0.000953483 0.0117173 0.00988414 0.0359048 0.0247785 0.0505609 -0.0173857 -0.0099055 -0.00568741 0.0217895 0.0787708 0.00221812 -0.0123557
internal_weight=15193.6 8400.28 891.097 738.648 484.08 170.053 314.027 309.404 32.7495 6.55675 4.62233 3.46013 254.568 24.1944 6.81034 2.92743 276.655 6793.34 253.744 242.308 27.5288 23.6064 11.4357 152.449 163.497 140.353 27.4096 7.00753 20.4021 112.943
internal_count=154684 86393 10062 8964 5116 2427 2689 2620 668 80 69 50 3848 308 159 42 1952 68291 1801 1727 219 194 74 1098 2347 2035 383 93 290 1652
is_linear=0
shrinkage=0.05


Tree=143
num_leaves=31
num_cat=0
split_feature=17 12 1 8 9 12 7 7 11 22 13 10 13 26 19 23 15 15 19 11 11 21 7 27 15 14 21 28 12 20
split_gain=4.46993 6.3955 6.28391 9.85087 8.52326 11.4922 16.2717 11.8649 11.1897 7.84636 10.8552 22.8254 8.69535 9.64027 10.5346 16.1375 20.4764 8.35106 14.8509 13.5961 14.2735 11.0259 8.09017 16.1676 19.6398 25.832 13.4197 9.00447 8.05386 11.465
threshold=1.5000000000000002 0.55635000000000012 4.5000000000000009 0.18930000000000005 5.1550000000000011 0.28745000000000004 4.1650000000000009 3.6850000000000005 0.39540000000000003 -1.4849999999999997 -1.651666666666666 0.23829999999999998 -1.188333333333333 -0.064999999999999933 -0.019999999999999993 6.7150000000000007 -0.0083333333333333367 -0.0050000000000000175 0.039999999999999994 0.36045000000000005 0.38145000000000007 0.13500000000000004 4.4650000000000007 0.029999999999999808 -0.010000000000000021 0.0045833333333333568 0.020000000000000014 3.5000000000000004 0.36854999999999999 5.0150000000000015
decision_type=2 2 2 2 2 2 2 2 2 2 2 2 2 2 2 2 2 2 2 2 2 2 2 2 2 2 2 2 2 2
left_child=1 -1 -2 4 -4 6 7 -6 -7 10 11 -5 -12 14 -14 -16 -17 28 21 -20 -21 -19 23 -15 -25 26 -26 -24 -11 -30
right_child=2 -3 3 9 5 8 -8 -9 -10 17 12 -13 13 22 15 16 -18 18 19 20 -22 -23 27 24 25 -27 -28 -29 29 -31
leaf_value=0.0017769555862795921 -1.6782721825881354e-05 -0.024867617514060095 -0.021895975321738783 -0.05135657671837366 0.20935593890400531 -0.025653190424996187 0.39875606525448754 -0.051494368588054673 0.20410648786846394 -0.0049891671588080068 -0.04282483768930824 0.4002165441616401 -0.011036387470527152 -0.0043467589678771474 0.016908416842788498 0.083947598327966888 0.37273925080088799 -0.00188702893728597 0.023413972798887135 0.26009490625650872 0.048157765429760253 0.078395254866647363 0.11658229375534196 -0.051246090419972135 -0.014100031456329126 0.37165482964063723 0.26670757230120229 -0.015037792828335384 -0.024025160945513466 0.15179793593655333
leaf_weight=3324.7566961308476 10239.808038385585 22.675087497103959 101.10355652822182 0.56622988358139881 0.76317620230838512 5.7110218065790832 0.4438060107640921 1.016673103906214 0.58412264054641116 232.65235801925883 5.819706453010439 0.5532615976408124 2.3015737440437078 6.292912742123006 2.08029612712562 1.4637033520266416 1.057077635079622 1103.5789225692861 11.338173119816927 1.3969814600422972 1.8418418951332567 4.2934057135134926 1.3894293345510984 1.1962033193558452 1.3334240792319181 1.1799834482371805 0.62483971659094084 20.061389164999127 93.749760150443763 0.936440609395503
leaf_count=30824 82343 224 8572 25 34 254 17 54 24 7300 268 22 37 218 37 39 23 20414 153 21 25 39 18 62 52 38 19 605 2916 7
internal_value=-1.68463e-05 0.00159647 -0.000472769 -0.00338133 -0.017849 0.0301815 0.127894 0.0603548 -0.00433393 -0.00232098 0.0180275 0.171814 0.0141846 0.0226959 0.0762985 0.119986 0.205051 -0.00296549 -0.000916197 0.0492227 0.139571 -0.00157591 0.0111616 0.0468357 0.121144 0.186854 0.0754996 -0.00651239 -0.00999254 -0.0222863
internal_weight=15192.6 3347.43 11845.1 1605.33 109.622 8.5188 2.22366 1.77985 6.29514 1495.71 45.92 1.11949 44.8005 38.9808 6.90265 4.60108 2.52078 1449.79 1122.45 14.577 3.23882 1107.87 32.0782 10.6274 4.33445 3.13825 1.95826 21.4508 327.339 94.6862
internal_count=154684 31048 123636 41293 8955 383 105 88 278 32338 1463 47 1416 1148 136 99 62 30875 20652 199 46 20453 1012 389 171 109 71 623 10223 2923
is_linear=0
shrinkage=0.05


Tree=144
num_leaves=31
num_cat=0
split_feature=26 20 21 1 4 9 19 11 9 11 24 16 15 23 30 8 8 12 15 24 24 0 24 12 0 12 24 22 21 19
split_gain=4.34673 6.38521 7.72539 10.9133 7.01368 8.03488 12.0733 25.1632 11.171 10.8387 37.5808 8.17751 6.58103 6.29372 7.69396 12.8611 18.4097 8.92404 7.68926 7.26298 8.57075 9.11416 19.3414 14.7141 13.1987 10.2947 10.7969 20.1057 7.43208 12.067
threshold=0.074999999999999747 -1.3599999999999994 0.085000000000000034 3.5000000000000004 52.500000000000007 2.8850000000000002 0.075000000000000025 0.33265000000000006 2.7950000000000004 1.0000000180025095e-35 -0.029999999999998913 2.5000000000000004 -0.02166666666666665 6.9350000000000014 1.0000000180025095e-35 0.37355000000000005 0.35795000000000005 0.11324999999999992 0.05833333333333332 -0.058333333333333119 -0.038333333333332657 14.500000000000002 -0.043333333333333439 0.16760000000000003 11.500000000000002 0.30310000000000009 -0.045000000000000366 0.084999999999999756 -1.0000000180025095e-35 -0.0099999999999999863
decision_type=2 2 2 2 2 2 2 2 2 2 2 2 2 2 2 2 2 2 2 2 2 2 2 2 2 2 2 2 2 2
left_child=-1 2 4 -4 5 6 8 -8 9 10 -2 -7 -5 14 18 16 17 -16 -3 -15 21 22 23 -21 -24 26 27 -23 -25 -30
right_child=1 13 3 12 -6 11 7 -9 -10 -11 -12 -13 -14 19 15 -17 -18 -19 -20 20 -22 25 24 28 -26 -27 -28 -29 29 -31
leaf_value=0.00021751583334658466 -0.05097489187044018 -0.0049836084855484301 0.20249814626841722 -0.051620097354774346 -0.025233564700163108 0.095706061735872913 -0.050622182623285585 0.716502983172846 0.26373860470374805 -0.00086949398380882818 0.65739355594081972 -0.018107110057596774 0.16467076711771797 -0.0011940248607775572 0.18737559465046991 -0.012408089933544766 0.16486204231526475 0.017210869352973973 0.11403860667763871 0.16461834855760227 0.0022643127106242804 0.00022008859724762832 0.084120089916047275 -0.024232558085263489 0.2514747908024747 -0.027128449626238282 -0.032630596234398027 0.23994562569839017 0.15692747955139566 0.0064691737017153958
leaf_weight=14102.158501661383 0.55706686293706298 742.38336330256425 0.97831039037555378 1.521931647323072 74.350226943613961 1.6637548450380553 0.23596125049516636 0.19544028304517269 0.47463831491768438 8.8987640347331745 0.28202750952913902 30.710087690036744 0.45737959258258332 117.70365169038996 0.81555813364684837 16.32587140891701 2.8778010616078964 13.94008538359776 1.3594488278031338 1.7819493124261487 37.132646040990949 1.8631798326969149 3.4694007681682733 6.9408102203160507 1.7839067243039606 8.8508788547478598 2.0067518707364789 1.6485082041472194 1.8804656472057084 4.5742081208154577
leaf_count=135087 54 11148 24 78 2993 27 31 15 13 626 11 1016 9 2041 11 195 28 308 17 22 457 40 38 67 21 150 33 19 33 72
internal_value=-1.73823e-05 -0.00306297 -0.0139252 0.0658843 -0.0159364 0.000132476 0.0378187 0.296913 0.0268739 0.0153288 0.187114 -0.012258 -0.00163957 -0.00171183 -0.00370336 0.0195706 0.049178 0.026616 -0.00476605 0.00645551 0.0189725 0.0368005 0.0582598 0.0296385 0.14095 0.00628911 0.0598867 0.112756 0.0116826 0.0503028
internal_weight=15189.8 1087.66 120.326 2.95762 117.368 43.0177 10.6439 0.431402 10.2125 9.73786 0.839094 32.3738 1.97931 967.338 777.702 33.9593 17.6334 14.7556 743.743 189.636 71.9327 34.8001 20.4307 15.1774 5.25331 14.3693 5.51844 3.51169 13.3955 6.45467
internal_count=154684 19597 4897 111 4786 1793 750 46 704 691 65 1043 87 14700 11707 542 347 319 11165 2993 952 495 253 194 59 242 92 59 172 105
is_linear=0
shrinkage=0.05


Tree=145
num_leaves=31
num_cat=0
split_feature=23 12 3 2 10 13 11 20 28 9 4 23 14 26 1 23 21 20 8 14 24 14 22 27 6 1 17 24 19 7
split_gain=4.34087 4.36754 7.51498 9.67008 11.9243 8.31501 11.4985 9.27379 10.7994 11.2144 8.17861 7.44087 7.33933 14.0961 8.68745 16.8147 7.29717 7.21612 6.92569 10.3371 8.91637 8.5081 7.41767 6.83344 6.64418 11.5157 9.94983 6.56294 8.90786 7.47662
threshold=7.5750000000000011 0.34075000000000005 52.500000000000007 3.5000000000000004 0.25725000000000003 -0.060000000000000268 0.51195000000000013 -1.5799999999999996 4.5000000000000009 7.0750000000000011 53.500000000000007 7.3650000000000011 0.1478083333333334 -1.0000000180025095e-35 1.5000000000000002 6.8250000000000011 -0.044999999999999991 -0.435 0.18930000000000005 -1.0000000180025095e-35 -0.0033333333333325217 -0.012216666666666624 -1.6099999999999994 0.15999999999999973 0.13500000000000004 4.5000000000000009 2.5000000000000004 0.015000000000001014 0.010000000000000004 4.6650000000000009
decision_type=2 2 2 2 2 2 2 2 2 2 2 2 2 2 2 2 2 2 2 2 2 2 2 2 2 2 2 2 2 2
left_child=1 2 -1 4 12 6 18 -7 16 -10 -8 23 17 -14 -15 -16 -9 -4 -6 20 -20 22 -22 -3 25 -5 -27 28 -24 -29
right_child=-2 11 3 24 5 7 10 8 9 -11 -12 -13 13 14 15 -17 -18 -19 19 -21 21 -23 27 -25 -26 26 -28 29 -30 -31
leaf_value=-0.00025421346816948315 -0.061038837338099262 0.0010496781678261543 -0.027182317741000828 -0.057979977083103186 0.012980422376120279 0.074669948447208839 0.12063716493619914 -0.018361216257207529 -0.027202029637638271 0.14219455468653122 0.0095942395551778421 0.058390262029106701 -0.041341379827093933 0.024337875802012476 0.3252995780152691 0.051421639717103167 0.011180084616872957 -0.0078722831864095587 -0.018922141437634779 -0.02786394016988224 -0.054299100523804877 0.068518574660931642 0.099789490858600532 -0.014786477706848109 -0.012000751584734109 0.097618093625688782 -0.040877582961830222 0.032610651369359693 -0.027877159523310675 -0.036610581119398994
leaf_weight=7506.7189019301441 2.9138961862772694 6716.2348068328574 66.427260774187744 19.490957135334614 27.762459203135222 4.9338675718754521 2.8778244331479064 22.774599857628345 31.092861356213689 1.0087283048778761 3.912709329277277 5.6307986634783438 3.5111619010567665 2.4300197213888151 0.92404556926339898 1.4241569410078225 254.54801675677299 178.09159327624366 32.042652005329728 69.458826151676476 4.35428009182215 6.6757644098252049 4.3770219269208637 68.818840580992401 126.98978282930329 2.5008932612836352 2.6935746818780899 8.2072309721261245 1.9864234635606406 7.434596884995698
leaf_count=76319 28 67407 2040 116 476 69 32 151 655 13 48 51 55 11 22 33 1800 1687 640 872 50 61 49 819 930 21 31 75 47 76
internal_value=-1.77754e-05 -6.06616e-06 -0.000768727 -0.00511851 -0.00275021 0.00185122 -0.00708965 0.00666042 0.00557599 -0.0218791 0.0566542 0.000936736 -0.0115496 0.0347202 0.0906123 0.159196 0.00875406 -0.0131181 -0.00975667 -0.0144486 -0.000130183 0.0180971 0.00532747 0.000889057 -0.0166147 -0.0403501 0.0258016 0.017126 0.0599369 -0.00029036
internal_weight=15188.2 15185.3 8394.65 887.931 736.256 483.448 169.09 314.358 309.424 32.1016 6.79053 6790.68 252.808 8.28938 4.77822 2.3482 277.323 244.519 162.299 134.537 65.078 33.0353 26.3596 6785.05 151.675 24.6854 5.19447 22.0053 6.36345 15.6418
internal_count=154684 154656 86379 10060 8962 5114 2426 2688 2619 668 80 68277 3848 121 66 55 1951 3727 2346 1870 998 358 297 68226 1098 168 52 247 96 151
is_linear=0
shrinkage=0.05


Tree=146
num_leaves=31
num_cat=0
split_feature=4 13 8 30 10 26 3 24 26 0 9 14 11 9 8 9 9 3 12 14 14 20 3 22 22 21 3 7 24 22
split_gain=4.31979 5.72631 10.6069 16.8999 16.8334 11.5266 10.5382 10.1478 14.0868 14.7871 10.0018 13.691 10.3501 13.3778 9.21981 9.02829 8.97539 8.82819 8.71723 12.5507 15.7527 9.64315 8.69029 8.43447 10.491 8.67134 8.55769 8.14324 8.1255 7.99803
threshold=50.500000000000007 0.97000000000000008 0.40070000000000006 1.0000000180025095e-35 0.3202000000000001 1.0000000180025095e-35 28.500000000000004 -0.034999999999998803 0.084999999999999978 4.5000000000000009 7.285000000000001 -0.051883333333333358 0.33034999999999998 7.5050000000000008 0.59245000000000003 4.5950000000000006 5.9650000000000007 24.500000000000004 0.38794999999999996 0.069416666666666724 0.099841666666666648 0.34000000000000014 63.500000000000007 -0.9199999999999996 -0.44000000000000011 1.0000000180025095e-35 33.500000000000007 4.9850000000000012 -0.060000000000000046 2.1650000000000014
decision_type=2 2 2 2 2 2 2 2 2 2 2 2 2 2 2 2 2 2 2 2 2 2 2 2 2 2 2 2 2 2
left_child=-1 2 4 5 -2 15 7 -6 27 -10 18 -12 -13 -14 22 23 -17 -16 19 -5 21 -21 -7 -4 25 26 -25 -9 -19 -18
right_child=1 -3 3 10 6 14 -8 8 9 -11 11 12 13 -15 17 16 29 28 -20 20 -22 -23 -24 24 -26 -27 -28 -29 -30 -31
leaf_value=-0.0019518673744376106 -0.0012356050429424533 0.002038087156041913 -0.032042628439962674 0.011206464076149494 -0.015615989998170857 -0.0099673441267125584 0.0030853686381345879 0.030116097840591882 0.25106434170426373 0.04336309980507868 0.17653281102731908 -0.058499557191945044 0.16905193463739143 0.019951878578158583 0.13177155047333772 -0.0081127204049245977 7.4769443516419962e-05 0.093496306758793113 -0.016996294094932633 0.21087410113874389 0.006881100171443947 0.075101329178786119 0.098231547370121713 0.14034674643296 0.0079476046401115129 0.01196920112581086 0.042604142120941525 0.0085746304113019627 -0.003420992875161013 -0.022855061110380624
leaf_weight=2425.3514589720871 3726.7568538587075 3604.9697902295738 11.358117325231431 53.923037783242762 24.543842970859259 714.72822684049606 2210.0881730224937 69.891659272368997 1.2929807789623731 2.5409674849361181 2.1177939949557176 2.2213027477264387 2.1581199951469898 4.9667103374376893 1.8460002122446884 530.47687921486795 1439.0276385406032 2.682641062885522 19.855382372625172 2.1983684217557293 4.9681650539860129 3.2281608823686838 1.8606206942349661 3.7571526505053061 138.25007776264101 8.383175026625393 5.5434726700186729 117.84458332322538 11.157301166094838 39.061858717352152
leaf_count=26566 52750 22338 69 594 368 10339 23052 711 14 44 25 25 22 51 22 4006 10719 37 207 22 42 26 20 26 1065 57 39 1035 140 253
internal_value=-1.75325e-05 0.000350086 -0.000314473 -0.00275006 0.000874539 -0.00343018 0.00411582 0.0146537 0.0185318 0.113409 0.017931 0.0617454 0.035735 0.0651145 -0.00885634 -0.00160403 -0.00253354 0.0290641 0.0119637 0.0209039 0.0712098 0.130105 -0.00968641 0.00955594 0.0125859 0.048848 0.082089 0.0165942 0.0153648 -0.000531203
internal_weight=15187.1 12761.7 9156.73 3003.77 6152.96 2908.13 2426.2 216.114 191.57 3.83395 95.637 11.4639 9.34613 7.12483 732.275 2175.86 2008.57 15.6859 84.1731 64.3177 10.3947 5.42653 716.589 167.292 155.934 17.6838 9.30063 187.736 13.8399 1478.09
internal_count=154684 128118 105780 27806 77974 26792 25224 2172 1804 58 1014 123 98 73 10558 16234 14978 199 891 684 90 48 10359 1256 1187 122 65 1746 177 10972
is_linear=0
shrinkage=0.05


Tree=147
num_leaves=31
num_cat=0
split_feature=22 3 8 8 13 4 11 15 0 27 25 19 26 20 10 14 24 24 7 12 11 21 13 8 22 22 27 3 15 11
split_gain=4.32583 6.22021 8.3009 8.44185 10.8113 7.36926 9.88022 5.97494 6.29116 5.28692 6.12036 5.4755 8.71152 6.91574 8.56783 9.65903 5.36144 9.26682 6.35933 5.34087 7.85371 5.33054 5.13543 9.2358 10.7827 8.6381 9.81004 11.8458 9.34946 8.82455
threshold=4.3250000000000011 35.500000000000007 0.33210000000000006 0.39805000000000001 1.1666666666666676 47.500000000000007 0.33034999999999998 0.029999999999999982 2.5000000000000004 -0.084999999999999951 1.5000000000000002 0.015000000000000001 -0.015000000000000123 2.4350000000000009 0.46175000000000005 -0.0032166666666667283 0.013333333333333199 0.02999999999999892 6.3450000000000006 0.26935000000000003 0.40040000000000003 -0.014999999999999998 1.116666666666666 0.48845000000000005 1.4400000000000002 0.4899999999999996 0.029999999999999808 49.500000000000007 0.01183333333333335 0.55590000000000017
decision_type=2 2 2 2 2 2 2 2 2 2 2 2 2 2 2 2 2 2 2 2 2 2 2 2 2 2 2 2 2 2
left_child=22 2 -2 -4 -5 6 -6 8 -7 19 -11 13 -13 16 15 -15 -12 18 -18 -3 -21 -14 23 -1 25 26 -25 28 -28 -27
right_child=1 9 3 4 5 7 -8 -9 -10 10 11 12 21 14 -16 -17 17 -19 -20 20 -22 -23 -24 24 -26 29 27 -29 -30 -31
leaf_value=5.9861552262868955e-05 0.084100786337469036 0.052503909594456499 -0.04681993745504124 0.085809731055168023 0.095624836253125123 0.046704602137292869 -0.0050521390089321404 0.018699811660391721 -0.02449067751535931 -0.047659332344978052 -0.035904136166364724 0.092877706860036283 0.040612846154475531 0.10385431641533603 -0.022880350471875071 -0.0036554128211436429 -0.0085051579863113669 -0.049048917242173078 0.092827049968763786 -0.029979628875612382 0.043884171931100245 -0.057586502958885344 0.001792362465622472 -0.010803046174941405 -0.01593379719171404 0.0030755821997059834 0.018971958978909045 -0.0289629275109719 -0.011828992813737711 -0.061686759209578473
leaf_weight=10395.302472167183 3.0739135183393946 5.0920138731598881 8.4442693069577199 4.0127430446445933 4.4813111610710603 3.4295708984136573 5.3418741747736931 16.400940135121346 32.57613131031394 16.21440501511097 41.890700653195381 2.9779557250440121 2.5291995517909527 3.8148545101284981 10.373902730643747 4.6184866912663001 3.0067628696560842 4.766555592417717 3.1919877603650093 11.129695359617473 5.3184547387063494 3.0466385055333358 3385.6981516070664 409.00619716988876 177.71546424180269 469.79585442785174 88.830104324035347 22.592493170872331 34.093673568218946 5.3195820525288573
leaf_count=121986 32 28 70 35 29 18 29 86 201 107 383 29 25 26 62 29 29 32 18 72 26 37 20396 4562 1293 3627 893 199 291 34
internal_value=-1.73888e-05 -0.00740248 0.00357619 0.00026201 0.00626378 0.00113445 0.0408764 -0.00631485 -0.0177093 -0.0146391 -0.0196417 -0.0139784 0.0238325 -0.0184916 0.00754752 0.044977 -0.0277568 0.00336839 0.0436749 0.00775679 -0.00609601 -0.0130433 7.90529e-05 -0.000420897 -0.00456023 -0.00259715 -0.00683628 0.00431321 0.0104291 0.00235048
internal_weight=15184.1 195.732 77.7608 74.6868 66.2426 62.2298 9.82319 52.4066 36.0057 117.972 96.4314 80.217 8.55379 71.6633 18.8072 8.43334 52.856 10.9653 6.19875 21.5402 16.4482 5.57584 14988.4 11602.7 1207.35 1029.64 554.522 145.516 122.924 475.115
internal_count=154684 1403 500 468 398 363 58 305 219 903 777 670 91 579 117 55 462 79 47 126 98 62 153281 132885 10899 9606 5945 1383 1184 3661
is_linear=0
shrinkage=0.05


Tree=148
num_leaves=31
num_cat=0
split_feature=3 21 15 8 8 26 10 3 28 14 23 22 15 21 20 15 14 22 22 19 23 14 8 13 24 23 11 26 1 24
split_gain=4.31214 4.45131 9.76525 9.89696 7.43858 9.49943 9.47845 8.55706 9.7735 7.34112 7.34043 7.12334 6.84985 8.92721 14.8168 13.5631 9.57846 8.87207 8.73918 12.4498 15.0259 9.3489 14.4092 18.3277 6.76931 6.63914 11.8214 12.3765 6.41509 6.66911
threshold=64.500000000000014 -0.030000000000000002 0.035000000000000017 0.63250000000000017 0.30240000000000006 0.055000000000000167 0.41645000000000004 42.500000000000007 4.5000000000000009 -0.19754999999999992 6.5750000000000011 4.1050000000000013 0.029999999999999982 -0.064999999999999988 -1.0000000180025095e-35 0.043333333333333321 0.061900000000000045 -1.0049999999999999 2.6550000000000007 0.025000000000000012 6.8250000000000011 0.020316666666666625 0.23670000000000005 0.22166666666666693 0.039999999999999598 6.6350000000000007 0.33625000000000005 -0.14499999999999999 5.5000000000000009 -0.028333333333331986
decision_type=2 2 2 2 2 2 2 2 2 2 2 2 2 2 2 2 2 2 2 2 2 2 2 2 2 2 2 2 2 2
left_child=1 4 28 9 6 25 12 8 -7 -4 -11 -9 18 -14 15 16 17 -15 -1 21 -21 22 23 -20 -24 26 27 -6 -3 -30
right_child=-2 2 3 -5 5 7 -8 11 -10 10 -12 -13 13 14 -16 -17 -18 -19 19 20 -22 -23 24 -25 -26 -27 -28 -29 29 -31
leaf_value=-0.014185801876304466 -0.022437644703541773 0.00045368239482396281 -0.065079151458403386 0.079113706299683353 0.10097750147826189 0.0021389822073544472 -0.037808947977623901 -0.029373847356511919 -0.035767051025544283 -0.06777204298260868 0.011891070557495985 0.036109831785747698 -0.016835078782498149 0.1150420226999746 0.0020092304653663673 0.15500499113280766 0.13328115990600428 -0.0090891409203625352 -0.012531901503943982 0.21138153325440553 -0.017047335948605396 -0.034648419553045325 -0.018709145426212388 0.25616196722695045 0.074348987059700958 -0.00048921682910917801 -0.0016754598382433695 0.020975887770637709 -0.013562883800827456 -0.0018150236734006998
leaf_weight=208.22106747282669 21.415206048171967 12142.086619941983 3.2502558673731974 5.2323726005852214 5.3405478969216338 112.85739080794156 26.123007912188768 65.246559067629278 20.021650042384863 2.9359486573375753 191.69161828840151 4.4352633319795123 28.203736650757492 1.7783915810286979 39.41699474863708 3.0419757366180411 2.0774251464754334 7.5532490024343133 1.1368708424270217 1.6846978235989802 1.2570920018479226 9.0659463554620725 7.6264747921377403 1.4366435967385767 2.6275108978152275 1463.7518537268043 75.857315510511398 51.00698902644217 157.44396545435302 519.14763454021886
leaf_count=2478 279 111766 30 29 28 942 237 648 279 31 2468 35 717 36 243 30 22 113 26 26 19 96 97 18 18 9259 414 288 7691 16321
internal_value=-1.69587e-05 1.47098e-05 0.000361998 0.0112396 -0.00209875 -0.000814614 -0.00886662 -0.0110145 -0.00357254 0.00944481 0.0106894 -0.0252058 -0.0064674 0.00595486 0.017887 0.0611956 0.0361834 0.0145673 -0.010842 0.0171932 0.113769 0.00421649 0.0316846 0.137464 0.00513634 0.000479965 0.0112106 0.0285583 0.000189644 -0.00454877
internal_weight=15183 15161.6 13021.8 203.11 2139.77 1798.52 341.251 202.561 132.879 197.878 194.628 69.6818 315.128 82.0718 53.868 14.451 11.4091 9.33164 233.056 24.8352 2.94179 21.8934 12.8275 2.57351 10.254 1595.96 132.205 56.3475 12818.7 676.592
internal_count=154684 154405 138336 2558 16069 11893 4176 1904 1221 2529 2499 683 3939 1161 444 201 171 149 2778 300 45 255 159 44 115 9989 730 316 135778 24012
is_linear=0
shrinkage=0.05


Tree=149
num_leaves=31
num_cat=0
split_feature=22 22 14 21 0 8 8 3 13 20 4 24 11 15 15 0 28 8 17 24 24 6 4 22 25 12 24 11 13 9
split_gain=4.28223 6.06602 9.5846 12.5006 10.1212 15.0741 9.4178 9.26833 10.0931 7.95072 6.06091 5.88113 10.4076 5.77496 5.00551 4.719 5.04975 10.7348 7.39693 11.8938 26.1733 36.9662 7.93342 20.8766 16.9113 12.4473 7.26207 5.89236 6.38363 7.80091
threshold=-2.774999999999999 -2.6849999999999992 0.0052166666666666759 0.065000000000000016 13.500000000000002 0.24020000000000002 0.25569999999999998 40.500000000000007 -1.711666666666666 -0.18500000000000003 47.500000000000007 0.085000000000000422 0.39095000000000008 -0.011833333333333333 -0.0066666666666666602 18.500000000000004 3.5000000000000004 0.25725000000000003 3.5000000000000004 0.035000000000000593 0.043333333333334341 0.18500000000000003 51.500000000000007 -2.8849999999999993 1.5000000000000002 0.19205000000000003 -0.10499999999999997 0.51195000000000013 -1.0933333333333333 5.8850000000000007
decision_type=2 2 2 2 2 2 2 2 2 2 2 2 2 2 2 2 2 2 2 2 2 2 2 2 2 2 2 2 2 2
left_child=11 2 4 10 5 7 -6 8 -2 -9 -4 15 13 -13 -10 16 -1 18 19 22 21 -21 23 25 -24 -18 -20 28 29 -27
right_child=1 -3 3 -5 6 -7 -8 9 14 -11 -12 12 -14 -15 -16 -17 17 -19 26 20 -22 -23 24 -25 -26 27 -28 -29 -30 -31
leaf_value=-0.012011493589417534 0.021938046324023412 2.6918587897993927e-05 0.074289484298198247 0.11614365388324505 -0.030884526822994286 -0.066881203745898177 0.11937704947803013 -0.052483348082032935 0.24221579492929354 0.10922987210069826 -0.032098081912376397 -0.060031434249947627 0.11231113967746298 0.038320172541677106 0.13071596988385514 -0.027354574989234933 0.38267009852802508 0.13839069743449092 0.18182662787272008 0.021088722091083048 0.013813350574784345 0.54324999457485512 0.27882828966381118 0.37081775606038064 -0.032867284619548472 -0.05193241883057334 -0.026660431474572484 0.18596793292420308 0.16950707501517348 0.18373439364397037
leaf_weight=95.668920752126724 1.2327216118574131 14972.971716603031 1.4927473943680549 1.8733844929374743 5.0839329501613966 1.469677910208701 1.3118633627891538 1.359128871932626 1.976871540769934 1.7244449835270641 12.975916774943469 2.6531607499346137 2.7672662511467934 3.411919931881128 2.0507237454876335 31.436654682736844 0.23075231374241401 1.5477974619716395 0.42892866022885101 0.68462415598332771 2.9226656151004136 0.67130695469677448 0.45382613688707252 0.47291329503059998 10.584077981533481 3.6791045372374347 15.924551202682776 0.42052421392872918 0.44758450798690397 0.3881973773241042
leaf_count=1297 38 149420 27 23 107 19 15 45 26 16 200 47 39 40 23 1059 25 31 33 31 118 30 23 19 593 248 1058 24 8 2
internal_value=-1.68445e-05 7.37921e-05 0.0216346 -0.0053864 0.0488768 0.0807729 -6.38679e-05 0.10678 0.147127 0.0379525 -0.021122 -0.00779768 0.0319583 -0.0047036 0.185444 -0.00991345 -0.00583772 0.00936264 0.0040098 0.0236771 0.0980455 0.279605 0.00459732 0.0528455 -0.0200518 0.0237382 -0.0211921 0.0069565 -0.00971693 -0.0294396
internal_weight=15180.3 15005.5 32.5514 16.342 16.2094 9.81357 6.3958 8.34389 5.26032 3.08357 14.4687 174.795 8.83235 6.06508 4.0276 165.962 134.526 38.8569 37.3091 20.9556 4.2786 1.35593 16.677 5.63908 11.0379 5.16616 16.3535 4.93541 4.51489 4.0673
internal_count=154684 149959 539 250 289 167 122 148 87 61 227 4725 126 87 49 4599 3540 2243 2212 1121 179 61 942 326 616 307 1091 282 258 250
is_linear=0
shrinkage=0.05


Tree=150
num_leaves=31
num_cat=0
split_feature=15 11 20 7 13 10 23 18 3 26 20 3 24 19 19 23 12 1 27 14 14 20 23 26 27 11 3 20 20 24
split_gain=4.22928 6.36906 6.08271 7.51574 9.04288 8.64802 10.2555 10.3048 10.044 14.0811 16.8057 23.3601 17.724 17.1055 15.3627 15.1257 17.544 14.0128 12.5053 9.52511 19.0927 24.2914 13.4075 12.7741 11.0383 9.35797 9.03479 10.2324 28.7772 8.79862
threshold=-0.019166666666666662 0.70185000000000008 -3.4049999999999989 4.2250000000000005 1.0466666666666673 0.23829999999999998 6.955000000000001 3.5000000000000004 39.500000000000007 0.020000000000000021 -0.2600000000000004 58.500000000000007 -0.0016666666666673711 0.020000000000000014 0.035000000000000003 6.7950000000000008 0.31735000000000002 3.5000000000000004 -0.024999999999999908 0.055224999999999975 0.095441666666666661 -1.8299999999999992 6.745000000000001 -0.024999999999999908 -0.044999999999999922 0.39095000000000008 45.500000000000007 -1.8699999999999997 -2.1049999999999991 -0.033333333333333652
decision_type=2 2 2 2 2 2 2 2 2 2 2 2 2 2 2 2 2 2 2 2 2 2 2 2 2 2 2 2 2 2
left_child=1 -1 -2 4 5 6 29 25 19 -10 13 12 15 -11 18 16 -12 -18 -15 24 21 22 -21 -23 -7 -8 -20 28 -28 -4
right_child=2 -3 3 -5 -6 8 7 -9 9 10 11 -13 -14 14 -16 -17 17 -19 26 20 -22 23 -24 -25 -26 -27 27 -29 -30 -31
leaf_value=-0.0020489161263366586 -0.024082711519770698 -0.055980167218159307 -0.015255470588625648 7.2856985549065099e-06 0.11965902229289123 -0.013899638209438459 0.057673730995837585 -0.0015694409550739124 -0.0025968017236007823 -0.0099688279065420424 -0.053829982793584287 0.27440140119868983 0.19950827530854842 0.31020682112686332 -0.0072002786112055368 -0.019653414435732142 0.33319720020060767 0.061378857201371442 0.21337196137206427 0.35123080923462691 0.011836275092305788 0.1617848601194711 0.12466690377737107 0.026226953263209282 0.026090371132127588 -0.029455390117870784 -0.051857835929552079 -0.052369346033226218 0.43482254966655759 0.0018456923642892254
leaf_weight=1927.1541391478386 25.52557470346801 5.4899672442115834 87.043571008369327 12219.297723976895 1.7021250762045372 24.020880449563265 21.776627182960514 21.735756094800308 155.89310380676761 24.481679634191096 0.96325174020603155 1.368758862838148 1.7648015609011043 0.82757349498569954 3.3073103432543576 5.9379764501936734 1.02883018925786 0.8794257529079913 1.1294957133941346 1.2215374121442431 15.579139648471026 2.2797487322241059 1.4029578175395725 7.3115561995655325 61.273305360693485 3.5897358870133749 0.74603247875347745 1.3367786514572797 0.51232858654111635 553.4761136865709
leaf_count=27368 2019 62 2741 107851 10 245 461 512 1720 753 21 21 25 23 97 141 15 28 36 14 175 26 29 73 886 74 30 43 16 9169
internal_value=-1.7093e-05 -0.00220212 0.000301677 0.000348752 0.00451045 0.00431463 0.0011776 0.0236951 0.0112004 0.00447113 0.0293523 0.0800391 0.0548804 0.0106345 0.074812 0.0259071 0.120121 0.207929 0.134396 0.0231118 0.0485316 0.09533 0.230118 0.0584476 0.0148282 0.0453436 0.0953331 0.0439584 0.146289 -0.000478274
internal_weight=15180.1 1932.64 13247.4 13221.9 1002.59 1000.89 687.622 47.1021 313.266 200.177 44.2842 11.943 10.5743 32.3412 7.85952 8.80948 2.87151 1.90826 4.55221 113.089 27.7949 12.2158 2.6245 9.5913 85.2942 25.3664 3.72464 2.59514 1.25836 640.52
internal_count=154684 27430 127254 125235 17384 17374 12957 1047 4417 2969 1249 251 230 998 245 205 64 43 148 1448 317 142 43 99 1131 535 125 89 46 11910
is_linear=0
shrinkage=0.05


Tree=151
num_leaves=31
num_cat=0
split_feature=26 22 23 26 22 23 11 4 19 10 19 8 10 11 7 26 8 0 6 3 13 13 8 8 15 22 12 22 9 12
split_gain=4.22397 4.68669 6.06908 4.57257 13.5207 7.18678 6.42762 4.14747 7.77186 6.53553 7.38079 7.71449 6.708 10.4152 10.4777 11.7798 20.6601 13.2714 9.7319 7.87862 10.1858 8.28194 7.04926 16.3257 10.9961 12.0074 11.0396 8.24629 10.6404 8.73629
threshold=0.23000000000000001 1.155 7.0550000000000006 0.21500000000000033 -1.2499999999999996 6.8250000000000011 0.36565000000000009 49.500000000000007 -0.039999999999999994 0.61560000000000004 -0.0099999999999999863 0.52300000000000013 0.45340000000000008 0.49445 5.995000000000001 0.010000000000000233 0.22174999999999997 11.500000000000002 0.19500000000000003 57.500000000000007 -0.043333333333332551 1.3666666666666663 0.44335000000000002 0.4391500000000001 -0.034999999999999989 -0.40999999999999998 0.30465000000000003 0.7300000000000002 7.1150000000000011 0.38025000000000003
decision_type=2 2 2 2 2 2 2 2 2 2 2 2 2 2 2 2 2 2 2 2 2 2 2 2 2 2 2 2 2 2
left_child=3 -2 -3 7 -5 -6 -7 8 -1 12 -11 -12 13 -10 15 -15 -17 -18 19 21 -21 22 23 27 -24 26 -26 -14 29 -29
right_child=1 2 -4 4 5 6 -8 -9 9 10 11 -13 18 14 -16 16 17 -19 -20 20 -22 -23 24 -25 25 -27 -28 28 -30 -31
leaf_value=0.0077698119314466895 -0.036753450784379547 -0.033641458413885571 0.085973665456552828 0.18885730550525326 0.097180857010326249 -0.045907715480430371 0.061082945880276955 0.000304223273412001 -0.0052046370738224428 -0.047868153164488114 -0.02155139224056863 0.021744881846276445 -0.0067143821554774552 0.018178547628973009 -0.010704956415690667 -0.05451086690373718 0.21577982756965361 0.052005338640580406 -0.030778892158999111 0.14335238316521615 0.004651118824028657 0.019185611408752964 0.11276354384312948 0.080529744094599662 -0.039884609095800633 -0.020181698652416424 0.093996805528100899 0.026021314194998708 0.098004184805206451 -0.02186625770144213
leaf_weight=177.70947686303407 14.861371095292272 2.2490535341203204 2.0065651182085276 1.2350190016441036 1.9107152004726211 4.5584354328457266 2.028441583737731 13241.615610484034 1269.9562180221546 16.254553200677037 35.790894327219576 14.438935995101927 83.283598490059376 38.94852567394264 26.512528368271887 1.8264406512025733 2.7457422437146306 2.2511629201471806 19.073929477483034 2.3764212159439921 2.9878610521554938 76.23643234744668 1.7408176818862546 7.1427723793312898 2.3230152316391459 73.379028751980513 4.5666373427957296 33.086407352238894 3.9214061796665183 13.373728808015583
leaf_count=1999 318 28 18 32 30 91 28 133180 15027 150 301 109 842 368 187 44 36 28 175 27 21 465 19 58 22 663 40 246 30 102
internal_value=-1.75601e-05 -0.0235056 0.0227582 1.20562e-05 0.0342727 0.0118058 -0.0129597 -9.95118e-06 -0.00218814 -0.00320973 -0.0185825 -0.00910556 -0.00259616 -0.00415385 0.0143074 0.0287953 0.0893971 0.141998 0.00386704 0.00603785 0.0660969 0.00496053 9.34596e-05 0.00688058 -0.0115598 -0.0142561 0.0488554 0.00294493 0.0189123 0.0122367
internal_weight=15180.4 19.117 4.25562 15161.3 9.73261 8.49759 6.58688 15151.5 1909.93 1732.22 66.4844 50.2298 1665.73 1342.24 72.2844 45.7719 6.82335 4.99691 323.492 304.418 5.36428 299.054 222.817 140.808 82.0095 80.2687 6.88965 133.665 50.3815 46.4601
internal_count=154684 364 46 154320 181 149 119 154139 20959 18960 560 410 18400 15690 663 476 108 64 2710 2535 48 2487 2022 1278 744 725 62 1220 378 348
is_linear=0
shrinkage=0.05


Tree=152
num_leaves=31
num_cat=0
split_feature=23 9 8 19 4 11 20 7 21 7 26 23 22 20 9 15 14 7 0 8 13 3 8 22 15 6 24 22 7 16
split_gain=4.0774 4.02563 11.3071 7.97601 10.8277 10.3454 9.78644 9.62908 8.83637 7.96082 7.63664 7.63093 12.0321 10.9564 8.75802 8.39715 9.00612 8.04842 9.89298 8.07377 7.89216 7.31348 6.80341 6.70321 6.60315 6.5388 7.39533 7.2231 6.53582 6.36463
threshold=7.5750000000000011 7.3750000000000009 0.36550000000000005 -0.0099999999999999863 46.500000000000007 0.55590000000000017 3.305000000000001 6.5450000000000008 -0.055 6.5450000000000008 0.055000000000000167 6.6750000000000007 -0.81999999999999951 3.1750000000000012 7.3950000000000005 0.018333333333333323 -0.1223416666666667 6.285000000000001 5.5000000000000009 0.38910000000000006 -0.31166666666666626 41.500000000000007 0.46865000000000007 -0.74999999999999967 0.024999999999999977 0.15500000000000003 0.0099999999999993445 1.8300000000000005 6.5150000000000006 5.5000000000000009
decision_type=2 2 2 2 2 2 2 2 2 2 2 2 2 2 2 2 2 2 2 2 2 2 2 2 2 2 2 2 2 2
left_child=1 -1 10 4 -4 6 7 8 -6 -8 23 12 -5 17 -14 16 -16 18 -13 -20 21 -19 -11 -3 -17 27 -27 -21 -10 -25
right_child=-2 2 3 11 5 -7 9 -9 28 22 -12 13 14 -15 15 24 -18 20 19 25 -22 -23 -24 29 -26 26 -28 -29 -30 -31
leaf_value=-0.00022314667907334342 -0.059835698357868242 -0.02223070091660026 -0.046856560178717588 0.087854631995700705 0.062200474514352268 0.088039042556871172 -0.048305122609713536 -0.010904359152182116 -0.00041665924492647466 0.083517625862481862 0.069192625605337857 0.030721195612011074 0.060260564159586139 0.071439634549304507 0.062238802042582843 0.048932682070206505 -0.026071964186440717 -0.0057370803637233183 0.018847372704027948 -0.023141119977455091 0.011185527536738895 -0.087043550431952346 0.018613963182761959 0.019943760370644478 -0.01465706845528676 -0.027802693831547889 -0.098095363893322726 0.059771364257780596 0.056346348069864972 0.097073898889843288
leaf_weight=14169.95497799525 2.848210195079445 9.0965879689902049 14.10898466221988 3.1835392322391263 7.1418100483715525 3.1472145970910779 3.9483716748654833 244.09326356370002 66.711828139610589 4.5705808214843264 8.0231347894296032 12.462947342544792 4.1047421507537356 6.7240296676754943 3.019905522465705 8.3122618943452853 65.611283348873258 11.034643253311513 11.122076977044342 21.688566962257031 382.95599467912689 3.6908392044715574 34.628054890781641 42.481930604670197 8.0225186645984632 9.9770349641330522 5.9872071566060177 2.9887616932392111 5.4883874747902146 2.8543457752093664
leaf_count=147011 28 66 107 23 46 24 24 1936 560 24 96 85 24 41 15 46 457 120 88 163 2867 48 188 327 47 99 39 18 36 31
internal_value=-1.72715e-05 -6.0457e-06 0.00304833 0.00168618 -0.00386741 -0.00222693 -0.00300189 -0.00598575 0.00914621 0.0193655 0.0236527 0.00548673 -0.00765778 0.00807434 -0.0110716 -0.0145176 -0.0221861 0.00715193 -0.00927128 -0.0189001 0.00980431 -0.026116 0.0261818 0.0169403 0.0177018 -0.0292302 -0.0541652 -0.0130993 0.00389825 0.0247998
internal_weight=15180 15177.1 1007.18 944.725 383.838 369.73 366.582 323.435 79.342 43.147 62.456 560.886 92.2543 468.632 89.0707 84.966 68.6312 461.908 64.2266 51.7636 397.681 14.7255 39.1986 54.4329 16.3348 40.6416 15.9642 24.6773 72.2002 45.3363
internal_count=154684 154656 7645 7125 2945 2838 2814 2578 642 236 520 4180 612 3568 589 565 472 3527 492 407 3035 168 212 424 93 319 138 181 596 358
is_linear=0
shrinkage=0.05


Tree=153
num_leaves=31
num_cat=0
split_feature=14 12 24 12 26 7 9 21 15 13 7 11 8 10 8 3 12 26 15 25 12 7 7 28 14 12 9 7 8 0
split_gain=4.0529 7.1834 6.018 7.2335 8.1332 6.4899 18.7181 13.8227 8.78452 6.567 9.63573 18.7257 9.59951 9.59924 12.6485 10.5343 8.67454 11.7379 11.4691 8.10067 6.91313 10.9814 9.29083 6.71444 8.69018 10.8319 10.4968 9.5631 11.639 8.23668
threshold=-0.064599999999999963 0.19205000000000003 -0.021666666666666941 0.31595000000000001 -0.015000000000000123 6.3650000000000011 6.6450000000000005 -0.030000000000000002 -0.0066666666666666602 0.4466666666666666 4.9250000000000007 0.24794999999999998 0.30240000000000006 0.44770000000000004 0.38664999999999999 45.500000000000007 0.32960000000000006 0.024999999999999915 -0.010833333333333332 5.5000000000000009 0.35145000000000004 5.0050000000000008 5.1050000000000013 3.5000000000000004 -0.075183333333333394 0.54230000000000012 5.8250000000000011 4.5650000000000004 0.21759999999999999 9.5000000000000018
decision_type=2 2 2 2 2 2 2 2 2 2 2 2 2 2 2 2 2 2 2 2 2 2 2 2 2 2 2 2 2 2
left_child=1 -1 3 -3 -5 6 9 -8 -9 12 11 -11 16 -14 15 -15 17 18 -6 -20 -18 23 -23 24 25 26 -22 28 29 -26
right_child=-2 2 -4 4 5 -7 7 8 -10 10 -12 -13 13 14 -16 -17 20 -19 19 -21 21 22 -24 -25 27 -27 -28 -29 -30 -31
leaf_value=0.0076313998679616822 0.00032537743477384438 -0.014829344257586648 -0.0011783013151266859 -0.039769017958349771 -0.025095426329604299 -0.013197961503817763 0.15847609014913458 -0.057634364520700615 0.05000615462127881 0.12761202476748593 0.0044566942376486783 -0.033009091727561661 -0.031220304081140727 0.18742903532884178 -0.030924386957179046 0.0019505671785768853 -0.029223874070082409 -0.0033928775394826399 0.077068215634903431 0.222510385817596 -0.015264852883415931 0.21556300910922782 0.028875173461664363 -0.02952094242285544 0.13540840081574076 0.12690474363242829 0.11251776160489924 -0.017851751913202079 0.2240595807625253 -0.025893594304468477
leaf_weight=179.43063196190633 12914.558156915708 201.07426735106856 1530.36253131181 14.384847852867095 1.3860867158509789 86.501737616490573 2.6183268409222391 2.2286906829103854 12.6755278869532 4.5342848440632215 86.085450721904635 3.0252332873642445 50.26985670439899 1.7504403078928583 3.6473442204296589 1.3605351462028918 19.183875079499558 6.1670946208760142 2.1270232438109797 1.740986518096179 26.350316367577769 1.0984321683645242 1.694579687900841 13.63484320300631 1.5159296542406075 1.5843592323362816 1.711534684523939 2.4675097484141588 1.4051296915858982 1.6559737185016272
leaf_count=1921 129285 3295 14542 313 33 921 29 47 158 44 866 33 867 31 56 22 540 256 25 19 388 23 33 777 20 23 25 36 20 36
internal_value=-1.66882e-05 -0.00196822 -0.00279464 -0.00726056 -0.00294689 -0.00138174 0.0026756 0.0525236 0.0339102 -0.00105083 0.00920952 0.0633333 -0.00787725 -0.0236987 0.0322484 0.106313 0.00289951 0.0433934 0.0983098 0.142532 -0.00349707 0.00579421 0.102296 0.000438495 0.0115719 -0.00028985 -0.0074712 0.0614907 0.104265 0.0511965
internal_weight=15178.2 2263.67 2084.24 553.88 352.806 338.421 251.919 17.5225 14.9042 234.397 93.645 7.55952 140.752 57.0282 6.75832 3.11098 83.7237 11.4212 5.2541 3.86801 72.3025 53.1186 2.79301 50.3256 36.6908 29.6462 28.0619 7.04454 4.57703 3.1719
internal_count=154684 25399 23478 8936 5641 5328 4407 234 205 4173 943 77 3230 976 109 53 2254 333 77 44 1921 1381 56 1325 548 436 413 112 76 56
is_linear=0
shrinkage=0.05


Tree=154
num_leaves=31
num_cat=0
split_feature=21 15 21 3 27 8 1 10 0 21 19 10 20 20 13 16 8 10 2 8 6 6 9 24 3 6 0 3 3 14
split_gain=4.01766 9.0188 8.83023 7.33617 9.67138 6.88073 9.13606 8.88246 7.68519 9.53625 7.24743 7.11516 7.26353 17.9226 6.60177 10.0448 9.51362 9.18687 9.35625 10.1007 13.1238 8.98169 12.8172 8.96728 14.704 11.3219 9.38682 8.68577 8.00098 15.0164
threshold=-0.030000000000000002 0.02500000000000004 0.015000000000000001 25.500000000000004 0.074999999999999747 0.30240000000000006 3.5000000000000004 0.41645000000000004 2.5000000000000004 -0.064999999999999988 0.039999999999999994 0.28020000000000006 0.14999999999999972 -0.23000000000000018 1.4108333333333334 1.5000000000000002 0.39630000000000004 0.30314999999999998 3.5000000000000004 0.33015000000000005 0.14500000000000005 0.14500000000000005 6.285000000000001 -0.094999999999999293 57.500000000000007 0.18500000000000003 19.500000000000004 49.500000000000007 48.500000000000007 0.089616666666666719
decision_type=2 2 2 2 2 2 2 2 2 2 2 2 2 2 2 2 2 2 2 2 2 2 2 2 2 2 2 2 2 2
left_child=5 14 3 4 -3 7 10 -1 9 -8 -7 -11 13 -13 16 -16 17 18 21 20 -20 27 28 24 26 -26 -19 -2 -23 -30
right_child=1 2 -4 -5 -6 6 8 -9 -10 11 -12 12 -14 -15 15 -17 -18 23 19 -21 -22 22 -24 -25 25 -27 -28 -29 29 -31
leaf_value=-0.006232182853860564 -0.015351978387177232 0.014996759768962573 0.062181094887936522 0.0034080212941658377 0.08668290392858774 0.0012928442090876621 -0.035780996452766133 -0.036755675207689804 -0.0083478916191087205 0.063086776838915767 0.070423253887113554 -0.0064310421616568351 0.00096687468453967381 0.16586134253730273 0.0051364792982724382 -0.0070786787437712344 -0.0023126326939048674 0.022795063561863373 0.12414927504227034 0.008692316855047004 0.015549633072625094 0.00065037395776592526 0.091210246048775645 0.0025102195968109997 0.052228384276632511 0.23631032915710654 -0.062551166756957419 0.017951580944010722 -0.0073219850716040105 0.011850100708443606
leaf_weight=314.44992906157859 173.172088554129 71.023550509708002 6.8068628944456568 711.02958549931645 5.0387805160135022 1268.3031154638156 8.7532685007899982 25.789167236536741 473.22609263658524 8.2919047027826291 3.8026467077434054 3.9187531787902117 28.91835381090641 2.4550494886934748 1126.5922128427774 197.85675696656108 4146.4146938375197 42.876468644011766 4.8229501051828247 44.008419171907008 6.5735677322372794 2769.641614110209 3.7990898983553043 2808.1953476960771 2.2046163566410537 1.3448123768903313 3.4834831194020799 22.073453953489661 774.56569641153328 117.64576027635485
leaf_count=3939 1964 1525 37 5478 34 7310 63 237 4149 69 36 45 203 24 6633 1208 36815 713 41 420 64 40747 38 29189 47 23 71 286 11865 1411
internal_value=-1.6596e-05 0.000312811 0.00547722 0.00498684 0.0197456 -0.00202566 -0.000791615 -0.00854578 -0.00633715 0.0118437 0.00149949 0.0214084 0.0116161 0.0599322 -2.20143e-05 0.00331168 -0.000426316 0.000728242 -0.000844723 0.0195563 0.0615085 -0.00113748 -0.000580913 0.00288359 0.0238916 0.121974 0.0163822 -0.0115868 -0.000676144 -0.00479398
internal_weight=15177.1 13039.2 793.899 787.092 76.0623 2137.91 1797.67 340.239 525.563 52.3373 1272.11 43.5841 35.2922 6.3738 12245.3 1324.45 10920.8 6774.41 3916.3 55.4049 11.3965 3860.9 3665.65 2858.1 49.9094 3.54943 46.36 195.246 3661.85 892.211
internal_count=154684 138609 7074 7037 1559 16075 11899 4176 4553 404 7346 341 272 69 131535 7841 123694 86879 56836 525 105 56311 54061 30043 854 70 784 2250 54023 13276
is_linear=0
shrinkage=0.05


Tree=155
num_leaves=31
num_cat=0
split_feature=24 15 15 11 23 23 8 10 0 7 3 23 16 15 23 23 15 11 11 14 11 24 26 14 9 11 23 4 20 26
split_gain=3.9592 5.48939 9.13664 12.5856 4.52171 4.46907 5.56206 7.78759 5.13295 9.67585 10.394 5.97253 15.415 6.35476 5.22547 4.43795 4.09106 6.04971 5.80591 11.0822 11.0857 12.6969 8.5542 8.27585 7.5265 8.8194 7.75483 13.6524 7.53517 7.08047
threshold=-0.11083333333333333 -0.038333333333333316 -0.044999999999999964 0.32395000000000007 7.5450000000000008 6.8350000000000009 0.30575000000000002 0.25555 1.5000000000000002 6.3350000000000009 40.500000000000007 6.8450000000000006 2.5000000000000004 0.039166666666666662 7.3450000000000006 6.8550000000000013 -0.019166666666666662 0.60135000000000016 0.44240000000000002 0.072108333333333344 0.44470000000000004 0.044999999999999492 -0.16500000000000001 0.056233333333333337 1.0000000180025095e-35 0.5011500000000001 6.785000000000001 52.500000000000007 -0.044999999999999922 0.024999999999999915
decision_type=2 2 2 2 2 2 2 2 2 2 2 2 2 2 2 2 2 2 2 2 2 2 2 2 2 2 2 2 2 2
left_child=1 2 -1 -4 5 6 7 -3 9 10 -7 12 -10 14 15 -13 17 18 -2 23 21 29 -22 -20 25 26 28 -28 -24 -21
right_child=16 4 3 -5 -6 8 -8 -9 11 -11 -12 13 -14 -15 -16 -17 -18 -19 19 20 22 -23 24 -25 -26 -27 27 -29 -30 -31
leaf_value=-0.033964746451148747 -0.0027764343853145237 -0.053906847468680033 -0.018766875938176119 0.20106659446223524 -0.077375493645182467 0.15291810819635143 -0.058369161326212254 0.095439173376579214 0.17240416043571596 -0.060804483294922357 -0.0077962967441088313 -0.07248749172730258 -0.058726391572244921 0.067938880508967486 0.047182779719368795 -0.014131189153873512 0.00036802307505140095 -0.033581201074783559 0.0035512160936465097 0.0061380408188048208 0.093104427248476618 0.15377915877869422 -0.015254033761458057 -0.053556933312593639 0.0029605376369199981 -0.025778563326055177 0.017193877190256019 0.32089999269668135 0.097248832647380545 0.1194746896048714
leaf_weight=2.1299164807423949 1708.5445741992444 1.874134371755644 1.1550289597362273 1.4921890217810867 2.5545147927477947 2.2554841267410657 9.1771645904518646 1.6338523761369286 1.5020522875711315 1.6994860395789144 1.8160921009257434 3.4051460563205174 1.3880004086531696 2.433026020647957 3.3417375921271733 75.376711668912321 13147.972770782188 15.146139813587068 13.011470156256111 6.7618886032141727 2.8760535046458235 2.6960837747901669 2.5491036856546998 12.379843425471334 139.43965968256816 3.0134994171094149 0.69977791886776664 0.78527742484584451 3.5766835268586856 1.7307591629214583
leaf_count=64 24516 67 28 18 23 29 115 36 19 23 24 56 29 37 33 1300 125757 181 168 71 26 26 65 166 1615 90 27 13 25 37
internal_value=-1.63535e-05 -0.00933082 0.0431244 0.105149 -0.0116413 -0.0100557 -0.0378993 0.0156514 -0.00626669 0.0394051 0.0812328 -0.00928081 0.0613995 -0.0116966 -0.0140559 -0.0166535 5.36754e-05 -0.00210659 -0.00185542 0.00644758 0.0112032 0.0592461 0.00768849 -0.0242926 0.00605145 0.0466182 0.0752836 0.17779 0.0504334 0.0292355
internal_weight=15174.4 113.235 4.77713 2.64722 108.457 105.903 12.6852 3.50799 93.2177 5.77106 4.07158 87.4467 2.89005 84.5566 82.1236 78.7819 15061.2 1913.21 1898.06 189.52 164.129 11.1887 152.94 25.3913 150.064 10.6243 7.61084 1.48506 6.12579 8.49265
internal_count=154684 1901 110 46 1791 1768 218 103 1550 76 53 1474 48 1426 1389 1356 152783 27026 26845 2329 1995 134 1861 334 1835 220 130 40 90 108
is_linear=0
shrinkage=0.05


Tree=156
num_leaves=31
num_cat=0
split_feature=21 18 26 23 8 3 14 0 17 9 12 23 19 27 23 8 22 12 24 8 27 27 1 10 7 23 24 10 7 8
split_gain=4.04952 15.3015 10.4556 7.02621 15.3768 8.55799 10.9315 9.03715 9.58814 11.1105 8.42982 8.64644 8.78833 25.9516 7.50228 11.5806 11.3532 12.7831 7.78554 7.6775 11.3515 9.17315 7.29925 6.86712 12.7196 12.9885 10.267 10.1143 8.949 11.114
threshold=1.0000000180025095e-35 3.5000000000000004 0.074999999999999747 6.9850000000000012 0.26290000000000008 29.500000000000004 -0.016733333333333347 5.5000000000000009 2.5000000000000004 5.4750000000000005 0.35935000000000006 7.035000000000001 0.010000000000000004 0.020000000000000021 6.6250000000000009 0.16749999999999995 -1.2499999999999996 0.37875000000000009 0.026666666666665954 0.52565000000000006 -0.05000000000000026 -0.10999999999999986 3.5000000000000004 0.34890000000000004 5.2150000000000007 6.6650000000000009 0.021666666666666948 0.34634999999999999 4.245000000000001 0.20299999999999999
decision_type=2 2 2 2 2 2 2 2 2 2 2 2 2 2 2 2 2 2 2 2 2 2 2 2 2 2 2 2 2 2
left_child=1 -1 3 14 10 6 -6 -7 9 -9 -5 12 -12 -14 15 16 -3 18 -18 21 -21 -17 -10 27 -25 26 -26 28 -2 -30
right_child=23 2 -4 4 5 7 -8 8 22 -11 11 -13 13 -15 -16 19 17 -19 -20 20 -22 -23 -24 24 25 -27 -28 -29 29 -31
leaf_value=0.00014546077035366823 0.0040451397292743099 0.1836433267688892 -0.021540914034734411 -0.056688304109578064 0.21949411470445562 -0.015254558786346177 0.039427632094070797 0.180617453602404 0.048693258565645235 0.040754847370244679 0.01892953278734575 -0.045622969926395675 -0.051626511438834954 0.46675029295480741 -0.0063377316437475961 0.027621273025484262 0.11777808614598734 0.18260885564087764 -0.028927973841727607 -0.012309070692355211 0.11981861857049421 -0.01137475946858196 -0.053664303345985612 0.01125764562187483 -0.027947067328004477 0.0031412611782704507 -0.0037575624448599521 -0.049698527188100645 -0.017612871146204891 -0.0012137283756150129
leaf_weight=8690.0328261160757 838.51943767582998 1.6236150339245794 96.445851190946996 8.5341247438918781 1.4139820085838439 7.780535540077838 2.0867424402385977 2.5021030418574801 5.6434304453432542 3.2831053361296654 1.7760012494400137 2.3589979889802635 0.48518374143168319 0.48060479015111923 1050.9493740091566 20.322237430140376 1.1531120501458625 1.2114312401972709 4.1918410381767899 3.1815919801592827 3.3238229956477872 58.468124191276729 2.5192218073643744 400.81146888574585 55.269971810281277 1611.5359747381881 212.60182717628777 10.404996367171405 109.04825500538573 1965.4958628504537
leaf_count=77730 14704 21 3210 262 24 87 27 36 42 35 25 55 34 10 17764 134 44 35 99 19 29 641 85 4174 468 12982 1256 101 1444 19107
internal_value=-1.61149e-05 -0.000606238 -0.00571065 -0.00442037 0.0164873 0.0396081 0.112159 0.0279193 0.052003 0.101245 -0.026294 0.0245587 0.0849419 0.206333 -0.00513039 0.00844382 0.0652731 0.0359601 0.00272217 0.0029938 0.0551992 -0.00131659 0.0171029 0.0011145 0.00317116 0.0014466 -0.00874858 -0.000489629 -0.000313863 -0.00207575
internal_weight=15173.5 9969.77 1279.74 1183.29 38.864 25.2291 3.50072 21.7284 13.9479 5.78521 13.6349 5.10079 2.74179 0.965789 1144.43 93.4758 8.18 6.55638 5.34495 85.2958 6.50541 78.7904 8.16265 5203.69 2280.22 1879.41 267.872 2923.47 2913.06 2074.54
internal_count=154684 100448 22718 19508 722 336 51 285 198 71 386 124 69 44 18786 1022 199 178 143 823 48 775 127 54236 18880 14706 1724 35356 35255 20551
is_linear=0
shrinkage=0.05


Tree=157
num_leaves=31
num_cat=0
split_feature=22 22 14 21 3 0 14 24 4 8 24 11 15 24 14 24 21 2 7 8 10 18 0 4 4 23 20 17 8 23
split_gain=4.01813 5.19991 8.27633 10.6631 8.37817 9.70147 7.68785 10.8664 5.34972 5.06889 5.04663 8.25625 5.36069 4.62675 4.92577 4.91787 8.68297 8.89972 10.6325 6.12288 12.3512 5.37516 7.01863 8.6656 6.15543 7.07752 9.65176 6.26469 5.13585 9.99261
threshold=-2.774999999999999 -2.6849999999999992 0.0052166666666666759 0.065000000000000016 49.500000000000007 10.500000000000002 -0.013499999999999983 0.024999999999999026 47.500000000000007 0.19409999999999997 0.085000000000000422 0.39095000000000008 -0.011833333333333333 0.063333333333333922 -0.080883333333333265 0.035000000000000593 0.065000000000000016 1.5000000000000002 2.8250000000000006 0.24020000000000002 0.13370000000000001 2.5000000000000004 2.5000000000000004 55.500000000000007 46.500000000000007 6.9450000000000012 -1.135 4.5000000000000009 0.15105000000000005 6.7950000000000008
decision_type=2 2 2 2 2 2 2 2 2 2 2 2 2 2 2 2 2 2 2 2 2 2 2 2 2 2 2 2 2 2
left_child=10 2 4 8 5 6 7 -2 -4 -7 13 12 -12 14 -1 19 17 18 -17 21 -21 22 23 -16 27 -26 -27 -24 29 -19
right_child=1 -3 3 -5 -6 9 -8 -9 -10 -11 11 -13 -14 -15 15 16 -18 28 -20 20 -22 -23 24 -25 25 26 -28 -29 -30 -31
leaf_value=-0.034370134683784102 0.0085206125820152297 2.7801591241257352e-05 0.066272207008370929 0.10285886115129327 -0.020993351177960251 -0.027670564394628856 0.18825419391946321 0.16781215862304022 -0.031299972107449392 0.061284853277623709 -0.059792405002527166 0.096602730547224139 0.035461677787358759 -0.044333820683538722 0.0078035022857196315 0.046809839713815082 -0.060909311958417145 -0.00092808189444487557 0.22717294733199092 0.1261294285629877 -0.002160166306546541 -0.018147991269397049 0.14685897013324098 0.25521595741067227 -0.02205548816123333 -0.05153892194059112 0.18832052690636755 -0.01928053779840673 -0.018503697695110736 0.10591537238656104
leaf_weight=15.423961210064588 2.7506985906511545 14965.253698527813 1.5789403570815945 1.9945509121753264 3.7697161403484634 2.9748965175822377 2.0033620982430893 1.752888388931751 12.738536442629991 3.4686637325212359 2.5604442777112126 2.9999741222709417 3.4907650128006917 9.0438034138642234 0.79509722720831877 3.6894485787488582 3.3116488489322355 6.6073499405756611 1.0495541058480737 2.4246273757889858 8.2935655289329571 84.925374664831907 1.3692489257082372 0.63781554740853608 12.895361922914161 0.7310701347887516 0.98379054479300865 0.96891769720241416 8.5289743561297637 3.2721249433234334
leaf_count=530 42 149420 27 23 80 73 28 25 200 41 47 39 40 165 33 162 71 108 15 36 95 2684 31 12 445 53 9 18 92 40
internal_value=-1.61012e-05 7.15411e-05 0.0198877 -0.00545111 0.044608 0.0637036 0.106768 0.0705201 -0.0205397 0.0202155 -0.00757049 0.0287807 -0.00484312 -0.00956514 -0.0075483 -0.00460349 0.0148169 0.0256508 0.0867551 -0.00910992 0.026861 -0.0128419 0.0116731 0.117931 0.00268941 -0.00936496 0.0860649 0.0780121 0.00992037 0.0344589
internal_weight=15172.3 14998.3 33.0323 16.312 16.7202 12.9505 6.50695 4.50359 14.3175 6.44356 174.003 9.05118 6.05121 164.952 155.908 140.484 26.4591 23.1475 4.739 114.025 10.7182 103.307 18.3813 1.43291 16.9484 14.6102 1.71486 2.33817 18.4084 9.87947
internal_count=154684 149959 539 250 289 209 95 67 227 114 4725 126 87 4599 4434 3904 488 417 177 3416 131 3285 601 45 556 507 62 49 240 148
is_linear=0
shrinkage=0.05


Tree=158
num_leaves=31
num_cat=0
split_feature=22 3 3 4 24 21 13 27 25 19 15 20 4 7 11 11 24 24 11 12 11 9 16 7 22 22 8 23 2 28
split_gain=3.93291 5.66396 8.08875 6.15798 8.80218 5.88681 5.07677 4.84334 5.66897 4.96815 7.72555 6.38949 7.94093 6.13584 5.20238 5.53357 7.66082 6.09041 5.05044 4.68203 7.03116 4.55667 4.46318 7.79281 14.2201 13.208 9.8728 13.4903 10.3136 10.0511
threshold=4.3250000000000011 35.500000000000007 27.500000000000004 47.500000000000007 -0.041666666666665624 -0.074999999999999969 1.1850000000000009 -0.084999999999999951 1.5000000000000002 0.015000000000000001 -0.0016666666666666702 2.4350000000000009 53.500000000000007 6.7950000000000008 0.10100000000000002 0.28245000000000003 0.013333333333333199 0.02999999999999892 0.30535000000000007 0.26935000000000003 0.40040000000000003 7.2650000000000006 2.5000000000000004 5.1050000000000013 0.45000000000000046 0.27999999999999964 0.28630000000000005 6.8750000000000009 1.5000000000000002 5.5000000000000009
decision_type=2 2 2 2 2 2 2 2 2 2 2 2 2 2 2 2 2 2 2 2 2 2 2 2 2 2 2 2 2 2
left_child=22 2 5 -4 -5 -2 -7 19 -9 11 -11 14 13 -13 -10 -16 18 -18 -17 -3 -21 -6 -1 24 25 26 29 -28 -29 -24
right_child=1 7 3 4 21 6 -8 8 9 10 -12 12 -14 -15 15 16 17 -19 -20 20 -22 -23 23 -25 -26 -27 27 28 -30 -31
leaf_value=0.00097856728071005834 0.040260358518413759 0.048718179601833292 0.056331551308754696 0.079934539053506601 -0.0074060396195419894 0.034382237289591236 -0.033048760771638812 -0.046234858179371036 0.0367240987347391 -0.0082100791563890375 0.09525328547096451 0.027906763644281764 0.058390409880810727 -0.040915814084441296 -0.063699085161846233 0.030353462372263058 0.053685775207767121 -0.032767726997556347 -0.040557917469764587 -0.028796323486161193 0.040952283818712715 0.041986419224043108 0.00084044655476344949 -0.0023903684136295819 -0.0059961774077613361 0.017128845195853833 0.011115379579727401 0.079894111040598445 -0.012916309226615805 -0.013984466330485222
leaf_weight=7152.959794152528 3.9620971381664303 5.1950888037681606 8.0071397423744184 3.8550750948488703 29.707215819507837 3.1669161524623659 23.535065054893494 15.802938394248484 3.0258226804435244 6.1303325947374105 2.5567333772778493 5.3944836147129562 5.3878877535462371 8.1034246757626516 10.148371702060102 2.7644833736121681 5.1690251491963846 3.362210713326931 27.378672074526548 10.946840204298498 5.3934522420167914 5.5402994602918616 2608.0685341670178 3759.0976003133692 652.31169253354892 139.49003546312451 452.93464952241629 3.0967522682622066 89.633151250425726 119.57476587151177
leaf_count=50739 21 28 47 28 196 32 147 107 24 71 20 37 34 46 102 29 37 24 246 72 26 29 35084 39547 8227 1537 5284 46 1333 11484
internal_value=-1.59032e-05 -0.00707952 0.003374 0.0163833 0.00820299 -0.0166124 -0.0250513 -0.0140426 -0.0188854 -0.0134436 0.0222407 -0.0178261 0.00707332 -0.0134106 -0.0268956 -0.0308385 -0.0222157 0.0196139 -0.0340545 0.00737116 -0.00577435 0.0003576 7.58439e-05 -0.000749434 0.000767975 0.00206085 0.00141874 0.00755817 -0.00981687 0.00019055
internal_weight=15171.7 194.534 77.7738 47.1097 39.1026 30.6641 26.702 116.76 95.2244 79.4214 8.68707 70.7344 18.8858 13.4979 51.8486 48.8228 38.6744 8.53124 30.1432 21.5354 16.3403 35.2475 14977.2 7824.21 4065.11 3412.8 3273.31 545.665 92.7299 2727.64
internal_count=154684 1403 500 300 253 200 179 903 777 670 91 579 117 83 462 438 336 61 275 126 98 225 153281 102542 62995 54768 53231 6663 1379 46568
is_linear=0
shrinkage=0.05


Tree=159
num_leaves=31
num_cat=0
split_feature=12 19 27 3 7 9 20 20 0 21 22 13 21 17 12 28 13 8 10 7 10 8 11 9 10 27 23 13 9 0
split_gain=3.90758 6.6824 6.34007 6.28857 8.96815 8.06517 10.8825 16.4414 15.1159 12.492 19.6092 10.4142 9.51185 11.9766 8.45062 15.5258 8.39851 13.9758 10.3059 10.2203 9.50036 9.35913 8.42946 8.39111 8.18861 8.02685 8.39656 8.00623 7.77192 7.56266
threshold=0.34075000000000005 -0.094999999999999973 0.15999999999999973 52.500000000000007 6.745000000000001 4.4650000000000007 1.5450000000000002 0.93500000000000016 4.5000000000000009 -0.019999999999999993 0.84999999999999998 0.29166666666666724 -0.019999999999999993 2.5000000000000004 0.24150000000000002 2.5000000000000004 0.30166666666666725 0.18930000000000005 0.55935000000000012 4.5250000000000012 0.45019999999999999 0.37670000000000009 0.52795000000000014 5.495000000000001 0.36180000000000007 0.074999999999999747 6.705000000000001 0.37366666666666687 6.0550000000000006 17.500000000000004
decision_type=2 2 2 2 2 2 2 2 2 2 2 2 2 2 2 2 2 2 2 2 2 2 2 2 2 2 2 2 2 2
left_child=3 -2 -3 -1 5 -5 7 16 9 -9 11 -11 13 24 15 -14 17 19 21 28 22 -18 29 -15 -10 26 -23 -28 -7 -19
right_child=1 2 -4 4 -6 6 -8 8 12 10 -12 -13 14 23 -16 -17 18 20 -20 -21 -22 25 -24 -25 -26 -27 27 -29 -30 -31
leaf_value=-0.00026766098756029181 -0.024938616763805748 0.0011285402999712348 -0.013964038623626685 -0.01240551322044816 -0.028861413777357459 0.0091417205671361183 -0.018384669096853514 0.011286822945543683 0.044665872399737558 0.13798064345431657 0.23029871183398229 -0.017772896426384032 0.17517484498702138 0.072098899818606663 -0.015021626771213088 0.0029777361181320878 0.014991473984571367 -0.013168274739277081 0.041237907074280572 0.12208588681644186 -0.031986430775645384 -0.034411060221629243 0.083242620281895496 -0.048647274967552445 0.16437001116172234 -0.04056037144207543 0.07249335415919525 0.0014982754451692642 0.11259077112101457 0.0089058574634897029
leaf_weight=7499.1769174847286 24.976486503845081 6691.6878468014766 70.314817474223673 201.58728167414665 36.887433862313628 37.288390866015106 78.57475943909958 4.111683078110218 2.8689791262149793 2.0404226994141919 2.5840410850942135 2.2641077768057585 1.7827362120151544 2.5021779704838991 23.065937763080001 4.9260999467223883 87.855714790523052 157.57404313841835 19.18635886348784 2.3244685805402687 44.729270335752517 16.029917124658823 2.5775970639660946 3.3857874497771263 2.8457960709929466 15.266841147094963 4.1979466751217833 73.489801010116935 1.9085048884153355 51.477318927180022
leaf_count=76331 845 66606 840 3217 250 625 701 30 24 26 22 19 12 20 279 65 678 1933 129 29 507 93 32 30 20 104 33 472 19 693
internal_value=-1.55918e-05 0.000876249 0.0009716 -0.000737679 -0.00472796 -0.00367624 -0.000947412 0.0014721 0.0281586 0.0802534 0.121419 0.056057 0.0143091 0.052712 -0.000655882 0.0487356 -0.00124781 -0.00669112 0.00625797 0.0202196 -0.0110497 0.00284842 -0.00662463 0.0026656 0.104275 -0.00694047 -0.00146371 0.00533458 0.0141787 -0.00773269
internal_weight=15169.5 6786.98 6762 8382.51 883.333 846.446 644.859 566.284 52.3778 11.0003 6.88857 4.30453 41.3775 11.6027 29.7748 6.70884 513.906 297.88 216.027 41.5214 256.358 196.84 211.629 5.88797 5.71478 108.985 93.7177 77.6877 39.1969 209.051
internal_count=154684 68291 67446 86393 10062 9812 6595 5894 547 97 67 45 450 94 356 77 5347 3838 1509 673 3165 1380 2658 50 44 702 598 505 644 2626
is_linear=0
shrinkage=0.05


Tree=160
num_leaves=31
num_cat=0
split_feature=3 14 22 21 18 26 12 23 8 8 27 11 14 8 14 23 8 23 3 11 21 22 26 5 20 19 11 3 10 9
split_gain=3.83223 4.44049 7.1819 3.9962 14.1132 10.0992 7.37743 8.27854 10.5374 10.75 10.7737 9.95576 9.26495 9.67252 7.16784 6.90563 10.4757 7.75591 8.84947 12.5385 6.88087 7.37069 7.30688 13.4531 9.4759 7.5911 6.58774 7.69334 11.8529 7.69481
threshold=64.500000000000014 -0.036383333333333288 0.40999999999999953 1.0000000180025095e-35 3.5000000000000004 0.074999999999999747 0.29515000000000008 6.6250000000000009 0.52565000000000006 0.17010000000000003 -0.10999999999999986 0.38805000000000001 -0.076433333333333381 0.11349999999999996 -0.01801666666666665 6.9850000000000012 0.26815000000000005 7.1450000000000005 35.500000000000007 0.31990000000000002 -0.014999999999999998 1.2750000000000001 -0.010000000000000229 1.0000000180025095e-35 -0.82000000000000006 0.025000000000000012 0.44055 19.500000000000004 0.056350000000000004 5.3950000000000005
decision_type=2 2 2 2 2 2 2 2 2 2 2 2 2 2 2 2 2 2 2 2 2 2 2 2 2 2 2 2 2 2
left_child=3 2 -2 4 -1 6 -6 8 9 12 11 14 -8 -14 -11 -9 -17 18 19 -18 -12 22 24 -24 25 -22 27 28 -5 -29
right_child=1 -3 -4 26 5 -7 7 15 -10 10 20 -13 13 -15 -16 16 17 -19 -20 -21 21 -23 23 -25 -26 -27 -28 29 -30 -31
leaf_value=0.00014748592213648296 -0.020968545653461249 -0.0355696732874419 0.099485104471902133 0.0044680587286398538 -0.010684829846260589 -0.021243433239135336 0.30001819562133969 -0.0042085188439888914 0.088062244914053761 0.024344161433383998 -0.041652945206321255 -0.012514620234614521 -0.019079575736973376 0.11144001791894259 0.10967005711162091 -0.017318199287901497 0.24838472906633796 -0.054581465932867827 0.032894507963893357 0.0621577294920738 -0.0061812090399456987 -0.051927410295379089 0.07642640223976524 -0.022301278994829667 -0.037794956805391175 0.14055403352581833 0.0060915291327751312 -0.0014620306097298851 0.12353227762996262 0.0026505503798206556
leaf_weight=8686.3297471459955 4.0635466333478716 15.206795989070086 1.7793555259704588 5.959767625667153 321.8093734246213 94.257541794562712 0.41602069092914451 753.16463718307205 4.5485926475375882 4.6583812125027171 12.038394620642064 5.9337864294648162 2.4759363729972383 3.3267059111967683 5.2186447214335194 10.944013684755193 1.2800166243687296 1.7511208625510324 11.201373326126484 3.075678238645196 2.0663051316514571 5.2646508365869513 8.7313303556293267 5.7051335265859953 10.298572161234917 1.5370540358126161 594.53183642169461 2502.9403197776992 3.2193998647853732 2084.738655643072
leaf_count=77697 52 208 19 290 5350 3203 11 12817 33 31 91 38 81 44 33 292 20 18 148 40 41 37 72 53 168 36 5329 30981 40 17411
internal_value=-1.5437e-05 -0.0213347 0.0157135 1.41894e-05 -0.000572249 -0.00549612 -0.00423337 -0.00180125 0.0143954 0.00944375 0.00310428 0.0386744 0.0720898 0.0557485 0.0694271 -0.00329816 0.0209707 0.0451808 0.0564102 0.116885 -0.0092177 0.00240233 0.0124956 0.0374103 -0.0133771 0.0564104 0.00113886 0.000498309 0.0462273 0.000406813
internal_weight=15168.5 21.0497 5.8429 15147.4 9956.03 1269.7 1175.45 853.636 72.2195 67.6709 61.4523 15.8108 6.21866 5.80264 9.87703 781.417 28.2522 17.3082 15.5571 4.35569 45.6414 33.603 28.3384 14.4365 13.9019 3.60336 5191.39 4596.86 9.17917 4587.68
internal_count=154684 279 71 154405 100354 22657 19454 14104 769 736 600 102 136 125 64 13335 518 226 208 60 498 407 370 125 245 77 54051 48722 330 48392
is_linear=0
shrinkage=0.05


Tree=161
num_leaves=31
num_cat=0
split_feature=26 22 23 26 8 10 11 4 19 2 23 4 8 7 16 22 14 23 21 4 30 24 9 21 4 27 23 15 26 14
split_gain=3.7983 4.37687 5.29131 4.01589 10.228 17.2707 5.20064 3.81917 7.03711 6.1252 6.96969 6.60581 11.9584 8.47215 11.4024 9.67069 9.04126 9.10422 9.82397 8.28318 7.87284 11.0118 9.5138 7.84094 7.99333 9.18742 7.59277 15.3899 8.68155 7.31968
threshold=0.23000000000000001 1.155 7.0550000000000006 0.21500000000000033 0.41535000000000005 0.29800000000000004 0.32745000000000007 49.500000000000007 -0.039999999999999994 1.5000000000000002 6.6050000000000013 48.500000000000007 0.38289999999999996 5.6750000000000007 4.5000000000000009 1.1300000000000003 0.14169999999999999 6.9650000000000007 0.015000000000000001 45.500000000000007 -1.0000000180025095e-35 0.068333333333332927 6.2150000000000007 0.15500000000000003 44.500000000000007 0.050000000000000273 6.9750000000000005 -0.0039999999999999888 0.029999999999999808 -0.02448333333333334
decision_type=2 2 2 2 2 2 2 2 2 2 2 2 2 2 2 2 2 2 2 2 2 2 2 2 2 2 2 2 2 2
left_child=3 -2 -3 7 5 -5 -7 8 -1 -10 -11 12 13 20 15 16 17 18 -15 -20 21 22 -12 24 25 29 -26 -28 -29 -14
right_child=1 2 -4 4 -6 6 -8 -9 9 10 11 -13 23 14 -16 -17 -18 -19 19 -21 -22 -23 -24 -25 26 -27 27 28 -30 -31
leaf_value=0.0073534369826502013 -0.035836189544998613 -0.032661305974193436 0.078822723858500643 -0.020146151760732405 -0.033055943374242731 0.076434318634328355 0.20172033062003902 0.00029308516972322024 -0.014148722669682727 0.014955367790423649 0.0036898462635189307 -0.010852779907790232 -0.022226178631263586 0.0058055120941547383 -0.057264794756359663 0.00014580143689879029 0.13156959331236295 0.12457042266799308 0.024499644908211445 0.12008066842155606 0.00040307706397278579 0.1529072535668331 0.13882239988387696 0.058394688434490472 -0.010719921473044321 0.063053371895561233 -0.037543569862451678 0.02587039431388713 0.11741085515157131 0.013097184421173566
leaf_weight=178.41802741587162 14.325503127416598 2.1749415025115004 2.0843189992010593 2.814708727411924 3.781531248241663 1.4586738054640593 1.9167163921520112 13230.769995006034 116.48907170514576 56.61996581684798 10.128751744516192 223.74967521522194 21.090202630031854 17.356649253983061 4.2446481976658097 19.367997085675597 2.7519954442977896 2.6800137739628545 4.764437545090912 4.3237273143604398 665.6339895806741 1.8336534202098835 1.4946966618299473 4.5730871036648741 497.89243395626545 6.8466751035302869 6.7887035720050362 7.5072189886122924 3.9543637726455927 48.14614822389558
leaf_count=1999 318 28 18 86 48 22 25 133180 2382 423 170 2532 174 162 56 145 19 21 34 33 8067 14 21 34 4051 74 69 50 49 380
internal_value=-1.52255e-05 -0.0226054 0.0218947 1.2491e-05 0.0317326 0.0713119 0.147578 -8.40429e-06 -0.00210052 -0.00307651 -0.00227627 -0.00290365 -0.00156773 0.00270348 0.0214883 0.0280114 0.0449423 0.0367569 0.0278575 0.0699727 0.00116855 0.0390314 0.021067 -0.00682502 -0.00732864 0.00780109 -0.00955887 0.0221162 0.0574528 0.00233727
internal_weight=15166 18.5848 4.25926 15147.4 9.97163 6.1901 3.37539 15137.4 1906.66 1728.24 1611.75 1555.13 1331.38 734.581 55.4895 51.2448 31.8768 29.1248 26.4448 9.08816 679.091 13.4571 11.6234 596.799 592.226 76.083 516.143 18.2503 11.4616 69.2364
internal_count=154684 364 46 154320 181 133 47 154139 20959 18960 16578 16155 13623 8742 470 414 269 250 229 67 8272 205 191 4881 4847 628 4219 168 99 554
is_linear=0
shrinkage=0.05


Tree=162
num_leaves=31
num_cat=0
split_feature=27 24 26 4 12 13 27 12 0 0 16 20 14 12 20 14 13 4 7 13 13 12 14 11 10 0 9 9 22 26
split_gain=3.73324 6.34064 9.81998 6.15474 9.09389 10.2938 9.22501 8.45125 5.79818 9.04587 6.71081 7.07297 7.23258 6.66714 7.62182 8.90174 12.4975 8.36767 8.61882 6.29233 13.89 6.99699 5.94848 7.48206 5.90517 5.88181 6.76082 16.5345 12.4688 8.49576
threshold=-0.17500000000000024 0.081666666666667456 1.0000000180025095e-35 54.500000000000007 0.30535000000000007 0.67333333333333412 -0.19499999999999981 0.38335000000000002 3.5000000000000004 9.5000000000000018 1.5000000000000002 0.40999999999999953 0.1478083333333334 0.28605000000000008 -1.6699999999999995 0.035616666666666665 -0.63499999999999945 47.500000000000007 6.7750000000000012 -1.4666666666666663 -1.711666666666666 0.19205000000000003 -0.14964166666666665 0.10100000000000002 0.28520000000000006 20.500000000000004 2.4750000000000005 4.5050000000000008 -0.9199999999999996 -0.084999999999999951
decision_type=2 2 2 2 2 2 2 2 2 2 2 2 2 2 2 2 2 2 2 2 2 2 2 2 2 2 2 2 2 2
left_child=3 -2 8 -1 -5 6 7 -6 19 10 -10 12 13 -12 15 16 -15 24 -19 20 -3 -21 23 -11 -16 -24 -27 28 -28 -30
right_child=1 2 -4 4 5 -7 -8 -9 9 22 11 -13 -14 14 17 -17 -18 18 -20 21 -22 -23 25 -25 -26 26 27 -29 29 -31
leaf_value=-0.0024970716085099898 -0.00017300907476394331 -0.024812039572020828 -0.051342578401412903 -0.054122454670252451 0.09617848995266301 -0.039438258236135157 -0.019636789106356398 -0.014101136050341391 0.030454838067342605 0.0010618190528365516 -0.012905550611802206 -0.01174982081002578 0.091793180651003101 -0.052949140138130728 0.017358925425562902 0.17106206148684069 0.13901103498174269 0.0049815926765253652 0.077836004223853172 0.03826114163750418 0.12881629641883757 -0.0053538068510141298 -0.00026780213837716198 0.085970690524979493 0.10579192435536949 -0.021064247871804928 -0.019367547046765375 0.010276568507353093 0.15924244616953936 0.056149942951171795
leaf_weight=202.60579298203811 14037.56438891287 3.0683063631877303 7.8886798406019798 15.390004804357885 5.2164554074406606 12.516643576323984 6.9755709208548105 2.6047751195728779 58.704308480024338 5.5520546333864313 18.467007640749216 28.854667228646576 3.0856969729065886 1.906691502779722 3.4525103401392689 1.7465517483651636 1.5268847458064549 57.137272637337446 4.3700197227299205 9.6086179697886092 2.8267656369134775 213.93779121246189 364.45176720991731 4.8705386053770781 4.1651412323117256 11.814658143091945 2.5110244266688824 65.747146243229508 4.0485923234373331 3.94641558639705
leaf_count=1330 147259 99 71 95 40 63 46 20 311 38 139 195 18 48 26 22 16 355 28 63 25 1302 2399 32 24 104 19 436 35 26
internal_value=-1.49864e-05 8.55964e-05 0.00419359 -0.00613307 -0.023384 -0.00606412 0.0221671 0.0594511 0.00469383 0.00711772 0.016515 0.00995327 0.0164862 0.0139814 0.0206637 0.0791612 0.0324141 0.0162799 0.0101578 -0.0021345 0.0488548 -0.00347912 0.00339453 0.0407402 0.0657119 0.00253437 0.0141306 0.0195837 0.0778283 0.108355
internal_weight=15166.6 14921.3 883.689 245.309 42.7034 27.3134 14.7968 7.82123 875.8 646.359 183.417 124.712 95.8578 92.7721 74.3051 5.18013 3.43358 69.1249 61.5073 229.441 5.89507 223.546 462.942 10.4226 7.61765 452.52 88.0678 76.2532 10.506 7.99501
internal_count=154684 153090 5831 1594 264 169 106 60 5760 4271 1182 871 676 658 519 86 64 433 383 1489 124 1365 3089 70 50 3019 620 516 80 61
is_linear=0
shrinkage=0.05


Tree=163
num_leaves=31
num_cat=0
split_feature=28 0 0 14 16 22 3 3 22 11 13 23 23 0 3 24 12 7 0 27 12 12 27 24 3 0 4 26 8 3
split_gain=3.70128 8.89387 8.52581 10.6383 8.01662 8.9399 8.79709 10.4046 11.4589 10.0432 8.46564 7.87742 7.69766 10.6481 10.4658 10.3599 9.78207 9.61353 8.86573 8.77417 9.11778 8.10831 9.02003 8.53105 8.0576 8.00264 7.70844 7.98046 7.83737 8.20147
threshold=1.5000000000000002 4.5000000000000009 23.500000000000004 0.10225000000000005 2.5000000000000004 1.3699999999999997 46.500000000000007 50.500000000000007 0.56999999999999973 0.26715000000000005 0.90999999999999981 7.0250000000000012 6.8350000000000009 14.500000000000002 60.500000000000007 -0.064999999999999045 0.39665 6.4650000000000007 13.500000000000002 0.084999999999999978 0.36515000000000003 0.44010000000000005 -0.15499999999999978 0.020000000000000021 39.500000000000007 23.500000000000004 59.500000000000007 0.039999999999999598 0.44219999999999998 42.500000000000007
decision_type=2 2 2 2 2 2 2 2 2 2 2 2 2 2 2 2 2 2 2 2 2 2 2 2 2 2 2 2 2 2
left_child=1 -1 -2 4 5 6 -4 10 9 -9 -8 -6 14 18 15 -3 -16 25 -14 -15 -21 22 -19 -23 -20 -17 27 28 29 -24
right_child=2 12 3 -5 11 -7 7 8 -10 -11 -12 -13 13 19 16 17 -18 21 24 20 -22 23 26 -25 -26 -27 -28 -29 -30 -31
leaf_value=-0.0034569573502851282 -0.00031622247609452829 0.025373197609663951 0.00095923525896035231 0.029065787392339001 -0.018830562435746691 -0.015222331373595835 0.16076632282606554 0.1546005360799636 -0.048384744509854111 0.014481972438460555 0.028084017568496208 0.10778228962799984 -0.0037730981999926426 0.0039775764850342758 -0.036768646318234059 0.00094789825429192657 0.02495734400669573 0.046775229864188396 -0.0058935060802388362 -0.0025390610475433586 -0.038362883092460914 0.0058284324759053418 0.034502634094201352 0.047418437272626006 -0.033563168041893958 0.01411451567764261 0.072185981917624556 -0.060887928042204886 0.0040783582959417353 -0.00089515138453033895
leaf_weight=934.42085437476635 9149.5857712735888 52.588493652641773 86.468535924330354 18.318166613113135 166.73438031156547 80.224447105079889 2.7325778352096668 1.8712747078388909 4.3073119930922985 4.039534579962492 2.1465730164200068 1.2375995968468476 341.87634702026844 670.35081126540899 29.240941874682903 2505.9092360883951 8.2236390113830549 13.668354153633116 50.337856329977512 60.883424080908298 25.077731244266033 23.715642675757408 44.930150456726551 25.682856179773808 55.123429872095585 120.97642133384943 4.3439699560403815 4.5147263258695594 650.50369137525558 25.737100481987
leaf_count=4172 123407 236 887 204 3624 543 36 19 41 45 17 29 1542 3053 133 11143 37 81 229 282 112 113 220 143 250 558 22 19 3368 119
internal_value=-1.46484e-05 0.000999327 -0.000616376 -0.00807746 -0.0100228 -0.00274644 0.00710797 0.0423244 0.0136417 0.0588414 0.102393 -0.0178977 0.00188272 -0.00156772 0.00306594 0.00334952 -0.0232195 0.00301087 -0.0076826 0.00204906 -0.0129901 0.00783542 0.00653246 0.0274516 -0.0203561 0.00155426 0.005779 0.00538148 0.00579635 0.0216107
internal_weight=15165.8 5648.11 9517.67 368.08 349.762 181.79 101.566 15.0973 10.2181 5.91081 4.87915 167.972 4713.68 1203.65 3510.04 3472.57 37.4646 3419.98 447.338 756.312 85.9612 793.096 743.698 49.3985 105.461 2626.89 730.03 725.686 721.171 70.6673
internal_count=154684 25832 128852 5445 5241 1588 1045 158 105 64 53 3653 21660 5468 16192 16022 170 15786 2021 3447 394 4085 3829 256 479 11701 3748 3726 3707 339
is_linear=0
shrinkage=0.05


Tree=164
num_leaves=31
num_cat=0
split_feature=30 28 13 24 15 22 4 10 10 6 19 14 9 15 3 23 14 11 9 0 14 4 4 17 8 25 14 23 21 9
split_gain=3.71444 7.5322 6.82684 11.553 8.63983 11.0228 6.95429 7.38364 10.5036 9.79247 14.2448 18.249 12.0323 9.80418 8.7555 15.2022 8.41917 8.70046 9.90325 12.4289 11.0123 20.4743 7.11915 8.93968 8.97391 10.8723 8.0769 7.41648 15.2008 7.88792
threshold=1.0000000180025095e-35 2.5000000000000004 1.2233333333333336 0.11000000000000078 -0.020000000000000007 3.4050000000000007 46.500000000000007 0.36180000000000007 0.37230000000000002 0.19500000000000003 1.0000000180025095e-35 -0.010945000000000009 5.495000000000001 -0.044999999999999998 36.500000000000007 6.8050000000000006 0.15475833333333339 0.33400000000000002 4.1050000000000013 1.5000000000000002 -0.038549999999999938 52.500000000000007 52.500000000000007 1.5000000000000002 0.34100000000000003 4.5000000000000009 0.099841666666666648 6.9050000000000011 1.0000000180025095e-35 6.4250000000000007
decision_type=2 2 2 2 2 2 2 2 2 2 2 2 2 2 2 2 2 2 2 2 2 2 2 2 2 2 2 2 2 2
left_child=-1 -2 6 4 -4 -6 -3 9 14 13 11 -11 16 -8 -9 -16 17 18 19 -12 -20 -22 27 24 -24 26 -26 -10 29 -29
right_child=1 2 3 -5 5 -7 7 8 22 10 12 -13 -14 -15 15 -17 -18 -19 20 -21 21 -23 23 -25 25 -27 -28 28 -30 -31
leaf_value=-0.0001552994846372017 -0.020020917345925461 -0.022309245204264097 0.069563162172794221 0.074941647432047967 -0.025706372232409708 0.046846354990114004 0.12078288686034983 0.14541458126320389 0.02336438407182578 0.36904241986102826 0.22657077488964741 0.05422701425249437 0.22532664555101156 -0.00024179331077238886 -0.0084052908434507686 0.15143055759896459 0.19817170973483822 -0.033168462497883432 -0.0078331199639155788 -0.028795331883993022 0.005122893947562406 0.34105320508193393 -0.042298669875912541 -0.0031992493902992039 0.060908974388648875 0.14622792410619223 -0.014473779798710487 -0.056826318009642662 0.20833136087939669 0.10243183098013919
leaf_weight=14679.874286996434 29.789664695039392 17.489342087646946 2.925557065755128 3.8555791974067679 52.609010772779584 5.8136218860745421 1.6878616276662786 2.6887745112180692 49.777545993216336 0.70702579431235824 0.53553476789966037 1.3192837727256144 0.70608014427125532 195.49749699933454 4.968132883310318 2.1234911996871233 0.59840227663517076 7.0992879089899361 1.1241464870981874 4.3210787291172892 0.82018604967743147 1.0147538436576722 3.2197770206257728 64.636790501885116 9.4963268674910086 2.4493939504027358 5.6779804099351159 1.5595440994948142 1.7050604904070494 1.5504751224070785
leaf_count=147149 261 366 19 17 295 35 27 34 535 19 17 28 11 4017 65 30 32 290 37 322 15 31 47 769 75 29 41 24 29 18
internal_value=-1.40951e-05 0.00432455 0.00594348 -0.00901152 -0.0142878 -0.0184867 0.00849099 0.00996567 0.018489 0.00403684 0.0390812 0.164073 0.0234658 0.00079415 0.0685851 0.0394554 0.0142783 0.00690033 0.0432963 -0.000636322 0.115401 0.190898 0.0149911 0.00598288 0.0344572 0.0484801 0.032702 0.0290961 0.08835 0.0225706
internal_weight=15157.6 477.767 447.978 65.2038 61.3482 58.4226 382.774 365.284 149.853 215.431 18.2458 2.02631 16.2195 197.185 9.7804 7.09162 15.5134 14.915 7.8157 4.85661 2.95909 1.83494 140.073 85.4803 20.8435 17.6237 15.1743 54.5926 4.81508 3.11002
internal_count=154684 7535 7274 366 349 330 6908 6542 1696 4846 802 47 755 4044 129 95 744 712 422 339 83 46 1567 961 192 145 116 606 71 42
is_linear=0
shrinkage=0.05


Tree=165
num_leaves=31
num_cat=0
split_feature=22 3 3 18 13 8 6 2 18 4 21 13 27 25 27 14 14 4 19 26 20 14 24 24 24 10 13 3 0 8
split_gain=3.67823 5.09673 7.29962 5.53449 9.45879 8.48712 11.5879 7.24688 5.7743 5.55249 5.38143 4.59223 4.43251 5.31162 4.5576 5.97401 4.963 4.54157 5.52485 7.08893 5.35202 6.60803 6.09657 6.92266 4.85815 4.71256 4.42398 9.55228 5.40786 4.76899
threshold=4.3250000000000011 35.500000000000007 27.500000000000004 1.5000000000000002 1.7100000000000006 0.43365000000000004 0.15500000000000003 3.5000000000000004 2.5000000000000004 47.500000000000007 -0.074999999999999969 1.1850000000000009 -0.084999999999999951 1.5000000000000002 -0.13000000000000031 -0.017383333333333331 0.034050000000000004 49.500000000000007 0.015000000000000001 -0.015000000000000123 2.4350000000000009 -0.018616666666666639 0.013333333333333199 0.02999999999999892 -0.034999999999998803 0.47844999999999999 2.3800000000000008 25.500000000000004 21.500000000000004 0.52105000000000012
decision_type=2 2 2 2 2 2 2 2 2 2 2 2 2 2 2 2 2 2 2 2 2 2 2 2 2 2 2 2 2 2
left_child=26 2 10 7 5 8 -7 -4 -5 -6 -2 -12 14 -14 -3 -16 -17 -15 20 -20 22 25 -19 -24 -21 -22 29 28 -28 -1
right_child=1 12 3 4 9 6 -8 -9 -10 -11 11 -13 13 17 15 16 -18 18 19 24 21 -23 23 -25 -26 -27 27 -29 -30 -31
leaf_value=0.00027383499695358802 0.037944119407368505 -0.02755539889386709 -0.013589635030940211 0.050659129894761623 0.031593245791996669 0.011299710217099275 0.15168034465003849 0.054730536527148238 -0.046810435899566134 -0.039842967014155517 0.031354834353448671 -0.032027955159600018 -0.04499336803826634 -0.04965286186051325 -0.015753634788116849 0.099903845766719818 0.021160189522399564 -0.032067243808114466 0.091311567131995952 0.04181205200344501 0.094493022991754161 -0.014479758755614334 0.046731286849222141 -0.038331419448151362 -0.058517451269607723 0.0090427227868425924 -0.0098396316221877698 0.012099022910405105 -0.069372211780546131 -0.0027530237868853506
leaf_weight=13339.550033773994 4.006223231554034 6.6266406998038319 5.3664044812321672 2.6018794141709822 3.4801708757877341 3.1252684742212296 2.7756469622254372 14.026901721954346 3.6526665836572647 12.455452881753443 3.2584785688668516 23.236057680100203 15.455769270658491 7.6080088242888442 6.1010409034788617 3.0719351768493617 5.7400296367704868 36.596755847334862 2.9802046716213226 2.4930826518684626 3.0934705734252956 10.371066592633722 5.8813011050224286 4.0313601717352867 2.3381749615073195 3.3725849241018295 17.943555943667892 160.42614460363984 4.8445855155587187 1441.9846847942099
leaf_count=141786 21 36 35 22 18 22 20 74 37 72 32 147 107 64 40 18 32 352 26 28 19 63 42 29 26 21 88 814 26 10567
internal_value=-1.43559e-05 -0.00685944 0.00302096 0.0152811 0.00109784 0.0343181 0.0773313 0.0358254 -0.00626328 -0.0242421 -0.0160659 -0.0242327 -0.0135156 -0.0181935 0.00694742 0.0222789 0.048611 -0.0129348 -0.00900899 0.0306657 -0.0139014 0.0102534 -0.0226458 0.0121373 -0.00674424 0.0499236 7.42665e-05 0.00779613 -0.0224958 -2.14445e-05
internal_weight=15158.5 193.747 77.9852 47.4844 28.0911 12.1555 5.90092 19.3933 6.25455 15.9356 30.5008 26.4945 115.761 94.2218 21.5396 14.913 8.81196 78.766 71.158 7.81146 63.3465 16.8371 46.5094 9.91266 4.83126 6.46606 14964.7 183.214 22.7881 14781.5
internal_count=154684 1403 500 300 191 101 42 109 59 90 200 179 903 777 126 90 50 670 606 80 526 103 423 71 54 40 153281 928 114 152353
is_linear=0
shrinkage=0.05


Tree=166
num_leaves=31
num_cat=0
split_feature=22 7 8 4 8 9 12 20 23 8 10 13 1 3 19 13 9 14 23 17 26 9 16 0 20 26 15 7 15 9
split_gain=3.65751 5.33232 8.969 12.0682 10.0229 11.4216 9.41794 12.8639 8.73971 7.95609 7.60651 14.1362 11.848 10.4269 10.4144 12.7904 9.73915 10.2174 22.7297 9.53426 8.67072 8.14594 8.76996 7.87327 10.2387 7.86658 7.06892 11.1658 14.3487 11.8396
threshold=-2.774999999999999 4.2250000000000005 0.23109999999999997 53.500000000000007 0.26290000000000008 4.8750000000000009 0.41614999999999996 -0.87999999999999956 6.8050000000000006 0.20299999999999999 0.24185000000000004 0.77166666666666683 4.5000000000000009 61.500000000000007 0.17500000000000002 -0.76366666666666727 3.1550000000000007 0.25109166666666677 6.7350000000000012 2.5000000000000004 -0.24500000000000008 4.3950000000000005 3.5000000000000004 1.5000000000000002 0.47000000000000003 0.11999999999999968 -0.0099999999999999655 4.0650000000000004 -0.006666666666666674 3.6050000000000004
decision_type=2 2 2 2 2 2 2 2 2 2 2 2 2 2 2 2 2 2 2 2 2 2 2 2 2 2 2 2 2 2
left_child=-1 2 10 4 5 6 -4 -8 -7 -3 12 13 19 25 16 -16 17 20 -19 23 -14 -21 -23 24 -2 -12 -25 28 29 -28
right_child=1 9 3 -5 -6 8 7 -9 -10 -11 11 -13 14 -15 15 -17 -18 18 -20 21 -22 22 -24 26 -26 -27 27 -29 -30 -31
leaf_value=-0.0072496979688257681 -0.039258669578137721 -0.0091083844216380671 0.015179247555536859 0.036276572630707903 -0.040598851339754577 -0.069423091556130259 0.21136616710003478 0.028836158911944056 0.034309563446648268 -6.4900505639806289e-05 0.0080444440097508611 0.13041254290530788 0.17324334155908089 0.125603633392705 0.30394234381742979 0.001470754578410544 -0.035030614479742296 0.44333654979845055 -0.051123223641711991 -0.0008392036100857462 -0.0093349922385928003 0.066051805318321014 -0.02882779004246934 0.0031142594243122948 0.09361355526635512 -0.034741775098931775 0.11228306335998683 0.046699632535909752 0.0057386160052472247 0.00025495771335747275
leaf_weight=172.6580921029672 14.512704932596536 247.708022412844 37.455087980721146 46.003899693489075 11.084408524911849 6.6026987317018193 1.5028131767176089 2.6985119311138979 2.9322700053453445 13371.158674898557 333.93197975074872 2.3475715816020957 0.65654180385172267 1.8526591565459956 0.56301939720287919 0.92162907496094593 45.729865838540718 0.40168143250048061 0.55155780073255301 415.39551613572985 68.120831705164164 2.5854166951030484 42.008419592864811 174.84174476191401 1.6107461676001538 11.099901920650153 6.0593659775331599 27.570265918970108 103.76742781419307 3.8613686710596085
leaf_count=4725 183 3572 526 660 143 80 29 31 43 120052 4677 12 14 32 33 32 2706 11 39 6133 6184 23 549 2268 13 365 85 264 1153 47
internal_value=-1.3975e-05 6.93925e-05 0.00304675 0.0168552 0.00250835 0.0118423 0.0231417 0.0941271 -0.0375224 -0.000229389 0.00185858 0.00813075 -0.000550724 0.0073032 -0.0154068 0.116176 -0.0170987 -0.00533888 0.157235 0.0016423 -0.00759212 -0.00301929 -0.023327 0.00809663 -0.0259846 0.00666798 0.00983503 0.0181536 0.011231 0.0686793
internal_weight=15158.2 14985.5 1366.67 108.28 62.2758 51.1914 41.6564 4.20133 9.53497 13618.9 1258.39 349.232 909.158 346.885 116.945 1.48465 115.46 69.7306 0.953239 792.213 68.7774 459.989 44.5938 332.224 16.1235 345.032 316.1 141.258 113.688 9.92073
internal_count=154684 149959 26335 1512 852 709 586 60 123 123624 24823 5086 19737 5074 9019 65 8954 6248 50 10718 6198 6705 572 4013 196 5042 3817 1549 1285 132
is_linear=0
shrinkage=0.05


Tree=167
num_leaves=31
num_cat=0
split_feature=21 15 8 14 23 13 12 10 27 13 8 13 13 22 11 14 11 23 21 12 22 0 22 22 28 10 9 0 27 27
split_gain=3.60891 8.23554 8.56273 6.69267 6.6991 6.43532 6.55165 7.07379 7.48885 7.59025 15.841 11.8578 7.14029 8.30568 6.99878 8.53325 6.21897 9.53931 13.1548 11.8501 9.2743 9.78276 8.86073 8.82282 8.0076 17.0127 7.77186 13.4244 14.0017 8.0514
threshold=-0.030000000000000002 0.035000000000000017 0.63250000000000017 -0.19754999999999992 6.5750000000000011 -0.17333333333333242 0.30785000000000001 0.44405 -0.15999999999999967 -1.4283333333333332 0.23670000000000005 -1.5083333333333324 -0.30166666666666647 -1.0799999999999996 0.44470000000000004 -0.14964166666666665 0.32150000000000001 6.6950000000000012 -1.0000000180025095e-35 0.31335000000000002 0.7300000000000002 15.500000000000002 2.1650000000000014 -1.3099999999999996 5.5000000000000009 0.16375000000000003 6.5850000000000009 11.500000000000002 -0.029999999999999801 -0.084999999999999951
decision_type=2 2 2 2 2 2 2 2 2 2 2 2 2 2 2 2 2 2 2 2 2 2 2 2 2 2 2 2 2 2
left_child=5 -2 3 -3 -5 6 -1 8 -8 10 11 14 13 -9 15 -10 22 19 23 -18 21 24 -6 -19 -21 -26 29 28 -28 -25
right_child=1 2 -4 4 16 -7 7 12 9 -11 -12 -13 -14 -15 -16 -17 17 18 -20 20 -22 -23 -24 26 25 -27 27 -29 -30 -31
leaf_value=-0.022968169129412862 0.00013937132388185805 -0.063449186563997284 0.072690553089083842 -0.066175109388477524 0.026273557354337302 -0.001004151552340658 0.065496270006078799 -0.040373142320192644 0.3987740437901382 -0.013452804593005477 0.36069156074165964 0.15410904337765008 -0.024378739011408024 0.064816229136325607 0.098321506796050201 -0.044982695969555543 -0.01708572806576892 0.079664510577313552 -0.031145137236231087 0.071997536682629801 -0.0097322652449731289 -0.0026033646028096337 -0.033017410096863702 -0.064232847194868478 0.0004309416244810101 0.25976237974887478 0.056828767338755172 0.074626226124205899 -0.079575227852386035 0.0012327165865370568
leaf_weight=67.984450711170211 12820.884218563093 3.1731578549370161 5.349014174193143 2.8625640464015296 75.213330728001893 1918.496522039175 3.350687295664101 2.2943336144089708 0.11084440187550981 116.83135539945215 0.36124352738261212 1.380386160686611 5.1156855542212716 10.306856784969568 1.2337802564725278 4.7833617976866671 8.40310315648094 4.1736309323459855 30.348245538771152 6.1568286865949613 3.968820095062255 2.8236484150402239 6.877525068819522 5.5706367045640937 0.94817731343209777 1.8990519680082796 3.5128142237663269 8.7932638600468618 4.0508040785789516 29.93449741974473
leaf_count=1114 136051 30 29 31 1084 12786 31 29 6 1525 5 29 59 109 35 347 88 30 756 30 20 44 40 29 62 24 17 47 23 174
internal_value=-1.41745e-05 0.000297987 0.0102637 0.00858327 0.00975221 -0.00192103 -0.0101503 -0.0041722 -0.00826919 -0.0102513 0.0372786 0.0217185 0.0254395 0.0456641 -0.00810372 -0.0349325 0.0108803 0.00314065 -0.00463204 0.0308863 0.0564055 0.0785982 0.0213062 0.00972714 0.104063 0.1734 0.00409888 0.0326158 -0.0162243 -0.00903861
internal_weight=15157.2 13024.9 204.059 198.71 195.537 2132.25 213.753 145.769 128.052 124.701 7.86962 7.50837 17.7169 12.6012 6.12799 4.89421 192.674 110.584 86.3839 24.1996 15.7965 11.8277 82.0909 56.0356 9.00406 2.84723 51.862 16.3569 7.56362 35.5051
internal_count=154684 138609 2558 2529 2499 16075 3289 2175 1978 1947 422 417 197 138 388 353 2468 1344 1076 268 180 160 1124 320 116 86 290 87 40 203
is_linear=0
shrinkage=0.05


Tree=168
num_leaves=31
num_cat=0
split_feature=14 11 0 3 19 22 15 21 22 12 14 27 9 15 27 23 10 14 4 24 22 19 27 12 20 7 21 9 14 20
split_gain=3.57942 6.60532 9.05252 8.86404 8.84226 9.57951 14.4474 9.7879 24.0438 8.79828 10.7882 9.41246 8.50197 8.31969 7.8936 6.75912 6.70605 6.69505 12.3389 10.6893 8.71061 7.93813 12.8105 8.39924 9.98536 14.1652 8.78675 15.7928 8.62346 11.9873
threshold=-0.064599999999999963 0.20605000000000004 8.5000000000000018 25.500000000000004 -0.025000000000000005 -0.94000000000000006 -0.043333333333333321 1.0000000180025095e-35 -0.010000000000000451 0.18234999999999998 -0.11853333333333341 0.034999999999999705 8.2050000000000018 0.014999999999999973 0.020000000000000021 6.9050000000000011 0.72455000000000014 -0.12640833333333329 57.500000000000007 -0.058333333333333119 0.21000000000000021 0.010000000000000004 -0.084999999999999951 0.32765000000000005 -0.79999999999999949 4.745000000000001 -0.0099999999999999863 5.3550000000000013 -0.090516666666666593 0.27999999999999964
decision_type=2 2 2 2 2 2 2 2 2 2 2 2 2 2 2 2 2 2 2 2 2 2 2 2 2 2 2 2 2 2
left_child=1 2 9 4 -4 -6 -7 13 -9 10 11 -1 14 15 -11 -8 17 18 20 -19 -5 -21 -23 24 25 -24 27 -25 29 -28
right_child=-2 -3 3 16 5 6 7 8 -10 12 -12 -13 -14 -15 -16 -17 -18 19 -20 21 -22 22 23 26 -26 -27 28 -29 -30 -31
leaf_value=0.029511131240887185 0.00030735326446272316 -0.0037739883979111414 -0.024326933638705462 -0.01336268579335511 -0.0018188922293144152 -0.068508053338991695 0.00057995949898726298 0.21644830918129823 0.03028417994776815 -0.016773369440993884 -0.035134357914663995 0.14006908536578261 0.044098339813906838 0.096963321433248637 0.0025392173653070601 0.10902516726302974 -0.0539669469843033 -0.036959530387234103 0.050968516269840426 0.010095822573270231 0.0049664311227444824 0.11725053202456195 -0.024626700642319775 0.2422128344308869 -0.033123447781501843 0.18508995062858735 0.015946389979035327 0.032410887692169925 -0.054490924819024816 0.18134277759123688
leaf_weight=5.9376867306418699 12899.720768040512 1499.2179276153911 6.8111374119762322 110.58774976851419 10.586505873361601 2.1559922434389582 8.545436805346986 3.2183776246383786 3.761512614786624 145.63476324779913 3.8370744748972347 2.8487903655041009 7.5708253532648078 5.0946094440296283 83.100092460168526 1.7272687305230636 4.9705124581232658 10.575583275873212 11.191924340091644 144.68987672030926 156.62034777458757 4.4215058116242316 1.7919952031224995 1.5165914222598069 8.6624567136168462 1.4621837479062376 4.2520383256487539 2.1954663470387459 2.3910473929718128 1.475691665895283
leaf_count=61 129285 17036 139 1501 238 65 185 37 33 1638 36 26 44 36 940 38 39 241 151 1199 1222 44 61 29 136 30 91 24 56 23
internal_value=-1.40402e-05 -0.00185106 0.00195405 0.00577727 0.027807 0.0379265 0.0550984 0.0670235 0.116123 -0.00585899 0.0348113 0.0653567 -0.00803161 0.0447223 -0.00975705 0.0188141 0.00379986 0.00442158 -0.000465048 0.0118381 -0.00261933 0.0148235 0.0391073 0.024558 -0.00507071 0.0696042 0.0544015 0.118127 0.0252649 0.0585591
internal_weight=15156.6 2256.85 757.635 508.706 41.9008 35.0897 24.5032 22.3472 6.97989 248.929 12.6236 8.78648 236.306 15.3673 228.735 10.2727 466.805 461.834 278.4 183.434 267.208 172.859 28.169 23.7475 11.9166 3.25418 11.8308 3.71206 8.11878 5.72773
internal_count=154684 25399 8363 5618 771 632 394 329 70 2745 123 87 2622 259 2578 223 4847 4808 2874 1934 2723 1693 494 450 227 91 223 53 170 114
is_linear=0
shrinkage=0.05


Tree=169
num_leaves=31
num_cat=0
split_feature=27 23 23 22 23 27 13 23 27 23 3 27 20 21 8 6 23 27 3 15 2 13 14 14 11 15 22 20 12 18
split_gain=3.59928 3.55685 4.1054 3.60052 7.39938 7.00468 6.85111 6.51801 6.93866 5.61139 9.21416 6.47282 6.98243 6.33724 5.50103 9.897 8.26343 8.26868 11.2083 11.1463 10.6376 15.4824 9.69188 8.94447 11.6649 9.77775 9.08463 8.60904 8.58332 7.82507
threshold=-0.43999999999999989 7.5750000000000011 7.4650000000000007 3.1350000000000011 6.9350000000000014 0.090000000000000316 2.0025000000000008 6.7750000000000012 -0.1400000000000001 6.6350000000000007 46.500000000000007 -0.069999999999999826 0.04999999999999994 -0.050000000000000003 0.52105000000000012 0.12500000000000003 7.0750000000000011 0.029999999999999808 29.500000000000004 0.023333333333333307 3.5000000000000004 1.3866666666666674 -0.01801666666666665 -0.10085 0.38345000000000007 0.033333333333333319 -0.55000000000000038 0.04999999999999994 0.25325000000000003 1.5000000000000002
decision_type=2 2 2 2 2 2 2 2 2 2 2 2 2 2 2 2 2 2 2 2 2 2 2 2 2 2 2 2 2 2
left_child=-1 2 3 6 -5 -6 14 9 -9 10 11 12 -8 -11 -2 -16 17 20 19 22 21 -17 -19 -20 25 26 -25 -24 -26 -23
right_child=1 -3 -4 4 5 -7 7 8 -10 13 -12 -13 -14 -15 15 16 -18 18 23 -21 -22 29 27 24 28 -27 -28 -29 -30 -31
leaf_value=-0.074302205369116872 0.0002622824881354198 -0.057394023948400555 0.047251287011724867 -0.0021093002908333775 -0.030862871836790262 0.017795477208948928 0.053382374375303944 -0.043797673995712466 0.014310622121343965 0.02571611452799933 -0.056236615616459242 0.04321670944178399 -0.023926955428935234 -0.005201346825335261 -0.017019493085209069 -0.0039192794157156749 -0.048819626168575499 0.053972814286995775 0.038666245201785687 0.13423995615566772 -0.0060943841762987755 0.056367006738414549 0.042796959799746605 0.096605135741107934 -0.033798568625287316 0.055657738211239018 -0.012788949506203743 -0.024339644990195097 0.026130030419254397 0.014902948659229807
leaf_weight=1.6303110625594843 12831.532754503889 2.6995237655937663 4.5963434828445306 598.5481390459463 41.10701078735292 9.0190545469522458 4.1827963143587104 5.2732370346784583 199.35883947089314 18.155526608228683 3.7648596465587607 21.504229709506035 9.6793648153543455 190.29130548797548 117.96435054391623 77.519750266801566 9.2566701071336848 15.638729592785237 15.493238338269292 2.4705750420689574 715.11281831096858 19.821485299617052 7.7669926434755352 1.9255167599767435 6.8207725659012786 5.6983797997236243 132.03791058808565 12.395751461386679 48.176002738066018 26.713060947135091
leaf_count=14 138063 27 39 4382 336 82 29 24 1105 87 19 108 40 990 902 632 66 126 128 17 5534 116 51 22 44 34 1045 108 349 165
internal_value=-1.40908e-05 -6.09894e-06 4.12558e-06 -1.02113e-05 -0.00365468 -0.0221079 0.000152845 0.00621043 0.0128132 0.000753005 0.0181264 0.0260426 -0.000599483 -0.00250846 -4.21743e-05 -0.00325802 -0.00177799 -0.00137761 0.00663516 0.031522 -0.00374969 0.00976637 0.0244337 0.00210287 -0.000807282 -0.00848802 -0.0112166 0.00152239 0.0186976 0.0325646
internal_weight=15156.2 15154.5 15151.8 15147.2 648.674 50.1261 14498.6 452.21 204.632 247.578 39.1313 35.3664 13.8622 208.447 14046.3 1214.81 1096.85 1087.59 248.424 38.272 839.167 124.054 35.8015 210.152 194.659 139.662 133.963 20.1627 54.9968 46.5345
internal_count=154684 154670 154643 154604 4800 418 149804 2402 1129 1273 196 177 69 1077 147402 9339 8437 8371 1924 302 6447 913 285 1622 1494 1101 1067 159 393 281
is_linear=0
shrinkage=0.05


Tree=170
num_leaves=31
num_cat=0
split_feature=9 8 19 4 11 20 7 21 7 23 22 19 9 7 17 14 15 27 22 14 24 15 4 22 20 14 7 7 1 27
split_gain=3.51823 9.86025 7.19313 9.91514 8.77592 8.29716 8.75468 7.87214 7.05287 7.01544 10.5801 9.48247 7.91123 7.55311 17.0716 9.90037 7.52465 8.05551 6.82908 6.49588 7.1578 10.4104 7.03242 7.17739 8.835 6.11831 6.45493 7.29447 6.93714 6.43778
threshold=7.3750000000000009 0.36550000000000005 -0.0099999999999999863 46.500000000000007 0.55590000000000017 3.305000000000001 6.5450000000000008 -0.055 6.5450000000000008 6.6750000000000007 -0.81999999999999951 0.11500000000000003 7.3950000000000005 5.9450000000000012 4.5000000000000009 0.0025833333333332991 0.018333333333333323 -0.020000000000000014 -0.010000000000000451 0.017500000000000047 -0.038333333333332657 0.011666666666666702 55.500000000000007 -0.74999999999999967 -0.56000000000000016 -0.09628333333333336 7.8450000000000006 7.0250000000000012 1.5000000000000002 -0.069999999999999826
decision_type=2 2 2 2 2 2 2 2 2 2 2 2 2 2 2 2 2 2 2 2 2 2 2 2 2 2 2 2 2 2
left_child=-1 19 3 -3 5 6 7 -5 -7 10 -4 13 -12 14 15 -11 17 25 -15 20 21 -2 23 -22 -25 -14 27 28 29 -27
right_child=1 2 9 4 -6 8 -8 -9 -10 11 12 -13 16 18 -16 -17 -18 -19 -20 -21 22 -23 -24 24 -26 26 -28 -29 -30 -31
leaf_value=-0.00021662574873314839 0.012321640757817295 -0.045470418254069778 0.080584027027687785 0.058157901670181401 0.078909058894921238 -0.046808595792358451 -0.010399799503657624 0.0037140896792286857 0.023871603637144918 0.053771365282407613 0.057135979061801061 0.080327294892309331 0.067243681760779037 -0.0042243333890577151 -0.091730525004001154 -0.027157173364946219 0.016615003702990159 -0.047138344807383957 0.011447802305600576 -0.00091883026581578695 -0.022589244378368262 0.16669760092642433 -0.019189999476386818 0.13283364719331955 0.036647961766470893 -0.00532262949264793 0.040461738108331285 -0.053725104518939415 -0.02873322220491778 0.070331569389983167
leaf_weight=14150.677448236849 2.0707914042286566 13.712034814059733 3.2895470708608618 7.3118185549974433 3.3075668420642605 3.874226998537778 242.27513663563877 72.208547723479569 39.663718543946743 6.4275129828602102 4.0945251993834963 4.4462182670831671 2.4392563849687567 86.437320694327354 6.2284669550135723 9.1715852012857777 16.187339812517166 20.920269445516169 354.93895946117118 20.767311887815595 4.4154040534049299 2.3105682013556361 6.9572455864399663 2.6523219011724057 23.902110229246315 8.0082302242517454 4.840846672654151 11.775759629905222 15.876832794398068 4.3336626589298275
leaf_count=147039 36 107 23 46 24 24 1936 596 212 47 24 27 15 672 56 77 93 169 2689 171 35 22 45 39 172 41 27 76 122 22
internal_value=-1.36203e-05 0.00284519 0.00156338 -0.00372219 -0.00216931 -0.00290336 -0.00567498 0.00872014 0.0175821 0.00517599 -0.00746406 0.00765633 -0.0107377 0.00695878 -0.0217523 0.00618894 -0.0140311 -0.0213056 0.00837864 0.0219836 0.0332253 0.0937339 0.0262354 0.03644 0.0462552 -0.0098739 -0.0140695 -0.0206698 -0.00687572 0.0212422
internal_weight=15155.5 1004.85 941.769 382.353 368.641 365.333 321.796 79.5204 43.5379 559.416 91.7663 467.65 88.4767 463.204 21.8276 15.5991 84.3822 68.1949 441.376 63.0758 42.3084 4.38136 37.9271 30.9698 26.5544 47.2746 44.8353 39.9945 28.2187 12.3419
internal_count=154684 7645 7125 2945 2838 2814 2578 642 236 4180 612 3568 589 3541 180 124 565 472 3361 520 349 58 291 246 211 303 288 261 185 63
is_linear=0
shrinkage=0.05


Tree=171
num_leaves=31
num_cat=0
split_feature=4 30 1 26 0 14 15 6 8 8 7 10 13 7 20 9 16 20 7 26 7 10 5 19 3 12 10 22 24 22
split_gain=3.47173 5.24842 5.17981 6.9712 6.87784 7.82925 9.11536 9.51373 12.9422 12.6853 9.46541 6.85466 7.87815 6.80604 6.59043 6.4754 8.09307 6.43289 18.5487 25.8204 7.97196 11.8717 28.0837 7.99385 6.25806 9.05188 6.23601 6.49702 6.18759 6.73129
threshold=50.500000000000007 -2.4999999999999996 4.5000000000000009 -0.23999999999999974 9.5000000000000018 -0.094216666666666629 -0.038333333333333344 0.15500000000000003 0.38120000000000004 0.34445000000000003 4.4650000000000007 0.65820000000000012 -0.6483333333333331 3.8550000000000004 3.0650000000000008 4.6150000000000011 1.5000000000000002 -1.8699999999999997 4.4850000000000012 0.015000000000000126 2.9850000000000008 0.05284999999999996 1.0000000180025095e-35 -0.025000000000000005 29.500000000000004 0.44470000000000004 0.34030000000000005 2.1650000000000014 0.13333333333333422 -1.6099999999999994
decision_type=2 2 2 2 2 2 2 2 2 2 2 2 2 2 2 2 2 2 2 2 2 2 2 2 2 2 2 2 2 2
left_child=1 -1 11 -4 28 6 -6 8 9 10 -8 12 -3 24 -15 -16 26 18 20 -20 -7 22 23 -22 -14 -26 -17 -28 29 -5
right_child=-2 2 3 4 5 17 7 -9 -10 -11 -12 -13 13 14 15 16 -18 -19 19 -21 21 -23 -24 -25 25 -27 27 -29 -30 -31
leaf_value=0.037773234386387231 0.00031640335244290579 -0.0086694179808306949 0.075324810499113881 0.044530528999773139 0.22233734827373489 -0.050454282247185005 0.27297089223028786 -0.017483162906588558 -0.00097054075552150765 0.35652396535128061 -0.0029421526389325475 -0.01813704607325661 0.00085414022758475571 -0.00032581722318738085 0.061392786947221667 -0.027547357232769906 -0.026621316432606859 -0.01901600987167407 0.0066761899343163768 0.42997633892291082 0.224948063032021 -0.01954351490494478 0.46920176657945173 -0.050924721028478975 0.04692912161523799 -0.064182041044706789 0.014039099356509668 0.071987076527322891 0.074437646648779415 -0.0039164281811668806
leaf_weight=8.3703128602355701 12736.785420029191 258.74819519813173 2.4959872579202047 7.743097642203792 0.54682285850867707 4.8522472828626615 0.45496186008676642 8.5517146836500597 2.7084192698821425 0.61061711609363545 0.98124166391789913 56.731617271900177 22.820270758122206 1692.217794504948 7.6204588115215293 4.4134773835539844 10.318103298544882 176.79193444363773 0.85467185266315826 0.62274559959769249 0.35943950433284033 3.1016674796119332 0.48055359302088607 0.97455432568676759 21.692287333309654 2.0021887961775056 11.628054499626161 8.2822474390268308 2.8424273794516912 96.831951922504231
leaf_count=52 128118 4010 23 434 36 778 36 354 45 16 33 394 220 12130 41 20 60 4500 36 33 10 190 34 79 219 21 54 37 22 2649
internal_value=-1.32551e-05 -0.0017507 -0.00188807 -0.00790087 -0.00857246 -0.014011 0.0222642 0.0140426 0.0707378 0.165625 0.0844618 -0.000993794 -0.000516987 0.000667422 0.000161252 0.0196639 0.0104844 -0.0166835 0.0199843 0.185101 -0.00498863 0.0398854 0.141469 0.0234081 0.0195419 0.0375402 0.0262246 0.0381442 0.0016492 -0.000329248
internal_weight=15153.4 2416.65 2408.28 311.805 309.309 201.892 13.8538 13.307 4.75524 2.04682 1.4362 2096.47 2039.74 1780.99 1734.48 42.2623 34.6419 188.038 11.2459 1.47742 9.76846 4.91621 1.81455 1.33399 46.5147 23.6945 24.3238 19.9103 107.417 104.575
internal_count=154684 26566 26514 9308 9285 6180 520 484 130 85 69 17206 16812 12802 12342 212 171 5660 1160 69 1091 313 123 89 460 240 111 91 3105 3083
is_linear=0
shrinkage=0.05


Tree=172
num_leaves=31
num_cat=0
split_feature=26 22 23 26 8 10 15 15 21 17 30 2 14 14 20 6 9 9 11 13 20 28 26 23 23 19 11 24 17 14
split_gain=3.46425 4.05109 4.60955 3.52297 8.79116 13.3419 4.59286 3.51142 7.70958 11.9722 9.63502 13.717 11.5091 9.06288 7.6854 10.0279 8.4843 9.7714 8.58844 18.8623 20.8613 12.521 9.81362 8.59847 7.40727 8.96875 7.78696 9.95937 7.31172 6.99419
threshold=0.23000000000000001 1.155 7.0550000000000006 0.21500000000000033 0.41535000000000005 0.29800000000000004 -1.0000000180025095e-35 -4.1633363423443364e-17 1.0000000180025095e-35 5.5000000000000009 -1.4999999999999998 2.5000000000000004 0.01263333333333329 0.095441666666666661 2.1650000000000014 0.13500000000000004 6.5650000000000004 6.4750000000000005 0.30125000000000007 1.0150000000000012 2.5950000000000011 4.5000000000000009 -0.020000000000000014 6.8450000000000006 6.6150000000000011 -0.0099999999999999863 0.37525000000000003 0.048333333333334234 1.5000000000000002 -0.034933333333333282
decision_type=2 2 2 2 2 2 2 2 2 2 2 2 2 2 2 2 2 2 2 2 2 2 2 2 2 2 2 2 2 2
left_child=3 -2 -3 7 5 -5 -7 8 9 13 11 12 -10 14 24 -16 17 18 19 20 21 -17 -22 -23 25 26 27 -1 -14 -27
right_child=1 2 -4 4 -6 6 -8 -9 10 -11 -12 -13 28 -15 15 16 -18 -19 -20 -21 22 23 -24 -25 -26 29 -28 -29 -30 -31
leaf_value=0.011653160463669737 -0.034945812764967124 -0.031888379085410548 0.071795643859600203 -0.019214855342166048 -0.032127194613587227 0.18985387804065734 0.077946429500930489 0.00061600295951080202 0.021832224941395608 -0.012983400997919026 0.00021834702720903754 -0.0081018118071670975 0.055574490175155894 -0.011363586619236435 0.10150330783716854 0.30484517096024777 -0.013248032658111031 0.10788431610660341 0.0041287454263770444 0.0095164046509745737 0.13158984828174988 -0.051748577025076285 -0.031196045249916128 0.22955997995738542 -0.0023784709077542365 -0.022425617899765798 -0.0072931176936918175 0.15003671422535772 0.18635589018486837 0.014798617250864753
leaf_weight=2.117746929638086 13.887939787004145 2.1155180223286143 2.173058470711112 2.7485287052113545 3.6989542776718736 1.6028990969061854 2.1422235276550055 9061.7660248123575 4.1795690003782529 280.19466499984264 3896.9899225779809 8.296426158398388 1.7205769903957842 222.79783245758153 3.0597947128117076 1.6448245160281687 29.146202160976827 2.9387780986726275 52.272490791510791 13.981117676943539 1.5891009159386169 0.55414636991918065 2.2182099432684472 0.53283568611368537 1449.0713005154394 15.719190205447374 2.6860259254463017 3.3678529625758529 2.8209527935832739 63.983864093665034
leaf_count=27 318 28 18 86 48 25 22 79077 62 4766 43560 74 20 2819 17 14 214 29 601 110 27 23 57 22 21798 141 35 27 32 587
internal_value=-1.35261e-05 -0.0218287 0.0206492 1.2675e-05 0.0293983 0.0644449 0.125842 -7.12951e-06 -0.000938635 -0.0033457 0.000382281 0.0379229 0.0817065 -0.00189983 -0.000617969 0.0122787 0.00967562 0.0184981 0.0148894 0.0423006 0.112396 0.217826 0.0367478 0.0861481 -0.00152369 0.0125719 0.0624589 0.096613 0.136809 0.00745718
internal_weight=15152 18.1765 4.28858 15133.8 10.1926 6.49365 3.74512 15123.6 6061.88 2147.88 3914.01 17.0175 8.7211 1867.68 1644.88 107.938 104.878 75.7315 72.7927 20.5202 6.53912 2.73181 3.80731 1.08698 1536.95 87.8747 8.17163 5.4856 4.54153 79.7031
internal_count=154684 364 46 154320 181 133 47 154139 75062 31314 43748 188 114 26548 23729 1114 1097 883 854 253 143 59 84 45 22615 817 89 54 52 728
is_linear=0
shrinkage=0.05


Tree=173
num_leaves=31
num_cat=0
split_feature=12 1 11 0 28 7 7 0 6 11 12 14 3 3 8 14 22 19 22 27 26 6 11 8 20 27 24 10 8 10
split_gain=3.44496 6.91204 6.43356 7.44073 11.703 6.29425 14.3293 13.8443 23.3567 7.9809 5.87469 10.0496 10.0522 10.5814 9.99732 9.96477 9.62368 11.2674 9.82761 8.56296 7.76331 6.6939 6.31846 11.6284 6.22063 5.70804 9.04257 5.62004 8.84458 11.578
threshold=0.40275000000000005 5.5000000000000009 0.31265000000000004 22.500000000000004 5.5000000000000009 4.7650000000000006 4.3450000000000006 13.500000000000002 0.16500000000000004 0.28540000000000004 0.43495 0.059666666666666708 52.500000000000007 23.500000000000004 0.22174999999999997 0.089616666666666719 0.050000000000000051 0.0099999999999999898 -1.3399999999999994 -0.11999999999999965 -0.23999999999999974 0.19500000000000003 0.41335000000000005 0.50840000000000007 0.084999999999999756 0.14500000000000005 -0.12833333333333338 0.44010000000000005 0.42295000000000005 0.47635
decision_type=2 2 2 2 2 2 2 2 2 2 2 2 2 2 2 2 2 2 2 2 2 2 2 2 2 2 2 2 2 2
left_child=27 10 3 5 -5 6 -3 9 -9 -8 11 20 13 24 15 -14 18 -18 -16 -12 -2 -15 25 -24 -13 -22 -27 -1 -29 -30
right_child=1 2 -4 4 -6 -7 7 8 -10 -11 19 12 14 21 16 -17 17 -19 -20 -21 22 -23 23 -25 -26 26 -28 28 29 -31
leaf_value=-0.0010304256757484357 0.091739569432974302 -0.013086679186293885 -0.020715852163822983 0.18457254373594453 -0.017730467475810606 -0.010618599449229544 -0.052044389061814744 0.50928444627226133 0.041502906800574779 0.2286360050564753 -0.017799926886414113 0.05057836821381223 0.18385624234966369 0.0099215430821822277 0.0773867848579122 0.045831007865237527 0.078217782226536109 -0.028114161001389998 -0.033168951395203011 0.00092978630160192209 0.0038905736749480935 -0.049874362836798712 -0.029914304077493403 0.043602974976682307 0.18155762109355134 0.038033152233614524 -0.052042744099627794 0.0045880291844905162 0.0055674025388997989 -0.0020598506549513885
leaf_weight=8854.7604517687578 2.439080871641635 3.9555138053838155 62.975275707663968 1.420970211736857 1.4386495929211378 29.657882189378142 0.87165538873523496 0.53432518197223522 0.53307017078623176 0.35698234615847468 65.622464157175273 3.6594002260826519 2.2346027512103346 166.52434178069234 2.6363560743629924 3.1523262020200491 11.36296012252569 3.1909767091274253 8.4625773169100302 870.87934783636592 805.90783525514416 4.8156813345849505 31.751172060612589 6.475743042305111 1.2050063908100126 3.7988557666540137 10.452326538972555 1315.454646199476 640.04938975488767 2234.8145643491298
leaf_count=100196 13 413 2138 17 83 749 45 25 31 20 448 79 27 1192 24 36 65 35 63 7854 7210 58 288 47 8 38 143 11733 4852 16754
internal_value=-1.35503e-05 0.00186273 -0.0108508 0.00517362 0.0827957 -0.00100776 0.0445869 0.143945 0.275669 0.0295077 0.00250802 0.0050426 0.0149272 0.0103054 0.0411639 0.103087 0.0281605 0.0549043 -0.00690838 -0.00038264 0.00266287 0.00824092 0.00240976 -0.0174603 0.0830244 0.00333589 -0.0280317 -0.000316502 0.00119212 -0.000361746
internal_weight=15151.4 2106.32 101.744 38.769 2.85962 35.9094 6.25155 2.29603 1.0674 1.22864 2004.57 1068.07 207.244 176.204 31.0398 5.38693 25.6529 14.5539 11.0989 936.502 860.825 171.34 858.386 38.2269 4.86441 820.159 14.2512 13045.1 4190.32 2874.86
internal_count=154684 21149 3521 1383 100 1283 534 121 56 65 17628 9326 1587 1337 250 63 187 100 87 8302 7739 1250 7726 335 87 7391 181 133535 33339 21606
is_linear=0
shrinkage=0.05


Tree=174
num_leaves=31
num_cat=0
split_feature=3 27 22 23 22 9 8 13 23 15 14 8 20 27 2 22 21 3 10 13 19 22 23 24 10 13 23 19 26 3
split_gain=3.47132 7.62868 10.2361 7.64088 6.98916 7.76883 9.37366 10.4049 10.4084 9.47398 8.97639 8.56794 9.52239 8.16814 8.04189 7.10013 7.54745 11.3482 13.4072 7.2418 6.96556 9.35897 6.90803 10.7681 8.18211 8.95748 10.4827 7.06458 15.8172 16.315
threshold=35.500000000000007 1.0000000180025095e-35 -3.1449999999999991 7.035000000000001 4.3250000000000011 6.7250000000000005 0.52300000000000013 1.5136666666666672 6.785000000000001 0.013333333333333324 0.084250000000000033 0.57340000000000013 1.0349999999999999 -0.16500000000000001 1.5000000000000002 -0.27999999999999997 0.035000000000000003 47.500000000000007 0.56710000000000016 1.4333333333333333 -0.0099999999999999863 3.055000000000001 6.6250000000000009 0.080000000000000529 0.66815000000000013 1.5733333333333339 6.5950000000000006 0.020000000000000014 0.039999999999999598 27.500000000000004
decision_type=2 2 2 2 2 2 2 2 2 2 2 2 2 2 2 2 2 2 2 2 2 2 2 2 2 2 2 2 2 2
left_child=1 22 -3 -4 5 -2 14 13 9 10 -9 12 -10 -8 -7 19 -17 -18 -19 -16 21 -11 23 24 25 27 -27 -1 -29 -30
right_child=4 2 3 -5 -6 6 7 8 11 20 -12 -13 -14 -15 15 16 17 18 -20 -21 -22 -23 -24 -25 -26 26 -28 28 29 -31
leaf_value=-0.0068270778977539848 -0.0011201072657913583 -0.028666446242477037 0.0049083722034584916 -0.015677947998782676 -0.012841617028518347 -0.043916009059232396 -0.063669003350486017 -0.016797631280619934 0.044758224070263003 0.024135881217004714 0.049235581540198137 -0.025664669311953933 -0.007481638028869593 -0.008115047972718805 -0.0025448021088823494 0.0054576352306485235 0.013679855014393208 0.14609967382556963 0.01638544664727656 -0.08995506597819565 0.049401890109457842 -0.038359001667557478 -0.00099734470379898139 0.017238083348933137 -0.06789131857089506 -0.00071101328966330455 0.06480881411777617 0.012236573204122459 0.34686823313994314 0.015035988288793947
leaf_weight=154.23306951811537 7877.4735656722914 23.862271292135119 1579.3052143659443 46.398228486999869 114.48769567720592 8.5756487092003209 6.7680051214992991 29.905036766082048 12.065060269087551 45.058540537953377 6.2163734808564177 37.288566175848246 31.494861245155334 295.713746862486 226.13262899778783 1214.896041221451 27.78028448112309 3.9918501134961835 3.9764491748064756 2.3946174979209891 21.982023317366838 6.9093521088361731 3188.2472550908569 138.40957743441686 4.4552430007606736 13.548539549112322 11.111273124814032 15.969750488875436 0.75009083212353178 0.73179815337061882
leaf_count=1283 82038 1226 16135 510 903 84 42 167 71 238 30 212 188 2454 1957 9519 215 31 33 13 127 32 35780 901 27 70 57 301 26 14
internal_value=-1.35586e-05 0.00103691 0.00384364 0.00432083 -0.000558856 -0.000416217 0.0023826 -0.00358954 0.00554975 0.0155552 -0.00543354 -0.00807215 0.00698756 -0.00935806 0.00436322 0.00464313 0.00612392 0.0287674 0.0813679 -0.00346073 0.0258073 0.0158269 -0.000275616 0.00650795 -0.000888234 0.000632129 0.0288111 -0.00341533 0.0267368 0.183
internal_weight=15150.1 5177.02 1649.57 1625.7 9973.11 9858.62 1981.15 493.402 190.92 110.071 36.1214 80.8485 43.5599 302.482 1487.75 1479.17 1250.64 35.7486 7.9683 228.527 73.9499 51.9679 3527.46 339.209 200.8 196.345 24.6598 171.685 17.4516 1.48189
internal_count=154684 56330 17871 16645 98354 97451 15413 3561 1065 594 197 471 259 2496 11852 11768 9798 279 64 1970 397 270 38459 2679 1778 1751 127 1624 341 40
is_linear=0
shrinkage=0.05


Tree=175
num_leaves=31
num_cat=0
split_feature=21 15 21 3 27 7 22 7 7 7 26 3 28 8 10 23 23 19 4 22 14 6 12 12 14 12 22 23 11 19
split_gain=3.42112 7.22271 7.98188 7.02889 8.30954 6.33125 8.15418 13.4839 8.4548 8.54845 6.24123 8.32602 9.27876 7.80865 9.61147 6.53676 6.52923 6.35636 6.35289 6.36571 7.22692 8.62426 9.29984 6.31788 8.71121 6.08252 7.59956 10.2829 11.0912 9.68844
threshold=-0.030000000000000002 0.02500000000000004 0.015000000000000001 25.500000000000004 0.074999999999999747 6.3150000000000004 0.019999999999999688 6.245000000000001 6.0550000000000006 5.9750000000000005 0.055000000000000167 42.500000000000007 4.5000000000000009 0.30240000000000006 0.41645000000000004 7.1150000000000011 6.745000000000001 -0.025000000000000005 43.500000000000007 3.1350000000000011 0.089616666666666719 0.17500000000000002 0.3599 0.21695000000000003 -0.023849999999999951 0.27745000000000003 1.5100000000000002 6.6850000000000014 0.45065000000000005 -0.094999999999999973
decision_type=2 2 2 2 2 2 2 2 2 2 2 2 2 2 2 2 2 2 2 2 2 2 2 2 2 2 2 2 2 2
left_child=10 -2 3 4 5 6 7 8 9 -3 13 12 17 14 18 -13 -16 -12 -1 -20 21 22 -21 24 -14 -5 29 -28 -29 -27
right_child=1 2 -4 25 -6 -7 -8 -9 -10 -11 11 15 23 -15 16 -17 -18 -19 19 20 -22 -23 -24 -25 -26 26 27 28 -30 -31
leaf_value=0.074225487494733677 -9.7184609541197559e-06 0.010407454278011046 0.058574910135436913 -0.005604915819013628 0.079907584326578143 -0.0048432564609564854 0.054519611758880419 0.28623160969768885 -0.076625981938201707 0.20990137049487065 0.012707254626195555 -0.024366823917961713 0.16948827563604518 0.00048316310009355453 0.00072013112359813807 0.072054721132198588 -0.059372235918870558 -0.0092198950574090433 -0.0082006558935653288 -0.0079253356109554446 -0.044087866284663248 0.14395840364565191 0.11832897169155801 -0.040629993516159646 -0.024970088708254044 -0.039797229900361435 -0.036396552984733266 0.0059299984773086845 -0.056896985901715547 0.0097505057159181212
leaf_weight=2.4549072640947989 12223.6687949521 24.482341566821571 6.8686842862516633 162.39659410575405 5.1971597112715235 26.656043227761984 16.003793918993324 0.4345482736825933 2.8140644021332255 0.54903455078601737 70.626275678165257 81.18777115829289 0.88506360980682108 1591.7992615513504 6.5415643546730307 1.7966355998069037 14.628979522734879 62.12234546802938 262.60547745367512 5.5529795717447978 2.6495197489857665 1.9195835739374159 1.9781361669301984 20.9882541236002 1.6488660001195992 10.105828467756508 22.121075689792633 93.844975844956934 7.5930697023868552 415.93605092307553
leaf_count=34 131535 1221 37 1238 34 165 102 5 27 5 576 1000 17 9993 50 19 130 694 2930 60 23 24 20 470 35 124 113 534 41 3428
internal_value=-1.32657e-05 0.000290627 0.00490862 0.00444091 0.0188805 0.0144096 0.0259985 0.00985831 0.00554531 0.0147831 -0.00187121 -0.0094796 -0.0026826 -0.000908126 -0.0083316 -0.0222793 -0.0408041 0.00244601 -0.00585123 -0.00656684 0.0288912 0.049351 0.0252368 -0.0316262 0.0429513 0.00289682 0.00540892 -0.00550872 0.00122713 0.00857522
internal_weight=15148.1 13018.7 795.003 788.135 76.137 70.9398 44.2838 28.28 27.8454 25.0314 2129.39 239.255 156.271 1890.13 298.331 82.9844 21.1705 132.749 277.161 274.706 12.1002 9.4507 7.53112 23.5222 2.53393 711.998 549.601 123.559 101.438 426.042
internal_count=154684 138609 7074 7037 1559 1525 1360 1258 1253 1226 16075 2811 1792 13264 3271 1019 180 1270 3091 3057 127 104 80 522 52 5478 4240 688 575 3552
is_linear=0
shrinkage=0.05


Tree=176
num_leaves=31
num_cat=0
split_feature=23 27 22 9 22 19 12 0 11 11 24 4 12 26 6 7 20 23 22 24 24 13 22 12 28 15 24 15 21 11
split_gain=3.36979 3.37349 5.86883 9.89164 8.39193 8.39276 8.03817 6.85415 7.65078 9.87201 8.61074 6.93079 6.8315 11.9149 7.74406 12.1673 7.78751 7.47198 7.3769 6.70693 11.2822 6.53863 6.33248 6.24589 6.12425 5.9285 5.8678 5.71157 5.58012 5.53846
threshold=7.5750000000000011 -0.17500000000000024 1.0500000000000003 4.7550000000000008 0.79000000000000037 -0.044999999999999991 0.36974999999999997 19.500000000000004 0.29304999999999998 0.27455000000000002 0.1166666666666676 54.500000000000007 0.34915000000000002 -0.16500000000000001 0.16500000000000004 4.8050000000000006 -0.67999999999999916 6.705000000000001 -2.2649999999999992 0.14166666666666708 0.105 -0.1333333333333335 2.1650000000000014 0.30535000000000007 3.5000000000000004 -0.021666666666666685 0.13333333333333422 0.021666666666666678 1.0000000180025095e-35 0.43695000000000001
decision_type=2 2 2 2 2 2 2 2 2 2 2 2 2 2 2 2 2 2 2 2 2 2 2 2 2 2 2 2 2 2
left_child=1 2 4 -4 5 -1 23 8 9 10 22 -10 13 17 15 -14 -17 -7 -15 20 25 -22 -5 -6 -21 -16 27 28 -20 -30
right_child=-2 -3 3 7 6 12 -8 -9 11 -11 -12 -13 14 18 19 16 -18 -19 26 24 21 -23 -24 -25 -26 -27 -28 -29 29 -31
leaf_value=0.052426697204432438 -0.056163460272614998 9.2440126053619422e-05 -0.050268430712962754 -0.070766199409928135 0.017690559586876486 0.004509357828846222 -0.024066524023744942 0.0496706813489513 -0.011855274430480393 0.082587735792243711 0.038840431329641108 -0.054400869247693363 0.06013563570776146 0.051789907492548443 -0.050801357053511187 0.048063615020635136 -0.035364328109233407 0.09442008921674222 -0.047476642193982489 -0.060402258418564447 0.043889341686014875 0.13217329248148169 0.015560707536408003 0.097576398197041281 0.032615438442017808 0.033950436867475738 -0.05841666522472902 0.025573749372853661 -0.021530598469306501 0.044376772839507771
leaf_weight=6.4175987783819428 2.6715384032577267 14899.465705147712 16.813158247619867 5.2827832996845263 4.4610447548329812 7.4972811108455044 3.7996730059385291 4.828668847680091 42.773161545395851 4.2297133505344382 6.7852302044630042 12.332024589180945 5.1238566301763084 3.0092588225379577 3.047526229638609 3.2150784973055186 21.517989464104172 3.3402495225891471 18.188225440680981 3.5032398737967005 4.3720926903188229 4.0310027003288251 3.55312130600214 5.4189491681754589 3.5756883742287755 6.3898563049733665 12.812213544733821 5.9436071775853625 18.515749451704327 3.8504522521980098
leaf_count=37 28 153063 110 33 28 56 24 23 225 22 33 62 36 40 33 28 134 22 146 20 39 23 19 31 27 57 76 32 150 27
internal_value=-1.30868e-05 -3.18146e-06 -0.00582716 -0.0154142 0.000428891 -0.00336987 0.0377374 -0.0080693 -0.0117889 0.0148261 -0.00352165 -0.0213766 -0.00616883 -0.0161666 0.00718383 -0.00999147 -0.0245194 0.0322209 -0.0245814 0.0277622 0.0441019 0.0862396 -0.0360522 0.0615061 -0.0134174 0.00658233 -0.0284562 -0.0202009 -0.0269095 -0.0101843
internal_weight=15146.8 15144.1 244.628 96.5979 148.031 134.351 13.6797 79.7847 74.956 19.8508 15.6211 55.1052 127.933 73.157 54.7763 29.8569 24.7331 10.8375 62.3195 24.9194 17.8405 8.4031 8.8359 9.87999 7.07893 9.43738 59.3102 46.498 40.5544 22.3662
internal_count=154684 154656 1593 527 1066 983 83 417 394 107 85 287 946 549 397 198 162 78 471 199 152 62 52 59 47 90 431 355 323 177
is_linear=0
shrinkage=0.05


Tree=177
num_leaves=31
num_cat=0
split_feature=25 0 24 22 22 20 0 3 21 12 10 13 10 5 26 15 7 15 17 29 20 8 9 8 13 1 20 15 21 11
split_gain=3.34238 7.35752 7.83744 10.2307 9.27074 9.25679 8.1409 8.04405 7.92943 6.70166 6.60634 8.71029 8.04022 6.54642 8.83564 7.32464 6.42937 7.10231 7.80169 7.18467 6.27391 8.06777 7.31085 8.80097 7.14659 10.3835 6.99654 6.30421 6.95732 6.19182
threshold=1.5000000000000002 3.5000000000000004 0.021666666666666948 0.29000000000000031 0.019999999999999688 1.1300000000000003 15.500000000000002 36.500000000000007 -1.0000000180025095e-35 0.28335000000000005 0.33425000000000005 1.2233333333333336 0.30750000000000005 1.0000000180025095e-35 -0.11999999999999965 -0.051666666666666645 3.7950000000000004 0.0083333333333333193 2.5000000000000004 1.0000000180025095e-35 2.2050000000000014 0.49605000000000005 6.745000000000001 0.37545000000000006 1.8383333333333338 4.5000000000000009 2.4350000000000009 0.011666666666666674 -0.055 0.70185000000000008
decision_type=2 2 2 2 2 2 2 2 2 2 2 2 2 2 2 2 2 2 2 2 2 2 2 2 2 2 2 2 2 2
left_child=1 16 3 4 10 9 8 -8 -7 -5 12 -12 -3 15 -15 -2 17 19 -19 -1 21 22 -18 -24 26 -26 -22 -23 -29 -16
right_child=13 2 -4 5 -6 6 7 -9 -10 -11 11 -13 -14 14 29 -17 20 18 -20 -21 24 27 23 -25 25 -27 -28 28 -30 -31
leaf_value=-0.002021345595166096 -0.020920077821551836 0.0023850359164140841 0.0025726188917357829 -0.0010300804773576114 0.04944197498594885 0.0041263462689778525 0.032780002198991666 -0.055687035233379582 0.090535797794707565 -0.042311095291239671 -0.035311146860193598 0.050649354444534 0.07699633784579335 -0.015824690507276001 0.0016451580078461288 -0.0012019398271890551 -0.0074437843005680376 0.0056487732897625128 0.12013556333703337 0.099790841393606236 0.034155343229773982 -0.042504851110233922 0.061902476667533894 0.0039895451143811744 0.012457853954181914 0.10205559391453012 -0.017896573284342229 -0.070453323326226058 -0.00058540532394020961 -0.045765036097044992
leaf_weight=21.915117175318308 47.403027904219925 28.688668661052361 3299.8780987169594 12.809262834489344 10.00897256657481 7.5890322774648666 3.9272738657891733 7.4322594702243805 4.0835809558630007 42.292396458797157 20.314271160401407 3.4470161758363238 4.1306424867361775 74.553789182566106 3751.0315974357072 7299.0884830339346 340.37706498987973 2.7781113339588037 3.2044819360598922 1.8815671051852394 9.3031610902398842 26.96828973852098 7.8037836179137221 41.168304959312081 10.500169992446898 4.6726105138659468 21.092966496944427 4.0916529148817089 27.581953639164567 6.8994250274263313
leaf_count=355 951 396 24439 84 78 44 24 45 26 296 217 28 47 806 41726 81784 2253 42 47 40 53 165 46 242 43 28 127 21 153 78
internal_value=-1.27469e-05 0.00123393 0.00207315 -0.00931537 0.00508488 -0.021588 0.00503126 -0.0251018 0.0343561 -0.0327147 -0.00276178 -0.022841 0.0117756 -0.000455251 0.00121996 -0.00132917 -0.00428978 0.0182721 0.0669718 0.00602879 -0.00565107 -0.00744898 -0.00484495 0.0132181 0.0120243 0.0400504 -0.00196535 -0.0247383 -0.00961107 0.00155811
internal_weight=15146.9 3967.94 3444.6 144.723 66.5896 78.1338 23.0321 11.3595 11.6726 55.1017 56.5806 23.7613 32.8193 11179 3832.48 7346.49 523.339 29.7793 5.98259 23.7967 493.56 447.991 389.349 48.9721 45.5689 15.1728 30.3961 58.6419 31.6736 3757.93
internal_count=154684 29339 25724 1285 766 519 139 69 70 380 688 245 443 125345 42610 82735 3615 484 89 395 3131 2880 2541 288 251 71 180 339 174 41804
is_linear=0
shrinkage=0.05


Tree=178
num_leaves=31
num_cat=0
split_feature=1 24 23 6 13 19 15 7 8 11 15 10 12 13 17 5 4 12 12 6 23 23 15 15 19 24 12 28 26 24
split_gain=3.35349 6.34328 7.46569 6.92539 25.5355 7.28981 7.09102 6.8519 21.0828 10.029 6.9354 6.49443 5.64328 14.8343 8.24445 13.3426 7.00711 24.1843 6.02485 10.4537 6.2497 5.26591 12.1262 11.4635 13.227 11.958 14.631 7.50933 9.62613 7.1827
threshold=5.5000000000000009 -0.028333333333331986 6.9250000000000007 0.19500000000000003 0.64833333333333287 0.15500000000000003 -0.0033333333333333405 4.2250000000000005 0.2114 0.37805 -0.0033333333333333197 0.44010000000000005 0.34625 1.8383333333333338 5.5000000000000009 1.0000000180025095e-35 55.500000000000007 0.27090000000000009 0.38335000000000002 0.13500000000000004 6.955000000000001 6.745000000000001 0.048333333333333353 0.055500000000000015 -0.16499999999999995 0.015000000000000126 0.30785000000000001 2.5000000000000004 0.015000000000000126 -0.02499999999999902
decision_type=2 2 2 2 2 2 2 2 2 2 2 2 2 2 2 2 2 2 2 2 2 2 2 2 2 2 2 2 2 2
left_child=-1 2 -2 5 11 6 -4 8 9 -8 -9 -5 16 14 18 -16 -12 -18 19 -14 -21 22 29 -24 25 26 -25 28 -23 -3
right_child=1 21 3 4 -6 -7 7 10 -10 -11 12 -13 13 -15 15 -17 17 -19 -20 20 -22 27 23 24 -26 -27 -28 -29 -30 -31
leaf_value=0.00015533635369127652 -0.017433727814058931 0.061985670015547834 -0.044194547446646359 -0.050443083749050981 0.46491568440120051 0.16647524347391107 -0.050369631452819433 0.16771326357408203 0.52749847418263929 0.28140463427995288 -0.036378495832045742 0.31859779674269195 0.19517516135963053 0.22592210835496546 -0.052165649988003597 0.25517972595387239 0.2525959389471491 -0.053802859434751549 -0.054438669496018104 0.10232287586613996 -0.052726123735013335 0.00034509191950527965 0.15928287315728773 0.48918934040352546 -0.054975471322744864 0.025213230890755674 0.096880686017530512 -0.0073332890602952313 0.083281581564870574 0.0012512642157615581
leaf_weight=14412.752930992749 130.53906223271042 4.9608979134354731 7.0137890614569143 0.99989064200781175 0.38469772227108467 0.6746833473443975 0.93390572210774425 0.6466787531971957 0.25800677528604854 0.30125526757910848 11.234283877536656 0.13535330118611455 0.8025300810113517 0.88527241349220354 0.62507519079372265 0.811648303642869 0.98033868661150281 1.8772540716454384 3.7437299629673362 0.92091439198702607 2.2086368962191045 10.404230797663329 2.2988256067037574 0.36788947088643931 2.6291594747453928 1.9210704853758214 0.67138583119958639 278.42091909586452 5.2712112180888644 260.19411059725098
leaf_count=128901 6448 150 608 154 7 13 147 28 12 37 376 11 19 11 27 24 36 62 124 29 86 75 18 21 189 95 54 10055 39 6828
internal_value=-1.24609e-05 -0.00331128 -0.0119086 0.0084439 0.112858 0.00376487 0.000462608 0.012404 0.116418 0.03055 0.0061253 -0.00644294 0.00178753 0.0305186 0.0115354 0.121463 -0.0185964 0.0513117 -0.00904035 0.0341833 -0.00710078 -0.000795231 0.00420501 0.0652955 0.0266408 0.0991264 0.235753 -0.00543752 0.0282343 0.00238757
internal_weight=15145.9 733.117 165.977 35.4379 1.51994 33.918 33.2433 26.2295 1.49317 1.23516 24.7364 1.13524 24.0897 9.99781 9.11253 1.43672 14.0919 2.85759 7.67581 3.93208 3.12955 567.14 273.043 7.88833 5.58951 2.96035 1.03928 294.096 15.6754 265.155
internal_count=154684 25783 8259 1811 172 1639 1626 1018 196 184 822 165 794 320 309 51 474 98 258 134 115 17524 7355 377 359 170 75 10169 114 6978
is_linear=0
shrinkage=0.05


Tree=179
num_leaves=31
num_cat=0
split_feature=3 27 11 21 18 26 12 23 8 8 27 11 14 15 8 23 8 11 7 26 10 4 12 24 27 14 22 4 11 21
split_gain=3.34821 4.2223 4.74911 3.39204 11.6491 9.22274 6.61673 6.71926 9.3759 9.1108 9.18415 8.27429 7.33864 10.5827 7.93042 6.52787 10.3581 11.2278 19.2374 11.2727 21.1691 9.53244 11.7744 18.3528 15.6372 10.4464 9.27321 9.25366 8.95654 8.78896
threshold=64.500000000000014 0.074999999999999747 0.25650000000000006 1.0000000180025095e-35 3.5000000000000004 0.074999999999999747 0.29515000000000008 6.6250000000000009 0.52565000000000006 0.17010000000000003 -0.10999999999999986 0.38805000000000001 -0.032133333333333243 -0.011666666666666678 0.13660000000000003 6.8850000000000007 0.29535000000000006 0.17694999999999997 4.6050000000000013 0.069999999999999854 0.29435000000000006 52.500000000000007 0.33085000000000003 -0.0016666666666673711 1.0000000180025095e-35 0.036458333333333294 0.4899999999999996 58.500000000000007 0.18500000000000003 -0.025000000000000005
decision_type=2 2 2 2 2 2 2 2 2 2 2 2 2 2 2 2 2 2 2 2 2 2 2 2 2 2 2 2 2 2
left_child=3 2 -2 4 -1 6 -6 8 9 12 11 -11 13 -8 -14 27 17 18 -17 29 -21 22 23 24 26 -24 -18 -9 -29 -19
right_child=1 -3 -4 -5 5 -7 7 15 -10 10 -12 -13 14 -15 -16 16 21 19 -20 20 -22 -23 25 -25 -26 -27 -28 28 -30 -31
leaf_value=0.00012607747256691972 0.049513442456385906 0.042764286259222996 -0.036509419342328465 0.0010506619753851295 -0.0099605831395678489 -0.020288147305331267 0.038799975926750295 -0.0055266853065174953 0.081824323703316493 0.062251000926980118 -0.0090857829105372712 -0.012237754579492862 -0.024792835240401635 0.2766225136128197 0.10812542750595888 0.0035708483280749667 0.18715518293025457 0.038914087889532961 0.32751685921839396 -0.051721394346873131 0.41841692773173716 0.0049553453846631953 0.0061319772499042954 0.021480853428661371 0.082813321263300321 0.084354717914283783 0.4534453122579627 0.18257693543988901 0.026038326399648155 -0.027648164605046086
leaf_weight=8673.856110073626 1.776206839364028 2.3667959840968242 16.591523474082351 5189.490169238532 318.98039268655702 91.690658111823723 1.0207031709142027 654.73209719709121 4.636085230857133 10.157139245420696 45.479439176619053 5.8900087699294081 2.68851294228807 0.86348626017570485 1.9261837890371678 1.5197149273008101 0.62243298115208767 5.7134902048856011 0.65616636816412199 0.54943905770778556 0.42437107441946864 37.228797133546323 15.725907306652518 2.8403443889692452 1.3108932580798862 5.8580870642326763 0.68864616379141808 1.0000826539471734 10.587673867586998 37.570563782006502
leaf_count=77697 23 37 219 54051 5350 3203 32 10989 33 64 498 38 74 11 19 52 31 73 19 39 14 509 243 41 19 64 9 11 205 1017
internal_value=-1.2904e-05 -0.0200914 -0.0281908 1.46236e-05 -0.000526588 -0.00501826 -0.00382022 -0.00151508 0.013025 0.00833617 0.00238913 0.0349104 0.0646382 0.147789 0.0306875 -0.00287476 0.00836838 -0.0096254 0.101261 -0.015077 0.153157 0.0213675 0.0439585 0.109537 0.204928 0.0273623 0.327024 -0.0047428 0.0395484 -0.018862
internal_weight=15144.4 20.7345 18.3677 15123.7 9934.22 1260.36 1168.67 849.69 72.6616 68.0255 61.5266 16.0471 6.49889 1.88419 4.6147 777.029 110.709 46.4337 2.17588 44.2579 0.97381 64.2751 27.0463 5.46232 2.62197 21.584 1.31108 666.32 11.5878 43.2841
internal_count=154684 279 242 154405 100354 22657 19454 14104 769 736 600 102 136 43 93 13335 2130 1214 71 1143 53 916 407 100 59 307 40 11205 216 1090
is_linear=0
shrinkage=0.05


Tree=180
num_leaves=31
num_cat=0
split_feature=4 10 8 13 2 24 9 19 17 23 28 22 21 10 0 1 27 22 23 18 27 9 16 10 10 0 28 22 26 26
split_gain=3.25607 5.18686 8.60459 8.14852 7.93782 7.73212 7.75432 7.08348 9.65571 12.8412 10.8498 7.1043 6.99467 6.89303 15.8841 9.88053 20.0716 6.73643 8.50996 10.5858 8.57445 10.6789 8.29647 8.05088 9.54194 11.113 8.03112 17.5135 10.6984 9.80838
threshold=50.500000000000007 0.11049999999999996 0.15105000000000005 -0.71999999999999942 1.5000000000000002 -0.0083333333333341902 4.205000000000001 0.010000000000000004 5.5000000000000009 6.7650000000000006 3.5000000000000004 1.0900000000000007 -0.030000000000000002 0.13370000000000001 10.500000000000002 3.5000000000000004 0.024999999999999915 -0.26500000000000007 6.7650000000000006 5.5000000000000009 0.055000000000000167 6.9450000000000012 4.5000000000000009 0.12555000000000002 0.11810000000000001 5.5000000000000009 2.5000000000000004 -2.3849999999999993 -0.084999999999999951 -0.060000000000000046
decision_type=2 2 2 2 2 2 2 2 2 2 2 2 2 2 2 2 2 2 2 2 2 2 2 2 2 2 2 2 2 2
left_child=1 5 13 4 -4 6 -1 12 -9 -10 -11 -12 -7 14 15 -3 -17 18 20 26 21 -5 23 24 25 -19 -20 -28 -29 -30
right_child=-2 2 3 17 -6 7 -8 8 9 10 11 -13 -14 -15 -16 16 -18 22 19 -21 -22 -23 -24 -25 -26 -27 27 28 29 -31
leaf_value=-0.020773620353681618 0.00030611377377989048 0.085856645181842106 -0.061971776006081614 -0.0014413019687660182 -0.010389600422327923 -0.019675092052793722 0.049352050269142494 -0.023579187772885781 -0.019785984219557025 0.16032728386794487 -0.051667760330347971 0.18222583387906033 0.0052425619821998073 0.011050519322261821 0.0075216530292117603 0.097357123029344142 0.53684263909291374 0.081869715914062793 0.0078502770246935243 -0.019819206121436301 -0.037207862993902378 0.053969138596762639 -0.021681693008603394 -0.0018063195205385383 0.07004265385594137 -0.0089311284135552248 0.21035964485612613 -0.035519484363670667 0.099190355840993685 0.026756729593170849
leaf_weight=105.83352303295396 12730.322330803378 2.3438691459596144 7.995098191779106 181.05435365531594 111.09285425581038 32.897124805022031 4.09463793830946 62.754981003468856 5.8450330547057074 2.545015593059361 1.433819866273552 0.41968566551804531 195.7468544873409 42.518865422578529 5.6618487967643887 0.66977485781535484 0.42442590091377497 4.1039843494072619 100.26418468914926 21.979042747057974 15.715900670737026 9.1339473500847799 51.412348308134824 1347.3333068978973 8.2404678547754866 18.834068391937762 1.3169669099152077 6.3637395817786446 5.0695945285260668 59.841705895960331
leaf_count=2824 128118 26 153 1437 2022 341 44 1739 170 46 86 6 2127 709 126 39 15 34 645 258 148 71 951 11235 79 197 21 64 57 896
internal_value=-1.30849e-05 -0.00169713 -0.000645877 -0.00117932 -0.0138526 -0.00680912 -0.0181616 -0.00267194 -0.0162322 0.0287772 0.0933111 0.00129231 0.00165743 0.0195033 0.0589984 0.143771 0.267828 -0.000354896 0.00537446 0.0128648 -0.00171321 0.00121983 -0.00196056 -0.00122505 0.0238936 0.00731459 0.0170207 0.0296868 0.0263484 0.0324138
internal_weight=15143.3 2412.94 2001.37 1949.75 119.088 411.571 109.928 301.643 72.9985 10.2436 4.39852 1.85351 228.644 51.6188 9.09992 3.43807 1.0942 1830.66 400.739 194.835 205.904 190.188 1429.92 1378.51 31.1785 22.9381 172.856 72.592 71.275 64.9113
internal_count=154684 26566 19183 18268 2175 7383 2868 4515 2047 308 138 92 2468 915 206 80 54 16093 3597 1941 1656 1508 12496 11545 310 231 1683 1038 1017 953
is_linear=0
shrinkage=0.05


Tree=181
num_leaves=31
num_cat=0
split_feature=14 12 20 0 29 7 13 24 0 26 10 3 12 4 1 26 23 26 26 12 11 26 12 15 9 13 4 11 14 0
split_gain=3.27382 5.93793 5.92886 10.4488 8.13184 10.3884 6.91874 5.35931 7.11483 6.27148 9.57177 6.24176 6.06935 8.20122 8.46736 20.8349 8.04658 7.94065 6.94468 6.30866 5.83054 6.6478 11.346 9.59226 15.7974 14.4829 16.0012 11.1162 9.85817 8.14463
threshold=-0.064599999999999963 0.19205000000000003 -1.5799999999999996 6.5000000000000009 1.0000000180025095e-35 4.6450000000000005 -0.73333333333333306 0.013333333333334087 7.5000000000000009 0.044999999999999936 0.42820000000000008 26.500000000000004 0.27645000000000003 56.500000000000007 4.5000000000000009 0.055000000000000167 6.8750000000000009 -0.084999999999999951 -0.029999999999999801 0.29015000000000007 0.32150000000000001 -1.0000000180025095e-35 0.39120000000000005 -0.0066666666666666949 4.0050000000000008 -1.214999999999999 48.500000000000007 0.22254999999999997 -0.076433333333333381 9.5000000000000018
decision_type=2 2 2 2 2 2 2 2 2 2 2 2 2 2 2 2 2 2 2 2 2 2 2 2 2 2 2 2 2 2
left_child=1 2 3 -1 5 -5 -4 11 9 -9 -11 20 13 17 16 -16 -15 -13 19 -14 21 23 -23 -3 25 -25 -27 -28 -29 -26
right_child=-2 7 6 4 -6 -7 -8 8 -10 10 -12 12 18 14 15 -17 -18 -19 -20 -21 -22 22 -24 24 29 26 27 28 -30 -31
leaf_value=0.20401871613984277 0.00029407060896085408 -0.021879225118890705 -0.029635769905992745 -0.02900085562106159 0.20569861561573971 0.12957771113055772 0.0079725459339254554 -0.0077481125027697995 0.0034421346218154328 -0.0079158836639996854 0.10194211583284761 0.088903951880709542 0.033430609008696911 0.030930063814204017 -0.012276979966084615 0.31145628253558144 -0.068946760352368283 -0.019265180709290258 -0.0029998965458696747 -0.022676703139963096 0.08626151726221673 -0.0099996062505881139 0.032003038929017076 -0.051269641614302801 0.072628031369051674 -0.010225792563522565 0.33119345424725921 0.053324376833658996 0.25367441940795538 -0.02486061911850565
leaf_weight=0.97042726422659953 12889.679104646901 6.3239133979659554 13.244735808577387 4.2791975315194577 0.5811858670786022 1.361304778140038 159.49889802001417 257.1503883858677 606.71148749440908 4.8930357750505191 3.3335908595472574 1.7161936191841949 5.3893263028003267 8.0011458182707411 1.2535249898210161 0.82350273570045818 2.6961475778371087 148.89687947765924 841.78440546290949 71.182046367786825 2.2295644765254101 75.084958319552243 20.458611165639013 1.0624636467546213 3.3758986108005029 1.1455616280436514 1.1676180902868512 1.3556174458935846 1.1222913628444087 5.8635272160172462
leaf_count=28 129285 279 203 181 27 31 1451 2073 4986 67 26 21 80 92 54 30 37 1891 10557 1123 49 1460 376 83 34 28 21 25 17 69
internal_value=-1.32928e-05 -0.00177179 0.00694094 0.0514214 0.0276201 0.00927123 0.00508901 -0.00252804 0.00045529 -0.00637331 0.0366007 -0.00469447 -0.00589099 -0.0147702 0.0236945 0.116077 0.00575709 -0.0180326 -0.00431126 -0.0187277 0.00616495 0.0046381 -0.00100564 0.0298156 0.0514755 0.115743 0.152779 0.204001 0.144067 0.0107598
internal_weight=15142.6 2252.96 179.936 7.19212 6.22169 5.6405 172.744 2073.02 872.089 265.377 8.22663 1200.93 1081.74 163.387 12.7743 2.07703 10.6973 150.613 918.356 76.5714 119.19 116.96 95.5436 21.4169 15.093 5.85355 4.79109 3.64553 2.47791 9.23943
internal_count=154684 25399 1921 267 239 212 1654 23478 7152 2166 93 16326 13885 2125 213 84 129 1912 11760 1203 2441 2392 1836 556 277 174 91 63 42 103
is_linear=0
shrinkage=0.05


Tree=182
num_leaves=31
num_cat=0
split_feature=28 0 24 26 12 14 7 0 0 0 15 15 10 14 0 11 26 12 22 13 16 11 3 13 8 9 9 24 22 22
split_gain=3.25772 7.94692 14.9269 8.44111 7.84123 11.5987 7.67229 7.69439 11.9286 9.54848 10.4154 9.64594 9.62043 8.36653 10.063 9.02002 8.14467 7.73852 8.81167 7.65447 11.0077 12.7652 9.93207 9.28326 7.38321 10.5802 10.2376 7.26951 7.19713 8.96189
threshold=1.5000000000000002 4.5000000000000009 0.01183333333333403 -0.10000000000000007 0.69400000000000006 0.25109166666666677 8.0850000000000026 15.500000000000002 13.500000000000002 12.500000000000002 -0.024499999999999991 0.044999999999999998 0.34295000000000003 0.021783333333333352 14.500000000000002 0.29525000000000007 0.14999999999999994 0.42125000000000007 0.61999999999999955 -0.3733333333333328 3.5000000000000004 0.37150000000000005 35.500000000000007 1.0000000180025095e-35 0.50970000000000015 6.2150000000000007 5.3350000000000009 0.02166666666666606 4.5750000000000011 3.9450000000000007
decision_type=2 2 2 2 2 2 2 2 2 2 2 2 2 2 2 2 2 2 2 2 2 2 2 2 2 2 2 2 2 2
left_child=6 2 28 4 5 -3 7 8 9 11 12 16 -11 14 15 -10 -1 -16 -19 22 23 -22 -15 -21 25 26 -17 -26 29 -2
right_child=1 3 -4 -5 -6 -7 -8 -9 13 10 -12 -13 -14 19 17 24 -18 18 -20 20 21 -23 -24 -25 27 -27 -28 -29 -30 -31
leaf_value=-0.00039997757958644479 0.0070118557099144163 0.0037965339212524133 -0.0021642232043820419 -0.0017719432101308916 -0.06927707218605017 0.072839978106514019 0.050745424545281886 0.0032205507822071298 -0.0084649475514340551 -0.046168649077064444 0.014093433416435276 0.030354516360908475 0.022337810659695076 0.01724993706137205 -0.00078175120033385803 -0.022157512264701876 -0.068748166317636902 -0.0095513580008193179 -0.10059564717112308 -0.060226099968360952 -0.021854349550881589 0.051769275440664286 -0.036008980069424712 0.0025337371709705393 -0.1115230629727126 0.0038344199891471617 -0.066950279048578962 -0.019720369780259765 -0.032250702163880332 0.047499727949562968
leaf_weight=2754.947512127459 837.02399322530255 678.72145478776656 860.70012174313888 7091.8691389067098 3.628892032429575 6.1378329591825596 7.7213489562273017 2151.7744543887675 65.161032363772392 14.439947359263899 201.72838851064444 25.551824167370796 7.9440874308347693 13.056142732501028 140.13078552484512 33.050236374139786 4.3656324297189704 7.0780758261680585 4.2554055899381638 6.2826481014490119 7.9326437413692501 22.837013974785805 26.56454935669899 94.808167017996311 5.5571211129426938 19.142503961920738 20.774532571434975 3.5238428860902786 11.440326575189827 13.894399881362913
leaf_count=12499 12417 6138 8174 101851 25 52 39 9967 301 70 919 124 34 58 641 153 20 33 21 26 33 97 119 458 24 86 90 20 86 109
internal_value=-1.34641e-05 -0.000578377 0.00249403 -0.0012588 0.0040269 0.00441531 0.000938647 0.00087035 -0.000583203 0.00057408 0.0105029 -0.000224942 -0.0218557 -0.00798978 -0.0130437 -0.0223532 -0.000508114 -0.00399585 -0.0437359 0.000812846 0.00660344 0.0327886 -0.0184587 -0.0013667 -0.0333829 -0.0280917 -0.039446 -0.0758993 0.00714333 0.00767297
internal_weight=15142 9503.42 1723.06 7780.36 688.488 684.859 5638.63 5630.91 3479.13 3008.98 224.112 2784.86 22.384 470.155 298.674 147.209 2759.31 151.464 11.3335 171.481 131.86 30.7697 39.6207 101.091 82.0482 72.9673 53.8248 9.08096 862.359 850.918
internal_count=154684 128852 20786 108066 6215 6190 25832 25793 15826 13666 1023 12643 104 2160 1369 674 12519 695 54 791 614 130 177 484 373 329 243 44 12612 12526
is_linear=0
shrinkage=0.05


Tree=183
num_leaves=31
num_cat=0
split_feature=30 23 23 21 22 16 15 11 7 24 14 0 23 21 13 7 21 1 20 15 9 21 12 23 28 12 22 8 13 13
split_gain=3.24318 6.82645 11.2713 10.0514 8.68007 10.696 20.4867 11.0308 11.6118 13.5717 9.71435 9.16748 8.36199 7.99826 8.63231 7.42386 7.35261 7.71822 8.55526 12.2336 11.7351 11.7245 7.74026 9.71318 9.069 17.425 11.0787 8.87682 9.69582 10.8435
threshold=1.0000000180025095e-35 6.6650000000000009 6.7150000000000007 0.045000000000000005 -0.85499999999999987 4.5000000000000009 0.0083333333333333193 0.36045000000000005 5.9150000000000009 -0.0049999999999994485 -0.02448333333333334 16.500000000000004 6.705000000000001 0.015000000000000001 -0.86166666666666603 6.3650000000000011 -0.064999999999999988 1.5000000000000002 0.47000000000000003 0.041666666666666644 4.8950000000000005 -0.014999999999999998 0.31005000000000005 6.7350000000000012 4.5000000000000009 0.29735000000000006 -1.5799999999999996 0.27715000000000006 -0.53166666666666684 -0.59500000000000031
decision_type=2 2 2 2 2 2 2 2 2 2 2 2 2 2 2 2 2 2 2 2 2 2 2 2 2 2 2 2 2 2
left_child=-1 -2 3 4 -3 7 13 8 -6 -10 15 -12 -9 14 -7 -11 -4 -18 19 20 -19 -22 23 -23 -25 26 -26 -24 29 -29
right_child=1 2 16 -5 5 6 -8 12 9 10 11 -13 -14 -15 -16 -17 17 18 -20 -21 21 22 27 24 25 -27 -28 28 -30 -31
leaf_value=-0.00014524035350938622 -0.0079682053287298358 -0.011505484103004619 -0.04536579780883513 0.096104797934208175 0.0040832965252112557 0.12445474085412774 0.27345314137246607 -0.024902767726414195 0.1831913566703037 0.07042776472387749 0.043439369928954162 0.15597020686396826 0.050179562785856474 0.12514770191316157 -0.038520671590790673 -0.048588089001883578 -0.02693333435673147 -0.00083907624503942876 -0.0036824089048625324 0.19110292944091659 -0.0050684541396207004 -0.014503100178558865 -0.031674768137850855 0.04933234675952762 0.22817087771027611 0.28531166478513342 0.048362752427172445 0.050386969238593995 0.024406575246573012 0.23390592948571995
leaf_weight=14656.531523363199 94.978180941427127 17.116162545746192 7.7481472122017285 4.5640296346973619 11.748888311907651 1.1253027818165713 1.2077336851507423 15.656189610250296 2.2630833024159083 2.1993446573615065 4.6788731273263666 2.9515956835821271 4.8592484816908827 2.2043303251266479 2.9229416772723193 3.2412674799561501 18.932255320250988 78.277013628743589 125.16083394689485 0.96766707301139732 21.037901414558291 3.4497070219367769 5.9232327383942893 11.142947744578125 1.0628425613977048 1.324885611888021 4.4159685531631068 2.3864092277362947 24.449379000812769 1.214573591947558
leaf_count=147149 987 409 428 120 130 27 20 127 26 16 30 21 39 33 43 30 187 2431 1237 9 301 48 136 113 30 31 118 52 336 20
internal_value=-1.28973e-05 0.00403478 0.00700179 0.0241441 0.0195937 0.0292615 0.0849269 0.0205368 0.041486 0.0701436 0.0505709 0.0869682 -0.00711891 0.0485116 0.0067821 -0.000476429 0.00272369 0.00396676 0.00605003 0.0138759 0.0127672 0.0267064 0.0387793 0.0623358 0.0771058 0.122593 0.083244 0.0239436 0.0356881 0.112286
internal_weight=15135.7 479.211 384.233 76.739 72.175 55.0588 7.46031 47.5985 27.0831 15.3342 13.0711 7.63047 20.5154 6.25257 4.04824 5.44061 307.494 299.746 280.813 155.653 154.685 76.4078 55.3699 21.3964 17.9466 6.8037 5.47881 33.9736 28.0504 3.60098
internal_count=154684 7535 6548 1071 951 542 123 419 253 123 97 51 166 103 70 46 5477 5049 4862 3625 3616 1185 884 340 292 179 148 544 408 72
is_linear=0
shrinkage=0.05


Tree=184
num_leaves=31
num_cat=0
split_feature=27 24 8 10 10 10 15 14 9 11 18 9 10 8 12 28 13 7 21 20 13 14 27 20 8 24 27 3 20 27
split_gain=3.25327 3.24496 5.14335 10.7142 10.1385 15.038 9.54895 10.227 20.6916 10.013 8.5624 8.12411 7.33119 5.3824 5.37572 5.09634 7.19418 7.06659 4.87984 6.69344 4.80912 4.65467 4.56395 4.39925 4.07869 3.52486 17.8299 15.3427 11.6629 6.98262
threshold=-0.43999999999999989 -0.11083333333333333 0.36865000000000009 0.30314999999999998 0.48305000000000003 0.49565000000000003 -0.038333333333333282 -0.0493833333333333 5.0550000000000006 0.28855000000000003 2.5000000000000004 4.5750000000000011 0.24920000000000003 0.42130000000000006 0.4652 3.5000000000000004 -0.27083333333333343 4.1450000000000005 -0.014999999999999998 -1.0000000180025095e-35 0.26166666666666721 -0.050191666666666683 0.17500000000000029 1.4600000000000004 0.45019999999999999 -0.10499999999999997 0.2349999999999999 31.500000000000004 0.4549999999999999 0.23000000000000001
decision_type=2 2 2 2 2 2 2 2 2 2 2 2 2 2 2 2 2 2 2 2 2 2 2 2 2 2 2 2 2 2
left_child=-1 2 3 18 11 -6 -5 8 -8 -10 13 12 24 -7 -13 16 -9 -17 19 -2 -18 -15 23 -23 -4 26 27 28 -3 -27
right_child=1 25 4 6 5 10 7 15 9 -11 -12 14 -14 21 -16 17 20 -19 -20 -21 -22 22 -24 -25 -26 29 -28 -29 -30 -31
leaf_value=-0.072464073129673165 -0.034751145957687975 0.026269216239476745 -0.067599595675204224 0.14243142471090062 0.14321770636048689 -0.057260600275397477 0.25214147618715299 -0.045415790721738125 -0.018923684879916063 0.13484105441821817 -0.057573396417258393 -0.05191926541212543 0.11407973120000836 -0.020570288954992834 0.041889347204140975 0.13873949548400411 0.09248019885029668 -0.053725300120643443 -0.027561570894983345 0.069644094493513803 0.012071342785649943 0.1197913888899767 -0.0035728946926786328 0.032460036403869519 0.034630261325450371 4.9365082907439898e-05 0.21728747064323542 -0.008397540667524692 0.1780751573891404 -0.0457040237166213
leaf_weight=1.549275742843746 2.8184158937074244 3.1986238332465353 1.9319462450221174 1.6594816604629183 1.8656808342784668 2.1699236407876041 1.2800067472271646 3.0942515358328819 3.5394091266207397 1.5106038469821212 5.6131935105659059 27.260757285635922 1.5001406343653796 3.4859919715672758 1.6178167415782798 0.52014712151139875 3.1392731890082377 5.7390209371224046 24.497511776164174 3.3729464942589429 4.5613834634423256 2.716403845697636 2.8820516243577003 3.0738360062241554 1.9711522273719309 14986.307876946637 1.0756854852661479 22.268562787445262 2.0932009303942323 8.3436072592157853
leaf_count=14 91 83 27 20 19 21 24 37 61 21 84 349 20 31 17 22 29 159 700 37 30 31 22 23 26 152132 15 406 27 106
internal_value=-1.32037e-05 -5.78739e-06 -0.00849177 0.00226582 -0.019181 0.00747236 0.026534 0.0183092 0.0725836 0.0270718 -0.00522773 -0.0361355 0.0201358 0.0152791 -0.046664 -0.00183598 0.018977 -0.0377312 -0.0175382 0.0221216 0.0448511 0.0282255 0.0478399 0.0734302 -0.0159712 5.73755e-05 0.0175829 0.00978837 0.0863166 2.39061e-05
internal_weight=15136.7 15135.1 111.821 55.7325 56.0889 21.8071 25.0436 23.3841 6.33002 5.05001 19.9414 34.2818 5.40324 14.3282 28.8786 17.0541 10.7949 6.25917 30.6889 6.19136 7.70066 12.1583 8.67229 5.79024 3.9031 15023.3 28.6361 27.5604 5.29182 14994.7
internal_count=154684 154670 1901 1231 670 231 403 383 106 82 212 439 73 128 366 277 96 181 828 128 59 107 76 54 53 152769 531 516 110 152238
is_linear=0
shrinkage=0.05


Tree=185
num_leaves=31
num_cat=0
split_feature=17 4 21 26 24 8 22 7 11 27 26 12 15 22 22 22 11 14 21 22 3 22 8 9 30 22 19 3 12 19
split_gain=3.15531 5.97913 6.70916 14.4303 5.79571 8.84514 6.83222 6.31872 11.3417 6.26416 8.22337 5.69286 6.21247 10.6359 11.3449 7.82495 6.13723 6.04724 6.02508 6.11123 7.78561 8.11627 7.95501 9.51961 8.31742 7.36694 13.7762 11.7563 9.11972 8.71105
threshold=1.5000000000000002 44.500000000000007 0.039999999999999994 -1.0000000180025095e-35 -0.040000000000000473 0.29680000000000006 -1.0999999999999999 4.245000000000001 0.39960000000000007 -0.034999999999999691 -0.069999999999999826 0.55635000000000012 0.014999999999999994 -1.6099999999999994 3.1350000000000011 -1.8599999999999999 0.46515000000000001 0.042541666666666651 0.02 0.71000000000000019 36.500000000000007 0.89000000000000012 0.34100000000000003 7.1750000000000007 -1.0000000180025095e-35 0.46999999999999992 -0.020000000000000007 43.500000000000007 0.34005000000000002 -0.050000000000000003
decision_type=2 2 2 2 2 2 2 2 2 2 2 2 2 2 2 2 2 2 2 2 2 2 2 2 2 2 2 2 2 2
left_child=1 2 4 -4 5 -1 -6 8 -8 10 -9 12 -3 15 18 16 -14 -16 19 25 21 -21 -22 -24 -25 29 27 -27 -28 -15
right_child=-2 11 3 -5 6 -7 7 9 -10 -11 -12 -13 13 14 17 -17 -18 -19 -20 20 22 -23 23 24 -26 26 28 -29 -30 -31
leaf_value=0.14359219546917243 -0.00039761547782525796 -8.9723385811303472e-05 0.15689817645888138 -0.013438383839578589 -0.041427902520314808 -0.021578454049046972 0.0034515701988124294 -0.026967633645703981 0.19401706109819405 -0.015320902234474913 0.054106270486515451 -0.024085637326901631 -0.031647974855586486 -0.013181150780233589 -0.040751423586032877 -0.068519134614288033 0.038691551354633424 -0.0056788346795424516 0.053998515411920613 0.034349104158819407 0.041979466726402168 -0.00064964550760481866 0.0080716133551551293 0.10406190404794931 0.027293679736434286 0.035937912011323528 -0.056619357812678878 -0.035448650069972075 -0.0032460669359529615 0.0087630515774184282
leaf_weight=1.9708484199363732 11791.923844947014 2364.5777495377697 2.5532890572212636 2.4235776560381046 6.1102901599369934 1.3767705271020529 1.8762033111415797 4.3772036358714095 1.337292722892016 13.97030657110736 10.957050807774065 22.302730208262801 8.6696382411755639 53.815643577370793 16.227265730500221 8.1558756323065591 4.8280527088791123 50.657226406037807 6.8280557543039313 18.516005109995604 27.89204122312367 157.20941053051502 168.2913718521595 3.8482657074928275 42.435311868786812 18.036878691986207 19.932816829532385 8.478329408913849 13.372791551053522 283.27758236741647
leaf_count=32 123636 23718 33 31 68 20 38 25 19 147 68 222 165 716 96 74 64 287 39 112 199 896 968 18 229 120 122 59 81 2382
internal_value=-1.31627e-05 0.00134241 0.0190593 0.0739496 0.0125513 0.0756627 0.00708189 0.0161971 0.0827552 0.00889843 0.0309635 0.00109013 0.00126157 0.004771 0.00561449 -0.0298521 -0.0064879 -0.014188 0.00722591 0.0068341 0.0110519 0.00303814 0.0168598 0.0135946 0.0336766 0.00239018 -0.01378 0.0131118 -0.035189 0.00525974
internal_weight=15136.2 3344.31 46.9528 4.97687 41.976 3.34762 38.6283 32.5181 3.2135 29.3046 15.3343 3297.35 3275.05 910.473 888.819 21.6536 13.4977 66.8845 821.935 815.106 418.192 175.725 242.467 214.575 46.2836 396.914 59.8208 26.5152 33.3056 337.093
internal_count=154684 31048 481 64 417 52 365 297 57 240 93 30567 30345 6627 6324 303 229 383 5941 5902 2422 1008 1414 1215 247 3480 382 179 203 3098
is_linear=0
shrinkage=0.05


Tree=186
num_leaves=31
num_cat=0
split_feature=21 15 26 1 23 21 10 8 10 12 20 7 27 23 12 9 24 27 14 11 22 14 24 14 24 7 12 15 27 14
split_gain=3.19862 7.00889 8.69222 11.2361 11.6064 7.06278 7.03239 8.72568 9.30282 9.05203 6.69323 7.06672 6.82554 7.73038 6.95756 7.93573 7.33919 6.77297 8.52707 8.39817 6.40554 6.39242 8.26328 7.2266 13.5465 7.75344 6.22112 7.69269 11.2178 7.89471
threshold=-0.020000000000000007 0.02500000000000004 0.055000000000000167 2.5000000000000004 6.7350000000000012 0.020000000000000014 0.47405000000000003 0.38289999999999996 0.39590000000000009 0.29975000000000002 0.72000000000000008 7.6300000000000008 0.015000000000000126 6.8750000000000009 0.42300000000000004 6.3050000000000006 0.035000000000000593 0.044999999999999936 -0.042233333333333324 0.32150000000000001 3.515000000000001 -0.071449999999999958 -0.013333333333333195 -0.042233333333333324 -0.061666666666666974 6.3950000000000005 0.40275000000000005 0.0036666666666666657 -0.18000000000000013 -0.023849999999999951
decision_type=2 2 2 2 2 2 2 2 2 2 2 2 2 2 2 2 2 2 2 2 2 2 2 2 2 2 2 2 2 2
left_child=26 -2 5 -4 6 10 7 8 9 -5 12 20 14 17 15 -3 -16 19 -19 -14 -12 -6 23 24 -23 -26 27 28 -1 -30
right_child=1 2 3 4 21 -7 -8 -9 -10 -11 11 -13 13 -15 16 -17 -18 18 -20 -21 -22 22 -24 -25 25 -27 -28 -29 29 -31
leaf_value=-0.07100143203241438 0.00016485637920808299 0.026705528221825425 -0.019283682711916581 0.17682578558954609 -0.018371307978262062 0.069830443478941032 0.18552739528047202 -0.024823882082963752 0.27285823059893999 -0.052810261719754059 -0.0053254152222076221 0.045833014775524823 -0.06537946737156354 -0.038843452991852698 -0.058570619959215489 -0.00111812139049876 0.026153081061622088 0.076267460702951831 0.0046343899250981873 0.0075995762403568328 0.067041644693043009 0.012716900310213643 -0.028647393248747738 0.034480352961278049 0.098332106466659602 0.27565321476199267 0.0036125545253668338 -0.0010344263259735816 -0.015962814222704222 -0.0025058919993814922
leaf_weight=6.9008998461067668 10566.786761709489 93.605830317363143 11.202381631359456 0.85258796438574724 6.5050868082325861 4.0295678861439219 1.7748902719467876 1.5967191401869056 0.74458909966051567 0.86407646629959345 210.04781639017165 7.2774207219481459 5.8757254444062736 12.960710411891339 6.1254002728965116 35.2881188839674 4.3866251274012029 5.9244791157543668 13.905326761305332 11.978967805393038 3.1030065789818755 2.1939415540546179 4.2253724066540661 21.530235261889175 1.2843337017111509 1.1855084206908939 575.90400814684108 3016.4348503146321 160.326631517848 340.37577014416456
leaf_count=43 118376 1586 83 17 137 21 15 25 7 49 1705 38 39 79 117 305 44 38 88 68 15 49 64 403 32 11 4330 22269 1601 3030
internal_value=-1.28744e-05 0.000430178 0.00641477 0.0252915 0.0369702 0.00395744 0.102514 0.066205 0.125259 0.0612394 0.00331079 -0.0026177 0.0101869 -0.00553394 0.0158981 0.0190881 -0.0232158 0.00592209 0.0260359 -0.0164168 -0.00427191 0.0266164 0.0362369 0.0467034 0.103131 0.183445 -0.00120538 -0.00199273 -0.00768747 -0.00681484
internal_weight=15135.2 11035.3 468.469 53.9597 42.7573 414.509 5.83286 4.05797 2.46125 1.71666 410.479 220.428 190.051 50.6452 139.406 128.894 10.512 37.6845 19.8298 17.8547 213.151 36.9245 30.4194 26.194 4.66378 2.46984 4099.94 3524.04 507.603 500.702
internal_count=154684 123411 5035 892 809 4143 113 98 73 66 4122 1758 2364 312 2052 1891 161 233 126 107 1720 696 559 495 92 43 31273 26943 4674 4631
is_linear=0
shrinkage=0.05


Tree=187
num_leaves=31
num_cat=0
split_feature=8 2 8 13 24 30 12 27 24 26 13 18 22 27 12 8 7 9 20 19 19 24 11 8 26 11 7 6 26 12
split_gain=3.16502 7.78855 16.2635 14.6994 12.2762 11.4185 9.71061 9.4328 9.5254 11.0723 9.70004 9.31486 8.74972 8.70248 8.58837 13.0319 10.249 8.4543 8.33858 8.03342 8.92226 7.96618 10.9075 8.11832 7.90518 9.75174 8.9653 10.7286 8.15956 7.84025
threshold=0.49030000000000007 3.5000000000000004 0.36100000000000004 -0.59500000000000031 0.048333333333334234 1.5000000000000002 0.47080000000000005 -0.079999999999999613 0.071666666666666781 -0.055000000000000153 -0.22166666666666643 1.5000000000000002 1.1700000000000004 -0.20500000000000004 0.33400000000000002 0.42600000000000005 6.2350000000000012 7.7150000000000007 4.4850000000000012 -0.055 0.13500000000000004 0.013333333333333199 0.19010000000000002 0.33935000000000004 -0.020000000000000014 0.44885000000000003 6.1550000000000011 0.14500000000000005 -0.084999999999999951 0.54230000000000012
decision_type=2 2 2 2 2 2 2 2 2 2 2 2 2 2 2 2 2 2 2 2 2 2 2 2 2 2 2 2 2 2
left_child=1 12 7 6 5 18 -4 8 9 -3 -11 -12 17 -14 15 16 -6 -1 -5 -20 -21 22 23 -9 25 26 -16 -28 -29 -15
right_child=-2 2 3 4 14 -7 -8 21 -10 10 11 -13 13 29 24 -17 -18 -19 19 20 -22 -23 -24 -25 -26 -27 27 28 -30 -31
leaf_value=0.0005525973995084716 -0.0015626318625764587 0.1369573123651284 -0.03005850066212647 -0.00014208277296893509 0.01695919993043658 0.09510274480358237 0.075565839623432565 0.11873122605345109 0.0079967345731262844 0.11397967820271022 0.075408638309305109 -0.024331565176543654 -0.036413717116018395 -0.0025987797778847803 0.012081546043715289 0.0081537932448922604 0.053534657663326192 -0.027737980110763769 -0.013420645328796761 0.077198529855851572 -0.0031891184668920583 -0.0041918026700803693 0.015466551282511218 0.015079806947650973 0.012912924651266523 0.026970816933047773 -0.033412944280321488 0.020482394683075472 -0.023476436657343284 -0.03694367734881137
leaf_weight=7608.1776217045262 2704.9303290108219 4.2357553541660335 47.552155723329633 1910.0933002699167 45.41280359774828 3.1758080739527932 2.2803484378382555 4.6711542140692464 11.499518517404793 3.6046893224120167 4.051362492144106 5.5443901084363461 19.521606739610434 2070.9564198544249 33.402378913015127 189.05951532721519 33.123313676565886 26.499898808076978 7.1844221651554134 10.393447997048495 5.1680687740445128 49.967158721294254 95.171780889853835 3.1718684649094939 104.95525410212576 20.513266647234559 51.544219144620001 23.226354580372572 19.35170089546591 16.751140854787081
leaf_count=95456 19781 29 685 16204 283 41 24 34 63 28 23 35 112 17055 217 1140 201 238 52 73 40 371 958 27 592 126 349 158 137 152
internal_value=-1.265e-05 0.000324639 0.00270716 0.00165945 0.0022048 0.000371947 -0.0252251 0.0171424 0.0433216 0.0666191 0.0440489 0.0177791 -0.000332836 -0.00318507 0.009021 0.0152654 0.0323852 0.000454401 0.000216297 0.0303112 0.0505013 0.0121908 0.0201371 0.0768126 0.00241615 -0.00502581 -0.0101727 -0.0180703 0.000503132 -0.00287435
internal_weight=15135.2 12430.3 2688.35 2506.44 2456.6 1936.02 49.8325 181.918 28.9357 17.4362 13.2004 9.59575 9741.91 2107.23 520.589 267.596 78.5361 7634.68 1932.84 22.7459 15.5615 152.982 103.015 7.84302 252.993 148.038 127.525 94.1223 42.5781 2087.71
internal_count=154684 134903 21890 20322 19613 16410 709 1568 178 115 86 58 113013 17319 3203 1624 484 95694 16369 165 113 1390 1019 61 1579 987 861 644 295 17207
is_linear=0
shrinkage=0.05


Tree=188
num_leaves=31
num_cat=0
split_feature=22 20 26 7 8 10 13 3 22 15 16 13 3 22 7 22 13 14 15 19 7 13 7 13 20 20 21 14 10 22
split_gain=3.17838 5.35763 7.73643 4.1517 8.65521 7.2317 13.042 9.29113 8.54991 7.6992 6.94942 9.31379 7.0659 9.79131 9.39195 7.84833 6.85133 7.19691 7.04286 9.21127 12.6537 12.8143 24.1747 8.06901 10.8927 16.6286 6.90569 15.2984 9.878 8.59254
threshold=-3.3149999999999991 -5.0649999999999986 -0.029999999999999801 4.245000000000001 0.20299999999999999 0.23565000000000003 0.77166666666666683 61.500000000000007 -0.17000000000000057 0.016666666666666653 3.5000000000000004 -0.34166666666666651 56.500000000000007 -1.7150000000000001 4.5650000000000004 -2.1149999999999989 -0.8291666666666665 -0.2205 -0.019166666666666662 0.015000000000000001 4.1850000000000014 -1.0700000000000007 4.205000000000001 -1.941666666666666 -2.234999999999999 -3.2649999999999992 -1.0000000180025095e-35 0.069416666666666724 0.34890000000000004 0.84999999999999998
decision_type=2 2 2 2 2 2 2 2 2 2 2 2 2 2 2 2 2 2 2 2 2 2 2 2 2 2 2 2 2 2
left_child=1 2 -1 5 10 8 7 16 -2 -9 -5 -12 13 15 -14 -13 18 -18 -7 23 -21 22 -22 24 25 -20 27 28 -19 -29
right_child=3 -3 -4 4 -6 6 -8 9 -10 -11 11 12 14 -15 -16 -17 17 26 19 20 21 -23 -24 -25 -26 -27 -28 29 -30 -31
leaf_value=0.13976602900400589 0.0027651998066568675 -0.01412340808795058 -0.024103633160063892 -0.025795275415468461 -7.8781279147677552e-05 -0.013479355345114619 0.10458375226748376 0.031034280040022306 -0.0077627179367888615 0.17556705881941859 -0.01262325228678512 0.0011583125897658929 0.020112405004573002 -0.002629326134911228 0.15110769075330166 0.125518676038572 0.086066180603279335 0.00017216205004601408 -0.054915098654719767 0.021626235443353355 0.40247429140029517 -0.0024899676535048258 0.014952716315703583 -0.0017274540740132554 -0.030489210036314909 0.23288518147099069 0.017025302829814612 0.026507983472225716 -0.044196472459719985 0.1218307136505149
leaf_weight=1.4022599747404458 788.73504298250191 62.224113824078813 1.4808868700638402 53.080326437950134 13327.804145781323 68.421959349885583 3.4441972672939292 2.5777262561023226 255.26092208269984 1.4339903974905608 120.45813959161751 2.2670706734061241 4.1916384422220281 38.864363277796656 2.0314525319263339 2.880842361599206 3.2332807667553416 53.193032032810152 0.73845645599067244 20.858815516810868 0.87881813617423199 1.0011971821077157 0.74244315503165126 121.9227722552605 1.5570907681249071 1.5667323386296632 161.30349084967747 11.080916875973342 16.416021689772606 3.0052943602204314
leaf_count=39 13113 2412 113 557 119735 1246 17 39 9259 16 2041 22 68 495 21 31 29 575 18 638 25 31 22 1766 30 40 1967 98 184 37
internal_value=-1.24333e-05 -0.011036 0.0555967 3.51953e-05 -0.000242515 0.00251542 0.00764156 0.00693105 0.000191085 0.0826976 -0.0099944 -0.00508082 0.013005 0.00595376 0.0628742 0.0707521 0.00627868 0.0119566 -0.000195923 0.00589305 0.0346407 0.138157 0.225012 0.0005265 0.0716784 0.14069 0.0109786 -0.000675098 -0.0102914 0.0468451
internal_weight=15134.1 65.1073 2.88315 15069 13551.6 1517.37 473.376 469.932 1044 4.01172 223.774 170.694 50.2354 44.0123 6.22309 5.14791 465.92 248.232 217.688 149.266 23.4813 2.62246 1.62126 125.785 3.86228 2.30519 244.999 83.6953 69.6091 14.0862
internal_count=154684 2564 152 152120 122970 29150 6778 6761 22372 55 3235 2678 637 548 89 53 6706 2890 3816 2570 716 78 47 1854 88 58 2861 894 759 135
is_linear=0
shrinkage=0.05


Tree=189
num_leaves=31
num_cat=0
split_feature=12 4 28 23 4 24 22 27 12 0 24 15 15 9 10 17 22 21 15 8 20 10 10 8 27 11 8 12 12 14
split_gain=3.15171 6.34033 6.00537 10.841 8.07728 12.9238 7.8281 7.06543 14.5356 13.1567 10.5807 8.33663 19.3705 9.82645 7.31569 6.88368 11.1222 9.03371 11.4337 8.50452 18.8621 6.94944 6.92073 11.3447 8.4032 15.9785 8.17974 7.00456 6.82288 6.78728
threshold=0.34075000000000005 58.500000000000007 4.5000000000000009 6.785000000000001 50.500000000000007 0.13333333333333422 3.7950000000000008 0.06000000000000006 0.43145000000000006 9.5000000000000018 -0.021666666666666053 -0.0066666666666666602 -0.0033333333333333405 4.1450000000000005 0.087350000000000011 5.5000000000000009 -0.45999999999999969 -0.0099999999999999863 0.011666666666666646 0.21965000000000004 -0.82000000000000006 0.70135000000000003 0.60080000000000011 0.47585000000000005 -0.039999999999999584 0.33685000000000004 0.54475000000000007 0.34585000000000005 0.52395000000000014 -0.13547499999999998
decision_type=2 2 2 2 2 2 2 2 2 2 2 2 2 2 2 2 2 2 2 2 2 2 2 2 2 2 2 2 2 2
left_child=-1 2 -2 4 5 29 28 15 11 10 -10 -9 -13 14 -14 21 17 18 -17 20 -19 22 27 24 -24 -26 -25 -6 -5 -4
right_child=1 -3 3 6 7 -7 -8 8 9 -11 -12 12 13 -15 -16 16 -18 19 -20 -21 -22 -23 23 26 25 -27 -28 -29 -30 -31
leaf_value=-0.00066216976057871806 0.0015742913247618923 -0.010377049296286679 0.077539639318442752 -0.0098972249918644166 -0.022042685289568098 0.10014985062427051 0.021936617737620415 -0.042207537407327966 0.094732011536582228 -0.011512706341359638 0.30299236643396948 0.19889527794210313 0.026742835620415118 -0.0008346104848083269 0.26912925368563434 0.30274918089496045 -0.024144944639633497 -0.0052334648410439985 0.017900078673619157 -0.035709290042521977 0.37401792859705135 -0.051252107888501208 0.18937772418227489 -0.022117698596881182 0.18212896287280053 -0.010168135805073274 0.068470826021395911 0.0069029782315582116 -0.049628754222230023 -0.018500028416246463
leaf_weight=8359.4007226633839 5798.2568843951449 124.79178705764934 1.8854695816989977 332.87068437202834 22.503221080638468 2.4639429785311213 18.812353070825338 4.8778486370574745 1.3429471552371981 1.220020245760679 1.1172546008601778 1.575294694863264 0.62823387980460477 11.791291724890469 0.61706582549959421 0.70197424478828885 40.690393171040341 1.0887524639256292 0.70719550317153335 2.9189075073227286 0.46911235805600826 5.2825572639703742 1.604554761201143 7.7292322935536486 1.6606444134376968 3.0909959971904755 3.6775642139837146 293.42894995887764 11.167830082820727 75.698238495038822
leaf_count=86393 44736 1611 54 10455 478 19 217 167 33 38 19 34 27 187 13 20 1047 73 27 80 16 75 17 103 28 55 37 6225 359 2041
internal_value=-1.26063e-05 0.000788903 0.000998443 -0.00292221 0.00193842 -0.0125857 -0.00946963 0.00478294 0.0315996 0.122736 0.18931 0.0143905 0.0332845 0.0132726 0.146849 0.00317139 -0.0148522 0.0493901 0.159797 0.014637 0.108969 0.00564787 0.00654862 0.0369162 0.0904454 0.0570375 0.00708815 0.00484124 -0.0111869 -0.016166
internal_weight=15134.1 6774.67 6649.88 851.623 488.772 80.0477 362.851 408.724 23.17 3.68022 2.4602 19.4897 14.6119 13.0366 1.2453 385.554 46.5763 5.88594 1.40917 4.47677 1.55786 338.978 333.695 17.763 6.3562 4.75164 11.4068 315.932 344.039 77.5837
internal_count=154684 68291 66680 21944 10913 2114 11031 8799 518 90 52 428 261 227 40 8281 1263 216 47 169 89 7018 6943 240 100 83 140 6703 10814 2095
is_linear=0
shrinkage=0.05


Tree=190
num_leaves=31
num_cat=0
split_feature=15 22 15 23 21 22 11 10 14 26 14 20 26 11 0 7 14 12 8 3 22 14 17 23 24 20 7 6 24 14
split_gain=3.12826 7.35762 6.62441 5.97862 9.01828 8.77178 7.32722 11.2465 15.4603 6.78198 6.1039 7.41139 9.62668 6.94041 5.80379 4.92823 4.52954 6.37706 4.49 4.16874 4.10498 3.86331 6.87073 4.16406 5.7757 4.09979 3.8097 3.8056 4.06507 3.71437
threshold=0.13416666666666674 2.2850000000000006 0.048333333333333353 6.7750000000000012 -0.020000000000000007 1.8300000000000005 0.30214999999999997 0.30450000000000005 -0.062499999999999965 0.050000000000000273 -0.019300000000000078 2.4350000000000009 -0.020000000000000014 0.28135000000000004 4.5000000000000009 6.4650000000000007 0.039833333333333422 0.34625 0.14450000000000005 30.500000000000004 2.9850000000000008 -1.0000000180025095e-35 3.5000000000000004 6.6650000000000009 0.091666666666668131 0.91000000000000048 6.9650000000000007 0.12500000000000003 0.0066666666666672656 0.036458333333333294
decision_type=2 2 2 2 2 2 2 2 2 2 2 2 2 2 2 2 2 2 2 2 2 2 2 2 2 2 2 2 2 2
left_child=2 21 -1 4 10 14 7 8 -6 15 11 12 -4 -14 19 -7 26 -18 -8 29 -17 -2 23 24 -23 -25 27 28 -12 -5
right_child=1 -3 3 5 6 9 18 -9 -10 -11 16 -13 13 -15 -16 20 17 -19 -20 -21 -22 22 -24 25 -26 -27 -28 -29 -30 -31
leaf_value=-6.7686682414430671e-05 -0.051866529396392316 0.20828360001097815 0.1297172413133979 0.021672224527649428 0.09822302310872659 0.052212400388282676 -0.050975389034471852 0.063371937582412982 0.47546528521533687 0.088100998821859774 0.026811626106230054 -0.036920267875346711 -0.022958770870163719 0.064008254421140651 -0.030654790518375254 0.025204253828571013 0.064813911469297145 -0.010652210940843109 0.058290657095346469 0.0034619653886005831 -0.046028560116570437 -0.009268006765471978 0.13698432021723056 -0.041642939295222947 0.18952018019132091 0.053333429336427575 0.035327432954537809 0.022756580898991848 -0.060043757519034791 0.22281569408770061
leaf_weight=15022.341783544514 7.5542747301515254 0.34748077392578025 3.2545313069131216 0.41570434928871991 0.63676314870826922 4.4375507459044483 1.1756791635416446 2.1632978748530149 0.47358382027596058 3.5469522327184668 1.6294697925914094 2.6178214848041526 3.7465701843611878 5.9176318836398423 19.955719253979623 3.7434143200516683 5.1869156523607653 6.0814883208367974 4.6939207455143332 1.90157681889832 4.3994778841733932 1.0877420583274187 0.78265802911482829 8.3428775058127922 0.55022913683205832 1.3153860643506039 2.731783300638198 2.6585413552820674 7.7751941862516105 0.51244381139986217
leaf_count=152432 541 2 31 31 32 28 144 15 38 23 28 13 33 45 381 20 40 35 43 19 24 49 34 471 9 14 12 15 67 15
internal_value=-1.29544e-05 -0.019784 1.31863e-05 0.0135639 0.0248706 -0.00118038 0.069832 0.129767 0.259124 0.0270368 0.0149886 0.0397951 0.0553405 0.0302933 -0.0211523 0.00982028 0.000201281 0.0240853 0.0364047 0.0458606 -0.0132817 -0.0238205 -0.00628019 -0.0162062 0.0575091 -0.0287078 -0.0179897 -0.0300636 -0.044995 0.132726
internal_weight=15132 19.9806 15112 89.656 50.7432 38.9128 9.14324 3.27364 1.11035 16.1274 41.5999 15.5366 12.9187 9.6642 22.7854 12.5804 26.0634 11.2684 5.8696 2.82972 8.14289 19.6332 12.0789 11.2962 1.63797 9.65826 14.795 12.0632 9.40466 0.928148
internal_count=154684 1120 153564 1132 591 541 272 85 70 95 319 122 109 78 446 72 197 75 187 65 44 1118 577 543 58 485 122 110 95 46
is_linear=0
shrinkage=0.05


Tree=191
num_leaves=31
num_cat=0
split_feature=23 3 10 21 27 10 22 7 12 19 7 7 24 27 24 6 27 13 6 0 20 20 21 12 0 13 19 1 10 8
split_gain=3.11756 3.13079 7.31661 11.126 16.6539 10.3944 10.5772 9.88931 9.85564 9.62573 7.83429 9.16046 10.3732 8.74516 7.80825 7.7122 11.363 12.6022 8.06179 7.78639 7.24123 11.0488 6.92021 6.75394 6.71495 17.4279 9.74306 11.483 12.8555 7.91837
threshold=7.5750000000000011 35.500000000000007 0.53590000000000015 1.0000000180025095e-35 0.020000000000000021 0.43725000000000008 -1.9349999999999998 5.0450000000000008 0.33185000000000003 -0.039999999999999994 7.1550000000000011 6.4050000000000011 -0.021666666666666941 0.050000000000000273 0.1216666666666666 0.12500000000000003 -0.11999999999999965 0.77166666666666683 0.16500000000000004 6.5000000000000009 0.47000000000000003 0.67000000000000026 0.050000000000000003 0.30310000000000009 8.5000000000000018 2.3800000000000008 -0.044999999999999991 2.5000000000000004 0.64785000000000004 0.58500000000000008
decision_type=2 2 2 2 2 2 2 2 2 2 2 2 2 2 2 2 2 2 2 2 2 2 2 2 2 2 2 2 2 2
left_child=1 2 5 15 7 9 -7 8 -5 -1 11 12 13 -6 22 16 -4 20 24 -19 -18 -22 -8 -9 25 -17 27 -26 -29 -28
right_child=-2 -3 3 4 10 6 14 23 -10 -11 -12 -13 -14 -15 -16 18 17 19 -20 -21 21 -23 -24 -25 26 -27 29 28 -30 -31
leaf_value=0.008489912837438102 -0.054457778123503747 -0.00052172253897089446 0.042814063348873221 0.0037617394612549575 0.09255266066639925 -0.065230709786642221 0.0069430186856979555 -0.027475326011571224 0.14888227365415507 -0.00024481366286002287 0.096328284955679702 -0.0038335872341501232 0.10203181190678696 -0.037002191835307875 0.035038547548969318 -0.017238762531804477 -0.017078626079971109 -0.083732556760853283 -0.03838659144075849 -0.033441049248927095 0.11849245714327201 -0.0067845287021226185 -0.032228407991231132 0.0038790500204944054 0.11909457624508907 0.059241962741356263 -0.0043864777788889383 -0.012600723139983176 0.095066662705811239 0.03083036901238731
leaf_weight=346.78409090009518 2.6288304720073929 9956.0350024162326 6.1917790025472632 2.6256201695650807 2.0357848126441267 5.0663578519597641 766.48834393220022 25.003928190097213 2.1102590523660183 3486.257831439143 5.450368918478488 10.822102233767508 6.5739949746057418 3.6165930349379778 24.493381734937429 116.30740050878376 23.096543297171596 10.006602983921765 17.178480820730329 33.336490403860807 2.7830773293972006 4.7876845244318247 11.443436761386691 54.854965211823583 3.5123364403843906 7.958411991596221 162.86148567544296 9.8333076983690244 3.8610188616439691 17.695865776389837
leaf_count=4778 28 98338 35 25 18 50 6099 180 23 41104 47 96 51 39 123 814 223 57 174 203 27 51 83 400 18 38 1349 71 25 117
internal_value=-1.27169e-05 -3.25655e-06 0.000994584 -0.00455646 0.00936163 0.00163157 0.00678728 -0.00177492 0.068426 0.000545437 0.0424189 0.0296707 0.0593268 0.00965884 0.00724199 -0.00830946 -0.0222532 -0.0276968 -0.00501261 -0.0450518 -0.00316838 0.0392684 0.0063668 -0.00593805 -0.00323229 -0.0123407 0.002491 0.0384414 0.0177553 -0.000934984
internal_weight=15131.7 15129.1 5173.04 532.504 113.094 4640.53 807.492 84.5948 4.73588 3833.04 28.4988 23.0485 12.2264 5.65238 802.425 419.41 80.2022 74.0104 339.208 43.3431 30.6673 7.57076 777.932 79.8589 322.03 124.266 197.764 17.2067 13.6943 180.557
internal_count=154684 154656 56318 4081 879 52237 6355 628 48 45882 251 204 108 57 6305 3202 596 561 2606 260 301 78 6182 580 2432 852 1580 114 96 1466
is_linear=0
shrinkage=0.05


Tree=192
num_leaves=31
num_cat=0
split_feature=20 3 14 17 15 24 15 7 24 3 7 20 26 9 7 4 7 13 24 3 7 18 21 22 26 24 20 12 26 10
split_gain=3.11598 6.74269 4.67956 3.53235 4.85939 9.76548 33.8513 8.98857 16.6423 7.76886 17.9841 6.69746 17.5605 5.44867 3.52745 3.3303 3.2383 8.03528 7.46983 8.34599 12.0118 10.4612 9.52196 19.3968 10.0411 8.78444 8.64251 8.26735 7.59937 7.86757
threshold=-3.4049999999999989 57.500000000000007 0.032408333333333324 3.5000000000000004 -0.019999999999999973 -0.071666666666665865 -0.023333333333333334 2.4150000000000005 0.050833333333333293 23.500000000000004 2.8250000000000006 -5.0649999999999986 -0.024999999999999908 5.8850000000000007 1.0000000180025095e-35 43.500000000000007 4.245000000000001 -0.74999999999999856 -0.043333333333333439 28.500000000000004 4.745000000000001 4.5000000000000009 0.015000000000000001 -0.72499999999999998 -0.024999999999999908 -0.015000000000001011 -0.83999999999999952 0.34745000000000004 -0.084999999999999951 0.15420000000000003
decision_type=2 2 2 2 2 2 2 2 2 2 2 2 2 2 2 2 2 2 2 2 2 2 2 2 2 2 2 2 2 2
left_child=1 3 -3 4 5 6 -1 11 9 10 -9 12 -7 15 -2 -6 -16 18 -18 20 21 26 23 24 -23 -25 -20 -21 -24 -30
right_child=14 2 -4 -5 13 7 -8 8 -10 -11 -12 -13 -14 -15 16 -17 17 -19 19 27 -22 22 28 25 -26 -27 -28 -29 29 -31
leaf_value=-0.050705148183501095 0.055911158918774684 0.013865067532412317 0.2019772402363941 -0.035141985323044335 0.15081716080423102 0.57574370107372752 0.79806961829194423 -0.051042224748481836 0.3383650014686298 -0.025092789103672256 0.47327553406974154 -0.050694871606406303 -0.050891729291055211 0.098516752721514736 0.0021866223028892393 -0.035389243870295677 -0.023285618633496322 1.4424861941452586e-07 -0.024088640507343353 -0.014110173272227855 -0.01909767194551594 0.061028908776975643 0.12402859980201571 0.19075992387245974 0.23308801532703485 -0.01688288125674622 0.027001505474165417 0.0017028585840539831 -0.033584216391866532 0.052576298248707277
leaf_weight=0.35129370982758701 2.8229485626798114 0.75562936067581066 0.58777024690061808 16.662511494942009 0.24490300030447443 0.15966741414740682 0.17648740275763053 0.38271315209567625 0.51228340808302153 1.9069136870093641 0.28558660298585892 4.4310034669470033 0.37293869187123974 0.85749973170459348 1540.0307626607828 12.304162524174897 58.795339080505073 13069.943822112866 13.686244636774061 201.79731144197285 23.907379303593189 1.2710940875113013 1.6747478898614652 0.60601636813953552 2.5471156844869256 3.1933838361874249 20.946090868208557 140.00072953943163 5.309206433128562 5.2888396810740232
leaf_count=46 36 29 14 1702 15 19 14 34 19 100 15 514 54 8 28024 1059 1806 114304 324 3335 386 21 28 19 41 76 208 2261 88 85
internal_value=-1.24931e-05 -0.0139508 0.0961688 -0.0177785 -0.00461896 0.0247668 0.233121 0.0111083 0.0780942 0.0263189 0.173016 -0.0305586 0.136964 -0.023423 2.44416e-05 -0.0317553 1.39859e-05 -0.000232965 -0.00659324 -0.00425776 0.0104521 0.0234093 0.0523089 0.0962199 0.175809 0.0162368 0.00681135 -0.00763314 0.0250537 0.00941325
internal_weight=15131.8 39.9914 1.3434 38.648 21.9855 8.57889 0.527781 8.05111 3.0875 2.57521 0.6683 4.96361 0.532606 13.4066 15091.8 12.5491 15089 13549 479.023 420.228 78.4301 54.5227 19.8904 7.61761 3.81821 3.7994 34.6323 341.798 12.2728 10.598
internal_count=154684 3642 43 3599 1897 815 60 755 168 149 49 587 73 1082 151042 1074 151006 122982 8678 6872 1276 890 358 157 62 95 532 5596 201 173
is_linear=0
shrinkage=0.05


Tree=193
num_leaves=31
num_cat=0
split_feature=26 22 23 26 22 23 11 10 4 15 19 23 28 26 3 7 4 28 11 13 9 26 14 11 4 25 9 14 21 14
split_gain=3.08418 3.83978 4.17661 3.08775 7.69355 5.09043 5.16567 3.06284 3.0609 6.19192 8.03743 6.4946 6.1416 9.1704 7.737 10.2616 9.95982 6.88918 6.46773 21.0422 18.6003 13.5159 17.1244 9.97753 11.0666 9.30717 11.6298 9.06934 8.89957 8.52981
threshold=0.23000000000000001 1.155 7.0550000000000006 0.21500000000000033 -1.2499999999999996 6.8250000000000011 0.36565000000000009 0.63175000000000014 49.500000000000007 0.02166666666666665 0.010000000000000004 7.0450000000000008 3.5000000000000004 -0.14499999999999999 23.500000000000004 6.4650000000000007 46.500000000000007 4.5000000000000009 0.45485000000000003 0.66000000000000048 4.0750000000000011 1.0000000180025095e-35 0.091533333333333397 0.38425000000000004 43.500000000000007 5.5000000000000009 3.9750000000000005 -0.001283333333333275 -1.0000000180025095e-35 0.058533333333333305
decision_type=2 2 2 2 2 2 2 2 2 2 2 2 2 2 2 2 2 2 2 2 2 2 2 2 2 2 2 2 2 2
left_child=3 7 -3 8 -5 -6 -7 -2 9 12 11 -11 18 14 -14 16 -16 -18 23 20 -20 -22 -23 -1 29 27 -27 -26 -24 -25
right_child=1 2 -4 4 5 6 -8 -9 -10 10 -12 -13 13 -15 15 -17 17 -19 19 -21 21 22 28 24 25 26 -28 -29 -30 -31
leaf_value=-1.312141299728448e-05 -0.040195633536034274 -0.030851687167332088 0.068428179865799951 0.1269455702376466 0.074394930099358908 -0.045051736344930093 0.04896813037480488 0.05868003096875684 0.00026252686556570902 0.0028102846652860516 0.070155865443337448 0.078603334337609271 -0.026773122723684841 -0.010276047660233809 0.094605936147709568 -0.032138801921908731 0.052385232937103676 -0.056177621384979864 -0.0057824884546514967 -0.016934882685038521 0.034156070439249918 0.22064304242285424 0.14159263371278877 0.10366990473330828 0.030810842137144502 0.13328806106774371 0.0040220669312656613 -0.018630876922819027 0.017534252744736863 -0.012393984083891819
leaf_weight=836.34301399393007 12.564288313267753 2.0461820866912594 2.1965686082839966 1.6316573000513006 2.2047658939845842 4.3458872323390096 2.2007253305055201 0.8352924473583706 13206.241625684546 313.30613466375507 4.5873161535710087 2.852131287334486 6.2393074133433428 388.93303531897254 8.0092906914651412 4.0785457510501137 3.7391079217195502 2.3988288836553693 24.739170071668923 42.57023149728775 31.470521163195372 2.3290949277579767 2.2515377476811409 3.6013577543199053 9.7430019658058864 2.2502482719719392 7.6731186341494322 193.22742987144738 4.0387811493128538 2.8245948664844036
leaf_count=6499 311 28 18 32 30 91 28 7 133180 2643 44 26 90 9201 68 31 24 41 220 222 182 22 21 28 68 31 70 1365 46 17
internal_value=-1.29128e-05 -0.0209063 0.0205478 1.14759e-05 0.0272686 0.00868424 -0.0134458 -0.034032 -7.26229e-06 -0.00188524 0.00444743 0.00349403 -0.00317368 -0.00840831 0.021284 0.0377356 0.0578799 0.00995669 -0.00131308 0.0103767 0.0283109 0.0493497 0.104823 -0.00250235 -0.0119947 -0.013946 0.0333348 -0.0162576 0.0619393 0.0526528
internal_weight=15131.5 17.6423 4.24275 15113.8 10.383 8.75138 6.54661 13.3996 15103.4 1897.21 320.746 316.158 1576.46 413.398 24.4651 18.2258 14.1472 6.13794 1163.06 107.399 64.8291 40.0899 8.61941 1055.66 219.32 212.894 9.92337 202.97 6.29032 6.42595
internal_count=154684 364 46 154320 181 149 119 318 154139 20959 2713 2669 18246 9455 254 164 133 65 8791 713 491 271 89 8078 1579 1534 101 1433 67 45
is_linear=0
shrinkage=0.05


Tree=194
num_leaves=31
num_cat=0
split_feature=27 3 27 27 27 21 15 8 23 14 13 26 3 28 22 19 13 22 23 11 13 24 3 21 21 19 15 20 20 8
split_gain=3.05273 3.05235 5.98103 4.17008 10.3458 3.06907 6.06685 7.08758 5.99924 6.11655 5.81932 6.12338 7.90237 10.1419 6.43249 5.94343 5.55134 11.884 9.37738 5.50796 14.2856 10.2201 6.09242 5.49088 9.49186 11.4041 5.73813 5.61687 5.62942 7.73326
threshold=-0.43999999999999989 64.500000000000014 0.105 -1.0000000180025095e-35 -0.020000000000000014 -0.030000000000000002 0.035000000000000017 0.63250000000000017 6.5750000000000011 -0.19754999999999992 -0.73333333333333306 0.055000000000000167 42.500000000000007 4.5000000000000009 4.1050000000000013 -0.025000000000000005 -0.68999999999999917 -0.94000000000000006 6.7350000000000012 0.44705000000000006 1.3233333333333341 0.04500000000000038 46.500000000000007 -0.050000000000000003 -0.039999999999999994 -0.050000000000000003 0.034999999999999989 2.975000000000001 0.91000000000000048 0.4391500000000001
decision_type=2 2 2 2 2 2 2 2 2 2 2 2 2 2 2 2 2 2 2 2 2 2 2 2 2 2 2 2 2 2
left_child=-1 5 3 4 -3 10 -7 8 -8 -10 -2 16 13 15 -14 23 17 -12 -19 -11 21 22 -21 27 25 26 -25 28 -13 -30
right_child=1 2 -4 -5 -6 6 7 -9 9 19 11 12 14 -15 -16 -17 -18 18 -20 20 -22 -23 -24 24 -26 -27 -28 -29 29 -31
leaf_value=-0.071834255211897055 -0.016719352142390131 -0.031807377357095178 0.081650441912992699 -0.048180859390747115 0.094349276075242891 0.00017143605377563351 -0.065122032273102634 0.06498520277717669 -0.061476659033968345 0.012339708543292409 0.18922484654485397 -0.025622228330649695 -0.025257333145341138 -0.034137286129441821 0.036943965500194506 -0.0086496179800224001 -0.00046670268380389382 -0.065907828443418678 0.086399982077471765 -0.034399504868217815 -0.070983719181985441 0.074473020599516257 0.087984673042095493 -0.050925778723215076 -0.017695480432832107 0.058075678362236233 0.029334365807637715 -0.068479816540733845 0.068878084229110528 -0.0032692561805907866
leaf_weight=1.4793778602033842 62.93408826761879 6.7432829821482301 1.3700613612309087 10.274641690310091 2.1411203555762803 12780.185237880331 2.8194545111618927 5.4699514284729949 3.0885989491362116 173.53086530952714 1.2000694908201692 10.073443045839673 74.583156308159232 21.40934566128999 4.4017276279628268 59.159463278949261 1824.9758492577821 2.0266297925263634 2.0157795213162899 7.2108635520562547 7.3351838514208785 4.7762856273911884 1.1838534530252216 4.2677684966474754 9.9299267306923849 21.751003066077832 4.6570017784833908 2.9939286559820166 5.7032720670104053 10.64948835223913
leaf_count=14 1511 75 20 162 22 135766 31 29 30 2246 16 101 882 344 35 621 12051 25 37 128 44 42 8 36 80 174 31 17 43 63
internal_value=-1.28768e-05 -5.8537e-06 -0.0192725 -0.0264895 -0.00140392 2.03257e-05 0.000308451 0.00883303 0.00729686 0.00833266 -0.00174225 -0.00128465 -0.00898195 -0.0022638 -0.0217909 0.00301846 -0.000319113 0.051059 0.0100417 0.00944385 -0.015062 0.0160819 -0.0171404 0.0128759 0.0247936 0.0385475 -0.00904553 -0.00357283 0.00378074 0.0218932
internal_weight=15130.3 15128.9 20.5291 19.159 8.8844 15108.3 12985.6 205.415 199.945 197.126 2122.73 2059.8 229.58 150.595 78.9849 129.185 1830.22 5.24248 4.04241 194.037 20.5062 13.171 8.39472 70.0258 40.6057 30.6758 8.92477 29.4201 26.4262 16.3528
internal_count=154684 154670 279 259 97 154391 138324 2558 2529 2498 16067 14556 2427 1510 917 1166 12129 78 62 2468 222 178 136 545 321 241 67 224 207 106
is_linear=0
shrinkage=0.05


Tree=195
num_leaves=31
num_cat=0
split_feature=22 14 7 8 3 20 12 24 24 9 17 26 0 12 11 14 22 10 11 9 8 4 8 12 24 22 21 11 23 26
split_gain=3.03167 4.66334 4.35769 7.57676 9.38326 8.53844 19.7317 19.1175 8.69217 8.71186 9.50928 9.7241 9.14333 10.2703 9.75988 9.80011 9.64047 7.33699 9.91566 9.62476 8.73861 9.12086 10.4593 9.79843 7.29798 9.81264 7.17436 7.12007 11.0232 10.6611
threshold=-2.774999999999999 -0.09628333333333336 4.2250000000000005 0.17515000000000003 39.500000000000007 0.56500000000000006 0.24395000000000003 -0.066666666666665084 -0.061666666666666974 4.285000000000001 4.5000000000000009 -0.044999999999999922 8.5000000000000018 0.3599 0.32955000000000007 0.069416666666666724 -0.83999999999999952 0.34295000000000003 0.21784999999999996 5.0050000000000008 0.23109999999999997 53.500000000000007 0.26290000000000008 0.28815000000000002 0.038333333333334448 -0.505 -0.050000000000000003 0.5011500000000001 6.8150000000000004 0.039999999999999598
decision_type=2 2 2 2 2 2 2 2 2 2 2 2 2 2 2 2 2 2 2 2 2 2 2 2 2 2 2 2 2 2
left_child=1 -1 3 4 5 8 -7 -8 -2 26 11 -11 14 -14 -13 -16 -15 19 -19 20 -5 22 23 -22 -21 -26 -10 -6 29 -29
right_child=2 -3 -4 17 27 6 7 -9 9 10 -12 12 13 16 15 -17 -18 18 -20 24 21 -23 -24 -25 25 -27 -28 28 -30 -31
leaf_value=-0.038193748946877715 -0.034236512894239381 -0.0044752632900655308 -0.00020794580914194633 0.0037161771753463596 -0.0086262362897834063 0.18470242670085557 0.25713106196866364 0.0059038396845278902 -0.048424348416440804 -0.010644703270669967 -0.014281278303331355 0.16401598230632258 0.0023270746982557646 0.030209137615591797 0.024919080975286993 0.12054612990177611 0.1669886591172916 0.03373522989763332 -0.018898097229508276 0.020223465705808095 -0.021374356937392831 0.039405696770369529 -0.043845150061944158 0.031271058415639805 0.023875857173991794 0.12606614591148407 0.0022350993952660958 -0.025386988739697455 0.084108603554350209 0.10692860775784692
leaf_weight=10.958628764143212 15.121133803622795 159.51741087553091 13590.255543212872 448.70237236912362 314.99957583285868 2.0461588217876878 0.79966818075627344 14.274378236848856 7.1593873733654609 9.8192000705748779 13.719145777169613 2.5825373120605937 14.803477297537031 3.3628952009603381 8.0124763334169966 4.0251683648675671 2.0881553711369625 10.84878581529483 51.080254457890987 34.852243755478412 12.141659704968331 37.994736223947257 8.4078506678342801 32.487443800549954 5.2429842092096806 4.2560658613219839 293.30756985815242 9.1682685469277221 5.3470476223155847 1.8254923727363337
leaf_count=394 914 4331 123624 6815 6006 41 26 288 216 155 208 35 216 36 96 40 32 145 697 524 169 541 111 450 41 36 8296 103 68 30
internal_value=-1.27006e-05 -0.00664277 6.28585e-05 0.0027522 -0.00076589 0.00447881 0.0390079 0.0192313 0.00289821 0.00446286 0.0221311 0.0333082 0.0456834 0.0239323 0.0758171 0.056895 0.0826058 0.00668661 -0.00967774 0.00842168 0.0065818 0.0207067 0.007311 0.0169485 0.0308122 0.0696624 0.00102801 -0.00695685 0.0252237 -0.00341624
internal_weight=15129.2 170.476 14958.7 1368.48 722.462 391.121 17.1202 15.074 374.001 358.88 58.4131 44.6939 34.8747 20.2545 14.6202 12.0376 5.45105 646.014 61.929 584.085 539.734 91.0317 53.037 44.6291 44.3513 9.49905 300.467 331.34 16.3408 10.9938
internal_count=154684 4725 149959 26335 16806 10599 355 314 10244 9330 818 610 455 284 171 136 68 9529 842 8687 8086 1271 730 619 601 77 8512 6207 201 133
is_linear=0
shrinkage=0.05


Tree=196
num_leaves=31
num_cat=0
split_feature=16 6 18 11 28 22 20 24 11 3 28 14 22 9 9 9 24 24 22 22 23 4 4 24 22 27 24 21 27 15
split_gain=3.04726 8.19377 6.89387 7.49028 9.15954 7.21717 6.78577 6.62531 7.13499 10.5324 7.03443 6.70117 14.524 8.31163 6.51252 9.34495 7.00465 6.42538 6.29657 9.17012 6.91686 7.59457 6.24437 12.1437 10.2382 9.63671 8.62503 7.36731 6.66174 7.4963
threshold=2.5000000000000004 0.14500000000000005 4.5000000000000009 0.17694999999999997 2.5000000000000004 1.6100000000000001 4.1250000000000018 -0.044999999999999478 0.41115000000000002 46.500000000000007 4.5000000000000009 -0.088791666666666658 -1.1499999999999995 7.2650000000000006 5.3250000000000011 5.6250000000000009 -1.0000000180025095e-35 0.15333333333333379 -1.6399999999999997 -2.4549999999999987 6.745000000000001 53.500000000000007 55.500000000000007 0.020000000000000021 -1.2199999999999998 -0.15999999999999967 -0.039166666666667009 -0.019999999999999993 -0.060000000000000046 0.03733333333333335
decision_type=2 2 2 2 2 2 2 2 2 2 2 2 2 2 2 2 2 2 2 2 2 2 2 2 2 2 2 2 2 2
left_child=2 6 -1 4 -4 14 7 8 10 -10 11 12 -2 -13 -6 -16 -17 -5 19 20 21 -9 28 24 -24 -25 27 -26 -20 -30
right_child=1 -3 3 17 5 -7 -8 18 9 -11 -12 13 -14 -15 15 16 -18 -19 22 -21 -22 -23 23 25 26 -27 -28 -29 29 -31
leaf_value=0.0012040814210269768 0.13396110915727866 8.2902156823718521e-05 0.033288111439860872 -0.0060753400922656702 -0.057836744478934589 -0.059161531832619851 0.077699330389246812 -0.056790766748031442 0.02847615799857264 -0.039049981199921924 -0.044752941883324737 -0.023019203581471144 -0.0038187242635266843 0.024046359674229328 0.14569544406340615 -0.041943410994967872 0.058441690323992018 0.049234139028495438 -0.0099101687306159172 -0.028626767570950229 0.036804519502267256 0.07971263024452202 0.071803497888134324 -0.05411382467240116 -0.0022987295181030229 0.032544434672241156 -0.012763330401930856 0.14424416139203947 -0.0025241627721246072 0.014941162209875229
leaf_weight=6652.0900736455806 2.2963179880753151 6339.8613934149034 27.736883047968149 608.28902356047183 2.6840460305102196 5.7099959813058367 2.5341175161302081 4.9689026684500304 20.162718693027276 8.0922814975492638 21.450895864749327 88.850447011180222 11.450545396655796 10.487581657245753 1.4794675055891255 3.5418700436130166 3.4115792857483029 5.2966985926032057 290.84235389903188 50.529914317186922 11.248224514070897 1.2818154047708956 4.1579163726419202 3.4343206621706477 1.7770330682396891 48.704711241647601 68.558081791736186 1.6577809336595226 759.77988116070628 66.842514280462638
leaf_count=46490 32 85734 153 5060 39 58 23 150 305 107 1185 1058 152 116 18 52 37 29 2160 531 291 23 44 21 25 426 818 30 8206 1311
internal_value=-1.27686e-05 -0.000698901 0.000721113 -0.00416038 0.0156322 -0.013471 -0.00404992 -0.00419022 -0.0137049 0.00913655 -0.018502 -0.0135225 0.0191964 -0.0180503 0.00999693 0.0315872 0.00730865 -0.00559789 -0.00301126 -0.0178238 0.0133708 -0.0287984 -0.00220237 0.00824529 -0.00448368 0.0268364 -0.00888962 0.0684288 -0.00340181 -0.00111188
internal_weight=15129.2 7818.97 7310.24 658.15 44.5638 16.827 1479.11 1476.57 162.791 28.255 134.536 113.085 13.7469 99.338 11.117 8.43292 6.95345 613.586 1313.78 68.0289 17.4989 6.25072 1245.75 128.29 76.1508 52.139 71.9929 3.43481 1117.46 826.622
internal_count=154684 102748 51936 5446 357 204 17014 16991 2955 412 2543 1358 184 1174 146 107 89 5089 14036 995 464 173 13041 1364 917 447 873 55 11677 9517
is_linear=0
shrinkage=0.05


Tree=197
num_leaves=31
num_cat=0
split_feature=20 13 30 11 11 26 24 3 8 7 8 16 23 7 7 20 3 9 0 4 0 3 8 0 8 23 7 9 15 4
split_gain=3.0129 6.61248 6.21491 5.61967 10.4179 26.6871 8.57712 8.05614 6.78175 8.8397 6.76081 12.7858 6.67043 7.81732 6.43549 6.30596 11.3391 20.1606 17.0229 19.5457 11.804 11.2495 10.9277 7.40693 5.61581 5.48423 14.5879 25.7157 5.3104 4.93901
threshold=-2.444999999999999 0.66000000000000048 -1.4999999999999998 0.40635000000000004 0.41855000000000003 -0.084999999999999951 -0.071666666666665865 57.500000000000007 0.16020000000000004 4.2250000000000005 0.28630000000000005 5.5000000000000009 6.7250000000000005 4.1050000000000013 1.0000000180025095e-35 -3.2649999999999992 24.500000000000004 1.9000000000000001 10.500000000000002 51.500000000000007 1.5000000000000002 60.500000000000007 0.23670000000000005 4.5000000000000009 0.20740000000000003 6.6450000000000005 1.8750000000000002 1.0000000180025095e-35 0.12550000000000003 52.500000000000007
decision_type=2 2 2 2 2 2 2 2 2 2 2 2 2 2 2 2 2 2 2 2 2 2 2 2 2 2 2 2 2 2
left_child=1 2 -1 10 5 -5 -7 -6 -8 -10 12 29 13 15 28 21 17 24 23 -20 -18 -4 -22 -19 25 26 27 -17 -14 -12
right_child=-2 -3 3 4 7 6 8 -9 9 -11 11 -13 14 -15 -16 16 20 18 19 -21 22 -23 -24 -25 -26 -27 -28 -29 -30 -31
leaf_value=0.10343050554132725 6.4913128759573594e-05 0.20039312597901968 -0.027862132895081868 0.35446355606797791 -0.0074582420057395507 0.29529177972297121 -0.051766619345425535 0.096419538072580219 0.14418420922851494 -0.052759025293339867 0.078559716488934395 0.20892443819444259 0.093620997638841963 -0.040952805657362638 -0.024362841176844452 -0.050496338619991768 0.17457065860836624 0.17800078506643466 0.11788754868871483 0.46268168412149513 -0.026061831498200346 0.28530529250626607 0.19026913320244299 -0.012409651735548316 0.18926642007727434 -0.037480630436618097 -0.010978849300611871 0.77295244994706458 -0.050909031711186492 -0.034465185244208663
leaf_weight=1.267989795655011 14946.829622702207 0.38562782481312652 10.085290703689672 0.72845389274880279 32.119416813133284 0.28648782591335464 2.1350159288849673 1.9816247383132566 1.5199295850470664 0.91142244823276986 1.5105278603732575 0.9552502748556434 2.1020806727465238 8.3493853677064163 90.006239464972168 0.19785485602915809 0.88071677181869645 0.86542321648448783 0.87432174850255229 0.7756884559057653 11.455788733903315 0.29515367932617742 0.61510021798312742 1.2461780603043733 0.40642711706459511 3.6455758402589709 1.2121766004711387 0.18205255037173629 0.91098214138764877 2.6840635561384261
leaf_count=27 144972 4 805 25 1322 17 144 38 36 22 35 31 41 216 5808 26 24 26 25 23 393 6 12 38 6 290 51 14 140 67
internal_value=-1.26499e-05 -0.0064322 -0.00687479 -0.00765644 0.00894257 0.0722679 0.029908 -0.00142186 0.0132581 0.0703576 -0.0123865 0.0438334 -0.0145454 0.00223322 -0.0219566 0.0132473 0.0282 0.0699845 0.159652 0.279979 -0.00214467 -0.0189576 -0.0150382 0.0656286 0.0102237 -0.00366953 0.0737516 0.344102 0.0499232 0.00623658
internal_weight=15127.4 180.592 180.207 178.939 39.6824 5.58131 4.85286 34.101 4.56637 2.43135 139.256 5.14984 134.106 41.0871 93.0193 32.7377 22.3573 9.4057 3.76161 1.65001 12.9516 10.3804 12.0709 2.1116 5.64409 5.23766 1.59208 0.379907 3.01306 4.19459
internal_count=154684 9712 9708 9681 1604 244 219 1360 202 58 8077 133 7944 1955 5989 1739 928 499 112 48 429 811 405 64 387 381 91 40 181 102
is_linear=0
shrinkage=0.05


Tree=198
num_leaves=31
num_cat=0
split_feature=1 24 23 0 8 8 3 11 24 26 15 13 15 10 23 23 23 4 15 15 19 24 24 28 15 4 15 15 9 9
split_gain=2.98705 5.67 6.65595 6.33227 12.7007 11.1929 11.21 29.1479 22.3787 33.0245 6.85855 6.37428 5.51892 10.8286 4.47133 5.09202 4.42499 8.38685 7.27791 8.47712 9.62379 6.7494 8.50232 6.6035 9.12891 6.57548 8.77363 17.8981 6.26594 5.77823
threshold=5.5000000000000009 -0.028333333333331986 6.9250000000000007 15.500000000000002 0.48220000000000002 0.45815 27.500000000000004 0.19010000000000002 -0.061666666666666974 0.055000000000000167 -0.032666666666666656 1.8383333333333338 0.024999999999999977 0.47080000000000005 7.5450000000000008 7.4650000000000007 6.745000000000001 59.500000000000007 0.048333333333333353 0.055500000000000015 -0.16499999999999995 0.015000000000000126 0.0066666666666663774 2.5000000000000004 0.025000000000000019 44.500000000000007 0.016666666666666653 0.0036666666666666657 6.1550000000000011 1.175
decision_type=2 2 2 2 2 2 2 2 2 2 2 2 2 2 2 2 2 2 2 2 2 2 2 2 2 2 2 2 2 2
left_child=14 2 -2 4 5 6 7 -4 -9 -10 -8 -12 -5 -14 15 -1 17 18 25 -20 21 22 29 24 -18 26 27 28 -3 -21
right_child=1 16 3 12 -6 -7 10 8 9 -11 11 -13 13 -15 -16 -17 23 -19 19 20 -22 -23 -24 -25 -26 -27 -28 -29 -30 -31
leaf_value=0.00014338561424777932 -0.016658375279077094 -0.052212244006007581 0.71611738483938037 -0.034540201881358305 -0.046731992936294244 0.1760604021896969 0.17013126825616035 -0.05234164532443563 -0.051167118267966931 0.5433547307455413 -0.0015308175426559673 0.20578849921923156 -0.05336814376605542 0.13393497016015063 -0.057157889016301949 0.058959713228921497 0.050798722902258814 0.12929305317835155 0.13043839771408242 -0.050702330950325281 -0.055167617937285807 0.015741227688345606 0.31382433476456778 -0.0068614910588003734 -0.032098241356292488 0.00066200822152620304 -0.02936614614976521 0.25333145750926084 0.16380860368024797 0.2083353221548479
leaf_weight=14390.578546303557 127.91313278162852 1.2453184078913175 0.19550862605684161 11.112687350250779 4.7960643572732797 1.4967186870053399 0.66430868813768107 1.3271260333713149 0.43696384131908383 0.50185257499106228 11.616057317238296 0.38298298232257444 1.5310539212077849 1.5557656753808258 3.4034792231395832 3.6808270663022986 11.213053204119204 1.3248823508620251 2.3123680651187879 0.50027527660131477 2.5913604793604463 2.1527711865492165 0.53362646466121078 275.60508171096444 4.7186854481697074 259.49881913233548 1.7299474673345683 1.2814159942790864 0.45956818014383305 0.37790669174864888
leaf_count=128845 6448 84 20 665 103 39 36 118 43 35 650 5 77 20 33 23 90 33 17 49 189 95 19 10055 24 6807 22 24 9 7
internal_value=-1.32329e-05 -0.00313556 -0.0113355 0.00778084 0.0249469 0.0456296 0.0327224 0.130358 0.0798175 0.26664 0.0137445 0.00508636 -0.0181114 0.0410331 0.000144877 0.000158426 -0.000764508 0.00379752 0.00318777 0.048815 0.0181547 0.0714582 0.156417 -0.00505224 0.0262462 0.00172538 0.0602346 0.11214 0.0060182 0.0607689
internal_weight=15126.7 729.075 163.53 35.6171 21.4176 16.6215 15.1248 2.46145 2.26594 0.938816 12.6633 11.999 14.1995 3.08682 14397.7 14394.3 565.545 274.008 272.683 8.46831 6.15594 3.56458 1.41181 291.537 15.9317 264.215 4.71625 2.9863 1.70489 0.878182
internal_count=154684 25783 8259 1811 1049 946 907 216 196 78 691 655 762 97 128901 128868 17524 7355 7322 376 359 170 75 10169 114 6946 139 117 93 56
is_linear=0
shrinkage=0.05


Tree=199
num_leaves=31
num_cat=0
split_feature=4 24 11 3 20 17 1 0 22 12 21 11 28 24 24 8 22 15 15 13 23 23 27 24 21 2 8 13 24 30
split_gain=2.97224 6.64845 9.57466 7.34986 6.49944 5.25896 6.12282 4.0448 7.68834 9.9039 10.4477 4.1744 4.16999 3.95648 5.66515 3.341 6.95112 7.21211 7.5765 7.48469 7.4953 6.82915 6.72713 7.11431 7.5674 6.5337 14.1615 13.1712 10.3322 9.76664
threshold=60.500000000000007 -0.016666666666665272 0.45765000000000006 49.500000000000007 -0.32000000000000012 5.5000000000000009 1.5000000000000002 17.500000000000004 -1.5149999999999999 0.29015000000000007 -1.0000000180025095e-35 0.42890000000000006 1.5000000000000002 0.0033333333333325226 0.041666666666667414 0.49030000000000007 0.4899999999999996 -0.0049999999999999619 0.009166666666666658 0.353333333333334 6.6050000000000013 6.535000000000001 0.15499999999999983 0.0016666666666673715 0.010000000000000004 3.5000000000000004 0.36100000000000004 -0.59500000000000031 0.048333333333334234 1.5000000000000002
decision_type=2 2 2 2 2 2 2 2 2 2 2 2 2 2 2 2 2 2 2 2 2 2 2 2 2 2 2 2 2 2
left_child=15 7 3 4 -3 -5 -7 11 -9 10 -10 -2 -11 -6 -15 25 17 -17 -19 20 -20 -18 23 -23 -25 -1 -27 -28 29 -29
right_child=1 2 -4 5 13 6 -8 8 9 12 -12 -13 -14 14 -16 16 21 18 19 -21 -22 22 -24 24 -26 26 27 28 -30 -31
leaf_value=-0.00022319420347527961 -0.04304633602762141 -0.031927075222312216 0.11747614598343402 -0.044205266840362349 0.087889401381261972 0.077380723096878115 -0.053147671471924722 -0.057763762692840483 0.0089146871155853218 0.04259817857344015 0.27394446554207608 0.04678932625656404 -0.037843668437025774 -0.0091946588731784702 0.063356222218096406 -0.014220012896160284 0.04365377474622012 0.0042946859739020271 -0.11057160228672269 -0.0037257557315183705 -0.018856027412734202 0.0041059601983556016 -0.028616771789367258 -0.0039734556235764768 0.0067434395665231326 0.016036720268907508 -0.024047230400795545 0.00027026818959505878 0.0083645648065522119 0.085604381666170237
leaf_weight=9673.0984264874132 21.907490501413125 4.5139375687576822 1.7998752798885096 11.165097525808958 3.0079814512282637 2.2133721113204952 1.512262783013284 4.0907086660154164 0.73548418283462524 3.0305267125368118 0.75211515324190059 1.3742300109006453 3.4395630145445466 6.0428163977339846 4.8505122140049934 184.31395592261106 8.930050425231455 225.41992799611762 2.3006781414151183 278.08068425115198 70.158580247778445 708.80974987987429 20.564070556312799 1002.3552611134946 197.1131479870528 181.86126903817058 49.130089905578643 1930.5561558715999 518.85158431716263 3.358883084729313
leaf_count=111827 521 103 21 136 27 10 41 108 20 15 23 24 131 42 30 2106 46 2443 19 2368 779 4981 148 5667 1188 1558 707 16358 3196 41
internal_value=-1.35873e-05 -0.0102607 0.00514976 -0.000920425 0.0202007 -0.0270408 0.0243983 -0.0255733 -0.00205597 0.026581 0.142911 -0.0377437 -0.000165494 0.0371273 0.0231103 3.43549e-05 -0.00155968 -0.0056114 -0.00285654 -0.00745525 -0.0217681 2.9985e-05 -0.000171982 0.000134546 -0.00221231 0.000382404 0.00256517 0.00158593 0.00209937 0.000418479
internal_weight=15125.3 70.436 35.1059 33.306 18.4152 14.8907 3.72563 35.3301 12.0484 7.95769 1.4876 23.2817 6.47009 13.9013 10.8933 15054.9 2698.05 760.274 575.96 350.54 72.4593 1937.77 1928.84 1908.28 1199.47 12356.9 2683.76 2501.9 2452.77 1933.92
internal_count=154684 1252 410 389 202 187 51 842 297 189 43 545 146 99 72 153432 19745 7715 5609 3166 798 12030 11984 11836 6855 133687 21860 20302 19595 16399
is_linear=0
shrinkage=0.05


Tree=200
num_leaves=31
num_cat=0
split_feature=27 0 24 9 27 18 9 7 14 20 9 21 7 26 22 9 4 11 9 12 7 11 24 23 21 23 30 9 6 11
split_gain=2.98011 5.32167 13.4439 8.15791 7.68732 6.82754 6.78241 7.93532 6.19436 5.98185 5.42951 5.14827 5.64447 6.91586 8.3983 8.26677 5.46746 5.37326 5.15614 4.94554 4.84625 4.82446 6.64208 4.73389 5.69607 5.17415 4.53484 10.0107 7.59285 11.7889
threshold=-0.17500000000000024 9.5000000000000018 0.038333333333332671 5.9850000000000012 -0.18999999999999992 5.5000000000000009 6.3350000000000009 7.1350000000000007 0.035616666666666665 -1.4949999999999994 5.1750000000000007 0.045000000000000005 3.6850000000000005 -0.11499999999999976 0.4899999999999996 4.8550000000000013 51.500000000000007 0.33625000000000005 5.5650000000000004 0.11324999999999992 6.8250000000000011 0.40495000000000009 0.098333333333333175 6.7250000000000005 0.015000000000000001 6.9350000000000014 1.5000000000000002 7.5650000000000004 0.18500000000000003 0.19520000000000001
decision_type=2 2 2 2 2 2 2 2 2 2 2 2 2 2 2 2 2 2 2 2 2 2 2 2 2 2 2 2 2 2
left_child=1 3 -3 9 5 6 19 20 -5 -1 -7 12 -11 14 -14 -16 18 -17 -15 -4 -8 -10 -23 -18 25 -25 -2 28 -28 -30
right_child=26 2 4 8 -6 10 7 -9 21 11 -12 -13 13 16 15 17 23 -19 -20 -21 -22 22 -24 24 -26 -27 27 -29 29 -31
leaf_value=-0.049501938351769602 1.6349624597764265e-05 0.10247830136201044 -0.064921622040966784 -0.040981526561647282 -0.019216010535888242 0.013249041841434979 0.026794979219534439 -0.038621620307187063 0.037492169154987515 0.074615000578060517 0.10646363688751348 -0.053784165425566036 0.057978947673421391 -0.00068338073022161086 -0.069797954536953422 0.065259782102833383 -0.035897798697501336 -0.01382304576381869 0.07049292923019565 -0.0021514825140417746 0.088466999790326517 0.024460897562745249 -0.047749211109595173 0.03162863464888159 -0.059983763945956128 -0.029902009428261135 0.0027146078642503245 0.13131006002385145 0.22484852419563081 0.032963437079962486
leaf_weight=6.3012218400835982 14809.182206611033 3.2820305828936389 3.4233632218092671 32.562593583017588 35.416805297136307 3.1625126833096138 13.269191246479755 3.7435146719217292 4.9521153196692493 2.7322594895958892 3.0871435813605785 4.0529314139857879 10.210433548316361 8.7036590203642827 3.393550716340541 3.9516020342707616 18.981700252741575 4.7056646198034286 3.5955893360078326 37.639183898456395 4.1917211487889281 5.1481867767870417 8.3491410389542562 10.696308720856907 3.3334330879151812 5.0201535150408736 58.336761772399768 1.7359750531613816 0.87376953149214287 9.5384342689067108
leaf_count=110 151778 39 22 197 230 32 73 21 26 21 18 30 66 55 20 22 112 25 21 248 23 28 41 61 21 32 977 13 22 300
internal_value=-1.32924e-05 -0.00549536 0.00284382 -0.0120363 -0.000302455 0.00947412 0.00447373 0.0274375 -0.0278667 -0.00261113 0.0592943 0.00111121 0.00406493 0.00140953 0.024615 -0.0036536 -0.00885422 0.0222742 0.0201245 -0.0073846 0.0416002 -0.00471939 -0.0202066 -0.0182258 -0.000617059 0.0119745 7.65691e-05 0.0127289 0.00973465 0.049066
internal_weight=15123.6 243.906 107.215 136.691 103.933 68.5166 62.267 21.2044 51.012 85.6785 6.24966 79.3773 75.3244 72.5921 22.2613 12.0508 50.3308 8.65727 12.2992 41.0625 17.4609 18.4494 13.4973 38.0316 19.0499 15.7165 14879.7 70.4849 68.749 10.4122
internal_count=154684 1594 706 888 667 437 387 117 292 596 50 486 456 435 133 67 302 47 76 270 96 95 69 226 114 93 153090 1312 1299 322
is_linear=0
shrinkage=0.05


Tree=201
num_leaves=31
num_cat=0
split_feature=28 0 14 0 16 22 3 22 21 13 23 22 6 24 15 0 23 11 11 11 8 13 10 3 3 5 11 27 10 12
split_gain=2.94864 7.57616 9.16029 7.43217 7.35073 8.049 7.59168 8.53988 7.08945 11.9321 8.40174 8.40127 7.02551 6.9045 8.8384 6.96438 7.12117 7.45531 7.16865 7.29734 7.08563 7.02175 6.86873 6.88044 7.08832 6.70463 8.39909 7.8678 8.62804 12.2693
threshold=1.5000000000000002 23.500000000000004 0.10225000000000005 4.5000000000000009 2.5000000000000004 1.3699999999999997 46.500000000000007 0.66000000000000048 -1.0000000180025095e-35 0.66000000000000048 6.8050000000000006 -1.0000000180025095e-35 0.14500000000000005 0.06083333333333308 -0.0016666666666666911 23.500000000000004 6.5950000000000006 0.46515000000000001 0.44240000000000002 0.45485000000000003 0.33210000000000006 0.73333333333333284 0.50760000000000016 43.500000000000007 31.500000000000004 1.0000000180025095e-35 0.70185000000000008 1.0000000180025095e-35 0.60740000000000005 0.19205000000000003
decision_type=2 2 2 2 2 2 2 2 2 2 2 2 2 2 2 2 2 2 2 2 2 2 2 2 2 2 2 2 2 2
left_child=3 25 4 -1 5 6 -3 12 -4 10 11 -10 -8 -5 22 16 21 18 -18 -20 -19 -16 -15 24 -24 -2 27 -27 -29 -30
right_child=1 2 8 13 -6 -7 7 -9 9 -11 -12 -13 -14 14 15 -17 17 20 19 -21 -22 -23 23 -25 -26 26 -28 28 29 -31
leaf_value=-0.0031834039236732087 -0.0012743061503569253 0.00099582489796924017 -0.0047910303102870226 0.0009723930085872893 -0.017112191702213668 -0.0144517512010687 0.12223009323050989 -0.012966820084742293 0.10448280198889773 0.16923630945947432 -0.05466990358953238 -0.028330974888143252 0.035380081756166221 -0.0035578582587896799 0.054002184044469409 0.051640798818011938 0.0072095048265835657 0.066186645320742352 -0.069757402883399752 0.010573931693619113 0.015448691058884599 0.0077433673071369696 0.056577891010852782 0.070360587421286383 -0.0060552682219172675 -2.5880999879051649e-05 -0.052403779288881153 0.0041625783183655172 0.11076360968214123 0.01798269207558054
leaf_weight=932.87284509092569 5884.7136768614873 86.286333624273539 9.227985795587303 4104.6891612671316 164.61507168784738 79.370319919660687 3.560468787327407 5.2437603101134291 3.70902712456882 1.8885464556515215 2.1585089359432459 1.7536584418266992 6.7295868173241615 217.92372442781925 17.788103669881821 10.669949285686014 260.39232333004475 9.8714830279350263 6.2275324761867505 5.1773875057697296 22.714106485247612 15.224728308618067 6.0823956131935182 5.9145999252796164 17.554791018366814 2189.4954956427682 7.1951783248223355 988.33041341044009 3.8224099017679682 52.549086174927652
leaf_count=4172 80479 887 66 18706 3653 543 35 48 45 16 45 32 75 974 85 69 1342 42 35 29 131 96 31 30 90 28162 91 14156 33 486
internal_value=-1.29666e-05 -0.000550836 -0.00761913 0.000893235 -0.00946412 -0.00251569 0.00678865 0.0389663 0.0264301 0.0567262 0.028846 0.0618463 0.0654311 0.00170234 0.00673342 0.0118696 0.0106118 0.00821956 0.00551009 -0.0332901 0.0308193 0.0326687 -0.000490379 0.0221301 0.0100617 -0.000268492 0.00155755 0.0016776 0.00524778 0.0242739
internal_weight=15123.8 9490.65 364.543 5633.1 345.806 181.19 101.82 15.5338 18.7377 9.50974 7.62119 5.46269 10.2901 4700.23 595.541 348.066 337.396 304.383 271.797 11.4049 32.5856 33.0128 247.476 29.5518 23.6372 9126.11 3241.39 3234.2 1044.7 56.3715
internal_count=154684 128852 5445 25832 5241 1588 1045 158 204 138 122 77 110 21660 2954 1829 1760 1579 1406 64 173 181 1125 151 121 123407 42928 42837 14675 519
is_linear=0
shrinkage=0.05


Tree=202
num_leaves=31
num_cat=0
split_feature=15 22 15 20 23 22 10 24 23 3 13 24 26 13 13 3 19 14 17 23 24 13 24 21 26 3 7 15 24 8
split_gain=2.93386 6.3195 5.59965 4.61564 5.82093 4.7068 8.37731 6.02782 6.95034 5.55242 10.8306 9.33725 8.02833 5.22953 5.72303 4.22104 4.11413 3.60829 5.37153 3.61651 4.35866 3.75932 3.54406 3.50045 6.09223 6.76434 6.29488 11.6593 10.8318 6.60668
threshold=0.13416666666666674 2.2850000000000006 0.050000000000000031 2.5950000000000011 7.0250000000000012 1.6100000000000001 0.38435000000000002 -0.029999999999999801 6.6550000000000011 28.500000000000004 -2.7808333333333324 0.0050000000000012266 0.079999999999999641 1.4108333333333334 2.2475000000000001 39.500000000000007 -0.10499999999999997 -1.0000000180025095e-35 3.5000000000000004 6.6650000000000009 0.091666666666668131 0.38333333333333425 0.0033333333333325226 -0.030000000000000002 0.055000000000000167 41.500000000000007 4.5650000000000004 0.039166666666666662 0.0083333333333324173 0.21965000000000004
decision_type=2 2 2 2 2 2 2 2 2 2 2 2 2 2 2 2 2 2 2 2 2 2 2 2 2 2 2 2 2 2
left_child=2 17 23 4 5 6 7 -4 -9 10 12 -12 -10 -7 22 -5 -11 -2 19 20 -19 -21 -15 24 26 -26 27 -1 -29 -28
right_child=1 -3 3 15 -6 13 -8 8 9 16 11 -13 -14 14 -16 -17 -18 18 -20 21 -22 -23 -24 -25 25 -27 29 28 -30 -31
leaf_value=-0.014570748297743278 -0.051232587566020685 0.18547843977835865 -0.034675238972437725 -0.049663972014607864 -0.078399930031953349 0.082693234994952958 -0.01825816551187294 -0.047657681535487099 -0.050378339749410889 -0.018615869412362134 0.29902552916737818 0.10363665419578146 0.38612023252275263 -0.03370916388730491 0.073652094637086274 0.01437724599636004 0.05657534014549203 -0.0092614468799766952 0.11114509967626707 -0.038679646959175633 0.15689578048348171 0.065108452019848287 0.027591198605190988 0.00025342265533962464 -0.0027896480815165045 -0.020430797385239331 0.056266797000408424 0.13139852422356499 -0.0011085673104053373 -0.00034497406699546214
leaf_weight=129.90203866595402 7.2087927642278435 0.36962638050317664 2.7375699639087552 4.8712190426886064 1.4427956433501083 5.7161112911999252 13.630333016626535 1.7583523094654125 1.3285849401727294 2.6234656311571598 0.78370274440385568 2.7818828821182251 0.11441317643038917 3.64948722720146 4.4663430154323569 5.453638531267643 5.9342581424862129 1.0881025709677459 0.8976342736277737 8.510564094409343 0.61934300139546383 0.97213882021606046 6.6619725599884987 12978.296466439497 139.42875357740559 89.040411088615656 5.1693890765309325 2.6744800545275202 3.6431730147451162 1686.1228591771796
leaf_count=1566 541 2 212 28 24 39 101 56 227 39 22 66 14 21 25 29 36 49 34 478 9 7 34 137407 1513 1116 51 24 29 10885
internal_value=-1.25754e-05 -0.0193121 1.25632e-05 0.0147762 0.02067 0.023409 0.011334 0.0336651 0.0458733 0.057996 0.0998082 0.146582 -0.015769 0.0420822 0.0263738 -0.0158371 0.0335246 -0.0232349 -0.00653789 -0.015978 0.0510089 -0.0280396 0.00589545 -5.02398e-05 -0.0019671 -0.00966487 -0.00100475 -0.0113448 0.0549862 -0.000171942
internal_weight=15117.9 19.6662 15098.2 63.9541 53.6293 52.1865 31.6926 18.0622 15.3247 13.5663 5.00858 3.56559 1.443 20.4939 14.7778 10.3249 8.55772 19.2966 12.0878 11.1901 1.70745 9.4827 10.3115 15034.3 2055.98 228.469 1827.51 136.22 6.31765 1691.29
internal_count=154684 1120 153564 973 916 892 773 672 460 404 329 88 241 119 80 57 75 1118 577 543 58 485 55 152591 15184 2629 12555 1619 53 10936
is_linear=0
shrinkage=0.05


Tree=203
num_leaves=31
num_cat=0
split_feature=14 11 0 3 19 22 22 23 6 27 10 12 12 22 14 4 24 24 27 4 8 27 11 11 15 13 27 15 24 10
split_gain=2.88398 5.53986 7.84895 7.60936 8.03936 8.92096 10.9262 8.82725 16.363 7.54133 9.6605 7.80751 7.14215 8.27903 7.14058 10.9047 9.86239 8.18373 11.6373 8.12973 13.0596 7.95642 11.0927 11.0985 7.55987 7.00352 6.82886 13.1601 8.58029 9.98367
threshold=-0.064599999999999963 0.20605000000000004 8.5000000000000018 23.500000000000004 -0.019999999999999993 -0.87999999999999956 -0.34500000000000014 6.7750000000000012 0.15500000000000003 0.020000000000000021 0.7511500000000001 0.28335000000000005 0.18234999999999998 0.61999999999999955 -0.12640833333333329 57.500000000000007 -0.058333333333333119 0.021666666666667837 -0.11499999999999976 52.500000000000007 0.34855000000000008 -0.010000000000000229 0.16740000000000002 0.10100000000000002 -0.0050000000000000175 -0.19166666666666707 -0.084999999999999951 0.0066666666666666411 0.039999999999999598 0.43785000000000002
decision_type=2 2 2 2 2 2 2 2 2 2 2 2 2 2 2 2 2 2 2 2 2 2 2 2 2 2 2 2 2 2
left_child=1 2 9 4 -4 -6 -7 -8 -9 10 11 -1 13 -11 15 17 -16 25 -19 21 -21 22 23 24 -20 -5 27 28 -18 -30
right_child=-2 -3 3 14 5 6 7 8 -10 12 -12 -13 -14 -15 16 -17 26 18 19 20 -22 -23 -24 -25 -26 -27 -28 -29 29 -31
leaf_value=0.0034042598964901232 0.00027624122239663657 -0.0034338188275353358 -0.040709498278824995 -0.028371102387971987 -0.0023309714607339937 0.16215791671001956 -0.018436985870015372 0.16599540277267719 0.015422018311979214 0.12197706176586572 0.05736524539356213 -0.021440925460427175 0.0025625997418151965 -0.0020090831022905142 -0.036026950288149374 0.046925766794089031 0.1312845861547802 -0.030777972766759022 0.063901346568387779 -0.0045436199324244081 0.054607974822113083 -0.042427226939886598 -0.035050979575067635 0.071119838964396137 -0.026072304972359878 -0.0040896347769732409 0.010327958104253333 -0.0093960272479642996 0.0083611256196007618 0.10130800013072001
leaf_weight=44.55388707225211 12870.083274828736 1490.376922458061 3.1746112438850131 37.043671619845554 6.6874213742557957 2.5210746987722858 3.5265343319624574 3.0733818849548697 4.3695106427185237 2.780488394200801 4.8610366694629183 108.92785181268118 83.6384484868031 2.6104594729840755 10.336978708626701 11.450763711240141 3.8166718343272832 15.250124238431452 3.231414131820201 14.808066133875398 25.228909615427256 8.4142454527318495 8.7006383631378394 9.7926240656524879 8.4128467254340666 149.72934465156868 157.9125879437197 9.1279575601220113 7.2748187240213138 4.7922636568546295
leaf_count=480 129285 17036 115 783 171 25 64 22 125 25 28 1250 945 17 246 151 35 102 25 131 165 87 58 75 53 1431 1614 62 53 25
internal_value=-1.2292e-05 -0.00166534 0.00182082 0.00537349 0.0332522 0.0448886 0.068296 0.046724 0.077598 -0.00548462 -0.0120308 -0.0142287 0.006158 0.0619392 0.00403204 -0.000901459 0.0114877 -0.00285312 0.00919331 0.0169497 0.0327302 0.00056133 0.0125635 0.0318889 -0.0011036 -0.00890551 0.0141727 0.0384469 0.065941 0.0452736
internal_weight=15116.5 2246.43 756.049 508.676 23.3525 20.1779 13.4905 10.9694 7.44289 247.372 158.343 153.482 89.0294 5.39095 485.324 292.063 193.261 280.612 93.8389 78.5887 40.037 38.5518 30.1375 21.4369 11.6443 186.773 182.924 25.0117 15.8838 12.0671
internal_count=154684 25399 8363 5618 522 407 236 211 147 2745 1758 1730 987 42 5096 3061 2035 2910 696 594 296 298 211 153 78 2214 1789 175 113 78
is_linear=0
shrinkage=0.05


Tree=204
num_leaves=31
num_cat=0
split_feature=12 26 0 6 27 26 22 26 19 7 13 11 10 9 8 27 15 21 28 20 6 26 7 12 20 17 30 15 8 14
split_gain=2.87235 5.81235 9.44859 12.4925 8.93978 16.1601 13.9963 5.90086 11.1774 8.98077 9.42813 14.7789 8.2331 13.8762 15.5157 12.4568 11.2517 8.81838 8.2088 9.89757 7.8504 7.80366 7.22021 7.258 6.90224 8.02975 9.21905 9.17184 7.12478 6.61069
threshold=0.40275000000000005 0.095000000000000209 22.500000000000004 0.15500000000000003 -0.010000000000000229 0.12500000000000003 1.7449999999999999 -1.0000000180025095e-35 -0.020000000000000007 3.6450000000000005 -1.0933333333333333 0.29865000000000003 0.52970000000000017 5.6350000000000007 0.35964999999999997 -0.044999999999999922 0.018333333333333323 0.039999999999999994 2.5000000000000004 -2.024999999999999 0.15500000000000003 -0.064999999999999933 5.9450000000000012 0.40920000000000001 1.0800000000000005 5.5000000000000009 1.0000000180025095e-35 0.0066666666666666411 0.29880000000000007 -0.072733333333333289
decision_type=2 2 2 2 2 2 2 2 2 2 2 2 2 2 2 2 2 2 2 2 2 2 2 2 2 2 2 2 2 2
left_child=-1 7 4 -4 5 -3 -7 8 12 10 18 29 13 17 15 -15 -17 24 19 -10 -16 -13 -14 -24 25 26 -2 -27 -29 -12
right_child=1 2 3 -5 -6 6 -8 -9 9 -11 11 21 22 14 20 16 -18 -19 -20 -21 -22 -23 23 -25 -26 27 -28 28 -30 -31
leaf_value=-0.00028915023904825624 -0.0053231260932020191 -0.020374428741839347 0.16062859168069374 -0.052423750149289822 -0.020411185175525426 0.11258531215710901 -0.039386501490016684 0.0042722603462007963 -0.0058884075993924385 -0.0072087904017102038 0.085708835628940813 0.12665301481928365 0.051437235896446491 0.026101344494590346 0.023245770902205223 0.19067592771690797 0.05162217513763076 0.10760200042842745 -0.012907219054349876 0.21788261299823641 -0.028876605454977656 -0.033604772026513643 0.045621353637292771 -0.027133291172442654 -0.018070981365988736 0.16838229961956402 0.079596993623063106 -0.054887604881678632 0.079109299004259628 0.25416126494894015
leaf_weight=13012.408410800388 37.800793718080968 11.377577418927105 1.7891292059794062 1.1179905105382202 77.01671924488619 5.799488245509564 2.0507930777966976 1305.1953724739142 1.0688904011622069 453.17541270377114 1.0666283844038846 1.1006865981034937 3.96694660373032 5.4913637712597847 73.970211013220251 3.368227628991006 2.560810849070549 1.813645421527325 10.915966691449283 0.91901790350675838 8.0059728436171991 2.4515093294903636 3.8260412607341996 32.946621980518103 43.625855992082506 1.5618579071015108 3.4911569538526228 1.6383465796243397 2.5146540682762861 1.2829443458467711
leaf_count=133535 457 152 18 39 1486 66 16 11676 30 5109 21 21 37 37 487 36 25 22 542 14 62 49 23 219 332 25 59 41 26 22
internal_value=-1.20662e-05 0.00170248 -0.0101145 0.0786951 -0.0127971 0.017701 0.0728845 0.00228722 -0.00142164 -0.00580379 0.0280536 0.0804025 0.00770658 0.012169 0.0257619 0.080362 0.130617 -0.00156357 0.00411111 0.0975618 0.0181554 0.0160528 -0.0126499 -0.0195635 -0.00374807 0.00954466 0.00185671 0.0650929 0.0262479 0.177689
internal_weight=15115.3 2102.91 99.1517 2.90712 96.2446 19.2279 7.85028 2003.76 698.564 471.981 18.8056 5.90177 226.583 185.843 93.3966 11.4204 5.92904 92.4463 12.9039 1.98791 81.9762 3.5522 40.7396 36.7727 90.6327 47.0068 41.292 5.71486 4.153 2.34957
internal_count=154684 21149 1777 57 1720 234 82 19372 7696 5808 699 113 1888 1609 647 98 61 962 586 44 549 70 279 242 940 608 516 92 67 43
is_linear=0
shrinkage=0.05


Tree=205
num_leaves=31
num_cat=0
split_feature=9 8 19 24 4 14 8 21 20 20 27 20 24 20 23 22 7 9 10 12 22 7 4 23 14 0 28 12 27 7
split_gain=2.82108 7.89207 9.14244 10.5942 7.69166 8.1272 7.20579 7.06593 12.0188 18.6315 8.65416 7.7314 7.5153 6.55757 6.20037 8.5355 9.4744 8.04605 7.29306 7.61764 9.18998 8.60236 10.2708 7.99372 8.28548 7.58026 15.824 18.4626 10.9317 8.89499
threshold=7.3750000000000009 0.42295000000000005 -0.0099999999999999863 -0.071666666666665865 46.500000000000007 0.18492500000000003 0.49030000000000007 -1.0000000180025095e-35 -1.0149999999999999 -1.135 1.0000000180025095e-35 2.3350000000000013 0.070833333333332874 3.305000000000001 6.6750000000000007 -0.07499999999999972 5.9350000000000014 7.3950000000000005 0.43785000000000002 0.33575000000000005 0.14999999999999972 6.9450000000000012 54.500000000000007 6.8250000000000011 0.038166666666666717 6.5000000000000009 3.5000000000000004 0.29095000000000004 0.095000000000000209 6.285000000000001
decision_type=2 2 2 2 2 2 2 2 2 2 2 2 2 2 2 2 2 2 2 2 2 2 2 2 2 2 2 2 2 2
left_child=-1 7 3 -3 -5 13 -7 11 9 10 -9 -2 -10 -6 17 -16 -17 -4 -18 25 -21 22 -22 -23 -25 26 -20 -28 29 -27
right_child=1 2 14 4 5 6 -8 8 12 -11 -12 -13 -14 -15 15 16 18 -19 19 20 21 23 -24 24 -26 28 27 -29 -30 -31
leaf_value=-0.00019424160265909236 0.016255271569833502 -0.052304626110973931 0.058389182867564941 -0.043053708013519348 -0.0070322647073397665 0.10012157824946553 0.0060542231062578637 -0.053871212750143532 0.00072516580958833284 0.21160021935204962 0.11616859878009844 0.070899240398465818 -0.051818458891290789 0.014888724130871582 -0.011140118441166125 -0.091024385964327048 -0.039756449505937541 -0.011618681419126385 0.023772143147106507 0.032980764413966891 -0.024167531485413379 0.021103092883346469 0.023696368596201101 -0.033814536384275527 0.037382894916854162 -0.053156829997989485 0.0037271671809938505 0.17833152645674977 -0.045542302556674449 0.020388801894804819
leaf_weight=14112.12443178473 107.93493974208832 11.935622105374931 4.3378287889063349 12.318619286641477 257.07503770198673 3.5342477038502675 4.8018778990954161 2.1056884219869976 71.649484866764396 1.6764575284905721 1.1607714481651781 6.8860939890146247 7.5194828528910866 39.336709104478359 53.712291289120913 2.2910005915909997 6.9317332105711094 76.204624880105257 24.883048184216026 24.187757742591202 51.067532362416387 54.979204639792442 14.35947773978114 15.54926040954888 5.5429587438702574 4.2549727838486424 2.4456476168707004 3.97429667878896 7.175903156399726 121.69842332508415
leaf_count=147039 761 131 26 94 2015 19 29 42 697 23 17 35 54 210 413 22 54 517 143 311 342 365 90 118 34 36 32 51 43 921
internal_value=-1.22595e-05 0.00255197 0.000342248 -0.00606036 -0.00431954 -0.00275382 0.0459357 0.0114671 0.000457221 0.0760984 0.00655425 0.0195324 -0.00426544 -0.00412314 0.00479007 0.00737984 0.0103113 -0.00784822 0.0110001 0.0120658 0.00449931 -0.000369309 -0.0136627 0.011064 -0.0151041 0.01969 0.0418293 0.111817 0.0144844 0.0179043
internal_weight=15113.7 1001.53 802.598 329.002 317.066 304.748 8.33613 198.933 84.1119 4.94292 3.26646 114.821 79.169 296.412 473.596 393.054 339.341 80.5425 337.05 330.118 165.686 141.498 65.427 76.0714 21.0922 164.432 31.303 6.41994 133.129 125.953
internal_count=154684 7645 6016 2498 2367 2273 48 1629 833 82 59 796 751 2225 3518 2975 2562 543 2540 2486 1260 949 432 517 152 1226 226 83 1000 957
is_linear=0
shrinkage=0.05


Tree=206
num_leaves=31
num_cat=0
split_feature=22 3 8 8 13 3 18 4 21 1 8 2 13 24 10 20 7 9 12 14 23 10 20 0 23 18 10 20 11 10
split_gain=2.7958 4.18897 6.47297 6.75942 8.1249 5.5595 7.11699 8.07454 6.47856 4.74041 6.41916 4.41976 4.0126 5.81035 5.03513 17.0111 7.64628 4.92387 4.72104 4.63188 4.34266 4.32623 5.7566 5.66911 5.39582 5.72677 5.146 3.69207 3.66872 4.72799
threshold=4.3250000000000011 35.500000000000007 0.33015000000000005 0.39805000000000001 1.1666666666666676 27.500000000000004 1.5000000000000002 47.500000000000007 -0.074999999999999969 4.5000000000000009 0.49420000000000003 3.5000000000000004 1.7925000000000002 0.048333333333334234 0.45965000000000006 2.5350000000000006 6.8050000000000006 7.8350000000000009 0.26935000000000003 0.087716666666666707 6.6950000000000012 0.40750000000000003 -1.0000000180025095e-35 6.5000000000000009 6.745000000000001 2.5000000000000004 0.48900000000000005 1.0349999999999999 0.29695000000000005 0.56710000000000016
decision_type=2 2 2 2 2 2 2 2 2 2 2 2 2 2 2 2 2 2 2 2 2 2 2 2 2 2 2 2 2 2
left_child=-1 2 -2 -4 -5 8 11 -8 -6 -9 -11 -7 19 14 15 18 -17 20 -14 21 -16 -3 23 -23 -24 -26 -27 -21 -22 -30
right_child=1 12 3 4 5 6 7 9 -10 10 -12 -13 13 -15 17 16 -18 -19 -20 27 28 22 24 -25 25 26 -28 -29 29 -31
leaf_value=6.4873127266525688e-05 0.076651882393165699 -0.046006426412038365 -0.041512440075456777 0.07123092213195939 0.041548865323619497 -0.0096811417305047286 0.056599070419393271 -0.043209218581975455 -0.029193511803004835 0.071330483923647589 -0.033864404113736833 0.049996117084934066 0.023325819910593935 0.025818735920564925 -0.077187278434870471 0.12384249939011466 0.020549747643315072 0.018977188086108709 -0.045324486627527749 -0.023507339840301164 -0.056526764120805865 0.10548860837153054 -0.056146359476611223 -0.012726617118819459 -0.02784431598825865 0.1064143836078546 -0.008712515400311335 0.055039368696598034 0.012427497995566739 -0.046713975661942041
leaf_weight=14921.528112219297 2.8666108530014744 19.445285048335791 8.6361668333411199 4.3919588178396216 3.8513733968138721 4.0338528230786332 3.9695447310805347 10.402272265404465 20.267529513686895 2.6147002130746833 3.2562105283141136 13.438681483268738 3.4320605173707035 13.12107229977846 4.6645335257053437 3.4055248722434035 3.7806081771850586 5.3991039246320716 9.2646341472864133 2.8047851435840121 6.0030311569571522 1.8183999210596109 8.3534675091505068 2.2930520176887512 8.043556693941353 1.8508358001708978 2.0409975163638592 3.2063481658697128 8.9191613756120187 5.4407690837979308
leaf_count=153281 29 227 73 35 20 25 21 60 125 22 22 68 25 64 27 21 21 30 71 26 44 18 65 26 77 23 23 20 59 36
internal_value=-1.20723e-05 -0.00602278 0.00291619 9.27173e-05 0.00551821 0.000850761 0.0128401 -0.0073391 -0.0178972 -0.0229356 0.0129858 0.0362185 -0.012156 -0.00381334 -0.0115416 0.00802603 0.0695004 -0.0243284 -0.0267675 -0.02277 -0.0336706 -0.0284129 -0.0143922 0.0395572 -0.0253248 -0.00375304 0.0460383 0.0183896 -0.0237023 -0.00998035
internal_weight=15112.5 191.016 77.7289 74.8623 66.2261 61.8342 37.7153 20.2427 24.1189 16.2732 5.87091 17.4725 113.287 63.4305 50.3094 19.8828 7.18613 30.4266 12.6967 49.8567 25.0275 43.8456 24.4003 4.11145 20.2889 11.9354 3.89183 6.01113 20.363 14.3599
internal_count=154684 1403 500 471 398 363 218 125 145 104 44 93 903 398 334 138 42 196 96 505 166 459 232 44 188 123 46 46 139 95
is_linear=0
shrinkage=0.05


Tree=207
num_leaves=31
num_cat=0
split_feature=12 26 25 20 10 11 23 12 26 23 27 24 10 19 26 8 9 12 7 0 27 24 8 20 24 7 20 4 28 13
split_gain=2.79092 6.46832 4.67055 4.46155 4.48155 3.9498 4.58704 3.31052 6.39013 8.37822 17.607 7.56214 6.70088 6.00761 9.79871 9.74031 15.2746 10.1437 17.8146 11.579 10.464 10.8917 16.7823 8.88412 8.87316 8.39038 9.81745 12.6462 19.3572 20.2119
threshold=0.69400000000000006 -0.069999999999999826 2.5000000000000004 2.2450000000000006 0.4335 0.28540000000000004 6.7750000000000012 0.40275000000000005 0.095000000000000209 7.035000000000001 0.015000000000000126 0.014999999999999238 0.25725000000000003 -0.020000000000000007 -1.0000000180025095e-35 0.36100000000000004 5.6350000000000007 0.40475000000000005 4.745000000000001 18.500000000000004 -0.069999999999999826 0.016666666666666167 0.34730000000000005 -0.27499999999999986 -0.043333333333333439 3.3550000000000004 -2.774999999999999 49.500000000000007 2.5000000000000004 -1.0283333333333329
decision_type=2 2 2 2 2 2 2 2 2 2 2 2 2 2 2 2 2 2 2 2 2 2 2 2 2 2 2 2 2 2
left_child=7 -2 5 4 -4 -3 -7 -1 13 11 12 -10 -11 15 25 16 17 18 -9 -19 -21 22 -22 -18 -25 26 -15 -28 -29 -30
right_child=1 2 3 -5 -6 6 -8 8 9 10 -12 -13 -14 14 -16 -17 23 19 -20 20 21 -23 -24 24 -26 -27 27 28 29 -31
leaf_value=-0.00027502687557912607 -0.064682084716412444 -0.013981282190797069 -0.0096439250689351226 0.05518133578008444 -0.067345674080593054 -0.005923907075427782 0.075108859744261083 -0.0014010407343840858 -0.018182546730533381 0.067813195660744438 -0.0062602212895169337 0.06002969971297939 0.23684690043127837 -0.030623145830684581 0.0036567480272693478 0.0029875692625026297 -0.012102027543593512 -0.0024074023216652204 0.1998605606644481 0.13680752128302048 0.03388729953870584 -0.03065760030854614 0.23355187857593213 -0.030470760821929222 0.081151306428631734 -0.0060930747896142563 -0.0087557825744087343 0.35383926565916346 0.021142427896898103 0.29274206776460526
leaf_weight=13009.405323991436 5.3693332381080827 5.5995377805084008 8.6419584727846068 1.632583089172839 5.5108965490944675 2.9550366215407848 4.2700064014643431 2.5879365243017665 84.890330794267356 1.1618378008715793 6.6362941858824342 3.207312465645372 1.1835943069308994 3.7959371253382406 1125.1778397206217 271.47662539733574 3.9645203468389836 66.732441385043785 1.9116949643939731 2.5587967999745187 8.3397057617548835 5.2358785802498451 1.2044124575331796 1.9793099062517345 17.716701777651902 450.45141648966819 3.3508859043940884 0.73463895078748453 3.3971486589871338 0.85800421517342407
leaf_count=133535 50 44 121 12 60 24 35 41 1586 19 98 29 27 245 9708 2052 55 1017 19 30 156 64 17 30 150 5170 109 11 157 13
internal_value=-1.18557e-05 -0.0143254 -0.0048748 -0.0230839 -0.0321121 0.0175383 0.0419665 2.0401e-05 0.00187839 -0.010645 0.0353578 -0.0153351 0.153114 0.00249507 0.00113821 0.00810966 0.0204995 0.0109657 0.0841061 0.00705109 0.0434544 0.0272925 0.0590838 0.0561882 0.0699341 -0.00498775 0.0360363 0.0663738 0.116827 0.0759075
internal_weight=15111.9 33.9794 28.61 15.7854 14.1529 12.8246 7.22504 15078 2068.55 97.0794 8.98173 88.0976 2.34543 1971.47 1587.77 383.708 112.231 88.5709 4.49963 84.0712 17.3388 14.78 9.54412 23.6605 19.696 462.588 12.1366 8.34068 4.98979 4.25515
internal_count=154684 346 296 193 181 103 59 154338 20803 1759 144 1615 46 19044 15413 3631 1579 1344 60 1284 267 237 173 235 180 5705 535 290 181 170
is_linear=0
shrinkage=0.05


Tree=208
num_leaves=31
num_cat=0
split_feature=4 10 8 13 2 24 9 8 6 11 11 27 27 13 24 9 23 21 11 0 8 20 19 27 10 27 22 24 14 6
split_gain=2.80104 4.54334 7.18696 7.24163 7.53972 6.96815 6.79901 6.15414 9.0047 7.76844 7.55605 7.54979 10.3634 7.39584 10.8285 7.19956 7.15818 7.12053 7.06378 10.0156 8.50574 8.79914 8.13277 10.5999 6.95996 9.93105 6.68279 6.5602 7.2064 9.5401
threshold=50.500000000000007 0.11049999999999996 0.15105000000000005 -0.71999999999999942 1.5000000000000002 -0.0083333333333341902 4.205000000000001 0.38289999999999996 0.17500000000000002 1.0000000180025095e-35 0.29945000000000005 0.14500000000000005 0.13500000000000026 1.3025000000000004 -0.061666666666665197 4.0550000000000006 7.0050000000000008 -0.0099999999999999863 0.49445 11.500000000000002 0.35470000000000002 -0.72499999999999998 0.010000000000000004 -0.010000000000000229 0.59200000000000008 -0.10499999999999997 3.7950000000000008 0.17166666666666777 0.041566666666666675 0.21500000000000002
decision_type=2 2 2 2 2 2 2 2 2 2 2 2 2 2 2 2 2 2 2 2 2 2 2 2 2 2 2 2 2 2
left_child=1 5 -3 4 -4 6 -1 9 11 16 -10 12 24 18 -15 -12 -5 -18 27 22 21 -21 -20 -24 -9 -26 -16 28 -11 -30
right_child=-2 2 3 7 -6 -7 -8 8 10 13 15 -13 -14 14 26 -17 17 -19 19 20 -22 -23 23 -25 25 -27 -28 -29 29 -31
leaf_value=-0.019825957465229783 0.00028396155996802703 0.017678187541973072 -0.061248900758981067 -0.02432181510788468 -0.0097852312105389232 -0.0024676150879640894 0.044941593233617926 0.00065594622973547882 0.0024573769410363116 0.0039531932743748022 0.05311155571540524 -0.059508848142695317 0.09227182197662738 0.11542914972736527 0.022178841207130488 -0.025255476961365233 0.11011649680148011 -0.020390313755062214 0.031972659495554744 -0.056814676430816391 -0.044997507382874516 0.041652709553925152 0.023407279229989218 0.19075637458067696 0.033166232708830928 -0.018931532435066768 -0.037110138490399194 0.075718225002111852 -0.0093246584729624795 0.087793410582070394
leaf_weight=103.56331919017248 12707.464631742914 52.395639388356358 7.6095331348478785 39.495567081496119 109.94330320926383 299.68063271557912 4.2170054861344388 732.14432519534603 43.294125116895884 532.38825165992603 3.0274243163876227 5.4908592477440825 2.9875015001744023 2.905123282223939 47.887645086273551 91.780990416649729 2.0780844185501337 2.1027292613871387 18.208597827702764 2.8661476196721205 7.5228254133835426 10.885893768630922 1.7795808399096134 2.0206258944235733 10.208189889788626 88.026057121343911 5.2764936089515677 2.9570723846554747 167.81161364074796 2.5673610260710111
leaf_count=2824 128118 915 153 399 2022 4515 44 5716 392 5635 29 52 26 21 281 776 16 29 118 37 58 75 15 30 60 703 42 16 1540 27
internal_value=-1.20766e-05 -0.0015775 -0.000595139 -0.00108784 -0.0131166 -0.00638888 -0.0172919 -0.000313335 -0.0030191 0.00280114 -0.0148498 -0.00107139 -0.000686363 0.00391531 0.0214309 -0.0227531 -0.0177361 0.0444784 0.00260412 0.0222107 -0.00225245 0.0211305 0.045858 0.112389 -0.0010208 -0.0135177 0.0162945 0.00140161 0.0010889 -0.00786123
internal_weight=15110.6 2403.12 1995.66 1943.27 117.553 407.461 107.78 1825.71 976.959 848.754 138.103 838.857 833.366 805.077 56.0693 94.8084 43.6764 4.18081 749.008 43.2837 21.2749 13.752 22.0088 3.80021 830.379 98.2342 53.1641 705.724 702.767 170.379
internal_count=154684 26566 19183 18268 2175 7383 2868 16093 7754 8339 1197 6557 6505 7895 344 805 444 45 7551 333 170 112 163 45 6479 763 323 7218 7202 1567
is_linear=0
shrinkage=0.05


Tree=209
num_leaves=31
num_cat=0
split_feature=21 19 11 9 13 24 23 10 14 3 24 6 20 6 26 10 10 7 5 22 13 24 8 7 0 14 9 24 22 12
split_gain=2.83873 9.25449 8.54631 8.74095 9.60028 9.23075 8.83054 10.7431 9.3663 9.10856 9.3456 8.81067 9.63792 8.68586 7.54062 9.91426 7.47857 7.1339 7.10746 7.50181 9.81198 7.22279 7.21333 9.76862 8.79607 9.89952 7.84164 8.93366 7.65202 12.1589
threshold=0.010000000000000004 -0.084999999999999978 0.44240000000000002 6.7250000000000005 2.0666666666666673 0.048333333333334234 6.7750000000000012 0.41960000000000003 -0.01541666666666666 53.500000000000007 0.016666666666666167 0.19500000000000003 0.47000000000000003 0.13500000000000004 -0.064999999999999933 0.34890000000000004 0.3916 6.6350000000000007 1.0000000180025095e-35 1.5800000000000005 1.7925000000000002 -0.0016666666666664829 0.021050000000000003 4.3250000000000011 18.500000000000004 -0.18052499999999999 1.635 0.010000000000001121 -0.1350000000000002 0.36854999999999999
decision_type=2 2 2 2 2 2 2 2 2 2 2 2 2 2 2 2 2 2 2 2 2 2 2 2 2 2 2 2 2 2
left_child=-1 -2 3 4 13 -6 9 8 -8 11 -11 -5 -13 -3 15 -4 -10 -17 19 -15 -21 -22 -20 24 25 -24 -26 -28 -25 -30
right_child=1 2 14 6 5 -7 7 -9 16 10 -12 12 -14 18 -16 17 -18 -19 22 20 21 -23 23 28 26 -27 27 -29 29 -31
leaf_value=-0.0004661563726967146 0.083389615489066482 -0.026934066049292618 0.0059145050362719442 0.00060876404682501514 0.0413178581551224 -0.019228067518799102 0.0087465764007475209 0.01087241320973123 0.056925562867746221 -0.0050426558982726247 0.091622669479779664 -0.071012421355622565 0.020097396482224316 -0.0016279353188339146 0.0044128376330707444 0.054751144937667209 0.15956359840996592 0.003428390940799646 -0.039659826185173344 -0.016696324133090783 0.090320292673151767 0.0035240711103501584 0.085839763126119406 -0.0040026572701818766 -0.042900642828683118 0.013589834279820051 -0.015637675871824398 0.029570470763795976 0.0090853259997277572 -0.008741802472963486
leaf_weight=10498.340977279702 3.4076854530721894 31.785995886661112 46.563191466964781 248.72201372031122 24.93838107958436 8.4208215624093992 5.8965145265683532 215.69052283465862 5.1842093300074321 4.646288709715007 5.4137757122516632 8.9003462102264148 4.3073909059166899 2053.3666712138802 431.43606556276791 25.61780065484345 2.698616111651063 9.2034143619239313 10.204559555277227 140.24877973739058 3.6298363246023655 7.0563067235052568 4.8439689166843882 519.05226109689102 11.910707836039363 223.25744015467353 26.95799420052208 18.377516927197576 382.06049284897745 127.58798292186111
leaf_count=105911 30 296 474 1810 135 41 53 1795 42 41 36 59 35 23345 3935 179 25 53 663 1588 26 38 78 5120 280 3491 568 221 3203 1113
internal_value=-1.19441e-05 0.00102212 0.000961209 0.000199215 -0.000663686 0.0260343 0.00638318 0.0136069 0.0564098 0.000288761 0.0469773 -0.00150443 -0.0412991 -0.000913837 0.00704615 0.0210059 0.0920628 0.0411863 -0.000679441 -0.00241876 -0.0131774 0.0330067 0.00221576 0.00254096 0.0107263 0.0151241 -0.00679705 0.00268821 0.000270445 0.00462239
internal_weight=15109.7 4611.39 4607.98 4095.16 3593.7 33.3592 501.46 229.47 13.7793 271.99 10.0601 261.93 13.2077 3560.34 512.82 81.3844 7.88283 34.8212 3528.55 2204.3 150.935 10.6861 1324.25 1314.05 285.348 228.101 57.2462 45.3355 1028.7 509.648
internal_count=154684 48773 48743 44102 40206 176 3896 1915 120 1981 77 1904 94 40030 4641 706 67 232 39734 24997 1652 64 14737 14074 4638 3569 1069 789 9436 4316
is_linear=0
shrinkage=0.05


Tree=210
num_leaves=31
num_cat=0
split_feature=3 27 27 27 17 4 24 11 3 20 17 1 0 22 12 21 20 11 24 24 7 8 16 13 14 3 10 13 1 22
split_gain=2.79851 5.31136 3.91032 9.0136 2.8841 2.78943 6.04951 8.21963 6.68839 5.77611 4.75943 5.59348 3.80178 7.12123 7.81949 6.92396 3.86427 3.84251 3.24995 5.09106 3.13816 7.59757 6.45528 8.3565 6.78262 11.2135 6.39106 10.7442 7.88102 10.0501
threshold=64.500000000000014 0.105 -1.0000000180025095e-35 -0.020000000000000014 4.5000000000000009 60.500000000000007 -0.016666666666665272 0.45765000000000006 49.500000000000007 -0.32000000000000012 5.5000000000000009 1.5000000000000002 17.500000000000004 -1.5149999999999999 0.29015000000000007 -1.0000000180025095e-35 -1.0000000180025095e-35 0.42890000000000006 0.0033333333333325226 0.041666666666667414 4.245000000000001 0.20299999999999999 3.5000000000000004 -0.34166666666666651 0.10745833333333336 45.500000000000007 0.23565000000000003 0.77166666666666683 4.5000000000000009 -0.9199999999999996
decision_type=2 2 2 2 2 2 2 2 2 2 2 2 2 2 2 2 2 2 2 2 2 2 2 2 2 2 2 2 2 2
left_child=5 2 3 4 -2 20 12 8 9 -8 -10 -12 17 -14 15 -15 -16 -7 -11 -20 26 22 -22 -24 -25 -26 28 -28 -1 -30
right_child=1 -3 -4 -5 -6 6 7 -9 10 18 11 -13 13 14 16 -17 -18 -19 19 -21 21 -23 23 24 25 -27 27 -29 29 -31
leaf_value=0.0016819018126406347 -0.055168148356558699 0.074172653972130756 -0.047088955037594082 0.084987266655563637 0.013833811590186033 -0.042217310272516302 -0.03119792615638782 0.10598325863914858 -0.043107280128806692 0.07929404996399303 0.071782374217878392 -0.053127578911174957 -0.057400401264397598 0.0084423065254137421 -0.051706700761972105 0.21445275744687586 0.029218931251148647 0.042709915487450296 -0.0091495445789624152 0.059392531604876411 -0.024731498199537065 -3.1028847512800338e-05 -0.011859165178767211 0.0059841100881213964 0.012300407071568126 0.1612378137876731 0.0063585935642664002 0.093416715150512683 0.0067736780027201947 -0.021644435174830515
leaf_weight=923.96740056574345 4.2921223174780607 1.4348596762865771 9.9831971889361739 2.2501989360898769 2.3399346442893147 21.18311788584106 4.3924409253522745 1.8936537951230992 10.886387823615221 3.1421226831153062 2.2596374452114101 1.4854135033674536 3.9022717000916591 0.73990422580391169 2.3152317923959336 0.90887033566832343 4.0654196674004206 1.4212258444167662 6.0372485369443876 4.9144774600863457 52.242958709131926 13263.601768500172 118.90219961386174 44.866669012699276 3.5996120590716592 1.9475465388968585 472.78240626794286 3.5707727298140517 48.968254444887862 85.315327595802955
leaf_count=13155 53 20 162 22 22 521 103 21 136 27 10 41 108 20 108 23 38 24 42 30 556 119302 2042 577 37 21 6691 17 3458 7297
internal_value=-1.18288e-05 -0.0185638 -0.0256171 -0.00148385 -0.0308227 1.313e-05 -0.00997729 0.00466878 -0.00112432 0.018866 -0.0263813 0.0222389 -0.0248249 -0.00199146 0.0249371 0.122003 -0.000145092 -0.0368776 0.0344687 0.021608 5.93895e-05 -0.000184418 -0.00936701 -0.00462625 0.0124327 0.0645907 0.00220182 0.00701119 3.69625e-05 -0.0112814
internal_weight=15109.6 20.3003 18.8655 8.88226 6.63206 15089.3 69.5474 35.0114 33.1177 18.4863 14.6314 3.74505 34.536 11.9317 8.02943 1.64877 6.38065 22.6043 14.0938 10.9517 15019.8 13485.2 221.559 169.316 50.4138 5.54716 1534.6 476.353 1058.25 134.284
internal_count=154684 279 259 97 75 154405 1252 410 389 202 187 51 842 297 189 43 146 545 99 72 153153 122535 3233 2677 635 58 30618 6708 23910 10755
is_linear=0
shrinkage=0.05


Tree=211
num_leaves=31
num_cat=0
split_feature=22 14 24 3 15 0 24 14 26 26 8 24 15 8 9 19 23 20 20 19 7 15 0 9 22 26 24 24 25 20
split_gain=2.855 4.40415 4.06525 6.54771 6.89752 4.43911 4.76343 5.04737 4.26624 7.45656 22.1579 17.282 10.4692 5.63201 5.57311 6.23831 12.4537 6.5885 9.988 6.34561 15.5431 13.0737 8.83064 15.3044 15.9666 6.16037 14.441 17.8487 9.33875 10.0947
threshold=-2.774999999999999 -0.09628333333333336 0.085000000000000422 21.500000000000004 -0.011833333333333333 22.500000000000004 0.063333333333333922 -0.051883333333333358 0.069999999999999854 0.055000000000000167 0.23670000000000005 -0.055000000000000153 -0.018333333333333358 0.25100000000000006 1.175 -0.044999999999999991 6.745000000000001 -1.1199999999999997 -1.135 0.025000000000000012 1.4550000000000003 -0.039999999999999994 3.5000000000000004 2.6750000000000003 -3.3149999999999991 0.024999999999999915 -0.015000000000001011 0.0016666666666664833 1.5000000000000002 -4.2349999999999985
decision_type=2 2 2 2 2 2 2 2 2 2 2 2 2 2 2 2 2 2 2 2 2 2 2 2 2 2 2 2 2 2
left_child=1 -1 5 -4 -5 6 8 -8 9 14 11 12 -11 -10 -3 16 -16 18 19 21 -21 -17 23 24 -23 28 -27 -28 -24 -30
right_child=-2 2 3 4 -6 -7 7 -9 13 10 -12 -13 -14 -15 15 17 -18 -19 -20 20 -22 22 25 -25 -26 26 27 -29 29 -31
leaf_value=-0.037627481644029355 6.1534012046259129e-05 -0.02628718321655862 0.11676954982354289 -0.058609412972937064 0.043871930694387495 -0.03858260581205588 0.087315733153551595 -0.054313665962849256 -0.03839949025888606 0.48935887428905628 0.40721389705576083 -0.032378075751850227 0.08323882866890428 0.12406043175139095 -0.056025533932006127 0.25524315334277031 0.1736449053135152 -0.0071536870425827504 0.24013129155691418 0.26927750426207436 -0.026635906822448038 0.042059879151063614 0.069936288169775124 -0.011005116614896148 0.41178657481760467 -0.018036840904020187 0.43695537061984346 0.032936400725958041 0.11493965198526848 -0.046095215342475335
leaf_weight=10.626796657685189 14939.017283601919 18.587127214297652 1.6986924423836152 2.5409993827342987 4.6401722021400928 9.957821488613261 0.6896531966049223 7.160993189085274 11.13515112304594 0.27691813767887652 0.43303949572145928 2.5545196370221666 0.37168193829711604 0.56031507439911443 0.98110983893275205 0.65103872655890427 1.4815387320704756 66.503953879699111 0.51234164834022422 0.46428144071251054 10.040424129692836 0.53333752905018628 3.3907042453065506 1.1659630141220985 0.64532456174494546 1.4861300243064763 0.51149543002247699 0.58718146057799459 1.1041943896561921 8.2019216327462257
leaf_count=394 149959 946 34 49 36 322 16 128 632 18 7 134 26 12 26 23 33 687 12 42 545 26 66 25 18 70 20 20 25 333
internal_value=-1.16775e-05 -0.00646443 -0.00437991 0.0284917 0.00760974 -0.00632604 -0.00403221 -0.041872 -0.00178477 0.00101392 0.071526 0.0261434 0.256631 -0.0306162 -0.00118032 0.00356891 0.0821451 0.00154899 0.0213058 0.0174105 -0.0135573 0.035209 0.0270818 0.117433 0.244487 0.0132195 0.0835789 0.22103 -0.00110424 -0.026988
internal_weight=15108.5 169.495 158.868 8.87986 7.18117 149.988 140.03 7.85065 132.18 120.484 3.63616 3.20312 0.6486 11.6955 116.848 98.2609 2.46265 95.7983 29.2943 28.782 10.5047 18.2773 17.6263 2.34463 1.17866 15.2816 2.58481 1.09868 12.6968 9.30612
internal_count=154684 4725 4331 119 85 4212 3890 144 3746 3102 185 178 44 644 2917 1971 59 1912 1225 1213 587 626 603 69 44 534 110 40 424 358
is_linear=0
shrinkage=0.05


Tree=212
num_leaves=31
num_cat=0
split_feature=26 22 3 9 26 8 10 23 30 28 13 24 22 11 4 23 23 24 23 10 10 5 13 4 24 11 24 28 14 5
split_gain=2.76202 3.65172 4.04191 3.12078 2.79008 7.15089 10.2326 7.03811 2.77761 6.27013 5.94342 10.1846 7.1042 7.10996 5.84523 5.85576 7.94714 9.21748 9.89485 8.18825 11.3431 13.2559 8.54998 7.74386 13.3317 14.2065 11.9336 11.6292 9.31545 8.12504
threshold=0.23000000000000001 1.155 35.500000000000007 8.1450000000000014 0.21500000000000033 0.41535000000000005 0.26300000000000007 6.955000000000001 1.0000000180025095e-35 2.5000000000000004 1.2233333333333336 0.098333333333333175 0.7300000000000002 0.42120000000000007 46.500000000000007 6.6750000000000007 6.7150000000000007 0.078333333333332714 6.6950000000000012 0.36180000000000007 0.39415000000000006 1.0000000180025095e-35 1.1666666666666676 53.500000000000007 0.026666666666666842 0.31435000000000007 0.0083333333333324173 3.5000000000000004 0.034050000000000004 1.0000000180025095e-35
decision_type=2 2 2 2 2 2 2 2 2 2 2 2 2 2 2 2 2 2 2 2 2 2 2 2 2 2 2 2 2 2
left_child=4 3 -3 -2 8 6 -6 -8 -1 -10 14 12 -12 -14 -11 -16 17 23 -19 22 21 -21 -18 24 25 27 -27 -17 -28 -29
right_child=1 2 -4 -5 5 -7 7 -9 9 10 11 -13 13 -15 15 16 19 18 -20 20 -22 -23 -24 -25 -26 26 28 29 -30 -31
leaf_value=-0.00013036961164880869 -0.039405196336485773 0.082065342223524254 -0.018485759112466062 0.063978617760004727 -0.033890975548647166 -0.0312405253971496 0.13943005956640458 0.0092275994136679484 -0.018779822514488922 -0.021193979228429395 -0.056131806728698441 0.055411162883990422 -0.014949708363115067 0.040729819933693318 -0.0031861865639299749 0.24292727314727511 -0.00058046342920843759 0.037955168837800334 0.15717910062856244 0.095130738328151637 0.011568903554618277 0.0066583541102813466 0.11453128264593826 -0.0035776507661861912 -0.00029740479910785386 -0.018054469820642585 0.019799961706289313 0.016016459571775509 0.20987879304863682 0.15015385405636614
leaf_weight=14600.207766672713 12.177939414978027 1.6288424059748638 2.5864109247922897 0.77650332450866777 2.1854727540630829 3.6138090016320348 3.182072751224041 1.5403122240677474 29.054664462804794 16.929157273378223 8.8917263783514482 5.635535165667533 43.753520650789142 6.5980559997260562 79.329269075766206 1.6371817067265526 141.42212279385421 4.8142507234588257 2.7255433164536953 9.6711968313902634 78.498646524269134 7.5305278375744811 1.6317289620637883 18.334128980757669 11.669602888636289 5.046119301347062 1.2983285398222508 2.1194710156414658 1.2801159822847692 2.415571718942374
leaf_count=146620 313 13 33 5 75 48 32 26 261 366 51 25 257 33 947 12 3607 36 25 152 927 92 11 298 163 104 26 51 21 54
internal_value=-1.21407e-05 -0.0200548 0.0203688 -0.0332083 1.06627e-05 0.0257492 0.0555631 0.0969616 -7.29508e-06 0.00373404 0.0051837 -0.00881955 -0.0149295 -0.00765348 0.00753522 0.00885176 0.0121437 0.0299901 0.0810532 0.00830606 0.019627 0.0563995 0.000732547 0.0212001 0.0390385 0.0723097 0.02666 0.128701 0.114168 0.0874642
internal_weight=15108.2 17.1697 4.21525 12.9544 15091 10.5217 6.90786 4.72238 15080.5 480.286 451.232 64.8788 59.2433 50.3516 386.353 369.424 290.095 51.3403 7.53979 238.754 95.7004 17.2017 143.054 43.8005 25.4664 13.7968 7.62456 6.17222 2.57844 4.53504
internal_count=154684 364 46 318 154320 181 133 58 154139 7519 7258 366 341 290 6892 6526 5579 790 61 4789 1171 244 3618 729 431 268 151 117 47 105
is_linear=0
shrinkage=0.05


Tree=213
num_leaves=31
num_cat=0
split_feature=27 4 21 12 23 23 12 20 13 27 27 3 12 6 7 28 22 20 20 3 20 12 8 20 20 9 13 3 0 12
split_gain=2.76615 5.03653 7.90906 7.99972 5.26344 5.33329 5.24541 4.64245 7.55893 8.69175 4.46226 5.9035 5.92928 6.2939 5.93017 5.78313 9.94191 6.59414 10.6394 6.28314 5.52048 12.6132 12.5479 5.76729 5.02939 5.5288 4.88941 5.62879 4.86997 4.42571
threshold=-0.17500000000000024 54.500000000000007 -0.039999999999999994 0.30785000000000001 6.535000000000001 7.0250000000000012 0.25055000000000005 -0.74999999999999967 0.67333333333333412 -0.19499999999999981 -0.22500000000000006 38.500000000000007 0.31065000000000004 0.16500000000000004 6.2350000000000012 2.5000000000000004 -1.7499999999999996 1.325 0.8300000000000004 31.500000000000004 -0.38500000000000018 0.35585000000000006 0.38289999999999996 -1.2600000000000002 -1.0000000180025095e-35 6.6450000000000005 -0.016666666666666382 29.500000000000004 3.5000000000000004 0.30395000000000005
decision_type=2 2 2 2 2 2 2 2 2 2 2 2 2 2 2 2 2 2 2 2 2 2 2 2 2 2 2 2 2 2
left_child=1 4 -3 6 29 10 -4 -5 9 -9 11 12 14 -14 -6 16 -12 18 20 -19 21 22 -17 -23 -13 -26 -22 -28 -21 -1
right_child=-2 2 3 7 5 -7 -8 8 -10 -11 15 24 13 -15 -16 17 -18 19 -20 28 26 23 -24 -25 25 -27 27 -29 -30 -31
leaf_value=0.010330969626740514 7.4398969467372782e-05 -0.07160753659430423 -0.0018450088069119274 -0.057262842126499028 0.0033465122679034089 -0.04307815525900377 -0.067424763522227801 0.081949609285808231 -0.02049450804202313 -0.0059059337537293154 0.073704317960288868 -0.0067806923566070439 -0.035679887694882853 0.024136682573582906 0.078452274107497236 -0.042201556318834071 -0.019470874221644084 -0.0061510340863203308 -0.050996883991140163 0.094617541320991927 -0.040356110111266094 0.01820652425246138 0.077736979146266483 0.12106674120163795 0.07713572815993136 0.0029767137391633891 0.052336562013007341 -0.0089612564126235663 0.030258990963316065 -0.054743502258960221
leaf_weight=3.8313041552901259 14865.218351914897 6.5261949226260176 4.8635828383266917 2.5576142054051187 7.2468772483989614 6.9090144294314078 8.1733128922060114 6.0804068706929684 8.804783530533312 5.2424066513776797 3.0173017363995305 4.4157661609351662 12.65288181230426 6.7402326753363004 4.1237751394510269 6.8790270327590424 55.954093527048826 8.1296261698007601 9.6173702664673311 4.139169678092002 7.7009028755128375 2.044234714936465 3.1928360983729362 4.0878264866769305 8.6204706467688066 3.5475872009992591 5.0203688219189706 14.743580523878334 10.140441499650477 8.2150941342115384
leaf_count=25 153090 36 32 31 52 51 54 37 46 28 22 37 75 52 20 106 300 42 62 22 71 35 23 33 48 22 30 105 51 46
internal_value=-1.21398e-05 -0.00530129 -0.020994 -0.0117473 -0.00200233 4.09379e-05 -0.0429594 0.00618992 0.0142529 0.0412729 0.00167768 0.0148808 0.001918 -0.0148902 0.030585 -0.00296441 -0.0147035 0.00618108 -0.00338911 0.0289377 0.00709577 0.0302405 -0.00418038 0.0867764 0.0389274 0.0555147 -0.00655932 0.0066094 0.0489143 -0.0340469
internal_weight=15108.4 243.218 42.2483 35.7221 200.97 188.923 13.0369 22.6852 20.1276 11.3228 182.014 47.3476 30.7638 19.3931 11.3707 134.667 58.9714 75.6954 53.2861 22.4092 43.6688 16.2039 10.0719 6.13206 16.5838 12.1681 27.4649 19.7639 14.2796 12.0464
internal_count=154684 1594 264 228 1330 1259 86 142 111 65 1208 306 199 127 72 902 322 580 465 115 403 197 129 68 107 70 206 135 73 71
is_linear=0
shrinkage=0.05


Tree=214
num_leaves=31
num_cat=0
split_feature=3 8 13 27 11 0 7 20 15 23 27 12 12 7 10 21 22 22 10 20 13 10 13 27 15 11 23 0 6 7
split_gain=2.79683 6.7893 8.32849 7.39084 7.44427 8.76293 11.9104 6.58467 11.1124 13.4952 6.90306 7.90801 8.93921 6.33114 10.2328 10.6655 20.2124 9.41196 11.1406 14.6535 8.74621 7.97215 7.93849 7.4429 7.09103 6.96214 6.47186 6.23138 6.06212 12.4762
threshold=39.500000000000007 0.14090000000000003 -1.941666666666666 0.044999999999999936 0.24794999999999998 14.500000000000002 2.9850000000000008 -1.2150000000000001 0.03166666666666669 6.7650000000000006 -0.15999999999999967 0.35145000000000004 0.39015000000000005 3.7250000000000005 0.14359999999999998 0.025000000000000012 -2.1149999999999989 -2.1649999999999987 0.25725000000000003 -0.49999999999999972 -0.98666666666666691 0.33239999999999997 -1.0483333333333329 0.06000000000000006 -0.023333333333333334 0.26505000000000006 6.7650000000000006 19.500000000000004 0.12500000000000003 4.9850000000000012
decision_type=2 2 2 2 2 2 2 2 2 2 2 2 2 2 2 2 2 2 2 2 2 2 2 2 2 2 2 2 2 2
left_child=28 2 3 -2 -5 6 -6 8 10 -10 11 -3 -13 14 15 16 -9 22 23 21 -17 -20 -16 -19 -21 -18 -26 -28 29 -1
right_child=1 7 -4 4 5 -7 -8 13 9 -11 -12 12 -14 -15 17 20 25 18 19 24 -22 -23 -24 -25 26 -27 27 -29 -30 -31
leaf_value=0.019809520885530063 0.0026975178709928993 -0.013650303237689013 -0.013731998741923497 -0.054309215110451475 0.34568632047596942 0.041375526114426894 0.068125006768573623 0.18983258947958667 0.16742655003395301 -0.0098759191571672397 -0.008775730752595778 0.17458730725957905 0.018405320969498401 -0.0002700400179515004 -0.059508616421052797 -0.049198044729680195 0.11900999753996831 -0.021721615636087523 0.24309499517085739 0.095664500308097949 0.058554844507315566 0.05305130338622846 0.034617308107385787 0.076269345247343343 -0.044024342471686656 0.010901578523129979 0.080000593367543699 -0.0285911508231632 0.00097673405256289364 -0.0077018711982286929
leaf_weight=45.789180336520076 10.082268580095841 3.4279919061809769 160.28757551521994 0.81855274876579542 0.745050283148885 1.8961717030033467 0.80312539730221033 2.9613004010170707 2.0130803836509576 2.2987430971115828 366.16812673886307 1.7307393196970227 1.9466249532997606 6556.5206067548133 8.8229518737643939 4.0408894214779139 1.9672781643457709 15.928603156935425 1.3469262602739029 2.9090890996158114 3.5269117262214413 0.93483557598665346 3.0023159384727469 2.2062021549791089 3.8064095648005587 6.1286218878813088 3.6046619289554656 2.0853513134643435 7478.7290384852095 412.0300592975691
leaf_count=1886 283 56 3224 30 19 53 28 29 33 54 9948 22 20 58689 94 49 37 173 32 25 35 21 32 36 32 94 35 16 76282 3317
internal_value=-1.1856e-05 -0.000727483 -0.0104654 0.0260341 0.081228 0.113439 0.2017 -0.000484454 -0.00690666 0.0729021 -0.00782856 0.0409832 0.0919119 -0.00011814 0.0156224 0.0467545 0.0780567 0.00263533 0.0164149 0.0487837 0.00101931 0.165234 -0.035611 -0.00980046 0.0273648 0.0371716 0.0064422 0.0402025 0.000634834 -0.0049503
internal_weight=15108.6 7172.01 174.633 14.3452 4.2629 3.44435 1.54818 6997.38 377.585 4.31182 373.273 7.10536 3.67736 6619.79 63.2723 18.625 11.0572 44.6473 32.8221 14.6873 7.5678 2.28176 11.8253 18.1348 12.4055 8.0959 9.49642 5.69001 7936.55 457.819
internal_count=154684 73199 3637 413 130 100 47 69562 10133 87 10046 98 42 59429 740 244 160 496 370 161 84 53 126 209 108 131 83 51 81485 5203
is_linear=0
shrinkage=0.05


Tree=215
num_leaves=31
num_cat=0
split_feature=15 22 15 20 23 22 4 3 9 24 27 21 9 4 13 13 13 25 13 13 11 19 0 14 14 24 27 19 21 17
split_gain=2.78078 5.456 4.96961 4.12032 5.3116 4.34448 5.19109 3.93554 3.82815 6.11039 4.47543 6.81281 4.18232 5.35176 6.78499 6.58766 8.45485 11.6549 10.6143 5.2955 4.20257 3.62995 3.43138 4.50756 4.7882 4.91295 3.22618 3.08743 10.6488 7.6142
threshold=0.13416666666666674 2.2850000000000006 0.050000000000000031 2.5950000000000011 7.0250000000000012 2.4650000000000012 51.500000000000007 39.500000000000007 5.3550000000000013 0.061666666666666987 -0.020000000000000014 -0.050000000000000003 5.035000000000001 47.500000000000007 1.0983333333333332 -2.7808333333333324 -1.6016666666666657 3.5000000000000004 -1.8516666666666661 0.3216666666666686 1.0000000180025095e-35 -0.10499999999999997 7.5000000000000009 -1.0000000180025095e-35 0.01263333333333329 0.090000000000001204 -0.029999999999999801 -0.094999999999999973 0.010000000000000004 5.5000000000000009
decision_type=2 2 2 2 2 2 2 2 2 2 2 2 2 2 2 2 2 2 2 2 2 2 2 2 2 2 2 2 2 2
left_child=2 22 27 4 5 8 -7 -5 12 10 -10 -12 13 -4 15 20 17 18 -17 21 -15 -18 23 -2 -25 -26 -8 28 29 -1
right_child=1 -3 3 7 -6 6 26 -9 9 -11 11 -13 -14 14 -16 16 19 -19 -20 -21 -22 -23 -24 24 25 -27 -28 -29 -30 -31
leaf_value=-0.037182317080234596 -0.056190064733014404 0.16699178341199539 -0.052890405683677491 -0.048211182273185819 -0.077090091638547742 0.0038263934121806177 0.033928940875404504 0.013850178790593521 -0.046998692653560395 0.0650567822099931 0.043852485014102244 -0.035168033997246828 0.069808701692163508 0.1834479879060327 -0.044217370078296875 -0.051103382948583936 -0.032721928297823062 0.3903808610112417 0.26843582904012925 0.10970829177905216 -0.050412563188809024 0.071039736864229361 -0.045034445823099997 0.097009831752574854 -0.021194172724742347 0.11703531356739656 0.095061176294655311 -1.727411586768735e-05 0.083868411819496003 0.056642573779468436
leaf_weight=21.020481627900161 2.7967838507611305 0.38655009865760703 2.3537748490925905 4.7907230183482152 1.3879312039352942 4.6705192923545829 3.7606502398848525 5.4724497422575951 6.2028026208281561 2.9303739443421355 5.7201224211603439 5.2138673607259953 4.835940357297658 0.21329756593331195 2.4462119787931433 0.60126459179446068 2.1664519254118204 0.45160893676802505 0.45773412752896558 1.9809483829885719 1.9336071067955343 1.3796503245830574 9.039355392334981 1.5326810930855623 4.8275007847696543 0.7415479291230439 5.0647886730730525 14998.337957194191 2.3614602852612725 2.4103090008720747
leaf_count=171 187 2 81 28 24 29 22 29 36 15 38 46 31 30 14 50 38 35 8 13 364 13 730 39 153 9 29 152376 19 25
internal_value=-1.20328e-05 -0.018967 1.22441e-05 0.0139118 0.0194528 0.0220108 0.0464532 -0.0151193 0.013528 -0.00166455 -0.0130738 0.00617159 0.0297269 0.0158664 0.0297811 0.0494898 0.0728781 0.177707 0.087012 0.0442272 -0.0271782 0.0076477 -0.0227627 -0.00242399 0.01875 -0.00278819 0.0690118 -4.69974e-05 -0.0173313 -0.0275306
internal_weight=15107.5 19.3244 15088.2 64.0347 53.7715 52.3836 13.496 10.2632 38.8877 20.0672 17.1368 10.934 18.8205 13.9845 11.6308 9.18456 7.03766 1.51061 1.059 5.52705 2.1469 3.5461 18.9379 9.89851 7.10173 5.56905 8.82544 15024.1 25.7923 23.4308
internal_count=154684 1120 153564 973 916 892 80 57 812 135 120 84 677 646 565 551 157 93 58 64 394 51 1118 388 201 162 51 152591 215 196
is_linear=0
shrinkage=0.05


end of trees

feature_importances:
tenji_dev=589
win_dev=504
n_win_diff_in=320
st_dev=308
motor_dev=307
n_win_diff_out=294
jcd=288
n_2ren=282
course_in=282
tenji=256
b_2ren=254
tenji_diff_in=254
m_2ren=253
n_win=251
age=241
l_2ren=241
l_win=233
tenji_diff_out=189
lane=162
avg_st_diff_out=158
weight=150
avg_st_diff_in=145
win_rank=86
motor_rank=78
tenji_rank=69
st_rank=66
avg_st=63
course_diff=57
cls_val=44
f_count=34
maezuke=22

parameters:
[boosting: gbdt]
[objective: binary]
[metric: binary_logloss]
[tree_learner: serial]
[device_type: cpu]
[data_sample_strategy: bagging]
[data: ]
[valid: ]
[num_iterations: 800]
[learning_rate: 0.05]
[num_leaves: 31]
[num_threads: 0]
[seed: 0]
[deterministic: 0]
[force_col_wise: 0]
[force_row_wise: 0]
[histogram_pool_size: -1]
[max_depth: -1]
[min_data_in_leaf: 20]
[min_sum_hessian_in_leaf: 0.001]
[bagging_fraction: 1]
[pos_bagging_fraction: 1]
[neg_bagging_fraction: 1]
[bagging_freq: 0]
[bagging_seed: 3]
[bagging_by_query: 0]
[feature_fraction: 1]
[feature_fraction_bynode: 1]
[feature_fraction_seed: 2]
[extra_trees: 0]
[extra_seed: 6]
[early_stopping_round: 0]
[early_stopping_min_delta: 0]
[first_metric_only: 0]
[max_delta_step: 0]
[lambda_l1: 0]
[lambda_l2: 0]
[linear_lambda: 0]
[min_gain_to_split: 0]
[drop_rate: 0.1]
[max_drop: 50]
[skip_drop: 0.5]
[xgboost_dart_mode: 0]
[uniform_drop: 0]
[drop_seed: 4]
[top_rate: 0.2]
[other_rate: 0.1]
[min_data_per_group: 100]
[max_cat_threshold: 32]
[cat_l2: 10]
[cat_smooth: 10]
[max_cat_to_onehot: 4]
[top_k: 20]
[monotone_constraints: ]
[monotone_constraints_method: basic]
[monotone_penalty: 0]
[feature_contri: ]
[forcedsplits_filename: ]
[refit_decay_rate: 0.9]
[cegb_tradeoff: 1]
[cegb_penalty_split: 0]
[cegb_penalty_feature_lazy: ]
[cegb_penalty_feature_coupled: ]
[path_smooth: 0]
[interaction_constraints: ]
[verbosity: -1]
[saved_feature_importance_type: 0]
[use_quantized_grad: 0]
[num_grad_quant_bins: 4]
[quant_train_renew_leaf: 0]
[stochastic_rounding: 1]
[linear_tree: 0]
[max_bin: 255]
[max_bin_by_feature: ]
[min_data_in_bin: 3]
[bin_construct_sample_cnt: 200000]
[data_random_seed: 1]
[is_enable_sparse: 1]
[enable_bundle: 1]
[use_missing: 1]
[zero_as_missing: 0]
[feature_pre_filter: 0]
[pre_partition: 0]
[two_round: 0]
[header: 0]
[label_column: ]
[weight_column: ]
[group_column: ]
[ignore_column: ]
[categorical_feature: ]
[forcedbins_filename: ]
[precise_float_parser: 0]
[parser_config_file: ]
[objective_seed: 5]
[num_class: 1]
[is_unbalance: 0]
[scale_pos_weight: 1]
[sigmoid: 1]
[boost_from_average: 1]
[reg_sqrt: 0]
[alpha: 0.9]
[fair_c: 1]
[poisson_max_delta_step: 0.7]
[tweedie_variance_power: 1.5]
[lambdarank_truncation_level: 30]
[lambdarank_norm: 1]
[label_gain: ]
[lambdarank_position_bias_regularization: 0]
[eval_at: ]
[multi_error_top_k: 1]
[auc_mu_weights: ]
[num_machines: 1]
[local_listen_port: 12400]
[time_out: 120]
[machine_list_filename: ]
[machines: ]
[gpu_platform_id: -1]
[gpu_device_id: -1]
[gpu_use_dp: 0]
[num_gpu: 1]

end of parameters

pandas_categorical:[]
